period,token_standard,token_id,total_sell,total_buy,total_volume,total_supply,turnover_rate,turnover_rate_percent,adjusted_turnover_rate,adjusted_turnover_rate_percent
2024-12-20,erc1155,10,0,325,325,33075,0.00982615,0.9826,-0.99017385,-99.0174
2024-12-20,erc1155,11,0,135744,135744,692451,0.19603409,19.6034,-0.80396591,-80.3966
2024-12-20,erc1155,12,0,68906,68906,444140,0.15514477,15.5145,-0.84485523,-84.4855
2024-12-20,erc1155,13,0,122404,122404,648943,0.18862057,18.8621,-0.81137943,-81.1379
2024-12-20,erc1155,14,0,1804,1804,31500,0.05726984,5.7270,-0.94273016,-94.2730
2024-12-20,erc1155,16,0,95424,95424,626260,0.15237122,15.2371,-0.84762878,-84.7629
2024-12-20,erc1155,17,0,16139,16139,522584,0.03088307,3.0883,-0.96911693,-96.9117
2024-12-20,erc1155,18,0,23722,23722,706912,0.03355722,3.3557,-0.96644278,-96.6443
2024-12-20,erc1155,19,0,14722,14722,445200,0.03306828,3.3068,-0.96693172,-96.6932
2024-12-20,erc1155,20,0,30857,30857,619080,0.04984332,4.9843,-0.95015668,-95.0157
2024-12-20,erc1155,22,0,35891,35891,641539,0.05594516,5.5945,-0.94405484,-94.4055
2024-12-20,erc1155,23,0,171998,171998,741286,0.23202651,23.2027,-0.76797349,-76.7973
2024-12-20,erc1155,3,0,107106,107106,165356,0.64772975,64.7730,-0.35227025,-35.2270
2024-12-20,erc1155,4,0,222542,222542,238409,0.93344630,93.3446,-0.06655370,-6.6554
2024-12-20,erc1155,5,0,6822,6822,38010,0.17947908,17.9479,-0.82052092,-82.0521
2024-12-20,erc1155,6,0,307062,307062,445200,0.68971698,68.9717,-0.31028302,-31.0283
2024-12-20,erc1155,7,0,514,514,33663,0.01526899,1.5269,-0.98473101,-98.4731
2024-12-20,erc1155,8,0,934,934,26775,0.03488329,3.4883,-0.96511671,-96.5117
2024-12-20,erc1155,9,0,57292,57292,308553,0.18567961,18.5680,-0.81432039,-81.4320
2024-12-21,erc1155,10,0,3927,3927,33075,0.11873016,11.8730,-0.88126984,-88.1270
2024-12-21,erc1155,11,0,189509,189509,692451,0.27367857,27.3679,-0.72632143,-72.6321
2024-12-21,erc1155,12,0,92655,92655,444140,0.20861665,20.8617,-0.79138335,-79.1383
2024-12-21,erc1155,13,0,99058,99058,648943,0.15264515,15.2645,-0.84735485,-84.7355
2024-12-21,erc1155,14,0,2047,2047,31500,0.06498413,6.4984,-0.93501587,-93.5016
2024-12-21,erc1155,16,0,56876,56876,626260,0.09081851,9.0819,-0.90918149,-90.9181
2024-12-21,erc1155,17,0,70144,70144,522584,0.13422531,13.4225,-0.86577469,-86.5775
2024-12-21,erc1155,18,0,193387,193387,706912,0.27356588,27.3566,-0.72643412,-72.6434
2024-12-21,erc1155,19,0,62300,62300,445200,0.13993711,13.9937,-0.86006289,-86.0063
2024-12-21,erc1155,20,0,83428,83428,619080,0.13476126,13.4761,-0.86523874,-86.5239
2024-12-21,erc1155,22,0,99661,99661,641539,0.15534675,15.5347,-0.84465325,-84.4653
2024-12-21,erc1155,23,0,72573,72573,741286,0.09790148,9.7901,-0.90209852,-90.2099
2024-12-21,erc1155,3,0,21846,21846,165356,0.13211495,13.2115,-0.86788505,-86.7885
2024-12-21,erc1155,4,0,2440,2440,238409,0.01023451,1.0235,-0.98976549,-98.9765
2024-12-21,erc1155,5,0,20224,20224,38010,0.53207051,53.2071,-0.46792949,-46.7929
2024-12-21,erc1155,6,0,104295,104295,445200,0.23426550,23.4265,-0.76573450,-76.5735
2024-12-21,erc1155,7,0,6620,6620,33663,0.19665508,19.6655,-0.80334492,-80.3345
2024-12-21,erc1155,8,0,18538,18538,26775,0.69236228,69.2362,-0.30763772,-30.7638
2024-12-21,erc1155,9,0,116578,116578,308553,0.37782164,37.7822,-0.62217836,-62.2178
2024-12-22,erc1155,10,0,15321,15321,33075,0.46321995,46.3220,-0.53678005,-53.6780
2024-12-22,erc1155,11,1,294919,294920,692451,0.42590739,42.5907,-0.57409261,-57.4093
2024-12-22,erc1155,12,0,201750,201750,444140,0.45424866,45.4249,-0.54575134,-54.5751
2024-12-22,erc1155,13,1,296471,296472,648943,0.45685368,45.6854,-0.54314632,-54.3146
2024-12-22,erc1155,14,0,9098,9098,31500,0.28882540,28.8825,-0.71117460,-71.1175
2024-12-22,erc1155,16,0,225777,225777,626260,0.36051640,36.0516,-0.63948360,-63.9484
2024-12-22,erc1155,17,0,164210,164210,522584,0.31422700,31.4227,-0.68577300,-68.5773
2024-12-22,erc1155,18,0,221344,221344,706912,0.31311394,31.3114,-0.68688606,-68.6886
2024-12-22,erc1155,19,0,172419,172419,445200,0.38728437,38.7284,-0.61271563,-61.2716
2024-12-22,erc1155,20,0,249169,249169,619080,0.40248272,40.2483,-0.59751728,-59.7517
2024-12-22,erc1155,22,0,280494,280494,641539,0.43722050,43.7220,-0.56277950,-56.2780
2024-12-22,erc1155,23,0,214533,214533,741286,0.28940652,28.9407,-0.71059348,-71.0593
2024-12-22,erc1155,3,0,20975,20975,165356,0.12684753,12.6848,-0.87315247,-87.3152
2024-12-22,erc1155,4,0,8559,8559,238409,0.03590049,3.5900,-0.96409951,-96.4100
2024-12-22,erc1155,5,0,4583,4583,38010,0.12057353,12.0574,-0.87942647,-87.9426
2024-12-22,erc1155,6,0,18597,18597,445200,0.04177224,4.1772,-0.95822776,-95.8228
2024-12-22,erc1155,7,0,17778,17778,33663,0.52811692,52.8117,-0.47188308,-47.1883
2024-12-22,erc1155,8,0,3016,3016,26775,0.11264239,11.2642,-0.88735761,-88.7358
2024-12-22,erc1155,9,0,105946,105946,308553,0.34336402,34.3364,-0.65663598,-65.6636
2024-12-23,erc1155,10,0,9898,9898,33075,0.29925926,29.9259,-0.70074074,-70.0741
2024-12-23,erc1155,11,0,61928,61928,692451,0.08943304,8.9433,-0.91056696,-91.0567
2024-12-23,erc1155,12,0,54908,54908,444140,0.12362768,12.3628,-0.87637232,-87.6372
2024-12-23,erc1155,13,0,117395,117395,648943,0.18090187,18.0902,-0.81909813,-81.9098
2024-12-23,erc1155,14,0,11581,11581,31500,0.36765079,36.7651,-0.63234921,-63.2349
2024-12-23,erc1155,16,0,228374,228374,626260,0.36466324,36.4663,-0.63533676,-63.5337
2024-12-23,erc1155,17,1,227155,227156,522584,0.43467844,43.4678,-0.56532156,-56.5322
2024-12-23,erc1155,18,0,189785,189785,706912,0.26847047,26.8470,-0.73152953,-73.1530
2024-12-23,erc1155,19,0,188581,188581,445200,0.42358715,42.3587,-0.57641285,-57.6413
2024-12-23,erc1155,20,0,195918,195918,619080,0.31646637,31.6466,-0.68353363,-68.3534
2024-12-23,erc1155,22,0,114788,114788,641539,0.17892599,17.8926,-0.82107401,-82.1074
2024-12-23,erc1155,23,0,118585,118585,741286,0.15997199,15.9972,-0.84002801,-84.0028
2024-12-23,erc1155,25,1,1,2,1213275,0.00000165,0.0002,-0.99999835,-99.9998
2024-12-23,erc1155,3,0,12712,12712,165356,0.07687656,7.6877,-0.92312344,-92.3123
2024-12-23,erc1155,4,0,3465,3465,238409,0.01453385,1.4534,-0.98546615,-98.5466
2024-12-23,erc1155,5,0,4147,4147,38010,0.10910287,10.9103,-0.89089713,-89.0897
2024-12-23,erc1155,6,0,7463,7463,445200,0.01676325,1.6763,-0.98323675,-98.3237
2024-12-23,erc1155,7,1,5237,5238,33663,0.15560111,15.5601,-0.84439889,-84.4399
2024-12-23,erc1155,8,0,3028,3028,26775,0.11309057,11.3091,-0.88690943,-88.6909
2024-12-23,erc1155,9,0,16997,16997,308553,0.05508616,5.5086,-0.94491384,-94.4914
2024-12-24,erc1155,10,0,3365,3365,33075,0.10173847,10.1738,-0.89826153,-89.8262
2024-12-24,erc1155,11,0,10299,10299,692451,0.01487325,1.4873,-0.98512675,-98.5127
2024-12-24,erc1155,12,0,25406,25406,444140,0.05720268,5.7203,-0.94279732,-94.2797
2024-12-24,erc1155,13,0,12679,12679,648943,0.01953793,1.9538,-0.98046207,-98.0462
2024-12-24,erc1155,14,0,6629,6629,31500,0.21044444,21.0444,-0.78955556,-78.9556
2024-12-24,erc1155,16,0,18569,18569,626260,0.02965062,2.9651,-0.97034938,-97.0349
2024-12-24,erc1155,17,0,38295,38295,522584,0.07328009,7.3280,-0.92671991,-92.6720
2024-12-24,erc1155,18,0,72817,72817,706912,0.10300716,10.3007,-0.89699284,-89.6993
2024-12-24,erc1155,19,0,7026,7026,445200,0.01578167,1.5782,-0.98421833,-98.4218
2024-12-24,erc1155,20,0,57650,57650,619080,0.09312205,9.3122,-0.90687795,-90.6878
2024-12-24,erc1155,22,0,104494,104494,641539,0.16288020,16.2880,-0.83711980,-83.7120
2024-12-24,erc1155,23,0,153206,153206,741286,0.20667597,20.6676,-0.79332403,-79.3324
2024-12-24,erc1155,3,0,2198,2198,165356,0.01329253,1.3293,-0.98670747,-98.6707
2024-12-24,erc1155,4,0,1354,1354,238409,0.00567932,0.5679,-0.99432068,-99.4321
2024-12-24,erc1155,5,0,2058,2058,38010,0.05414365,5.4144,-0.94585635,-94.5856
2024-12-24,erc1155,6,0,7770,7770,445200,0.01745283,1.7453,-0.98254717,-98.2547
2024-12-24,erc1155,7,0,3278,3278,33663,0.09737694,9.7377,-0.90262306,-90.2623
2024-12-24,erc1155,8,0,1147,1147,26775,0.04283847,4.2838,-0.95716153,-95.7162
2024-12-24,erc1155,9,0,11219,11219,308553,0.03636004,3.6360,-0.96363996,-96.3640
2024-12-25,erc1155,10,141,380,521,33075,0.01575208,1.5752,-0.98424792,-98.4248
2024-12-25,erc1155,11,6694,6746,13440,692451,0.01940932,1.9409,-0.98059068,-98.0591
2024-12-25,erc1155,12,5534,6049,11583,444140,0.02607961,2.6080,-0.97392039,-97.3920
2024-12-25,erc1155,13,12257,13193,25450,648943,0.03921762,3.9218,-0.96078238,-96.0782
2024-12-25,erc1155,14,553,894,1447,31500,0.04593651,4.5937,-0.95406349,-95.4063
2024-12-25,erc1155,16,2424,3648,6072,626260,0.00969565,0.9696,-0.99030435,-99.0304
2024-12-25,erc1155,17,5243,11850,17093,522584,0.03270862,3.2709,-0.96729138,-96.7291
2024-12-25,erc1155,18,13939,19757,33696,706912,0.04766647,4.7666,-0.95233353,-95.2334
2024-12-25,erc1155,19,3101,3253,6354,445200,0.01427224,1.4272,-0.98572776,-98.5728
2024-12-25,erc1155,20,8303,10361,18664,619080,0.03014796,3.0148,-0.96985204,-96.9852
2024-12-25,erc1155,22,7054,13229,20283,641539,0.03161616,3.1616,-0.96838384,-96.8384
2024-12-25,erc1155,23,7750,18141,25891,741286,0.03492714,3.4927,-0.96507286,-96.5073
2024-12-25,erc1155,3,1202,1721,2923,165356,0.01767701,1.7677,-0.98232299,-98.2323
2024-12-25,erc1155,4,21195,21244,42439,238409,0.17800922,17.8009,-0.82199078,-82.1991
2024-12-25,erc1155,5,118,294,412,38010,0.01083925,1.0839,-0.98916075,-98.9161
2024-12-25,erc1155,6,20069,20082,40151,445200,0.09018643,9.0186,-0.90981357,-90.9814
2024-12-25,erc1155,7,68,305,373,33663,0.01108041,1.1080,-0.98891959,-98.8920
2024-12-25,erc1155,8,53,165,218,26775,0.00814192,0.8142,-0.99185808,-99.1858
2024-12-25,erc1155,9,1138,1659,2797,308553,0.00906489,0.9065,-0.99093511,-99.0935
2024-12-26,erc1155,10,266,239,505,33075,0.01526833,1.5268,-0.98473167,-98.4732
2024-12-26,erc1155,11,4625,4626,9251,692451,0.01335979,1.3360,-0.98664021,-98.6640
2024-12-26,erc1155,12,9243,9243,18486,444140,0.04162201,4.1622,-0.95837799,-95.8378
2024-12-26,erc1155,13,5059,5060,10119,648943,0.01559305,1.5593,-0.98440695,-98.4407
2024-12-26,erc1155,14,1033,971,2004,31500,0.06361905,6.3619,-0.93638095,-93.6381
2024-12-26,erc1155,16,4778,4794,9572,626260,0.01528439,1.5284,-0.98471561,-98.4716
2024-12-26,erc1155,17,9741,8949,18690,522584,0.03576459,3.5765,-0.96423541,-96.4235
2024-12-26,erc1155,18,16814,15891,32705,706912,0.04626460,4.6265,-0.95373540,-95.3735
2024-12-26,erc1155,19,1174,1174,2348,445200,0.00527403,0.5274,-0.99472597,-99.4726
2024-12-26,erc1155,20,12331,12331,24662,619080,0.03983653,3.9837,-0.96016347,-96.0163
2024-12-26,erc1155,22,6516,6382,12898,641539,0.02010478,2.0105,-0.97989522,-97.9895
2024-12-26,erc1155,23,36654,35316,71970,741286,0.09708803,9.7088,-0.90291197,-90.2912
2024-12-26,erc1155,25,17377,218113,235490,1213275,0.19409450,19.4094,-0.80590550,-80.5906
2024-12-26,erc1155,3,2012,2012,4024,165356,0.02433537,2.4335,-0.97566463,-97.5665
2024-12-26,erc1155,4,3558,3558,7116,238409,0.02984787,2.9848,-0.97015213,-97.0152
2024-12-26,erc1155,5,281,281,562,38010,0.01478558,1.4786,-0.98521442,-98.5214
2024-12-26,erc1155,6,554,554,1108,445200,0.00248877,0.2489,-0.99751123,-99.7511
2024-12-26,erc1155,7,161,160,321,33663,0.00953569,0.9536,-0.99046431,-99.0464
2024-12-26,erc1155,8,50,50,100,26775,0.00373483,0.3735,-0.99626517,-99.6265
2024-12-26,erc1155,9,6919,6909,13828,308553,0.04481564,4.4816,-0.95518436,-95.5184
2024-12-27,erc1155,10,198,225,423,33075,0.01278912,1.2789,-0.98721088,-98.7211
2024-12-27,erc1155,11,1058,1058,2116,692451,0.00305581,0.3056,-0.99694419,-99.6944
2024-12-27,erc1155,12,2172,2172,4344,444140,0.00978070,0.9781,-0.99021930,-99.0219
2024-12-27,erc1155,13,1996,1996,3992,648943,0.00615154,0.6152,-0.99384846,-99.3848
2024-12-27,erc1155,14,575,637,1212,31500,0.03847619,3.8476,-0.96152381,-96.1524
2024-12-27,erc1155,16,2481,2481,4962,626260,0.00792323,0.7923,-0.99207677,-99.2077
2024-12-27,erc1155,17,1727,2554,4281,522584,0.00819198,0.8192,-0.99180802,-99.1808
2024-12-27,erc1155,18,11145,5233,16378,706912,0.02316837,2.3168,-0.97683163,-97.6832
2024-12-27,erc1155,19,1446,1446,2892,445200,0.00649596,0.6496,-0.99350404,-99.3504
2024-12-27,erc1155,20,21814,2691,24505,619080,0.03958293,3.9583,-0.96041707,-96.0417
2024-12-27,erc1155,22,13274,5785,19059,641539,0.02970825,2.9708,-0.97029175,-97.0292
2024-12-27,erc1155,23,3108,4446,7554,741286,0.01019040,1.0190,-0.98980960,-98.9810
2024-12-27,erc1155,25,4761,92414,97175,1213275,0.08009314,8.0093,-0.91990686,-91.9907
2024-12-27,erc1155,3,170,170,340,165356,0.00205617,0.2056,-0.99794383,-99.7944
2024-12-27,erc1155,4,2088,2088,4176,238409,0.01751612,1.7516,-0.98248388,-98.2484
2024-12-27,erc1155,5,37,37,74,38010,0.00194686,0.1947,-0.99805314,-99.8053
2024-12-27,erc1155,6,1341,1341,2682,445200,0.00602426,0.6024,-0.99397574,-99.3976
2024-12-27,erc1155,7,82,81,163,33663,0.00484211,0.4842,-0.99515789,-99.5158
2024-12-27,erc1155,8,38,38,76,26775,0.00283847,0.2838,-0.99716153,-99.7162
2024-12-27,erc1155,9,1558,1385,2943,308553,0.00953807,0.9538,-0.99046193,-99.0462
2024-12-28,erc1155,10,42,42,84,33075,0.00253968,0.2540,-0.99746032,-99.7460
2024-12-28,erc1155,11,1471,1471,2942,692451,0.00424868,0.4249,-0.99575132,-99.5751
2024-12-28,erc1155,12,2303,2303,4606,444140,0.01037060,1.0371,-0.98962940,-98.9629
2024-12-28,erc1155,13,552,552,1104,648943,0.00170123,0.1701,-0.99829877,-99.8299
2024-12-28,erc1155,14,87,87,174,31500,0.00552381,0.5524,-0.99447619,-99.4476
2024-12-28,erc1155,16,12499,12499,24998,626260,0.03991633,3.9916,-0.96008367,-96.0084
2024-12-28,erc1155,17,7747,1329,9076,522584,0.01736754,1.7368,-0.98263246,-98.2632
2024-12-28,erc1155,18,13940,7299,21239,706912,0.03004476,3.0045,-0.96995524,-96.9955
2024-12-28,erc1155,19,219,219,438,445200,0.00098383,0.0984,-0.99901617,-99.9016
2024-12-28,erc1155,20,3301,12852,16153,619080,0.02609194,2.6092,-0.97390806,-97.3908
2024-12-28,erc1155,22,3337,10996,14333,641539,0.02234159,2.2342,-0.97765841,-97.7658
2024-12-28,erc1155,23,4786,4786,9572,741286,0.01291269,1.2913,-0.98708731,-98.7087
2024-12-28,erc1155,25,11501,31620,43121,1213275,0.03554099,3.5541,-0.96445901,-96.4459
2024-12-28,erc1155,3,125,125,250,165356,0.00151189,0.1512,-0.99848811,-99.8488
2024-12-28,erc1155,4,86,86,172,238409,0.00072145,0.0721,-0.99927855,-99.9279
2024-12-28,erc1155,5,148,146,294,38010,0.00773481,0.7735,-0.99226519,-99.2265
2024-12-28,erc1155,6,415,415,830,445200,0.00186433,0.1864,-0.99813567,-99.8136
2024-12-28,erc1155,7,122,124,246,33663,0.00730773,0.7308,-0.99269227,-99.2692
2024-12-28,erc1155,8,36,36,72,26775,0.00268908,0.2689,-0.99731092,-99.7311
2024-12-28,erc1155,9,437,620,1057,308553,0.00342567,0.3426,-0.99657433,-99.6574
2024-12-29,erc1155,10,89,89,178,33075,0.00538171,0.5382,-0.99461829,-99.4618
2024-12-29,erc1155,11,752,752,1504,692451,0.00217199,0.2172,-0.99782801,-99.7828
2024-12-29,erc1155,12,2241,2241,4482,444140,0.01009141,1.0091,-0.98990859,-98.9909
2024-12-29,erc1155,13,3010,3010,6020,648943,0.00927662,0.9277,-0.99072338,-99.0723
2024-12-29,erc1155,14,592,592,1184,31500,0.03758730,3.7587,-0.96241270,-96.2413
2024-12-29,erc1155,16,3227,3227,6454,626260,0.01030562,1.0306,-0.98969438,-98.9694
2024-12-29,erc1155,17,1280,7600,8880,522584,0.01699248,1.6992,-0.98300752,-98.3008
2024-12-29,erc1155,18,1880,7072,8952,706912,0.01266353,1.2664,-0.98733647,-98.7336
2024-12-29,erc1155,19,1141,1141,2282,445200,0.00512579,0.5126,-0.99487421,-99.4874
2024-12-29,erc1155,20,3127,12528,15655,619080,0.02528752,2.5288,-0.97471248,-97.4712
2024-12-29,erc1155,22,10768,10479,21247,641539,0.03311880,3.3119,-0.96688120,-96.6881
2024-12-29,erc1155,23,3758,3758,7516,741286,0.01013914,1.0139,-0.98986086,-98.9861
2024-12-29,erc1155,25,5637,27437,33074,1213275,0.02726010,2.7260,-0.97273990,-97.2740
2024-12-29,erc1155,3,37,37,74,165356,0.00044752,0.0448,-0.99955248,-99.9552
2024-12-29,erc1155,4,395,395,790,238409,0.00331363,0.3314,-0.99668637,-99.6686
2024-12-29,erc1155,5,119,121,240,38010,0.00631413,0.6314,-0.99368587,-99.3686
2024-12-29,erc1155,6,301,301,602,445200,0.00135220,0.1352,-0.99864780,-99.8648
2024-12-29,erc1155,7,55,55,110,33663,0.00326768,0.3268,-0.99673232,-99.6732
2024-12-29,erc1155,8,51,51,102,26775,0.00380952,0.3810,-0.99619048,-99.6190
2024-12-29,erc1155,9,341,341,682,308553,0.00221032,0.2210,-0.99778968,-99.7790
2024-12-30,erc1155,10,49,21,70,33075,0.00211640,0.2116,-0.99788360,-99.7884
2024-12-30,erc1155,11,3871,3871,7742,692451,0.01118057,1.1181,-0.98881943,-98.8819
2024-12-30,erc1155,12,544,544,1088,444140,0.00244968,0.2450,-0.99755032,-99.7550
2024-12-30,erc1155,13,2848,2838,5686,648943,0.00876194,0.8762,-0.99123806,-99.1238
2024-12-30,erc1155,14,40,37,77,31500,0.00244444,0.2444,-0.99755556,-99.7556
2024-12-30,erc1155,16,129,129,258,626260,0.00041197,0.0412,-0.99958803,-99.9588
2024-12-30,erc1155,17,217,315,532,522584,0.00101802,0.1018,-0.99898198,-99.8982
2024-12-30,erc1155,18,1013,9336,10349,706912,0.01463973,1.4640,-0.98536027,-98.5360
2024-12-30,erc1155,19,41,41,82,445200,0.00018419,0.0184,-0.99981581,-99.9816
2024-12-30,erc1155,20,1818,1989,3807,619080,0.00614945,0.6149,-0.99385055,-99.3851
2024-12-30,erc1155,22,550,839,1389,641539,0.00216511,0.2165,-0.99783489,-99.7835
2024-12-30,erc1155,23,1355,1355,2710,741286,0.00365581,0.3656,-0.99634419,-99.6344
2024-12-30,erc1155,25,4479,18420,22899,1213275,0.01887371,1.8874,-0.98112629,-98.1126
2024-12-30,erc1155,3,122,122,244,165356,0.00147560,0.1476,-0.99852440,-99.8524
2024-12-30,erc1155,4,111,111,222,238409,0.00093117,0.0931,-0.99906883,-99.9069
2024-12-30,erc1155,5,58,58,116,38010,0.00305183,0.3052,-0.99694817,-99.6948
2024-12-30,erc1155,6,21,21,42,445200,0.00009434,0.0094,-0.99990566,-99.9906
2024-12-30,erc1155,7,54,20,74,33663,0.00219826,0.2198,-0.99780174,-99.7802
2024-12-30,erc1155,8,70,65,135,26775,0.00504202,0.5042,-0.99495798,-99.4958
2024-12-30,erc1155,9,599,599,1198,308553,0.00388264,0.3883,-0.99611736,-99.6117
2024-12-31,erc1155,10,100,128,228,33075,0.00689342,0.6893,-0.99310658,-99.3107
2024-12-31,erc1155,11,399,399,798,692451,0.00115243,0.1152,-0.99884757,-99.8848
2024-12-31,erc1155,12,11724,8594,20318,444140,0.04574684,4.5747,-0.95425316,-95.4253
2024-12-31,erc1155,13,2307,2317,4624,648943,0.00712543,0.7125,-0.99287457,-99.2875
2024-12-31,erc1155,14,111,114,225,31500,0.00714286,0.7143,-0.99285714,-99.2857
2024-12-31,erc1155,16,1481,1481,2962,626260,0.00472966,0.4730,-0.99527034,-99.5270
2024-12-31,erc1155,17,836,705,1541,522584,0.00294881,0.2949,-0.99705119,-99.7051
2024-12-31,erc1155,18,1239,818,2057,706912,0.00290984,0.2910,-0.99709016,-99.7090
2024-12-31,erc1155,19,1756,1756,3512,445200,0.00788859,0.7889,-0.99211141,-99.2111
2024-12-31,erc1155,20,5190,4530,9720,619080,0.01570072,1.5701,-0.98429928,-98.4299
2024-12-31,erc1155,22,2814,1849,4663,641539,0.00726846,0.7268,-0.99273154,-99.2732
2024-12-31,erc1155,23,3100,2744,5844,741286,0.00788360,0.7884,-0.99211640,-99.2116
2024-12-31,erc1155,25,4917,31655,36572,1213275,0.03014321,3.0143,-0.96985679,-96.9857
2024-12-31,erc1155,3,65,65,130,165356,0.00078618,0.0786,-0.99921382,-99.9214
2024-12-31,erc1155,4,106,106,212,238409,0.00088923,0.0889,-0.99911077,-99.9111
2024-12-31,erc1155,5,53,53,106,38010,0.00278874,0.2789,-0.99721126,-99.7211
2024-12-31,erc1155,6,1,1,2,445200,0.00000449,0.0004,-0.99999551,-99.9996
2024-12-31,erc1155,7,59,93,152,33663,0.00451534,0.4515,-0.99548466,-99.5485
2024-12-31,erc1155,8,36,41,77,26775,0.00287582,0.2876,-0.99712418,-99.7124
2024-12-31,erc1155,9,1570,1011,2581,308553,0.00836485,0.8365,-0.99163515,-99.1635
2025-01-01,erc1155,10,31,30,61,33075,0.00184429,0.1844,-0.99815571,-99.8156
2025-01-01,erc1155,11,2614,2614,5228,692451,0.00754999,0.7550,-0.99245001,-99.2450
2025-01-01,erc1155,12,2412,5446,7858,444140,0.01769262,1.7693,-0.98230738,-98.2307
2025-01-01,erc1155,13,2829,2774,5603,648943,0.00863404,0.8634,-0.99136596,-99.1366
2025-01-01,erc1155,14,226,226,452,31500,0.01434921,1.4349,-0.98565079,-98.5651
2025-01-01,erc1155,16,4410,4400,8810,626260,0.01406764,1.4068,-0.98593236,-98.5932
2025-01-01,erc1155,17,634,765,1399,522584,0.00267708,0.2677,-0.99732292,-99.7323
2025-01-01,erc1155,18,3973,1502,5475,706912,0.00774495,0.7745,-0.99225505,-99.2255
2025-01-01,erc1155,19,1366,1366,2732,445200,0.00613657,0.6137,-0.99386343,-99.3863
2025-01-01,erc1155,20,1563,2220,3783,619080,0.00611068,0.6111,-0.99388932,-99.3889
2025-01-01,erc1155,22,6196,7117,13313,641539,0.02075166,2.0752,-0.97924834,-97.9248
2025-01-01,erc1155,23,4386,4251,8637,741286,0.01165137,1.1651,-0.98834863,-98.8349
2025-01-01,erc1155,25,9153,25790,34943,1213275,0.02880056,2.8801,-0.97119944,-97.1199
2025-01-01,erc1155,3,530,530,1060,165356,0.00641041,0.6410,-0.99358959,-99.3590
2025-01-01,erc1155,4,1842,1681,3523,238409,0.01477713,1.4777,-0.98522287,-98.5223
2025-01-01,erc1155,5,50,50,100,38010,0.00263089,0.2631,-0.99736911,-99.7369
2025-01-01,erc1155,6,1060,1060,2120,445200,0.00476190,0.4762,-0.99523810,-99.5238
2025-01-01,erc1155,7,45,45,90,33663,0.00267356,0.2674,-0.99732644,-99.7326
2025-01-01,erc1155,8,8,8,16,26775,0.00059757,0.0598,-0.99940243,-99.9402
2025-01-01,erc1155,9,1088,1597,2685,308553,0.00870191,0.8702,-0.99129809,-99.1298
2025-01-02,erc1155,10,206,207,413,33075,0.01248677,1.2487,-0.98751323,-98.7513
2025-01-02,erc1155,11,74,74,148,692451,0.00021373,0.0214,-0.99978627,-99.9786
2025-01-02,erc1155,12,1888,1984,3872,444140,0.00871797,0.8718,-0.99128203,-99.1282
2025-01-02,erc1155,13,548,603,1151,648943,0.00177365,0.1774,-0.99822635,-99.8226
2025-01-02,erc1155,14,374,374,748,31500,0.02374603,2.3746,-0.97625397,-97.6254
2025-01-02,erc1155,16,468,453,921,626260,0.00147064,0.1471,-0.99852936,-99.8529
2025-01-02,erc1155,17,2284,1650,3934,522584,0.00752798,0.7528,-0.99247202,-99.2472
2025-01-02,erc1155,18,2387,4683,7070,706912,0.01000124,1.0001,-0.98999876,-98.9999
2025-01-02,erc1155,19,109,109,218,445200,0.00048967,0.0490,-0.99951033,-99.9510
2025-01-02,erc1155,20,1350,772,2122,619080,0.00342767,0.3428,-0.99657233,-99.6572
2025-01-02,erc1155,22,1630,1648,3278,641539,0.00510959,0.5110,-0.99489041,-99.4890
2025-01-02,erc1155,23,3054,3545,6599,741286,0.00890210,0.8902,-0.99109790,-99.1098
2025-01-02,erc1155,25,3140,24774,27914,1213275,0.02300715,2.3007,-0.97699285,-97.6993
2025-01-02,erc1155,3,78,78,156,165356,0.00094342,0.0943,-0.99905658,-99.9057
2025-01-02,erc1155,4,49,210,259,238409,0.00108637,0.1086,-0.99891363,-99.8914
2025-01-02,erc1155,5,32,32,64,38010,0.00168377,0.1684,-0.99831623,-99.8316
2025-01-02,erc1155,6,62,62,124,445200,0.00027853,0.0279,-0.99972147,-99.9721
2025-01-02,erc1155,7,64,64,128,33663,0.00380239,0.3802,-0.99619761,-99.6198
2025-01-02,erc1155,8,5,5,10,26775,0.00037348,0.0373,-0.99962652,-99.9627
2025-01-02,erc1155,9,330,371,701,308553,0.00227189,0.2272,-0.99772811,-99.7728
2025-01-03,erc1155,10,260,260,520,33075,0.01572184,1.5722,-0.98427816,-98.4278
2025-01-03,erc1155,11,2197,2197,4394,692451,0.00634558,0.6346,-0.99365442,-99.3654
2025-01-03,erc1155,12,476,476,952,444140,0.00214347,0.2143,-0.99785653,-99.7857
2025-01-03,erc1155,13,1422,1422,2844,648943,0.00438251,0.4383,-0.99561749,-99.5617
2025-01-03,erc1155,14,73,73,146,31500,0.00463492,0.4635,-0.99536508,-99.5365
2025-01-03,erc1155,16,1477,1502,2979,626260,0.00475681,0.4757,-0.99524319,-99.5243
2025-01-03,erc1155,17,899,1533,2432,522584,0.00465380,0.4654,-0.99534620,-99.5346
2025-01-03,erc1155,18,1866,2462,4328,706912,0.00612240,0.6122,-0.99387760,-99.3878
2025-01-03,erc1155,19,26,26,52,445200,0.00011680,0.0117,-0.99988320,-99.9883
2025-01-03,erc1155,20,1954,2535,4489,619080,0.00725108,0.7251,-0.99274892,-99.2749
2025-01-03,erc1155,22,1472,1493,2965,641539,0.00462170,0.4622,-0.99537830,-99.5378
2025-01-03,erc1155,23,1123,1123,2246,741286,0.00302987,0.3030,-0.99697013,-99.6970
2025-01-03,erc1155,25,3454,29703,33157,1213275,0.02732851,2.7329,-0.97267149,-97.2671
2025-01-03,erc1155,3,104,104,208,165356,0.00125789,0.1258,-0.99874211,-99.8742
2025-01-03,erc1155,4,120,120,240,238409,0.00100667,0.1007,-0.99899333,-99.8993
2025-01-03,erc1155,5,28,28,56,38010,0.00147330,0.1473,-0.99852670,-99.8527
2025-01-03,erc1155,6,141,141,282,445200,0.00063342,0.0633,-0.99936658,-99.9367
2025-01-03,erc1155,7,17,17,34,33663,0.00101001,0.1010,-0.99898999,-99.8990
2025-01-03,erc1155,8,3,3,6,26775,0.00022409,0.0224,-0.99977591,-99.9776
2025-01-03,erc1155,9,1823,1832,3655,308553,0.01184561,1.1846,-0.98815439,-98.8154
2025-01-04,erc1155,10,44,44,88,33075,0.00266062,0.2661,-0.99733938,-99.7339
2025-01-04,erc1155,11,1536,1536,3072,692451,0.00443641,0.4436,-0.99556359,-99.5564
2025-01-04,erc1155,12,884,884,1768,444140,0.00398073,0.3981,-0.99601927,-99.6019
2025-01-04,erc1155,13,1833,1833,3666,648943,0.00564919,0.5649,-0.99435081,-99.4351
2025-01-04,erc1155,14,155,155,310,31500,0.00984127,0.9841,-0.99015873,-99.0159
2025-01-04,erc1155,16,549,549,1098,626260,0.00175327,0.1753,-0.99824673,-99.8247
2025-01-04,erc1155,17,495,495,990,522584,0.00189443,0.1894,-0.99810557,-99.8106
2025-01-04,erc1155,18,382,382,764,706912,0.00108076,0.1081,-0.99891924,-99.8919
2025-01-04,erc1155,19,1781,1781,3562,445200,0.00800090,0.8001,-0.99199910,-99.1999
2025-01-04,erc1155,20,815,815,1630,619080,0.00263294,0.2633,-0.99736706,-99.7367
2025-01-04,erc1155,22,1071,1076,2147,641539,0.00334664,0.3347,-0.99665336,-99.6653
2025-01-04,erc1155,23,1063,1063,2126,741286,0.00286799,0.2868,-0.99713201,-99.7132
2025-01-04,erc1155,25,4543,29065,33608,1213275,0.02770023,2.7700,-0.97229977,-97.2300
2025-01-04,erc1155,3,1386,1385,2771,165356,0.01675778,1.6758,-0.98324222,-98.3242
2025-01-04,erc1155,4,16,16,32,238409,0.00013422,0.0134,-0.99986578,-99.9866
2025-01-04,erc1155,5,11,11,22,38010,0.00057880,0.0579,-0.99942120,-99.9421
2025-01-04,erc1155,6,3,3,6,445200,0.00001348,0.0013,-0.99998652,-99.9987
2025-01-04,erc1155,7,25,25,50,33663,0.00148531,0.1485,-0.99851469,-99.8515
2025-01-04,erc1155,8,8,8,16,26775,0.00059757,0.0598,-0.99940243,-99.9402
2025-01-04,erc1155,9,341,341,682,308553,0.00221032,0.2210,-0.99778968,-99.7790
2025-01-05,erc1155,10,17,17,34,33075,0.00102797,0.1028,-0.99897203,-99.8972
2025-01-05,erc1155,11,1565,1565,3130,692451,0.00452018,0.4520,-0.99547982,-99.5480
2025-01-05,erc1155,12,1360,1360,2720,444140,0.00612420,0.6124,-0.99387580,-99.3876
2025-01-05,erc1155,13,1596,1596,3192,648943,0.00491877,0.4919,-0.99508123,-99.5081
2025-01-05,erc1155,14,42,42,84,31500,0.00266667,0.2667,-0.99733333,-99.7333
2025-01-05,erc1155,16,2567,2502,5069,626260,0.00809408,0.8094,-0.99190592,-99.1906
2025-01-05,erc1155,17,2330,2330,4660,522584,0.00891723,0.8917,-0.99108277,-99.1083
2025-01-05,erc1155,18,2333,2333,4666,706912,0.00660054,0.6601,-0.99339946,-99.3399
2025-01-05,erc1155,19,2820,2820,5640,445200,0.01266846,1.2668,-0.98733154,-98.7332
2025-01-05,erc1155,20,2600,2548,5148,619080,0.00831557,0.8316,-0.99168443,-99.1684
2025-01-05,erc1155,22,1958,1958,3916,641539,0.00610407,0.6104,-0.99389593,-99.3896
2025-01-05,erc1155,23,1761,1761,3522,741286,0.00475120,0.4751,-0.99524880,-99.5249
2025-01-05,erc1155,25,8729,17631,26360,1213275,0.02172632,2.1726,-0.97827368,-97.8274
2025-01-05,erc1155,3,1843,1844,3687,165356,0.02229735,2.2297,-0.97770265,-97.7703
2025-01-05,erc1155,4,125,125,250,238409,0.00104862,0.1049,-0.99895138,-99.8951
2025-01-05,erc1155,5,38,38,76,38010,0.00199947,0.1999,-0.99800053,-99.8001
2025-01-05,erc1155,6,238,238,476,445200,0.00106918,0.1069,-0.99893082,-99.8931
2025-01-05,erc1155,7,28,28,56,33663,0.00166355,0.1664,-0.99833645,-99.8336
2025-01-05,erc1155,8,14,14,28,26775,0.00104575,0.1046,-0.99895425,-99.8954
2025-01-05,erc1155,9,622,622,1244,308553,0.00403172,0.4032,-0.99596828,-99.5968
2025-01-06,erc1155,10,220,161,381,33075,0.01151927,1.1519,-0.98848073,-98.8481
2025-01-06,erc1155,11,7388,7388,14776,692451,0.02133869,2.1339,-0.97866131,-97.8661
2025-01-06,erc1155,12,679,679,1358,444140,0.00305759,0.3058,-0.99694241,-99.6942
2025-01-06,erc1155,13,2583,2578,5161,648943,0.00795293,0.7953,-0.99204707,-99.2047
2025-01-06,erc1155,14,295,261,556,31500,0.01765079,1.7651,-0.98234921,-98.2349
2025-01-06,erc1155,16,4623,4688,9311,626260,0.01486763,1.4868,-0.98513237,-98.5132
2025-01-06,erc1155,17,5383,1306,6689,522584,0.01279986,1.2800,-0.98720014,-98.7200
2025-01-06,erc1155,18,4137,1726,5863,706912,0.00829382,0.8294,-0.99170618,-99.1706
2025-01-06,erc1155,19,1820,1820,3640,445200,0.00817610,0.8176,-0.99182390,-99.1824
2025-01-06,erc1155,20,2321,2364,4685,619080,0.00756768,0.7568,-0.99243232,-99.2432
2025-01-06,erc1155,22,15265,10789,26054,641539,0.04061172,4.0612,-0.95938828,-95.9388
2025-01-06,erc1155,23,5048,5043,10091,741286,0.01361283,1.3613,-0.98638717,-98.6387
2025-01-06,erc1155,25,8449,10433,18882,1213275,0.01556284,1.5563,-0.98443716,-98.4437
2025-01-06,erc1155,3,449,449,898,165356,0.00543071,0.5431,-0.99456929,-99.4569
2025-01-06,erc1155,4,173,121,294,238409,0.00123317,0.1233,-0.99876683,-99.8767
2025-01-06,erc1155,5,21,17,38,38010,0.00099974,0.1000,-0.99900026,-99.9000
2025-01-06,erc1155,6,2,2,4,445200,0.00000898,0.0009,-0.99999102,-99.9991
2025-01-06,erc1155,7,8,3,11,33663,0.00032677,0.0327,-0.99967323,-99.9673
2025-01-06,erc1155,8,10,10,20,26775,0.00074697,0.0747,-0.99925303,-99.9253
2025-01-06,erc1155,9,700,700,1400,308553,0.00453731,0.4537,-0.99546269,-99.5463
2025-01-07,erc1155,10,384,116,500,33075,0.01511716,1.5117,-0.98488284,-98.4883
2025-01-07,erc1155,11,82,82,164,692451,0.00023684,0.0237,-0.99976316,-99.9763
2025-01-07,erc1155,12,100,100,200,444140,0.00045031,0.0450,-0.99954969,-99.9550
2025-01-07,erc1155,13,303,308,611,648943,0.00094153,0.0942,-0.99905847,-99.9058
2025-01-07,erc1155,14,14,48,62,31500,0.00196825,0.1968,-0.99803175,-99.8032
2025-01-07,erc1155,16,316,316,632,626260,0.00100917,0.1009,-0.99899083,-99.8991
2025-01-07,erc1155,17,409,1067,1476,522584,0.00282443,0.2824,-0.99717557,-99.7176
2025-01-07,erc1155,18,511,2922,3433,706912,0.00485633,0.4856,-0.99514367,-99.5144
2025-01-07,erc1155,19,359,359,718,445200,0.00161276,0.1613,-0.99838724,-99.8387
2025-01-07,erc1155,20,329,338,667,619080,0.00107741,0.1077,-0.99892259,-99.8923
2025-01-07,erc1155,22,887,5313,6200,641539,0.00966426,0.9664,-0.99033574,-99.0336
2025-01-07,erc1155,23,475,480,955,741286,0.00128830,0.1288,-0.99871170,-99.8712
2025-01-07,erc1155,25,4012,6976,10988,1213275,0.00905648,0.9056,-0.99094352,-99.0944
2025-01-07,erc1155,3,78,78,156,165356,0.00094342,0.0943,-0.99905658,-99.9057
2025-01-07,erc1155,4,10,62,72,238409,0.00030200,0.0302,-0.99969800,-99.9698
2025-01-07,erc1155,5,1,5,6,38010,0.00015785,0.0158,-0.99984215,-99.9842
2025-01-07,erc1155,6,50,50,100,445200,0.00022462,0.0225,-0.99977538,-99.9775
2025-01-07,erc1155,7,246,81,327,33663,0.00971393,0.9714,-0.99028607,-99.0286
2025-01-07,erc1155,8,163,163,326,26775,0.01217554,1.2176,-0.98782446,-98.7824
2025-01-07,erc1155,9,17,17,34,308553,0.00011019,0.0110,-0.99988981,-99.9890
2025-01-08,erc1155,10,169,496,665,33075,0.02010582,2.0106,-0.97989418,-97.9894
2025-01-08,erc1155,11,7640,7640,15280,692451,0.02206654,2.2067,-0.97793346,-97.7933
2025-01-08,erc1155,12,11154,7325,18479,444140,0.04160625,4.1606,-0.95839375,-95.8394
2025-01-08,erc1155,13,7453,7453,14906,648943,0.02296966,2.2970,-0.97703034,-97.7030
2025-01-08,erc1155,14,193,101,294,31500,0.00933333,0.9333,-0.99066667,-99.0667
2025-01-08,erc1155,16,3166,2874,6040,626260,0.00964456,0.9645,-0.99035544,-99.0355
2025-01-08,erc1155,17,3761,3135,6896,522584,0.01319596,1.3196,-0.98680404,-98.6804
2025-01-08,erc1155,18,5821,3097,8918,706912,0.01261543,1.2615,-0.98738457,-98.7385
2025-01-08,erc1155,19,7103,7103,14206,445200,0.03190925,3.1909,-0.96809075,-96.8091
2025-01-08,erc1155,20,6255,2768,9023,619080,0.01457485,1.4575,-0.98542515,-98.5425
2025-01-08,erc1155,22,4773,2746,7519,641539,0.01172025,1.1720,-0.98827975,-98.8280
2025-01-08,erc1155,23,15338,15338,30676,741286,0.04138214,4.1382,-0.95861786,-95.8618
2025-01-08,erc1155,25,10730,20741,31471,1213275,0.02593888,2.5939,-0.97406112,-97.4061
2025-01-08,erc1155,3,98,98,196,165356,0.00118532,0.1185,-0.99881468,-99.8815
2025-01-08,erc1155,4,162,162,324,238409,0.00135901,0.1359,-0.99864099,-99.8641
2025-01-08,erc1155,5,628,628,1256,38010,0.03304394,3.3044,-0.96695606,-96.6956
2025-01-08,erc1155,6,331,331,662,445200,0.00148697,0.1487,-0.99851303,-99.8513
2025-01-08,erc1155,7,88,258,346,33663,0.01027835,1.0278,-0.98972165,-98.9722
2025-01-08,erc1155,8,1013,384,1397,26775,0.05217554,5.2176,-0.94782446,-94.7824
2025-01-08,erc1155,9,487,487,974,308553,0.00315667,0.3157,-0.99684333,-99.6843
2025-01-09,erc1155,10,10,10,20,33075,0.00060469,0.0605,-0.99939531,-99.9395
2025-01-09,erc1155,11,1595,1595,3190,692451,0.00460682,0.4607,-0.99539318,-99.5393
2025-01-09,erc1155,12,4208,5170,9378,444140,0.02111496,2.1115,-0.97888504,-97.8885
2025-01-09,erc1155,13,395,395,790,648943,0.00121736,0.1217,-0.99878264,-99.8783
2025-01-09,erc1155,14,55,147,202,31500,0.00641270,0.6413,-0.99358730,-99.3587
2025-01-09,erc1155,16,3369,776,4145,626260,0.00661866,0.6619,-0.99338134,-99.3381
2025-01-09,erc1155,17,685,845,1530,522584,0.00292776,0.2928,-0.99707224,-99.7072
2025-01-09,erc1155,18,1922,4578,6500,706912,0.00919492,0.9195,-0.99080508,-99.0805
2025-01-09,erc1155,19,13,13,26,445200,0.00005840,0.0058,-0.99994160,-99.9942
2025-01-09,erc1155,20,1159,2663,3822,619080,0.00617368,0.6174,-0.99382632,-99.3826
2025-01-09,erc1155,22,2614,4691,7305,641539,0.01138668,1.1387,-0.98861332,-98.8613
2025-01-09,erc1155,23,1684,1684,3368,741286,0.00454346,0.4543,-0.99545654,-99.5457
2025-01-09,erc1155,25,3042,4208,7250,1213275,0.00597556,0.5976,-0.99402444,-99.4024
2025-01-09,erc1155,3,237,237,474,165356,0.00286654,0.2867,-0.99713346,-99.7133
2025-01-09,erc1155,4,4,4,8,238409,0.00003356,0.0034,-0.99996644,-99.9966
2025-01-09,erc1155,5,168,166,334,38010,0.00878716,0.8787,-0.99121284,-99.1213
2025-01-09,erc1155,6,179,179,358,445200,0.00080413,0.0804,-0.99919587,-99.9196
2025-01-09,erc1155,7,67,67,134,33663,0.00398063,0.3981,-0.99601937,-99.6019
2025-01-09,erc1155,8,328,957,1285,26775,0.04799253,4.7993,-0.95200747,-95.2007
2025-01-09,erc1155,9,1224,1224,2448,308553,0.00793381,0.7934,-0.99206619,-99.2066
2025-01-10,erc1155,10,28,28,56,33075,0.00169312,0.1693,-0.99830688,-99.8307
2025-01-10,erc1155,11,2134,2134,4268,692451,0.00616361,0.6164,-0.99383639,-99.3836
2025-01-10,erc1155,12,2482,5331,7813,444140,0.01759130,1.7591,-0.98240870,-98.2409
2025-01-10,erc1155,13,713,713,1426,648943,0.00219742,0.2197,-0.99780258,-99.7803
2025-01-10,erc1155,14,205,4,209,31500,0.00663492,0.6635,-0.99336508,-99.3365
2025-01-10,erc1155,16,233,3118,3351,626260,0.00535081,0.5351,-0.99464919,-99.4649
2025-01-10,erc1155,17,772,2593,3365,522584,0.00643916,0.6439,-0.99356084,-99.3561
2025-01-10,erc1155,18,841,621,1462,706912,0.00206815,0.2068,-0.99793185,-99.7932
2025-01-10,erc1155,19,657,657,1314,445200,0.00295148,0.2951,-0.99704852,-99.7049
2025-01-10,erc1155,20,1210,2653,3863,619080,0.00623990,0.6240,-0.99376010,-99.3760
2025-01-10,erc1155,22,787,707,1494,641539,0.00232878,0.2329,-0.99767122,-99.7671
2025-01-10,erc1155,23,11263,11263,22526,741286,0.03038773,3.0388,-0.96961227,-96.9612
2025-01-10,erc1155,25,12115,16173,28288,1213275,0.02331541,2.3315,-0.97668459,-97.6685
2025-01-10,erc1155,3,16,16,32,165356,0.00019352,0.0194,-0.99980648,-99.9806
2025-01-10,erc1155,4,12,12,24,238409,0.00010067,0.0101,-0.99989933,-99.9899
2025-01-10,erc1155,5,145,15,160,38010,0.00420942,0.4209,-0.99579058,-99.5791
2025-01-10,erc1155,6,89,89,178,445200,0.00039982,0.0400,-0.99960018,-99.9600
2025-01-10,erc1155,7,45,45,90,33663,0.00267356,0.2674,-0.99732644,-99.7326
2025-01-10,erc1155,8,56,56,112,26775,0.00418301,0.4183,-0.99581699,-99.5817
2025-01-10,erc1155,9,370,351,721,308553,0.00233671,0.2337,-0.99766329,-99.7663
2025-01-11,erc1155,10,51,51,102,33075,0.00308390,0.3084,-0.99691610,-99.6916
2025-01-11,erc1155,11,39,39,78,692451,0.00011264,0.0113,-0.99988736,-99.9887
2025-01-11,erc1155,12,726,744,1470,444140,0.00330977,0.3310,-0.99669023,-99.6690
2025-01-11,erc1155,13,90,90,180,648943,0.00027737,0.0277,-0.99972263,-99.9723
2025-01-11,erc1155,14,129,330,459,31500,0.01457143,1.4571,-0.98542857,-98.5429
2025-01-11,erc1155,16,94,94,188,626260,0.00030019,0.0300,-0.99969981,-99.9700
2025-01-11,erc1155,17,208,2272,2480,522584,0.00474565,0.4746,-0.99525435,-99.5254
2025-01-11,erc1155,18,1834,2122,3956,706912,0.00559617,0.5596,-0.99440383,-99.4404
2025-01-11,erc1155,19,2,2,4,445200,0.00000898,0.0009,-0.99999102,-99.9991
2025-01-11,erc1155,20,795,1325,2120,619080,0.00342444,0.3424,-0.99657556,-99.6576
2025-01-11,erc1155,22,1199,1279,2478,641539,0.00386259,0.3863,-0.99613741,-99.6137
2025-01-11,erc1155,23,684,676,1360,741286,0.00183465,0.1835,-0.99816535,-99.8165
2025-01-11,erc1155,25,1396,13489,14885,1213275,0.01226845,1.2268,-0.98773155,-98.7732
2025-01-11,erc1155,3,125,125,250,165356,0.00151189,0.1512,-0.99848811,-99.8488
2025-01-11,erc1155,4,2,2,4,238409,0.00001678,0.0017,-0.99998322,-99.9983
2025-01-11,erc1155,5,48,180,228,38010,0.00599842,0.5998,-0.99400158,-99.4002
2025-01-11,erc1155,6,71,71,142,445200,0.00031896,0.0319,-0.99968104,-99.9681
2025-01-11,erc1155,7,50,50,100,33663,0.00297062,0.2971,-0.99702938,-99.7029
2025-01-11,erc1155,8,38,38,76,26775,0.00283847,0.2838,-0.99716153,-99.7162
2025-01-11,erc1155,9,345,364,709,308553,0.00229782,0.2298,-0.99770218,-99.7702
2025-01-12,erc1155,10,8,8,16,33075,0.00048375,0.0484,-0.99951625,-99.9516
2025-01-12,erc1155,11,411,411,822,692451,0.00118709,0.1187,-0.99881291,-99.8813
2025-01-12,erc1155,12,103,103,206,444140,0.00046382,0.0464,-0.99953618,-99.9536
2025-01-12,erc1155,13,671,671,1342,648943,0.00206798,0.2068,-0.99793202,-99.7932
2025-01-12,erc1155,14,12,12,24,31500,0.00076190,0.0762,-0.99923810,-99.9238
2025-01-12,erc1155,16,563,563,1126,626260,0.00179798,0.1798,-0.99820202,-99.8202
2025-01-12,erc1155,17,357,357,714,522584,0.00136629,0.1366,-0.99863371,-99.8634
2025-01-12,erc1155,18,1820,1820,3640,706912,0.00514916,0.5149,-0.99485084,-99.4851
2025-01-12,erc1155,19,89,89,178,445200,0.00039982,0.0400,-0.99960018,-99.9600
2025-01-12,erc1155,20,1875,1885,3760,619080,0.00607353,0.6074,-0.99392647,-99.3926
2025-01-12,erc1155,22,654,654,1308,641539,0.00203885,0.2039,-0.99796115,-99.7961
2025-01-12,erc1155,23,10509,10517,21026,741286,0.02836422,2.8364,-0.97163578,-97.1636
2025-01-12,erc1155,25,862,36140,37002,1213275,0.03049762,3.0498,-0.96950238,-96.9502
2025-01-12,erc1155,3,6,6,12,165356,0.00007257,0.0073,-0.99992743,-99.9927
2025-01-12,erc1155,5,43,43,86,38010,0.00226256,0.2263,-0.99773744,-99.7737
2025-01-12,erc1155,6,52,52,104,445200,0.00023360,0.0234,-0.99976640,-99.9766
2025-01-12,erc1155,7,54,54,108,33663,0.00320827,0.3208,-0.99679173,-99.6792
2025-01-12,erc1155,8,3,3,6,26775,0.00022409,0.0224,-0.99977591,-99.9776
2025-01-12,erc1155,9,74,74,148,308553,0.00047966,0.0480,-0.99952034,-99.9520
2025-01-13,erc1155,10,67,67,134,33075,0.00405140,0.4051,-0.99594860,-99.5949
2025-01-13,erc1155,11,817,817,1634,692451,0.00235973,0.2360,-0.99764027,-99.7640
2025-01-13,erc1155,12,1055,1055,2110,444140,0.00475075,0.4751,-0.99524925,-99.5249
2025-01-13,erc1155,13,3433,3433,6866,648943,0.01058028,1.0580,-0.98941972,-98.9420
2025-01-13,erc1155,14,48,48,96,31500,0.00304762,0.3048,-0.99695238,-99.6952
2025-01-13,erc1155,16,779,779,1558,626260,0.00248778,0.2488,-0.99751222,-99.7512
2025-01-13,erc1155,17,619,408,1027,522584,0.00196523,0.1965,-0.99803477,-99.8035
2025-01-13,erc1155,18,1935,1473,3408,706912,0.00482097,0.4821,-0.99517903,-99.5179
2025-01-13,erc1155,19,3372,3372,6744,445200,0.01514825,1.5148,-0.98485175,-98.4852
2025-01-13,erc1155,20,1772,1715,3487,619080,0.00563255,0.5633,-0.99436745,-99.4367
2025-01-13,erc1155,22,1278,1266,2544,641539,0.00396546,0.3965,-0.99603454,-99.6035
2025-01-13,erc1155,23,1066,1066,2132,741286,0.00287608,0.2876,-0.99712392,-99.7124
2025-01-13,erc1155,25,5675,7497,13172,1213275,0.01085657,1.0857,-0.98914343,-98.9143
2025-01-13,erc1155,3,69,19,88,165356,0.00053219,0.0532,-0.99946781,-99.9468
2025-01-13,erc1155,4,47,47,94,238409,0.00039428,0.0394,-0.99960572,-99.9606
2025-01-13,erc1155,5,19,19,38,38010,0.00099974,0.1000,-0.99900026,-99.9000
2025-01-13,erc1155,6,120,120,240,445200,0.00053908,0.0539,-0.99946092,-99.9461
2025-01-13,erc1155,7,11,11,22,33663,0.00065354,0.0654,-0.99934646,-99.9346
2025-01-13,erc1155,8,54,54,108,26775,0.00403361,0.4034,-0.99596639,-99.5966
2025-01-13,erc1155,9,316,316,632,308553,0.00204827,0.2048,-0.99795173,-99.7952
2025-01-14,erc1155,10,15,15,30,33075,0.00090703,0.0907,-0.99909297,-99.9093
2025-01-14,erc1155,11,389,389,778,692451,0.00112355,0.1124,-0.99887645,-99.8876
2025-01-14,erc1155,12,1103,1103,2206,444140,0.00496690,0.4967,-0.99503310,-99.5033
2025-01-14,erc1155,13,735,735,1470,648943,0.00226522,0.2265,-0.99773478,-99.7735
2025-01-14,erc1155,14,25,25,50,31500,0.00158730,0.1587,-0.99841270,-99.8413
2025-01-14,erc1155,16,1609,1609,3218,626260,0.00513844,0.5138,-0.99486156,-99.4862
2025-01-14,erc1155,17,962,1173,2135,522584,0.00408547,0.4085,-0.99591453,-99.5915
2025-01-14,erc1155,18,4441,3544,7985,706912,0.01129561,1.1296,-0.98870439,-98.8704
2025-01-14,erc1155,19,6,6,12,445200,0.00002695,0.0027,-0.99997305,-99.9973
2025-01-14,erc1155,20,1469,1526,2995,619080,0.00483782,0.4838,-0.99516218,-99.5162
2025-01-14,erc1155,22,3489,3501,6990,641539,0.01089567,1.0896,-0.98910433,-98.9104
2025-01-14,erc1155,23,1449,1449,2898,741286,0.00390942,0.3909,-0.99609058,-99.6091
2025-01-14,erc1155,25,2496,5456,7952,1213275,0.00655416,0.6554,-0.99344584,-99.3446
2025-01-14,erc1155,3,103,153,256,165356,0.00154817,0.1548,-0.99845183,-99.8452
2025-01-14,erc1155,4,23,23,46,238409,0.00019295,0.0193,-0.99980705,-99.9807
2025-01-14,erc1155,5,51,51,102,38010,0.00268350,0.2684,-0.99731650,-99.7316
2025-01-14,erc1155,6,66,66,132,445200,0.00029650,0.0296,-0.99970350,-99.9704
2025-01-14,erc1155,7,14,14,28,33663,0.00083177,0.0832,-0.99916823,-99.9168
2025-01-14,erc1155,8,11,11,22,26775,0.00082166,0.0822,-0.99917834,-99.9178
2025-01-14,erc1155,9,1421,1421,2842,308553,0.00921074,0.9211,-0.99078926,-99.0789
2025-01-15,erc1155,10,112,112,224,33075,0.00677249,0.6772,-0.99322751,-99.3228
2025-01-15,erc1155,11,76,76,152,692451,0.00021951,0.0220,-0.99978049,-99.9780
2025-01-15,erc1155,12,9001,7505,16506,444140,0.03716396,3.7164,-0.96283604,-96.2836
2025-01-15,erc1155,13,11070,4811,15881,648943,0.02447210,2.4472,-0.97552790,-97.5528
2025-01-15,erc1155,14,351,351,702,31500,0.02228571,2.2286,-0.97771429,-97.7714
2025-01-15,erc1155,16,1989,1736,3725,626260,0.00594801,0.5948,-0.99405199,-99.4052
2025-01-15,erc1155,17,3218,3168,6386,522584,0.01222005,1.2220,-0.98777995,-98.7780
2025-01-15,erc1155,18,15278,12535,27813,706912,0.03934436,3.9344,-0.96065564,-96.0656
2025-01-15,erc1155,19,176,176,352,445200,0.00079066,0.0791,-0.99920934,-99.9209
2025-01-15,erc1155,20,5486,3541,9027,619080,0.01458131,1.4581,-0.98541869,-98.5419
2025-01-15,erc1155,22,39076,11117,50193,641539,0.07823842,7.8238,-0.92176158,-92.1762
2025-01-15,erc1155,23,2147,2147,4294,741286,0.00579264,0.5793,-0.99420736,-99.4207
2025-01-15,erc1155,25,13303,116490,129793,1213275,0.10697740,10.6977,-0.89302260,-89.3023
2025-01-15,erc1155,3,482,223,705,165356,0.00426353,0.4264,-0.99573647,-99.5736
2025-01-15,erc1155,4,638,630,1268,238409,0.00531859,0.5319,-0.99468141,-99.4681
2025-01-15,erc1155,5,92,92,184,38010,0.00484083,0.4841,-0.99515917,-99.5159
2025-01-15,erc1155,6,489,489,978,445200,0.00219677,0.2197,-0.99780323,-99.7803
2025-01-15,erc1155,7,76,76,152,33663,0.00451534,0.4515,-0.99548466,-99.5485
2025-01-15,erc1155,8,10,10,20,26775,0.00074697,0.0747,-0.99925303,-99.9253
2025-01-15,erc1155,9,669,320,989,308553,0.00320528,0.3205,-0.99679472,-99.6795
2025-01-16,erc1155,10,188,188,376,33075,0.01136810,1.1368,-0.98863190,-98.8632
2025-01-16,erc1155,11,3443,3443,6886,692451,0.00994439,0.9944,-0.99005561,-99.0056
2025-01-16,erc1155,12,10393,11875,22268,444140,0.05013734,5.0137,-0.94986266,-94.9863
2025-01-16,erc1155,13,12066,15522,27588,648943,0.04251221,4.2512,-0.95748779,-95.7488
2025-01-16,erc1155,14,137,137,274,31500,0.00869841,0.8698,-0.99130159,-99.1302
2025-01-16,erc1155,16,1636,1889,3525,626260,0.00562865,0.5629,-0.99437135,-99.4371
2025-01-16,erc1155,17,3598,3648,7246,522584,0.01386571,1.3866,-0.98613429,-98.6134
2025-01-16,erc1155,18,18071,2976,21047,706912,0.02977315,2.9773,-0.97022685,-97.0227
2025-01-16,erc1155,19,923,922,1845,445200,0.00414420,0.4144,-0.99585580,-99.5856
2025-01-16,erc1155,20,7306,4471,11777,619080,0.01902339,1.9023,-0.98097661,-98.0977
2025-01-16,erc1155,22,1553,29512,31065,641539,0.04842262,4.8423,-0.95157738,-95.1577
2025-01-16,erc1155,23,9314,9164,18478,741286,0.02492695,2.4927,-0.97507305,-97.5073
2025-01-16,erc1155,25,13341,52562,65903,1213275,0.05431827,5.4318,-0.94568173,-94.5682
2025-01-16,erc1155,3,1206,1465,2671,165356,0.01615303,1.6153,-0.98384697,-98.3847
2025-01-16,erc1155,4,7110,7118,14228,238409,0.05967896,5.9679,-0.94032104,-94.0321
2025-01-16,erc1155,5,55,55,110,38010,0.00289398,0.2894,-0.99710602,-99.7106
2025-01-16,erc1155,6,978,932,1910,445200,0.00429021,0.4290,-0.99570979,-99.5710
2025-01-16,erc1155,7,240,228,468,33663,0.01390250,1.3903,-0.98609750,-98.6097
2025-01-16,erc1155,8,19,18,37,26775,0.00138189,0.1382,-0.99861811,-99.8618
2025-01-16,erc1155,9,862,1208,2070,308553,0.00670873,0.6709,-0.99329127,-99.3291
2025-01-17,erc1155,10,158,158,316,33075,0.00955404,0.9554,-0.99044596,-99.0446
2025-01-17,erc1155,11,369,369,738,692451,0.00106578,0.1066,-0.99893422,-99.8934
2025-01-17,erc1155,12,3079,2621,5700,444140,0.01283379,1.2834,-0.98716621,-98.7166
2025-01-17,erc1155,13,4813,6098,10911,648943,0.01681350,1.6813,-0.98318650,-98.3187
2025-01-17,erc1155,14,123,123,246,31500,0.00780952,0.7810,-0.99219048,-99.2190
2025-01-17,erc1155,16,724,724,1448,626260,0.00231214,0.2312,-0.99768786,-99.7688
2025-01-17,erc1155,17,628,620,1248,522584,0.00238813,0.2388,-0.99761187,-99.7612
2025-01-17,erc1155,18,2396,1500,3896,706912,0.00551129,0.5511,-0.99448871,-99.4489
2025-01-17,erc1155,19,405,406,811,445200,0.00182165,0.1822,-0.99817835,-99.8178
2025-01-17,erc1155,20,2733,7513,10246,619080,0.01655037,1.6550,-0.98344963,-98.3450
2025-01-17,erc1155,22,1709,1709,3418,641539,0.00532781,0.5328,-0.99467219,-99.4672
2025-01-17,erc1155,23,689,839,1528,741286,0.00206128,0.2061,-0.99793872,-99.7939
2025-01-17,erc1155,25,4055,16828,20883,1213275,0.01721209,1.7212,-0.98278791,-98.2788
2025-01-17,erc1155,3,132,132,264,165356,0.00159656,0.1597,-0.99840344,-99.8403
2025-01-17,erc1155,4,185,185,370,238409,0.00155195,0.1552,-0.99844805,-99.8448
2025-01-17,erc1155,5,95,95,190,38010,0.00499868,0.4999,-0.99500132,-99.5001
2025-01-17,erc1155,6,117,163,280,445200,0.00062893,0.0629,-0.99937107,-99.9371
2025-01-17,erc1155,7,142,154,296,33663,0.00879304,0.8793,-0.99120696,-99.1207
2025-01-17,erc1155,8,59,60,119,26775,0.00444444,0.4444,-0.99555556,-99.5556
2025-01-17,erc1155,9,655,653,1308,308553,0.00423914,0.4239,-0.99576086,-99.5761
2025-01-18,erc1155,10,31,31,62,33075,0.00187453,0.1875,-0.99812547,-99.8125
2025-01-18,erc1155,11,2227,2227,4454,692451,0.00643222,0.6432,-0.99356778,-99.3568
2025-01-18,erc1155,12,5225,4867,10092,444140,0.02272256,2.2723,-0.97727744,-97.7277
2025-01-18,erc1155,13,3771,5273,9044,648943,0.01393651,1.3937,-0.98606349,-98.6063
2025-01-18,erc1155,14,1077,1077,2154,31500,0.06838095,6.8381,-0.93161905,-93.1619
2025-01-18,erc1155,16,1265,1265,2530,626260,0.00403986,0.4040,-0.99596014,-99.5960
2025-01-18,erc1155,17,3156,2791,5947,522584,0.01137999,1.1380,-0.98862001,-98.8620
2025-01-18,erc1155,18,23440,3032,26472,706912,0.03744738,3.7447,-0.96255262,-96.2553
2025-01-18,erc1155,19,552,552,1104,445200,0.00247978,0.2480,-0.99752022,-99.7520
2025-01-18,erc1155,20,14622,2650,17272,619080,0.02789946,2.7899,-0.97210054,-97.2101
2025-01-18,erc1155,22,5123,5123,10246,641539,0.01597097,1.5971,-0.98402903,-98.4029
2025-01-18,erc1155,23,5107,5107,10214,741286,0.01377876,1.3779,-0.98622124,-98.6221
2025-01-18,erc1155,25,9358,55507,64865,1213275,0.05346274,5.3463,-0.94653726,-94.6537
2025-01-18,erc1155,3,171,171,342,165356,0.00206826,0.2068,-0.99793174,-99.7932
2025-01-18,erc1155,4,681,667,1348,238409,0.00565415,0.5654,-0.99434585,-99.4346
2025-01-18,erc1155,5,74,74,148,38010,0.00389371,0.3894,-0.99610629,-99.6106
2025-01-18,erc1155,6,335,335,670,445200,0.00150494,0.1505,-0.99849506,-99.8495
2025-01-18,erc1155,7,89,89,178,33663,0.00528770,0.5288,-0.99471230,-99.4712
2025-01-18,erc1155,8,14,14,28,26775,0.00104575,0.1046,-0.99895425,-99.8954
2025-01-18,erc1155,9,2103,2107,4210,308553,0.01364433,1.3644,-0.98635567,-98.6356
2025-01-19,erc1155,10,50,50,100,33075,0.00302343,0.3023,-0.99697657,-99.6977
2025-01-19,erc1155,11,168,168,336,692451,0.00048523,0.0485,-0.99951477,-99.9515
2025-01-19,erc1155,12,1821,2651,4472,444140,0.01006890,1.0069,-0.98993110,-98.9931
2025-01-19,erc1155,13,515,531,1046,648943,0.00161185,0.1612,-0.99838815,-99.8388
2025-01-19,erc1155,14,66,65,131,31500,0.00415873,0.4159,-0.99584127,-99.5841
2025-01-19,erc1155,16,926,926,1852,626260,0.00295724,0.2957,-0.99704276,-99.7043
2025-01-19,erc1155,17,803,1176,1979,522584,0.00378695,0.3787,-0.99621305,-99.6213
2025-01-19,erc1155,18,1342,1287,2629,706912,0.00371899,0.3719,-0.99628101,-99.6281
2025-01-19,erc1155,19,66,66,132,445200,0.00029650,0.0296,-0.99970350,-99.9704
2025-01-19,erc1155,20,22445,4144,26589,619080,0.04294921,4.2949,-0.95705079,-95.7051
2025-01-19,erc1155,22,977,977,1954,641539,0.00304580,0.3046,-0.99695420,-99.6954
2025-01-19,erc1155,23,426,426,852,741286,0.00114935,0.1149,-0.99885065,-99.8851
2025-01-19,erc1155,25,2409,29893,32302,1213275,0.02662381,2.6624,-0.97337619,-97.3376
2025-01-19,erc1155,3,83,83,166,165356,0.00100389,0.1004,-0.99899611,-99.8996
2025-01-19,erc1155,4,77,91,168,238409,0.00070467,0.0705,-0.99929533,-99.9295
2025-01-19,erc1155,5,45,45,90,38010,0.00236780,0.2368,-0.99763220,-99.7632
2025-01-19,erc1155,6,13,13,26,445200,0.00005840,0.0058,-0.99994160,-99.9942
2025-01-19,erc1155,7,109,109,218,33663,0.00647595,0.6476,-0.99352405,-99.3524
2025-01-19,erc1155,8,19,19,38,26775,0.00141923,0.1419,-0.99858077,-99.8581
2025-01-19,erc1155,9,369,370,739,308553,0.00239505,0.2395,-0.99760495,-99.7605
2025-01-20,erc1155,10,7,7,14,33075,0.00042328,0.0423,-0.99957672,-99.9577
2025-01-20,erc1155,11,628,628,1256,692451,0.00181385,0.1814,-0.99818615,-99.8186
2025-01-20,erc1155,12,1394,1394,2788,444140,0.00627730,0.6277,-0.99372270,-99.3723
2025-01-20,erc1155,13,779,779,1558,648943,0.00240083,0.2401,-0.99759917,-99.7599
2025-01-20,erc1155,14,115,116,231,31500,0.00733333,0.7333,-0.99266667,-99.2667
2025-01-20,erc1155,16,387,387,774,626260,0.00123591,0.1236,-0.99876409,-99.8764
2025-01-20,erc1155,17,441,441,882,522584,0.00168777,0.1688,-0.99831223,-99.8312
2025-01-20,erc1155,18,1442,1388,2830,706912,0.00400333,0.4003,-0.99599667,-99.5997
2025-01-20,erc1155,19,92,92,184,445200,0.00041330,0.0413,-0.99958670,-99.9587
2025-01-20,erc1155,20,2226,1244,3470,619080,0.00560509,0.5605,-0.99439491,-99.4395
2025-01-20,erc1155,22,3642,3632,7274,641539,0.01133836,1.1338,-0.98866164,-98.8662
2025-01-20,erc1155,23,723,723,1446,741286,0.00195066,0.1951,-0.99804934,-99.8049
2025-01-20,erc1155,25,2003,11820,13823,1213275,0.01139313,1.1393,-0.98860687,-98.8607
2025-01-20,erc1155,3,143,143,286,165356,0.00172960,0.1730,-0.99827040,-99.8270
2025-01-20,erc1155,4,186,186,372,238409,0.00156034,0.1560,-0.99843966,-99.8440
2025-01-20,erc1155,5,57,57,114,38010,0.00299921,0.2999,-0.99700079,-99.7001
2025-01-20,erc1155,6,9,9,18,445200,0.00004043,0.0040,-0.99995957,-99.9960
2025-01-20,erc1155,7,31,31,62,33663,0.00184178,0.1842,-0.99815822,-99.8158
2025-01-20,erc1155,8,19,19,38,26775,0.00141923,0.1419,-0.99858077,-99.8581
2025-01-20,erc1155,9,178,178,356,308553,0.00115377,0.1154,-0.99884623,-99.8846
2025-01-21,erc1155,10,128,128,256,33075,0.00773998,0.7740,-0.99226002,-99.2260
2025-01-21,erc1155,11,6367,5695,12062,692451,0.01741928,1.7419,-0.98258072,-98.2581
2025-01-21,erc1155,12,16814,5639,22453,444140,0.05055388,5.0554,-0.94944612,-94.9446
2025-01-21,erc1155,13,5754,5733,11487,648943,0.01770109,1.7701,-0.98229891,-98.2299
2025-01-21,erc1155,14,64,64,128,31500,0.00406349,0.4063,-0.99593651,-99.5937
2025-01-21,erc1155,16,6366,6352,12718,626260,0.02030786,2.0308,-0.97969214,-97.9692
2025-01-21,erc1155,17,9306,2865,12171,522584,0.02329004,2.3290,-0.97670996,-97.6710
2025-01-21,erc1155,18,9242,745,9987,706912,0.01412764,1.4128,-0.98587236,-98.5872
2025-01-21,erc1155,19,4555,1098,5653,445200,0.01269766,1.2698,-0.98730234,-98.7302
2025-01-21,erc1155,20,3409,1537,4946,619080,0.00798927,0.7989,-0.99201073,-99.2011
2025-01-21,erc1155,22,3446,3356,6802,641539,0.01060263,1.0603,-0.98939737,-98.9397
2025-01-21,erc1155,23,6526,6526,13052,741286,0.01760724,1.7607,-0.98239276,-98.2393
2025-01-21,erc1155,25,28419,19479,47898,1213275,0.03947827,3.9478,-0.96052173,-96.0522
2025-01-21,erc1155,3,780,730,1510,165356,0.00913181,0.9132,-0.99086819,-99.0868
2025-01-21,erc1155,4,1121,861,1982,238409,0.00831344,0.8313,-0.99168656,-99.1687
2025-01-21,erc1155,5,15,15,30,38010,0.00078927,0.0789,-0.99921073,-99.9211
2025-01-21,erc1155,6,7291,7291,14582,445200,0.03275382,3.2754,-0.96724618,-96.7246
2025-01-21,erc1155,7,60,60,120,33663,0.00356474,0.3565,-0.99643526,-99.6435
2025-01-21,erc1155,8,95,95,190,26775,0.00709617,0.7096,-0.99290383,-99.2904
2025-01-21,erc1155,9,3643,3007,6650,308553,0.02155221,2.1552,-0.97844779,-97.8448
2025-01-22,erc1155,10,226,226,452,33075,0.01366591,1.3666,-0.98633409,-98.6334
2025-01-22,erc1155,11,2847,3519,6366,692451,0.00919343,0.9193,-0.99080657,-99.0807
2025-01-22,erc1155,12,12884,7888,20772,444140,0.04676904,4.6769,-0.95323096,-95.3231
2025-01-22,erc1155,13,8367,8265,16632,648943,0.02562937,2.5629,-0.97437063,-97.4371
2025-01-22,erc1155,14,202,202,404,31500,0.01282540,1.2825,-0.98717460,-98.7175
2025-01-22,erc1155,16,6010,6023,12033,626260,0.01921406,1.9214,-0.98078594,-98.0786
2025-01-22,erc1155,17,3303,3321,6624,522584,0.01267547,1.2675,-0.98732453,-98.7325
2025-01-22,erc1155,18,4832,8737,13569,706912,0.01919475,1.9195,-0.98080525,-98.0805
2025-01-22,erc1155,19,460,3917,4377,445200,0.00983154,0.9832,-0.99016846,-99.0168
2025-01-22,erc1155,20,5428,4099,9527,619080,0.01538896,1.5389,-0.98461104,-98.4611
2025-01-22,erc1155,22,12429,12529,24958,641539,0.03890332,3.8903,-0.96109668,-96.1097
2025-01-22,erc1155,23,5777,5777,11554,741286,0.01558643,1.5586,-0.98441357,-98.4414
2025-01-22,erc1155,25,13251,37262,50513,1213275,0.04163360,4.1634,-0.95836640,-95.8366
2025-01-22,erc1155,3,999,1049,2048,165356,0.01238540,1.2385,-0.98761460,-98.7615
2025-01-22,erc1155,4,1186,1446,2632,238409,0.01103985,1.1040,-0.98896015,-98.8960
2025-01-22,erc1155,5,112,112,224,38010,0.00589319,0.5893,-0.99410681,-99.4107
2025-01-22,erc1155,6,572,572,1144,445200,0.00256963,0.2570,-0.99743037,-99.7430
2025-01-22,erc1155,7,139,139,278,33663,0.00825833,0.8258,-0.99174167,-99.1742
2025-01-22,erc1155,8,55,55,110,26775,0.00410831,0.4108,-0.99589169,-99.5892
2025-01-22,erc1155,9,1686,2322,4008,308553,0.01298966,1.2990,-0.98701034,-98.7010
2025-01-23,erc1155,10,86,86,172,33075,0.00520030,0.5200,-0.99479970,-99.4800
2025-01-23,erc1155,11,560,560,1120,692451,0.00161744,0.1617,-0.99838256,-99.8383
2025-01-23,erc1155,12,2037,17265,19302,444140,0.04345927,4.3459,-0.95654073,-95.6541
2025-01-23,erc1155,13,1739,1862,3601,648943,0.00554902,0.5549,-0.99445098,-99.4451
2025-01-23,erc1155,14,63,63,126,31500,0.00400000,0.4000,-0.99600000,-99.6000
2025-01-23,erc1155,16,540,541,1081,626260,0.00172612,0.1726,-0.99827388,-99.8274
2025-01-23,erc1155,17,1356,6841,8197,522584,0.01568552,1.5686,-0.98431448,-98.4314
2025-01-23,erc1155,18,1711,6639,8350,706912,0.01181194,1.1812,-0.98818806,-98.8188
2025-01-23,erc1155,19,75,75,150,445200,0.00033693,0.0337,-0.99966307,-99.9663
2025-01-23,erc1155,20,1461,35917,37378,619080,0.06037669,6.0377,-0.93962331,-93.9623
2025-01-23,erc1155,22,971,971,1942,641539,0.00302710,0.3027,-0.99697290,-99.6973
2025-01-23,erc1155,23,389,389,778,741286,0.00104953,0.1050,-0.99895047,-99.8950
2025-01-23,erc1155,25,55687,10990,66677,1213275,0.05495621,5.4956,-0.94504379,-94.5044
2025-01-23,erc1155,3,404,244,648,165356,0.00391882,0.3919,-0.99608118,-99.6081
2025-01-23,erc1155,4,155,155,310,238409,0.00130029,0.1300,-0.99869971,-99.8700
2025-01-23,erc1155,5,26,26,52,38010,0.00136806,0.1368,-0.99863194,-99.8632
2025-01-23,erc1155,6,137,137,274,445200,0.00061545,0.0615,-0.99938455,-99.9385
2025-01-23,erc1155,7,31,31,62,33663,0.00184178,0.1842,-0.99815822,-99.8158
2025-01-23,erc1155,8,14,14,28,26775,0.00104575,0.1046,-0.99895425,-99.8954
2025-01-23,erc1155,9,274,274,548,308553,0.00177603,0.1776,-0.99822397,-99.8224
2025-01-24,erc1155,10,80,80,160,33075,0.00483749,0.4837,-0.99516251,-99.5163
2025-01-24,erc1155,11,230,230,460,692451,0.00066431,0.0664,-0.99933569,-99.9336
2025-01-24,erc1155,12,2978,3460,6438,444140,0.01449543,1.4495,-0.98550457,-98.5505
2025-01-24,erc1155,13,1038,1038,2076,648943,0.00319905,0.3199,-0.99680095,-99.6801
2025-01-24,erc1155,14,270,270,540,31500,0.01714286,1.7143,-0.98285714,-98.2857
2025-01-24,erc1155,16,1278,1278,2556,626260,0.00408137,0.4081,-0.99591863,-99.5919
2025-01-24,erc1155,17,2101,2391,4492,522584,0.00859575,0.8596,-0.99140425,-99.1404
2025-01-24,erc1155,18,1951,8261,10212,706912,0.01444593,1.4446,-0.98555407,-98.5554
2025-01-24,erc1155,19,158,158,316,445200,0.00070979,0.0710,-0.99929021,-99.9290
2025-01-24,erc1155,20,2605,2171,4776,619080,0.00771467,0.7715,-0.99228533,-99.2285
2025-01-24,erc1155,22,1571,1571,3142,641539,0.00489760,0.4898,-0.99510240,-99.5102
2025-01-24,erc1155,23,7765,7753,15518,741286,0.02093389,2.0934,-0.97906611,-97.9066
2025-01-24,erc1155,25,6966,21641,28607,1213275,0.02357833,2.3578,-0.97642167,-97.6422
2025-01-24,erc1155,3,112,272,384,165356,0.00232226,0.2322,-0.99767774,-99.7678
2025-01-24,erc1155,4,323,323,646,238409,0.00270963,0.2710,-0.99729037,-99.7290
2025-01-24,erc1155,5,35,35,70,38010,0.00184162,0.1842,-0.99815838,-99.8158
2025-01-24,erc1155,6,710,710,1420,445200,0.00318958,0.3190,-0.99681042,-99.6810
2025-01-24,erc1155,7,27,27,54,33663,0.00160414,0.1604,-0.99839586,-99.8396
2025-01-24,erc1155,8,32,32,64,26775,0.00239029,0.2390,-0.99760971,-99.7610
2025-01-24,erc1155,9,588,588,1176,308553,0.00381134,0.3811,-0.99618866,-99.6189
2025-01-25,erc1155,10,26,26,52,33075,0.00157218,0.1572,-0.99842782,-99.8428
2025-01-25,erc1155,11,360,360,720,692451,0.00103978,0.1040,-0.99896022,-99.8960
2025-01-25,erc1155,12,166,627,793,444140,0.00178547,0.1785,-0.99821453,-99.8215
2025-01-25,erc1155,13,1681,1681,3362,648943,0.00518073,0.5181,-0.99481927,-99.4819
2025-01-25,erc1155,14,33,33,66,31500,0.00209524,0.2095,-0.99790476,-99.7905
2025-01-25,erc1155,16,932,932,1864,626260,0.00297640,0.2976,-0.99702360,-99.7024
2025-01-25,erc1155,17,752,1400,2152,522584,0.00411800,0.4118,-0.99588200,-99.5882
2025-01-25,erc1155,18,2313,3217,5530,706912,0.00782276,0.7823,-0.99217724,-99.2177
2025-01-25,erc1155,19,46,46,92,445200,0.00020665,0.0207,-0.99979335,-99.9793
2025-01-25,erc1155,20,2020,1592,3612,619080,0.00583446,0.5834,-0.99416554,-99.4166
2025-01-25,erc1155,22,615,615,1230,641539,0.00191726,0.1917,-0.99808274,-99.8083
2025-01-25,erc1155,23,505,517,1022,741286,0.00137869,0.1379,-0.99862131,-99.8621
2025-01-25,erc1155,25,13675,18821,32496,1213275,0.02678371,2.6784,-0.97321629,-97.3216
2025-01-25,erc1155,3,54,54,108,165356,0.00065314,0.0653,-0.99934686,-99.9347
2025-01-25,erc1155,4,272,272,544,238409,0.00228179,0.2282,-0.99771821,-99.7718
2025-01-25,erc1155,5,32,32,64,38010,0.00168377,0.1684,-0.99831623,-99.8316
2025-01-25,erc1155,6,11,11,22,445200,0.00004942,0.0049,-0.99995058,-99.9951
2025-01-25,erc1155,7,65,65,130,33663,0.00386181,0.3862,-0.99613819,-99.6138
2025-01-25,erc1155,8,20,20,40,26775,0.00149393,0.1494,-0.99850607,-99.8506
2025-01-25,erc1155,9,333,333,666,308553,0.00215846,0.2158,-0.99784154,-99.7842
2025-01-26,erc1155,10,32,32,64,33075,0.00193500,0.1935,-0.99806500,-99.8065
2025-01-26,erc1155,11,192,192,384,692451,0.00055455,0.0555,-0.99944545,-99.9445
2025-01-26,erc1155,12,1514,1514,3028,444140,0.00681767,0.6818,-0.99318233,-99.3182
2025-01-26,erc1155,13,10612,9575,20187,648943,0.03110751,3.1108,-0.96889249,-96.8892
2025-01-26,erc1155,14,356,356,712,31500,0.02260317,2.2603,-0.97739683,-97.7397
2025-01-26,erc1155,16,1704,1704,3408,626260,0.00544183,0.5442,-0.99455817,-99.4558
2025-01-26,erc1155,17,748,748,1496,522584,0.00286270,0.2863,-0.99713730,-99.7137
2025-01-26,erc1155,18,17135,3035,20170,706912,0.02853255,2.8533,-0.97146745,-97.1467
2025-01-26,erc1155,19,21,21,42,445200,0.00009434,0.0094,-0.99990566,-99.9906
2025-01-26,erc1155,20,565,1427,1992,619080,0.00321768,0.3218,-0.99678232,-99.6782
2025-01-26,erc1155,22,1150,1150,2300,641539,0.00358513,0.3585,-0.99641487,-99.6415
2025-01-26,erc1155,23,10629,10629,21258,741286,0.02867719,2.8677,-0.97132281,-97.1323
2025-01-26,erc1155,25,9621,21253,30874,1213275,0.02544683,2.5447,-0.97455317,-97.4553
2025-01-26,erc1155,3,43,43,86,165356,0.00052009,0.0520,-0.99947991,-99.9480
2025-01-26,erc1155,4,94,94,188,238409,0.00078856,0.0789,-0.99921144,-99.9211
2025-01-26,erc1155,5,20,20,40,38010,0.00105235,0.1052,-0.99894765,-99.8948
2025-01-26,erc1155,6,74,74,148,445200,0.00033243,0.0332,-0.99966757,-99.9668
2025-01-26,erc1155,7,31,31,62,33663,0.00184178,0.1842,-0.99815822,-99.8158
2025-01-26,erc1155,8,16,16,32,26775,0.00119514,0.1195,-0.99880486,-99.8805
2025-01-26,erc1155,9,201,201,402,308553,0.00130286,0.1303,-0.99869714,-99.8697
2025-01-27,erc1155,10,12,12,24,33075,0.00072562,0.0726,-0.99927438,-99.9274
2025-01-27,erc1155,11,464,464,928,692451,0.00134017,0.1340,-0.99865983,-99.8660
2025-01-27,erc1155,12,1079,918,1997,444140,0.00449633,0.4496,-0.99550367,-99.5504
2025-01-27,erc1155,13,1343,2371,3714,648943,0.00572315,0.5723,-0.99427685,-99.4277
2025-01-27,erc1155,14,23,23,46,31500,0.00146032,0.1460,-0.99853968,-99.8540
2025-01-27,erc1155,16,590,590,1180,626260,0.00188420,0.1884,-0.99811580,-99.8116
2025-01-27,erc1155,17,815,642,1457,522584,0.00278807,0.2788,-0.99721193,-99.7212
2025-01-27,erc1155,18,2424,8031,10455,706912,0.01478968,1.4790,-0.98521032,-98.5210
2025-01-27,erc1155,20,1624,744,2368,619080,0.00382503,0.3825,-0.99617497,-99.6175
2025-01-27,erc1155,22,991,936,1927,641539,0.00300371,0.3004,-0.99699629,-99.6996
2025-01-27,erc1155,23,606,606,1212,741286,0.00163500,0.1635,-0.99836500,-99.8365
2025-01-27,erc1155,25,4720,9583,14303,1213275,0.01178875,1.1789,-0.98821125,-98.8211
2025-01-27,erc1155,3,34,34,68,165356,0.00041123,0.0411,-0.99958877,-99.9589
2025-01-27,erc1155,4,51,51,102,238409,0.00042784,0.0428,-0.99957216,-99.9572
2025-01-27,erc1155,5,31,31,62,38010,0.00163115,0.1631,-0.99836885,-99.8369
2025-01-27,erc1155,6,40,40,80,445200,0.00017969,0.0180,-0.99982031,-99.9820
2025-01-27,erc1155,7,20,20,40,33663,0.00118825,0.1188,-0.99881175,-99.8812
2025-01-27,erc1155,8,19,19,38,26775,0.00141923,0.1419,-0.99858077,-99.8581
2025-01-27,erc1155,9,142,142,284,308553,0.00092043,0.0920,-0.99907957,-99.9080
2025-01-28,erc1155,10,54,54,108,33075,0.00326531,0.3265,-0.99673469,-99.6735
2025-01-28,erc1155,11,26,26,52,692451,0.00007510,0.0075,-0.99992490,-99.9925
2025-01-28,erc1155,12,706,600,1306,444140,0.00294051,0.2941,-0.99705949,-99.7059
2025-01-28,erc1155,13,1559,1568,3127,648943,0.00481861,0.4819,-0.99518139,-99.5181
2025-01-28,erc1155,14,46,46,92,31500,0.00292063,0.2921,-0.99707937,-99.7079
2025-01-28,erc1155,16,366,366,732,626260,0.00116884,0.1169,-0.99883116,-99.8831
2025-01-28,erc1155,17,970,820,1790,522584,0.00342529,0.3425,-0.99657471,-99.6575
2025-01-28,erc1155,18,4568,2100,6668,706912,0.00943257,0.9433,-0.99056743,-99.0567
2025-01-28,erc1155,19,65,65,130,445200,0.00029200,0.0292,-0.99970800,-99.9708
2025-01-28,erc1155,20,1773,2526,4299,619080,0.00694418,0.6944,-0.99305582,-99.3056
2025-01-28,erc1155,22,612,667,1279,641539,0.00199364,0.1994,-0.99800636,-99.8006
2025-01-28,erc1155,23,1412,1412,2824,741286,0.00380960,0.3810,-0.99619040,-99.6190
2025-01-28,erc1155,25,2109,9294,11403,1213275,0.00939853,0.9399,-0.99060147,-99.0601
2025-01-28,erc1155,3,1076,1076,2152,165356,0.01301434,1.3014,-0.98698566,-98.6986
2025-01-28,erc1155,4,366,366,732,238409,0.00307035,0.3070,-0.99692965,-99.6930
2025-01-28,erc1155,5,84,84,168,38010,0.00441989,0.4420,-0.99558011,-99.5580
2025-01-28,erc1155,6,48,48,96,445200,0.00021563,0.0216,-0.99978437,-99.9784
2025-01-28,erc1155,7,41,41,82,33663,0.00243591,0.2436,-0.99756409,-99.7564
2025-01-28,erc1155,8,203,203,406,26775,0.01516340,1.5163,-0.98483660,-98.4837
2025-01-28,erc1155,9,706,295,1001,308553,0.00324418,0.3244,-0.99675582,-99.6756
2025-01-29,erc1155,11,130,130,260,692451,0.00037548,0.0375,-0.99962452,-99.9625
2025-01-29,erc1155,12,159,426,585,444140,0.00131715,0.1317,-0.99868285,-99.8683
2025-01-29,erc1155,13,217,217,434,648943,0.00066878,0.0669,-0.99933122,-99.9331
2025-01-29,erc1155,14,2,2,4,31500,0.00012698,0.0127,-0.99987302,-99.9873
2025-01-29,erc1155,16,199,199,398,626260,0.00063552,0.0636,-0.99936448,-99.9364
2025-01-29,erc1155,17,426,749,1175,522584,0.00224844,0.2248,-0.99775156,-99.7752
2025-01-29,erc1155,18,826,16874,17700,706912,0.02503848,2.5038,-0.97496152,-97.4962
2025-01-29,erc1155,19,130,130,260,445200,0.00058401,0.0584,-0.99941599,-99.9416
2025-01-29,erc1155,20,333,457,790,619080,0.00127609,0.1276,-0.99872391,-99.8724
2025-01-29,erc1155,22,1199,1199,2398,641539,0.00373789,0.3738,-0.99626211,-99.6262
2025-01-29,erc1155,23,120,120,240,741286,0.00032376,0.0324,-0.99967624,-99.9676
2025-01-29,erc1155,25,478,19506,19984,1213275,0.01647112,1.6471,-0.98352888,-98.3529
2025-01-29,erc1155,5,9,9,18,38010,0.00047356,0.0474,-0.99952644,-99.9526
2025-01-29,erc1155,6,6,6,12,445200,0.00002695,0.0027,-0.99997305,-99.9973
2025-01-29,erc1155,7,19,19,38,33663,0.00112884,0.1129,-0.99887116,-99.8871
2025-01-29,erc1155,8,2,2,4,26775,0.00014939,0.0149,-0.99985061,-99.9851
2025-01-29,erc1155,9,129,540,669,308553,0.00216819,0.2168,-0.99783181,-99.7832
2025-01-30,erc1155,10,128,112,240,33075,0.00725624,0.7256,-0.99274376,-99.2744
2025-01-30,erc1155,11,928,928,1856,692451,0.00268033,0.2680,-0.99731967,-99.7320
2025-01-30,erc1155,12,4502,4052,8554,444140,0.01925969,1.9260,-0.98074031,-98.0740
2025-01-30,erc1155,13,7305,2494,9799,648943,0.01509994,1.5100,-0.98490006,-98.4900
2025-01-30,erc1155,14,138,138,276,31500,0.00876190,0.8762,-0.99123810,-99.1238
2025-01-30,erc1155,16,1908,1908,3816,626260,0.00609332,0.6093,-0.99390668,-99.3907
2025-01-30,erc1155,17,394,318,712,522584,0.00136246,0.1362,-0.99863754,-99.8638
2025-01-30,erc1155,18,5490,7161,12651,706912,0.01789615,1.7896,-0.98210385,-98.2104
2025-01-30,erc1155,19,613,613,1226,445200,0.00275382,0.2754,-0.99724618,-99.7246
2025-01-30,erc1155,20,4738,4547,9285,619080,0.01499806,1.4998,-0.98500194,-98.5002
2025-01-30,erc1155,22,1935,1935,3870,641539,0.00603237,0.6032,-0.99396763,-99.3968
2025-01-30,erc1155,23,2911,2911,5822,741286,0.00785392,0.7854,-0.99214608,-99.2146
2025-01-30,erc1155,25,6713,22821,29534,1213275,0.02434238,2.4342,-0.97565762,-97.5658
2025-01-30,erc1155,3,265,265,530,165356,0.00320521,0.3205,-0.99679479,-99.6795
2025-01-30,erc1155,4,56,56,112,238409,0.00046978,0.0470,-0.99953022,-99.9530
2025-01-30,erc1155,5,130,123,253,38010,0.00665614,0.6656,-0.99334386,-99.3344
2025-01-30,erc1155,6,84,84,168,445200,0.00037736,0.0377,-0.99962264,-99.9623
2025-01-30,erc1155,7,155,145,300,33663,0.00891186,0.8912,-0.99108814,-99.1088
2025-01-30,erc1155,8,102,102,204,26775,0.00761905,0.7619,-0.99238095,-99.2381
2025-01-30,erc1155,9,335,297,632,308553,0.00204827,0.2048,-0.99795173,-99.7952
2025-01-31,erc1155,10,61,77,138,33075,0.00417234,0.4172,-0.99582766,-99.5828
2025-01-31,erc1155,11,741,741,1482,692451,0.00214022,0.2140,-0.99785978,-99.7860
2025-01-31,erc1155,12,4103,4414,8517,444140,0.01917639,1.9176,-0.98082361,-98.0824
2025-01-31,erc1155,13,9284,7139,16423,648943,0.02530731,2.5307,-0.97469269,-97.4693
2025-01-31,erc1155,14,61,61,122,31500,0.00387302,0.3873,-0.99612698,-99.6127
2025-01-31,erc1155,16,15666,15666,31332,626260,0.05003034,5.0030,-0.94996966,-94.9970
2025-01-31,erc1155,17,3313,2192,5505,522584,0.01053419,1.0534,-0.98946581,-98.9466
2025-01-31,erc1155,18,3505,2010,5515,706912,0.00780154,0.7802,-0.99219846,-99.2198
2025-01-31,erc1155,19,232,232,464,445200,0.00104223,0.1042,-0.99895777,-99.8958
2025-01-31,erc1155,20,16210,5219,21429,619080,0.03461427,3.4614,-0.96538573,-96.5386
2025-01-31,erc1155,22,26482,18062,44544,641539,0.06943304,6.9433,-0.93056696,-93.0567
2025-01-31,erc1155,23,20712,20712,41424,741286,0.05588127,5.5881,-0.94411873,-94.4119
2025-01-31,erc1155,25,30473,18154,48627,1213275,0.04007912,4.0079,-0.95992088,-95.9921
2025-01-31,erc1155,3,634,634,1268,165356,0.00766830,0.7668,-0.99233170,-99.2332
2025-01-31,erc1155,4,327,327,654,238409,0.00274319,0.2743,-0.99725681,-99.7257
2025-01-31,erc1155,5,42,49,91,38010,0.00239411,0.2394,-0.99760589,-99.7606
2025-01-31,erc1155,6,266,266,532,445200,0.00119497,0.1195,-0.99880503,-99.8805
2025-01-31,erc1155,7,61,71,132,33663,0.00392122,0.3921,-0.99607878,-99.6079
2025-01-31,erc1155,8,62,62,124,26775,0.00463119,0.4631,-0.99536881,-99.5369
2025-01-31,erc1155,9,11429,1554,12983,308553,0.04207705,4.2077,-0.95792295,-95.7923
2025-02-01,erc1155,10,40,39,79,33075,0.00238851,0.2389,-0.99761149,-99.7611
2025-02-01,erc1155,11,3399,3399,6798,692451,0.00981730,0.9817,-0.99018270,-99.0183
2025-02-01,erc1155,12,1613,1752,3365,444140,0.00757644,0.7576,-0.99242356,-99.2424
2025-02-01,erc1155,13,6014,12896,18910,648943,0.02913969,2.9140,-0.97086031,-97.0860
2025-02-01,erc1155,14,116,113,229,31500,0.00726984,0.7270,-0.99273016,-99.2730
2025-02-01,erc1155,16,5111,5111,10222,626260,0.01632229,1.6322,-0.98367771,-98.3678
2025-02-01,erc1155,17,5773,6628,12401,522584,0.02373016,2.3730,-0.97626984,-97.6270
2025-02-01,erc1155,18,28935,2049,30984,706912,0.04383007,4.3830,-0.95616993,-95.6170
2025-02-01,erc1155,19,3629,3629,7258,445200,0.01630279,1.6303,-0.98369721,-98.3697
2025-02-01,erc1155,20,6238,1286,7524,619080,0.01215352,1.2154,-0.98784648,-98.7846
2025-02-01,erc1155,22,13086,21506,34592,641539,0.05392034,5.3920,-0.94607966,-94.6080
2025-02-01,erc1155,23,2454,2413,4867,741286,0.00656562,0.6566,-0.99343438,-99.3434
2025-02-01,erc1155,25,19061,11950,31011,1213275,0.02555975,2.5560,-0.97444025,-97.4440
2025-02-01,erc1155,3,97,97,194,165356,0.00117323,0.1173,-0.99882677,-99.8827
2025-02-01,erc1155,4,217,217,434,238409,0.00182040,0.1820,-0.99817960,-99.8180
2025-02-01,erc1155,5,54,52,106,38010,0.00278874,0.2789,-0.99721126,-99.7211
2025-02-01,erc1155,6,301,301,602,445200,0.00135220,0.1352,-0.99864780,-99.8648
2025-02-01,erc1155,7,53,51,104,33663,0.00308945,0.3089,-0.99691055,-99.6911
2025-02-01,erc1155,8,46,46,92,26775,0.00343604,0.3436,-0.99656396,-99.6564
2025-02-01,erc1155,9,3500,13364,16864,308553,0.05465512,5.4655,-0.94534488,-94.5345
2025-02-02,erc1155,10,19,20,39,33075,0.00117914,0.1179,-0.99882086,-99.8821
2025-02-02,erc1155,11,102,102,204,692451,0.00029461,0.0295,-0.99970539,-99.9705
2025-02-02,erc1155,12,251,251,502,444140,0.00113027,0.1130,-0.99886973,-99.8870
2025-02-02,erc1155,13,2264,2110,4374,648943,0.00674019,0.6740,-0.99325981,-99.3260
2025-02-02,erc1155,14,15,18,33,31500,0.00104762,0.1048,-0.99895238,-99.8952
2025-02-02,erc1155,16,46,46,92,626260,0.00014690,0.0147,-0.99985310,-99.9853
2025-02-02,erc1155,17,991,857,1848,522584,0.00353627,0.3536,-0.99646373,-99.6464
2025-02-02,erc1155,18,6113,2262,8375,706912,0.01184730,1.1847,-0.98815270,-98.8153
2025-02-02,erc1155,19,135,135,270,445200,0.00060647,0.0606,-0.99939353,-99.9394
2025-02-02,erc1155,20,2663,3461,6124,619080,0.00989210,0.9892,-0.99010790,-99.0108
2025-02-02,erc1155,22,2075,2075,4150,641539,0.00646882,0.6469,-0.99353118,-99.3531
2025-02-02,erc1155,23,2789,2830,5619,741286,0.00758007,0.7580,-0.99241993,-99.2420
2025-02-02,erc1155,25,6662,9565,16227,1213275,0.01337454,1.3375,-0.98662546,-98.6625
2025-02-02,erc1155,3,106,106,212,165356,0.00128208,0.1282,-0.99871792,-99.8718
2025-02-02,erc1155,4,10,10,20,238409,0.00008389,0.0084,-0.99991611,-99.9916
2025-02-02,erc1155,5,8,10,18,38010,0.00047356,0.0474,-0.99952644,-99.9526
2025-02-02,erc1155,6,13,13,26,445200,0.00005840,0.0058,-0.99994160,-99.9942
2025-02-02,erc1155,7,34,36,70,33663,0.00207943,0.2079,-0.99792057,-99.7921
2025-02-02,erc1155,8,4,4,8,26775,0.00029879,0.0299,-0.99970121,-99.9701
2025-02-02,erc1155,9,91,140,231,308553,0.00074866,0.0749,-0.99925134,-99.9251
2025-02-03,erc1155,10,28,28,56,33075,0.00169312,0.1693,-0.99830688,-99.8307
2025-02-03,erc1155,11,5165,5164,10329,692451,0.01491658,1.4917,-0.98508342,-98.5083
2025-02-03,erc1155,12,3024,2913,5937,444140,0.01336741,1.3367,-0.98663259,-98.6633
2025-02-03,erc1155,13,3564,3496,7060,648943,0.01087923,1.0879,-0.98912077,-98.9121
2025-02-03,erc1155,14,37,37,74,31500,0.00234921,0.2349,-0.99765079,-99.7651
2025-02-03,erc1155,16,1235,1235,2470,626260,0.00394405,0.3944,-0.99605595,-99.6056
2025-02-03,erc1155,17,429,905,1334,522584,0.00255270,0.2553,-0.99744730,-99.7447
2025-02-03,erc1155,18,1297,920,2217,706912,0.00313618,0.3136,-0.99686382,-99.6864
2025-02-03,erc1155,19,29,24,53,445200,0.00011905,0.0119,-0.99988095,-99.9881
2025-02-03,erc1155,20,1218,7253,8471,619080,0.01368321,1.3683,-0.98631679,-98.6317
2025-02-03,erc1155,22,1942,1942,3884,641539,0.00605419,0.6054,-0.99394581,-99.3946
2025-02-03,erc1155,23,1467,1466,2933,741286,0.00395664,0.3957,-0.99604336,-99.6043
2025-02-03,erc1155,25,5620,28047,33667,1213275,0.02774886,2.7749,-0.97225114,-97.2251
2025-02-03,erc1155,3,129,129,258,165356,0.00156027,0.1560,-0.99843973,-99.8440
2025-02-03,erc1155,4,70,70,140,238409,0.00058723,0.0587,-0.99941277,-99.9413
2025-02-03,erc1155,5,22,22,44,38010,0.00115759,0.1158,-0.99884241,-99.8842
2025-02-03,erc1155,6,32,32,64,445200,0.00014376,0.0144,-0.99985624,-99.9856
2025-02-03,erc1155,7,17,17,34,33663,0.00101001,0.1010,-0.99898999,-99.8990
2025-02-03,erc1155,8,11,11,22,26775,0.00082166,0.0822,-0.99917834,-99.9178
2025-02-03,erc1155,9,682,682,1364,308553,0.00442063,0.4421,-0.99557937,-99.5579
2025-02-04,erc1155,10,71,71,142,33075,0.00429327,0.4293,-0.99570673,-99.5707
2025-02-04,erc1155,11,4146,4147,8293,692451,0.01197630,1.1976,-0.98802370,-98.8024
2025-02-04,erc1155,12,3607,3714,7321,444140,0.01648354,1.6484,-0.98351646,-98.3516
2025-02-04,erc1155,13,2161,2457,4618,648943,0.00711619,0.7116,-0.99288381,-99.2884
2025-02-04,erc1155,14,91,91,182,31500,0.00577778,0.5778,-0.99422222,-99.4222
2025-02-04,erc1155,16,1526,1526,3052,626260,0.00487338,0.4873,-0.99512662,-99.5127
2025-02-04,erc1155,17,5170,1941,7111,522584,0.01360738,1.3607,-0.98639262,-98.6393
2025-02-04,erc1155,18,3121,2826,5947,706912,0.00841265,0.8413,-0.99158735,-99.1587
2025-02-04,erc1155,19,1018,1023,2041,445200,0.00458446,0.4584,-0.99541554,-99.5416
2025-02-04,erc1155,20,4572,13535,18107,619080,0.02924824,2.9248,-0.97075176,-97.0752
2025-02-04,erc1155,22,4439,4439,8878,641539,0.01383860,1.3839,-0.98616140,-98.6161
2025-02-04,erc1155,23,2646,2647,5293,741286,0.00714029,0.7140,-0.99285971,-99.2860
2025-02-04,erc1155,25,17329,42658,59987,1213275,0.04944221,4.9442,-0.95055779,-95.0558
2025-02-04,erc1155,3,218,218,436,165356,0.00263674,0.2637,-0.99736326,-99.7363
2025-02-04,erc1155,4,415,415,830,238409,0.00348141,0.3481,-0.99651859,-99.6519
2025-02-04,erc1155,5,44,44,88,38010,0.00231518,0.2315,-0.99768482,-99.7685
2025-02-04,erc1155,6,41,41,82,445200,0.00018419,0.0184,-0.99981581,-99.9816
2025-02-04,erc1155,7,65,65,130,33663,0.00386181,0.3862,-0.99613819,-99.6138
2025-02-04,erc1155,8,27,27,54,26775,0.00201681,0.2017,-0.99798319,-99.7983
2025-02-04,erc1155,9,402,402,804,308553,0.00260571,0.2606,-0.99739429,-99.7394
2025-02-05,erc1155,10,180,180,360,33075,0.01088435,1.0884,-0.98911565,-98.9116
2025-02-05,erc1155,11,3246,3246,6492,692451,0.00937539,0.9375,-0.99062461,-99.0625
2025-02-05,erc1155,12,924,928,1852,444140,0.00416986,0.4170,-0.99583014,-99.5830
2025-02-05,erc1155,13,3386,3386,6772,648943,0.01043543,1.0435,-0.98956457,-98.9565
2025-02-05,erc1155,14,100,100,200,31500,0.00634921,0.6349,-0.99365079,-99.3651
2025-02-05,erc1155,16,1797,1797,3594,626260,0.00573883,0.5739,-0.99426117,-99.4261
2025-02-05,erc1155,17,1763,4532,6295,522584,0.01204591,1.2046,-0.98795409,-98.7954
2025-02-05,erc1155,18,21999,16097,38096,706912,0.05389072,5.3891,-0.94610928,-94.6109
2025-02-05,erc1155,19,14695,14695,29390,445200,0.06601527,6.6015,-0.93398473,-93.3985
2025-02-05,erc1155,20,7392,2392,9784,619080,0.01580410,1.5804,-0.98419590,-98.4196
2025-02-05,erc1155,22,1651,1651,3302,641539,0.00514700,0.5147,-0.99485300,-99.4853
2025-02-05,erc1155,23,14943,14943,29886,741286,0.04031642,4.0316,-0.95968358,-95.9684
2025-02-05,erc1155,25,25304,27369,52673,1213275,0.04341390,4.3414,-0.95658610,-95.6586
2025-02-05,erc1155,3,348,348,696,165356,0.00420910,0.4209,-0.99579090,-99.5791
2025-02-05,erc1155,4,222,222,444,238409,0.00186235,0.1862,-0.99813765,-99.8138
2025-02-05,erc1155,5,61,61,122,38010,0.00320968,0.3210,-0.99679032,-99.6790
2025-02-05,erc1155,6,556,556,1112,445200,0.00249775,0.2498,-0.99750225,-99.7502
2025-02-05,erc1155,7,50,50,100,33663,0.00297062,0.2971,-0.99702938,-99.7029
2025-02-05,erc1155,8,52,52,104,26775,0.00388422,0.3884,-0.99611578,-99.6116
2025-02-05,erc1155,9,967,967,1934,308553,0.00626797,0.6268,-0.99373203,-99.3732
2025-02-06,erc1155,10,3,3,6,33075,0.00018141,0.0181,-0.99981859,-99.9819
2025-02-06,erc1155,11,31,31,62,692451,0.00008954,0.0090,-0.99991046,-99.9910
2025-02-06,erc1155,12,837,774,1611,444140,0.00362723,0.3627,-0.99637277,-99.6373
2025-02-06,erc1155,13,2718,2718,5436,648943,0.00837670,0.8377,-0.99162330,-99.1623
2025-02-06,erc1155,14,40,40,80,31500,0.00253968,0.2540,-0.99746032,-99.7460
2025-02-06,erc1155,16,615,615,1230,626260,0.00196404,0.1964,-0.99803596,-99.8036
2025-02-06,erc1155,17,758,1158,1916,522584,0.00366640,0.3666,-0.99633360,-99.6334
2025-02-06,erc1155,18,950,1608,2558,706912,0.00361856,0.3619,-0.99638144,-99.6381
2025-02-06,erc1155,19,43,43,86,445200,0.00019317,0.0193,-0.99980683,-99.9807
2025-02-06,erc1155,20,4791,2780,7571,619080,0.01222944,1.2229,-0.98777056,-98.7771
2025-02-06,erc1155,22,816,816,1632,641539,0.00254388,0.2544,-0.99745612,-99.7456
2025-02-06,erc1155,23,383,383,766,741286,0.00103334,0.1033,-0.99896666,-99.8967
2025-02-06,erc1155,25,10762,24496,35258,1213275,0.02906019,2.9060,-0.97093981,-97.0940
2025-02-06,erc1155,3,259,255,514,165356,0.00310844,0.3108,-0.99689156,-99.6892
2025-02-06,erc1155,4,153,153,306,238409,0.00128351,0.1284,-0.99871649,-99.8716
2025-02-06,erc1155,5,31,31,62,38010,0.00163115,0.1631,-0.99836885,-99.8369
2025-02-06,erc1155,6,15,15,30,445200,0.00006739,0.0067,-0.99993261,-99.9933
2025-02-06,erc1155,7,145,145,290,33663,0.00861480,0.8615,-0.99138520,-99.1385
2025-02-06,erc1155,8,10,10,20,26775,0.00074697,0.0747,-0.99925303,-99.9253
2025-02-06,erc1155,9,286,286,572,308553,0.00185381,0.1854,-0.99814619,-99.8146
2025-02-07,erc1155,10,78,78,156,33075,0.00471655,0.4717,-0.99528345,-99.5283
2025-02-07,erc1155,11,1026,1026,2052,692451,0.00296339,0.2963,-0.99703661,-99.7037
2025-02-07,erc1155,12,792,855,1647,444140,0.00370829,0.3708,-0.99629171,-99.6292
2025-02-07,erc1155,13,1987,1134,3121,648943,0.00480936,0.4809,-0.99519064,-99.5191
2025-02-07,erc1155,14,17,17,34,31500,0.00107937,0.1079,-0.99892063,-99.8921
2025-02-07,erc1155,16,1606,1606,3212,626260,0.00512886,0.5129,-0.99487114,-99.4871
2025-02-07,erc1155,17,1502,1562,3064,522584,0.00586317,0.5863,-0.99413683,-99.4137
2025-02-07,erc1155,18,4061,8038,12099,706912,0.01711528,1.7115,-0.98288472,-98.2885
2025-02-07,erc1155,19,608,608,1216,445200,0.00273136,0.2731,-0.99726864,-99.7269
2025-02-07,erc1155,20,2720,6023,8743,619080,0.01412257,1.4123,-0.98587743,-98.5877
2025-02-07,erc1155,22,2134,2134,4268,641539,0.00665275,0.6653,-0.99334725,-99.3347
2025-02-07,erc1155,23,892,892,1784,741286,0.00240663,0.2407,-0.99759337,-99.7593
2025-02-07,erc1155,25,7318,49307,56625,1213275,0.04667120,4.6671,-0.95332880,-95.3329
2025-02-07,erc1155,3,76,80,156,165356,0.00094342,0.0943,-0.99905658,-99.9057
2025-02-07,erc1155,4,7,7,14,238409,0.00005872,0.0059,-0.99994128,-99.9941
2025-02-07,erc1155,5,14,14,28,38010,0.00073665,0.0737,-0.99926335,-99.9263
2025-02-07,erc1155,6,269,269,538,445200,0.00120845,0.1208,-0.99879155,-99.8792
2025-02-07,erc1155,7,35,25,60,33663,0.00178237,0.1782,-0.99821763,-99.8218
2025-02-07,erc1155,8,18,18,36,26775,0.00134454,0.1345,-0.99865546,-99.8655
2025-02-07,erc1155,9,1006,1006,2012,308553,0.00652076,0.6521,-0.99347924,-99.3479
2025-02-08,erc1155,10,33,33,66,33075,0.00199546,0.1995,-0.99800454,-99.8005
2025-02-08,erc1155,11,2072,2072,4144,692451,0.00598454,0.5985,-0.99401546,-99.4015
2025-02-08,erc1155,12,1290,1290,2580,444140,0.00580898,0.5809,-0.99419102,-99.4191
2025-02-08,erc1155,13,1929,2782,4711,648943,0.00725950,0.7259,-0.99274050,-99.2741
2025-02-08,erc1155,14,14,14,28,31500,0.00088889,0.0889,-0.99911111,-99.9111
2025-02-08,erc1155,16,696,696,1392,626260,0.00222272,0.2223,-0.99777728,-99.7777
2025-02-08,erc1155,17,1266,1266,2532,522584,0.00484515,0.4845,-0.99515485,-99.5155
2025-02-08,erc1155,18,458,7137,7595,706912,0.01074391,1.0744,-0.98925609,-98.9256
2025-02-08,erc1155,19,177,177,354,445200,0.00079515,0.0795,-0.99920485,-99.9205
2025-02-08,erc1155,20,1587,5604,7191,619080,0.01161562,1.1616,-0.98838438,-98.8384
2025-02-08,erc1155,22,2359,2359,4718,641539,0.00735419,0.7354,-0.99264581,-99.2646
2025-02-08,erc1155,23,1175,1175,2350,741286,0.00317017,0.3170,-0.99682983,-99.6830
2025-02-08,erc1155,25,15011,17645,32656,1213275,0.02691558,2.6916,-0.97308442,-97.3084
2025-02-08,erc1155,3,3,3,6,165356,0.00003629,0.0036,-0.99996371,-99.9964
2025-02-08,erc1155,4,37,37,74,238409,0.00031039,0.0310,-0.99968961,-99.9690
2025-02-08,erc1155,5,13,13,26,38010,0.00068403,0.0684,-0.99931597,-99.9316
2025-02-08,erc1155,7,25,35,60,33663,0.00178237,0.1782,-0.99821763,-99.8218
2025-02-08,erc1155,9,1307,1307,2614,308553,0.00847180,0.8472,-0.99152820,-99.1528
2025-02-09,erc1155,10,21,21,42,33075,0.00126984,0.1270,-0.99873016,-99.8730
2025-02-09,erc1155,11,693,693,1386,692451,0.00200159,0.2002,-0.99799841,-99.7998
2025-02-09,erc1155,12,734,734,1468,444140,0.00330526,0.3305,-0.99669474,-99.6695
2025-02-09,erc1155,13,1543,1183,2726,648943,0.00420068,0.4201,-0.99579932,-99.5799
2025-02-09,erc1155,14,16,16,32,31500,0.00101587,0.1016,-0.99898413,-99.8984
2025-02-09,erc1155,16,40,40,80,626260,0.00012774,0.0128,-0.99987226,-99.9872
2025-02-09,erc1155,17,74,74,148,522584,0.00028321,0.0283,-0.99971679,-99.9717
2025-02-09,erc1155,18,2432,1268,3700,706912,0.00523403,0.5234,-0.99476597,-99.4766
2025-02-09,erc1155,19,362,362,724,445200,0.00162624,0.1626,-0.99837376,-99.8374
2025-02-09,erc1155,20,311,343,654,619080,0.00105641,0.1056,-0.99894359,-99.8944
2025-02-09,erc1155,22,962,962,1924,641539,0.00299904,0.2999,-0.99700096,-99.7001
2025-02-09,erc1155,23,851,851,1702,741286,0.00229601,0.2296,-0.99770399,-99.7704
2025-02-09,erc1155,25,9316,12409,21725,1213275,0.01790608,1.7906,-0.98209392,-98.2094
2025-02-09,erc1155,3,550,550,1100,165356,0.00665231,0.6652,-0.99334769,-99.3348
2025-02-09,erc1155,4,403,403,806,238409,0.00338074,0.3381,-0.99661926,-99.6619
2025-02-09,erc1155,5,19,19,38,38010,0.00099974,0.1000,-0.99900026,-99.9000
2025-02-09,erc1155,6,30,30,60,445200,0.00013477,0.0135,-0.99986523,-99.9865
2025-02-09,erc1155,7,4,4,8,33663,0.00023765,0.0238,-0.99976235,-99.9762
2025-02-09,erc1155,8,7,7,14,26775,0.00052288,0.0523,-0.99947712,-99.9477
2025-02-09,erc1155,9,520,520,1040,308553,0.00337057,0.3371,-0.99662943,-99.6629
2025-02-10,erc1155,10,106,106,212,33075,0.00640967,0.6410,-0.99359033,-99.3590
2025-02-10,erc1155,11,3476,3476,6952,692451,0.01003970,1.0040,-0.98996030,-98.9960
2025-02-10,erc1155,12,1965,1965,3930,444140,0.00884856,0.8849,-0.99115144,-99.1151
2025-02-10,erc1155,13,5229,5589,10818,648943,0.01667019,1.6670,-0.98332981,-98.3330
2025-02-10,erc1155,14,57,57,114,31500,0.00361905,0.3619,-0.99638095,-99.6381
2025-02-10,erc1155,16,5833,5826,11659,626260,0.01861687,1.8617,-0.98138313,-98.1383
2025-02-10,erc1155,17,4602,4602,9204,522584,0.01761248,1.7612,-0.98238752,-98.2388
2025-02-10,erc1155,18,3657,22327,25984,706912,0.03675705,3.6757,-0.96324295,-96.3243
2025-02-10,erc1155,19,1182,1182,2364,445200,0.00530997,0.5310,-0.99469003,-99.4690
2025-02-10,erc1155,20,827,777,1604,619080,0.00259094,0.2591,-0.99740906,-99.7409
2025-02-10,erc1155,22,3769,3755,7524,641539,0.01172805,1.1728,-0.98827195,-98.8272
2025-02-10,erc1155,23,2452,2448,4900,741286,0.00661013,0.6610,-0.99338987,-99.3390
2025-02-10,erc1155,25,36210,16856,53066,1213275,0.04373782,4.3738,-0.95626218,-95.6262
2025-02-10,erc1155,3,1860,1860,3720,165356,0.02249692,2.2497,-0.97750308,-97.7503
2025-02-10,erc1155,4,57,57,114,238409,0.00047817,0.0478,-0.99952183,-99.9522
2025-02-10,erc1155,5,81,81,162,38010,0.00426204,0.4262,-0.99573796,-99.5738
2025-02-10,erc1155,6,402,402,804,445200,0.00180593,0.1806,-0.99819407,-99.8194
2025-02-10,erc1155,7,86,86,172,33663,0.00510947,0.5109,-0.99489053,-99.4891
2025-02-10,erc1155,8,27,27,54,26775,0.00201681,0.2017,-0.99798319,-99.7983
2025-02-10,erc1155,9,395,395,790,308553,0.00256034,0.2560,-0.99743966,-99.7440
2025-02-11,erc1155,10,151,151,302,33075,0.00913076,0.9131,-0.99086924,-99.0869
2025-02-11,erc1155,11,167,167,334,692451,0.00048234,0.0482,-0.99951766,-99.9518
2025-02-11,erc1155,12,1790,1790,3580,444140,0.00806052,0.8061,-0.99193948,-99.1939
2025-02-11,erc1155,13,1426,1426,2852,648943,0.00439484,0.4395,-0.99560516,-99.5605
2025-02-11,erc1155,14,72,72,144,31500,0.00457143,0.4571,-0.99542857,-99.5429
2025-02-11,erc1155,16,4149,4156,8305,626260,0.01326127,1.3261,-0.98673873,-98.6739
2025-02-11,erc1155,17,392,392,784,522584,0.00150024,0.1500,-0.99849976,-99.8500
2025-02-11,erc1155,18,1121,6366,7487,706912,0.01059113,1.0591,-0.98940887,-98.9409
2025-02-11,erc1155,19,1253,1253,2506,445200,0.00562893,0.5629,-0.99437107,-99.4371
2025-02-11,erc1155,20,2048,2098,4146,619080,0.00669703,0.6697,-0.99330297,-99.3303
2025-02-11,erc1155,22,1034,1048,2082,641539,0.00324532,0.3245,-0.99675468,-99.6755
2025-02-11,erc1155,23,1108,1112,2220,741286,0.00299480,0.2995,-0.99700520,-99.7005
2025-02-11,erc1155,25,6125,37486,43611,1213275,0.03594486,3.5945,-0.96405514,-96.4055
2025-02-11,erc1155,3,44,44,88,165356,0.00053219,0.0532,-0.99946781,-99.9468
2025-02-11,erc1155,4,182,182,364,238409,0.00152679,0.1527,-0.99847321,-99.8473
2025-02-11,erc1155,5,95,95,190,38010,0.00499868,0.4999,-0.99500132,-99.5001
2025-02-11,erc1155,6,244,244,488,445200,0.00109614,0.1096,-0.99890386,-99.8904
2025-02-11,erc1155,7,9,9,18,33663,0.00053471,0.0535,-0.99946529,-99.9465
2025-02-11,erc1155,8,11,11,22,26775,0.00082166,0.0822,-0.99917834,-99.9178
2025-02-11,erc1155,9,378,378,756,308553,0.00245015,0.2450,-0.99754985,-99.7550
2025-02-12,erc1155,10,56,56,112,33075,0.00338624,0.3386,-0.99661376,-99.6614
2025-02-12,erc1155,11,225,225,450,692451,0.00064987,0.0650,-0.99935013,-99.9350
2025-02-12,erc1155,12,2812,2812,5624,444140,0.01266267,1.2663,-0.98733733,-98.7337
2025-02-12,erc1155,13,1508,1508,3016,648943,0.00464756,0.4648,-0.99535244,-99.5352
2025-02-12,erc1155,14,194,194,388,31500,0.01231746,1.2317,-0.98768254,-98.7683
2025-02-12,erc1155,16,1187,1187,2374,626260,0.00379076,0.3791,-0.99620924,-99.6209
2025-02-12,erc1155,17,409,409,818,522584,0.00156530,0.1565,-0.99843470,-99.8435
2025-02-12,erc1155,18,7581,12400,19981,706912,0.02826519,2.8265,-0.97173481,-97.1735
2025-02-12,erc1155,19,690,690,1380,445200,0.00309973,0.3100,-0.99690027,-99.6900
2025-02-12,erc1155,20,4551,4346,8897,619080,0.01437133,1.4371,-0.98562867,-98.5629
2025-02-12,erc1155,22,5460,4660,10120,641539,0.01577457,1.5775,-0.98422543,-98.4225
2025-02-12,erc1155,23,583,583,1166,741286,0.00157294,0.1573,-0.99842706,-99.8427
2025-02-12,erc1155,25,9385,40182,49567,1213275,0.04085389,4.0854,-0.95914611,-95.9146
2025-02-12,erc1155,3,120,120,240,165356,0.00145141,0.1451,-0.99854859,-99.8549
2025-02-12,erc1155,4,23,23,46,238409,0.00019295,0.0193,-0.99980705,-99.9807
2025-02-12,erc1155,5,61,61,122,38010,0.00320968,0.3210,-0.99679032,-99.6790
2025-02-12,erc1155,6,67,67,134,445200,0.00030099,0.0301,-0.99969901,-99.9699
2025-02-12,erc1155,7,19,19,38,33663,0.00112884,0.1129,-0.99887116,-99.8871
2025-02-12,erc1155,8,5,5,10,26775,0.00037348,0.0373,-0.99962652,-99.9627
2025-02-12,erc1155,9,173,173,346,308553,0.00112136,0.1121,-0.99887864,-99.8879
2025-02-13,erc1155,10,19,19,38,33075,0.00114890,0.1149,-0.99885110,-99.8851
2025-02-13,erc1155,11,130,130,260,692451,0.00037548,0.0375,-0.99962452,-99.9625
2025-02-13,erc1155,12,232,232,464,444140,0.00104472,0.1045,-0.99895528,-99.8955
2025-02-13,erc1155,13,62,62,124,648943,0.00019108,0.0191,-0.99980892,-99.9809
2025-02-13,erc1155,14,28,28,56,31500,0.00177778,0.1778,-0.99822222,-99.8222
2025-02-13,erc1155,16,1128,1128,2256,626260,0.00360234,0.3602,-0.99639766,-99.6398
2025-02-13,erc1155,17,2064,1958,4022,522584,0.00769637,0.7696,-0.99230363,-99.2304
2025-02-13,erc1155,18,27104,1430,28534,706912,0.04036429,4.0364,-0.95963571,-95.9636
2025-02-13,erc1155,19,121,121,242,445200,0.00054358,0.0544,-0.99945642,-99.9456
2025-02-13,erc1155,20,242,447,689,619080,0.00111294,0.1113,-0.99888706,-99.8887
2025-02-13,erc1155,22,7986,1272,9258,641539,0.01443092,1.4431,-0.98556908,-98.5569
2025-02-13,erc1155,23,229,229,458,741286,0.00061785,0.0618,-0.99938215,-99.9382
2025-02-13,erc1155,25,2647,65422,68069,1213275,0.05610352,5.6104,-0.94389648,-94.3896
2025-02-13,erc1155,3,6,6,12,165356,0.00007257,0.0073,-0.99992743,-99.9927
2025-02-13,erc1155,4,22,22,44,238409,0.00018456,0.0185,-0.99981544,-99.9815
2025-02-13,erc1155,5,31,31,62,38010,0.00163115,0.1631,-0.99836885,-99.8369
2025-02-13,erc1155,6,369,369,738,445200,0.00165768,0.1658,-0.99834232,-99.8342
2025-02-13,erc1155,7,21,21,42,33663,0.00124766,0.1248,-0.99875234,-99.8752
2025-02-13,erc1155,8,16,16,32,26775,0.00119514,0.1195,-0.99880486,-99.8805
2025-02-13,erc1155,9,74,64,138,308553,0.00044725,0.0447,-0.99955275,-99.9553
2025-02-14,erc1155,10,199,155,354,33075,0.01070295,1.0703,-0.98929705,-98.9297
2025-02-14,erc1155,11,2152,2152,4304,692451,0.00621560,0.6216,-0.99378440,-99.3784
2025-02-14,erc1155,12,8955,8955,17910,444140,0.04032512,4.0325,-0.95967488,-95.9675
2025-02-14,erc1155,13,1605,1605,3210,648943,0.00494651,0.4947,-0.99505349,-99.5053
2025-02-14,erc1155,14,235,235,470,31500,0.01492063,1.4921,-0.98507937,-98.5079
2025-02-14,erc1155,16,2144,1986,4130,626260,0.00659471,0.6595,-0.99340529,-99.3405
2025-02-14,erc1155,17,23604,3588,27192,522584,0.05203374,5.2034,-0.94796626,-94.7966
2025-02-14,erc1155,18,10434,4096,14530,706912,0.02055418,2.0554,-0.97944582,-97.9446
2025-02-14,erc1155,19,6145,6145,12290,445200,0.02760557,2.7606,-0.97239443,-97.2394
2025-02-14,erc1155,20,4393,4343,8736,619080,0.01411126,1.4111,-0.98588874,-98.5889
2025-02-14,erc1155,22,8713,14150,22863,641539,0.03563774,3.5638,-0.96436226,-96.4362
2025-02-14,erc1155,23,5283,5283,10566,741286,0.01425361,1.4254,-0.98574639,-98.5746
2025-02-14,erc1155,25,38661,60845,99506,1213275,0.08201438,8.2014,-0.91798562,-91.7986
2025-02-14,erc1155,3,596,596,1192,165356,0.00720869,0.7209,-0.99279131,-99.2791
2025-02-14,erc1155,4,308,257,565,238409,0.00236988,0.2370,-0.99763012,-99.7630
2025-02-14,erc1155,5,82,82,164,38010,0.00431465,0.4315,-0.99568535,-99.5685
2025-02-14,erc1155,6,29862,29862,59724,445200,0.13415094,13.4151,-0.86584906,-86.5849
2025-02-14,erc1155,7,82,82,164,33663,0.00487182,0.4872,-0.99512818,-99.5128
2025-02-14,erc1155,8,44,44,88,26775,0.00328665,0.3287,-0.99671335,-99.6713
2025-02-14,erc1155,9,2972,2356,5328,308553,0.01726770,1.7268,-0.98273230,-98.2732
2025-02-15,erc1155,10,72,116,188,33075,0.00568405,0.5684,-0.99431595,-99.4316
2025-02-15,erc1155,11,1007,1007,2014,692451,0.00290851,0.2909,-0.99709149,-99.7091
2025-02-15,erc1155,12,11369,10896,22265,444140,0.05013059,5.0131,-0.94986941,-94.9869
2025-02-15,erc1155,13,8041,8041,16082,648943,0.02478184,2.4782,-0.97521816,-97.5218
2025-02-15,erc1155,14,101,101,202,31500,0.00641270,0.6413,-0.99358730,-99.3587
2025-02-15,erc1155,16,3460,3618,7078,626260,0.01130202,1.1302,-0.98869798,-98.8698
2025-02-15,erc1155,17,5620,3381,9001,522584,0.01722403,1.7224,-0.98277597,-98.2776
2025-02-15,erc1155,18,2363,5581,7944,706912,0.01123761,1.1238,-0.98876239,-98.8762
2025-02-15,erc1155,19,658,658,1316,445200,0.00295597,0.2956,-0.99704403,-99.7044
2025-02-15,erc1155,20,6668,4987,11655,619080,0.01882632,1.8826,-0.98117368,-98.1174
2025-02-15,erc1155,22,4316,5862,10178,641539,0.01586497,1.5865,-0.98413503,-98.4135
2025-02-15,erc1155,23,728,728,1456,741286,0.00196415,0.1964,-0.99803585,-99.8036
2025-02-15,erc1155,25,25783,67281,93064,1213275,0.07670479,7.6705,-0.92329521,-92.3295
2025-02-15,erc1155,3,837,837,1674,165356,0.01012361,1.0124,-0.98987639,-98.9876
2025-02-15,erc1155,4,647,698,1345,238409,0.00564157,0.5642,-0.99435843,-99.4358
2025-02-15,erc1155,5,32,32,64,38010,0.00168377,0.1684,-0.99831623,-99.8316
2025-02-15,erc1155,6,123,123,246,445200,0.00055256,0.0553,-0.99944744,-99.9447
2025-02-15,erc1155,7,142,142,284,33663,0.00843656,0.8437,-0.99156344,-99.1563
2025-02-15,erc1155,8,34,34,68,26775,0.00253968,0.2540,-0.99746032,-99.7460
2025-02-15,erc1155,9,1372,1588,2960,308553,0.00959317,0.9593,-0.99040683,-99.0407
2025-02-16,erc1155,10,15,15,30,33075,0.00090703,0.0907,-0.99909297,-99.9093
2025-02-16,erc1155,11,734,734,1468,692451,0.00212001,0.2120,-0.99787999,-99.7880
2025-02-16,erc1155,12,728,1201,1929,444140,0.00434323,0.4343,-0.99565677,-99.5657
2025-02-16,erc1155,13,656,656,1312,648943,0.00202175,0.2022,-0.99797825,-99.7978
2025-02-16,erc1155,14,174,174,348,31500,0.01104762,1.1048,-0.98895238,-98.8952
2025-02-16,erc1155,16,525,525,1050,626260,0.00167662,0.1677,-0.99832338,-99.8323
2025-02-16,erc1155,17,2961,783,3744,522584,0.00716440,0.7164,-0.99283560,-99.2836
2025-02-16,erc1155,18,1845,1833,3678,706912,0.00520291,0.5203,-0.99479709,-99.4797
2025-02-16,erc1155,19,342,342,684,445200,0.00153639,0.1536,-0.99846361,-99.8464
2025-02-16,erc1155,20,3175,2734,5909,619080,0.00954481,0.9545,-0.99045519,-99.0455
2025-02-16,erc1155,22,1295,1826,3121,641539,0.00486486,0.4865,-0.99513514,-99.5135
2025-02-16,erc1155,23,436,436,872,741286,0.00117633,0.1176,-0.99882367,-99.8824
2025-02-16,erc1155,25,9792,11956,21748,1213275,0.01792504,1.7925,-0.98207496,-98.2075
2025-02-16,erc1155,3,252,252,504,165356,0.00304797,0.3048,-0.99695203,-99.6952
2025-02-16,erc1155,4,52,52,104,238409,0.00043623,0.0436,-0.99956377,-99.9564
2025-02-16,erc1155,5,13,13,26,38010,0.00068403,0.0684,-0.99931597,-99.9316
2025-02-16,erc1155,6,90,90,180,445200,0.00040431,0.0404,-0.99959569,-99.9596
2025-02-16,erc1155,7,8,8,16,33663,0.00047530,0.0475,-0.99952470,-99.9525
2025-02-16,erc1155,8,5,5,10,26775,0.00037348,0.0373,-0.99962652,-99.9627
2025-02-16,erc1155,9,199,609,808,308553,0.00261867,0.2619,-0.99738133,-99.7381
2025-02-17,erc1155,10,43,43,86,33075,0.00260015,0.2600,-0.99739985,-99.7400
2025-02-17,erc1155,11,1488,1488,2976,692451,0.00429778,0.4298,-0.99570222,-99.5702
2025-02-17,erc1155,12,2449,2449,4898,444140,0.01102805,1.1028,-0.98897195,-98.8972
2025-02-17,erc1155,13,762,762,1524,648943,0.00234843,0.2348,-0.99765157,-99.7652
2025-02-17,erc1155,14,192,192,384,31500,0.01219048,1.2190,-0.98780952,-98.7810
2025-02-17,erc1155,16,1024,1024,2048,626260,0.00327021,0.3270,-0.99672979,-99.6730
2025-02-17,erc1155,17,1342,8580,9922,522584,0.01898642,1.8986,-0.98101358,-98.1014
2025-02-17,erc1155,18,4256,10115,14371,706912,0.02032926,2.0329,-0.97967074,-97.9671
2025-02-17,erc1155,19,5322,5322,10644,445200,0.02390836,2.3908,-0.97609164,-97.6092
2025-02-17,erc1155,20,5783,4041,9824,619080,0.01586871,1.5869,-0.98413129,-98.4131
2025-02-17,erc1155,22,3162,3162,6324,641539,0.00985755,0.9858,-0.99014245,-99.0142
2025-02-17,erc1155,23,364,364,728,741286,0.00098208,0.0982,-0.99901792,-99.9018
2025-02-17,erc1155,25,8625,126327,134952,1213275,0.11122952,11.1230,-0.88877048,-88.8770
2025-02-17,erc1155,3,229,229,458,165356,0.00276978,0.2770,-0.99723022,-99.7230
2025-02-17,erc1155,4,104,104,208,238409,0.00087245,0.0872,-0.99912755,-99.9128
2025-02-17,erc1155,5,57,57,114,38010,0.00299921,0.2999,-0.99700079,-99.7001
2025-02-17,erc1155,6,36,36,72,445200,0.00016173,0.0162,-0.99983827,-99.9838
2025-02-17,erc1155,7,99,99,198,33663,0.00588183,0.5882,-0.99411817,-99.4118
2025-02-17,erc1155,8,43,43,86,26775,0.00321195,0.3212,-0.99678805,-99.6788
2025-02-17,erc1155,9,454,454,908,308553,0.00294277,0.2943,-0.99705723,-99.7057
2025-02-18,erc1155,10,118,118,236,33075,0.00713530,0.7135,-0.99286470,-99.2865
2025-02-18,erc1155,11,800,800,1600,692451,0.00231063,0.2311,-0.99768937,-99.7689
2025-02-18,erc1155,12,3123,3113,6236,444140,0.01404062,1.4041,-0.98595938,-98.5959
2025-02-18,erc1155,13,330,330,660,648943,0.00101704,0.1017,-0.99898296,-99.8983
2025-02-18,erc1155,14,57,57,114,31500,0.00361905,0.3619,-0.99638095,-99.6381
2025-02-18,erc1155,16,602,602,1204,626260,0.00192252,0.1923,-0.99807748,-99.8077
2025-02-18,erc1155,17,1773,8588,10361,522584,0.01982648,1.9826,-0.98017352,-98.0174
2025-02-18,erc1155,18,915,23491,24406,706912,0.03452481,3.4525,-0.96547519,-96.5475
2025-02-18,erc1155,19,383,383,766,445200,0.00172058,0.1721,-0.99827942,-99.8279
2025-02-18,erc1155,20,4116,5108,9224,619080,0.01489953,1.4900,-0.98510047,-98.5100
2025-02-18,erc1155,22,12670,12550,25220,641539,0.03931172,3.9312,-0.96068828,-96.0688
2025-02-18,erc1155,23,737,732,1469,741286,0.00198169,0.1982,-0.99801831,-99.8018
2025-02-18,erc1155,25,13776,14271,28047,1213275,0.02311677,2.3117,-0.97688323,-97.6883
2025-02-18,erc1155,3,61,61,122,165356,0.00073780,0.0738,-0.99926220,-99.9262
2025-02-18,erc1155,4,21,21,42,238409,0.00017617,0.0176,-0.99982383,-99.9824
2025-02-18,erc1155,5,102,102,204,38010,0.00536701,0.5367,-0.99463299,-99.4633
2025-02-18,erc1155,6,5007,5007,10014,445200,0.02249326,2.2493,-0.97750674,-97.7507
2025-02-18,erc1155,7,144,144,288,33663,0.00855539,0.8555,-0.99144461,-99.1445
2025-02-18,erc1155,8,13,13,26,26775,0.00097106,0.0971,-0.99902894,-99.9029
2025-02-18,erc1155,9,379,379,758,308553,0.00245663,0.2457,-0.99754337,-99.7543
2025-02-19,erc1155,10,10,10,20,33075,0.00060469,0.0605,-0.99939531,-99.9395
2025-02-19,erc1155,11,65,65,130,692451,0.00018774,0.0188,-0.99981226,-99.9812
2025-02-19,erc1155,12,2894,2904,5798,444140,0.01305444,1.3054,-0.98694556,-98.6946
2025-02-19,erc1155,13,3303,3303,6606,648943,0.01017963,1.0180,-0.98982037,-98.9820
2025-02-19,erc1155,14,174,174,348,31500,0.01104762,1.1048,-0.98895238,-98.8952
2025-02-19,erc1155,16,361,361,722,626260,0.00115288,0.1153,-0.99884712,-99.8847
2025-02-19,erc1155,17,1639,3236,4875,522584,0.00932864,0.9329,-0.99067136,-99.0671
2025-02-19,erc1155,18,3674,17111,20785,706912,0.02940253,2.9403,-0.97059747,-97.0597
2025-02-19,erc1155,19,515,515,1030,445200,0.00231357,0.2314,-0.99768643,-99.7686
2025-02-19,erc1155,20,3393,6062,9455,619080,0.01527266,1.5273,-0.98472734,-98.4727
2025-02-19,erc1155,22,1418,1538,2956,641539,0.00460767,0.4608,-0.99539233,-99.5392
2025-02-19,erc1155,23,508,513,1021,741286,0.00137734,0.1377,-0.99862266,-99.8623
2025-02-19,erc1155,25,4422,4422,8844,1213275,0.00728936,0.7289,-0.99271064,-99.2711
2025-02-19,erc1155,3,493,493,986,165356,0.00596289,0.5963,-0.99403711,-99.4037
2025-02-19,erc1155,4,13965,13965,27930,238409,0.11715162,11.7152,-0.88284838,-88.2848
2025-02-19,erc1155,5,26,26,52,38010,0.00136806,0.1368,-0.99863194,-99.8632
2025-02-19,erc1155,6,2,2,4,445200,0.00000898,0.0009,-0.99999102,-99.9991
2025-02-19,erc1155,7,81,81,162,33663,0.00481241,0.4812,-0.99518759,-99.5188
2025-02-19,erc1155,8,9,9,18,26775,0.00067227,0.0672,-0.99932773,-99.9328
2025-02-19,erc1155,9,1252,1145,2397,308553,0.00776852,0.7769,-0.99223148,-99.2231
2025-02-20,erc1155,10,34,34,68,33075,0.00205593,0.2056,-0.99794407,-99.7944
2025-02-20,erc1155,11,1539,1539,3078,692451,0.00444508,0.4445,-0.99555492,-99.5555
2025-02-20,erc1155,12,1793,701,2494,444140,0.00561535,0.5615,-0.99438465,-99.4385
2025-02-20,erc1155,13,472,472,944,648943,0.00145467,0.1455,-0.99854533,-99.8545
2025-02-20,erc1155,14,22,22,44,31500,0.00139683,0.1397,-0.99860317,-99.8603
2025-02-20,erc1155,16,302,302,604,626260,0.00096446,0.0964,-0.99903554,-99.9036
2025-02-20,erc1155,17,1124,3476,4600,522584,0.00880241,0.8802,-0.99119759,-99.1198
2025-02-20,erc1155,18,3096,11065,14161,706912,0.02003220,2.0032,-0.97996780,-97.9968
2025-02-20,erc1155,19,36,36,72,445200,0.00016173,0.0162,-0.99983827,-99.9838
2025-02-20,erc1155,20,394,647,1041,619080,0.00168153,0.1682,-0.99831847,-99.8318
2025-02-20,erc1155,22,886,886,1772,641539,0.00276211,0.2762,-0.99723789,-99.7238
2025-02-20,erc1155,23,615,615,1230,741286,0.00165928,0.1659,-0.99834072,-99.8341
2025-02-20,erc1155,25,3320,3320,6640,1213275,0.00547279,0.5473,-0.99452721,-99.4527
2025-02-20,erc1155,3,155,155,310,165356,0.00187474,0.1875,-0.99812526,-99.8125
2025-02-20,erc1155,4,356,356,712,238409,0.00298646,0.2986,-0.99701354,-99.7014
2025-02-20,erc1155,5,73,73,146,38010,0.00384109,0.3841,-0.99615891,-99.6159
2025-02-20,erc1155,6,14,14,28,445200,0.00006289,0.0063,-0.99993711,-99.9937
2025-02-20,erc1155,7,51,51,102,33663,0.00303003,0.3030,-0.99696997,-99.6970
2025-02-20,erc1155,8,27,27,54,26775,0.00201681,0.2017,-0.99798319,-99.7983
2025-02-20,erc1155,9,497,424,921,308553,0.00298490,0.2985,-0.99701510,-99.7015
2025-02-21,erc1155,10,19,19,38,33075,0.00114890,0.1149,-0.99885110,-99.8851
2025-02-21,erc1155,11,1407,1407,2814,692451,0.00406383,0.4064,-0.99593617,-99.5936
2025-02-21,erc1155,12,1771,2664,4435,444140,0.00998559,0.9986,-0.99001441,-99.0014
2025-02-21,erc1155,13,313,313,626,648943,0.00096465,0.0965,-0.99903535,-99.9035
2025-02-21,erc1155,14,26,26,52,31500,0.00165079,0.1651,-0.99834921,-99.8349
2025-02-21,erc1155,16,197,197,394,626260,0.00062913,0.0629,-0.99937087,-99.9371
2025-02-21,erc1155,17,2136,4219,6355,522584,0.01216072,1.2161,-0.98783928,-98.7839
2025-02-21,erc1155,18,2523,7711,10234,706912,0.01447705,1.4477,-0.98552295,-98.5523
2025-02-21,erc1155,19,4059,4054,8113,445200,0.01822327,1.8223,-0.98177673,-98.1777
2025-02-21,erc1155,20,908,719,1627,619080,0.00262809,0.2628,-0.99737191,-99.7372
2025-02-21,erc1155,22,1146,1144,2290,641539,0.00356954,0.3570,-0.99643046,-99.6430
2025-02-21,erc1155,23,261,261,522,741286,0.00070418,0.0704,-0.99929582,-99.9296
2025-02-21,erc1155,25,5702,5697,11399,1213275,0.00939523,0.9395,-0.99060477,-99.0605
2025-02-21,erc1155,3,23,23,46,165356,0.00027819,0.0278,-0.99972181,-99.9722
2025-02-21,erc1155,4,10534,2904,13438,238409,0.05636532,5.6365,-0.94363468,-94.3635
2025-02-21,erc1155,5,29,29,58,38010,0.00152591,0.1526,-0.99847409,-99.8474
2025-02-21,erc1155,6,5004,5004,10008,445200,0.02247978,2.2480,-0.97752022,-97.7520
2025-02-21,erc1155,7,4,4,8,33663,0.00023765,0.0238,-0.99976235,-99.9762
2025-02-21,erc1155,8,60,60,120,26775,0.00448179,0.4482,-0.99551821,-99.5518
2025-02-21,erc1155,9,659,734,1393,308553,0.00451462,0.4515,-0.99548538,-99.5485
2025-02-22,erc1155,10,90,90,180,33075,0.00544218,0.5442,-0.99455782,-99.4558
2025-02-22,erc1155,11,175,175,350,692451,0.00050545,0.0505,-0.99949455,-99.9495
2025-02-22,erc1155,12,1182,1381,2563,444140,0.00577070,0.5771,-0.99422930,-99.4229
2025-02-22,erc1155,13,1903,1903,3806,648943,0.00586492,0.5865,-0.99413508,-99.4135
2025-02-22,erc1155,14,39,39,78,31500,0.00247619,0.2476,-0.99752381,-99.7524
2025-02-22,erc1155,16,229,229,458,626260,0.00073133,0.0731,-0.99926867,-99.9269
2025-02-22,erc1155,17,2412,6153,8565,522584,0.01638971,1.6390,-0.98361029,-98.3610
2025-02-22,erc1155,18,2202,2203,4405,706912,0.00623133,0.6231,-0.99376867,-99.3769
2025-02-22,erc1155,19,181,186,367,445200,0.00082435,0.0824,-0.99917565,-99.9176
2025-02-22,erc1155,20,12452,6379,18831,619080,0.03041772,3.0418,-0.96958228,-96.9582
2025-02-22,erc1155,22,6807,6804,13611,641539,0.02121617,2.1216,-0.97878383,-97.8784
2025-02-22,erc1155,23,423,423,846,741286,0.00114126,0.1141,-0.99885874,-99.8859
2025-02-22,erc1155,25,9662,9667,19329,1213275,0.01593126,1.5931,-0.98406874,-98.4069
2025-02-22,erc1155,3,1221,1221,2442,165356,0.01476814,1.4768,-0.98523186,-98.5232
2025-02-22,erc1155,4,2023,9651,11674,238409,0.04896627,4.8966,-0.95103373,-95.1034
2025-02-22,erc1155,5,104,104,208,38010,0.00547224,0.5472,-0.99452776,-99.4528
2025-02-22,erc1155,6,11,11,22,445200,0.00004942,0.0049,-0.99995058,-99.9951
2025-02-22,erc1155,7,158,158,316,33663,0.00938716,0.9387,-0.99061284,-99.0613
2025-02-22,erc1155,8,73,73,146,26775,0.00545285,0.5453,-0.99454715,-99.4547
2025-02-22,erc1155,9,578,683,1261,308553,0.00408682,0.4087,-0.99591318,-99.5913
2025-02-23,erc1155,10,107,107,214,33075,0.00647014,0.6470,-0.99352986,-99.3530
2025-02-23,erc1155,11,129,128,257,692451,0.00037115,0.0371,-0.99962885,-99.9629
2025-02-23,erc1155,12,1403,1366,2769,444140,0.00623452,0.6235,-0.99376548,-99.3765
2025-02-23,erc1155,13,798,796,1594,648943,0.00245630,0.2456,-0.99754370,-99.7544
2025-02-23,erc1155,14,24,24,48,31500,0.00152381,0.1524,-0.99847619,-99.8476
2025-02-23,erc1155,16,309,304,613,626260,0.00097883,0.0979,-0.99902117,-99.9021
2025-02-23,erc1155,17,624,1138,1762,522584,0.00337171,0.3372,-0.99662829,-99.6628
2025-02-23,erc1155,18,3985,3227,7212,706912,0.01020212,1.0202,-0.98979788,-98.9798
2025-02-23,erc1155,19,93,93,186,445200,0.00041779,0.0418,-0.99958221,-99.9582
2025-02-23,erc1155,20,12690,16520,29210,619080,0.04718292,4.7183,-0.95281708,-95.2817
2025-02-23,erc1155,22,4287,3960,8247,641539,0.01285503,1.2855,-0.98714497,-98.7145
2025-02-23,erc1155,23,484,480,964,741286,0.00130044,0.1300,-0.99869956,-99.8700
2025-02-23,erc1155,25,26127,14401,40528,1213275,0.03340380,3.3404,-0.96659620,-96.6596
2025-02-23,erc1155,3,206,124,330,165356,0.00199569,0.1996,-0.99800431,-99.8004
2025-02-23,erc1155,4,10161,10163,20324,238409,0.08524846,8.5248,-0.91475154,-91.4752
2025-02-23,erc1155,5,37,37,74,38010,0.00194686,0.1947,-0.99805314,-99.8053
2025-02-23,erc1155,6,13,13,26,445200,0.00005840,0.0058,-0.99994160,-99.9942
2025-02-23,erc1155,7,95,95,190,33663,0.00564418,0.5644,-0.99435582,-99.4356
2025-02-23,erc1155,8,73,73,146,26775,0.00545285,0.5453,-0.99454715,-99.4547
2025-02-23,erc1155,9,109,97,206,308553,0.00066763,0.0668,-0.99933237,-99.9332
2025-02-24,erc1155,10,4,4,8,33075,0.00024187,0.0242,-0.99975813,-99.9758
2025-02-24,erc1155,11,3,4,7,692451,0.00001011,0.0010,-0.99998989,-99.9990
2025-02-24,erc1155,12,137,174,311,444140,0.00070023,0.0700,-0.99929977,-99.9300
2025-02-24,erc1155,13,73,75,148,648943,0.00022806,0.0228,-0.99977194,-99.9772
2025-02-24,erc1155,14,1,1,2,31500,0.00006349,0.0063,-0.99993651,-99.9937
2025-02-24,erc1155,16,12,17,29,626260,0.00004631,0.0046,-0.99995369,-99.9954
2025-02-24,erc1155,17,155,350,505,522584,0.00096635,0.0966,-0.99903365,-99.9034
2025-02-24,erc1155,18,144,561,705,706912,0.00099730,0.0997,-0.99900270,-99.9003
2025-02-24,erc1155,20,84,2516,2600,619080,0.00419978,0.4200,-0.99580022,-99.5800
2025-02-24,erc1155,22,650,982,1632,641539,0.00254388,0.2544,-0.99745612,-99.7456
2025-02-24,erc1155,23,146,150,296,741286,0.00039931,0.0399,-0.99960069,-99.9601
2025-02-24,erc1155,25,872,5865,6737,1213275,0.00555274,0.5553,-0.99444726,-99.4447
2025-02-24,erc1155,3,105,187,292,165356,0.00176589,0.1766,-0.99823411,-99.8234
2025-02-24,erc1155,4,279,278,557,238409,0.00233632,0.2336,-0.99766368,-99.7664
2025-02-24,erc1155,5,11,11,22,38010,0.00057880,0.0579,-0.99942120,-99.9421
2025-02-24,erc1155,7,5,5,10,33663,0.00029706,0.0297,-0.99970294,-99.9703
2025-02-24,erc1155,9,35,47,82,308553,0.00026576,0.0266,-0.99973424,-99.9734
2025-02-26,erc1155,10,428,422,850,33075,0.02569917,2.5699,-0.97430083,-97.4301
2025-02-26,erc1155,11,4016,4016,8032,692451,0.01159938,1.1599,-0.98840062,-98.8401
2025-02-26,erc1155,12,7936,7876,15812,444140,0.03560139,3.5601,-0.96439861,-96.4399
2025-02-26,erc1155,13,2043,2043,4086,648943,0.00629639,0.6296,-0.99370361,-99.3704
2025-02-26,erc1155,14,146,146,292,31500,0.00926984,0.9270,-0.99073016,-99.0730
2025-02-26,erc1155,16,1573,1573,3146,626260,0.00502347,0.5023,-0.99497653,-99.4977
2025-02-26,erc1155,17,4508,4512,9020,522584,0.01726038,1.7260,-0.98273962,-98.2740
2025-02-26,erc1155,18,8336,8677,17013,706912,0.02406664,2.4067,-0.97593336,-97.5933
2025-02-26,erc1155,19,1596,1596,3192,445200,0.00716981,0.7170,-0.99283019,-99.2830
2025-02-26,erc1155,20,6464,6463,12927,619080,0.02088098,2.0881,-0.97911902,-97.9119
2025-02-26,erc1155,22,8561,8561,17122,641539,0.02668895,2.6689,-0.97331105,-97.3311
2025-02-26,erc1155,23,6541,6541,13082,741286,0.01764771,1.7648,-0.98235229,-98.2352
2025-02-26,erc1155,25,32704,39437,72141,1213275,0.05945973,5.9460,-0.94054027,-94.0540
2025-02-26,erc1155,3,792,792,1584,165356,0.00957933,0.9579,-0.99042067,-99.0421
2025-02-26,erc1155,4,29781,29782,59563,238409,0.24983537,24.9835,-0.75016463,-75.0165
2025-02-26,erc1155,5,249,249,498,38010,0.01310182,1.3102,-0.98689818,-98.6898
2025-02-26,erc1155,6,30714,30714,61428,445200,0.13797844,13.7978,-0.86202156,-86.2022
2025-02-26,erc1155,7,306,294,600,33663,0.01782372,1.7824,-0.98217628,-98.2176
2025-02-26,erc1155,8,44,44,88,26775,0.00328665,0.3287,-0.99671335,-99.6713
2025-02-26,erc1155,9,1699,1699,3398,308553,0.01101269,1.1013,-0.98898731,-98.8987
2025-02-27,erc1155,10,31,37,68,33075,0.00205593,0.2056,-0.99794407,-99.7944
2025-02-27,erc1155,11,9018,9018,18036,692451,0.02604661,2.6047,-0.97395339,-97.3953
2025-02-27,erc1155,12,4597,4638,9235,444140,0.02079299,2.0793,-0.97920701,-97.9207
2025-02-27,erc1155,13,1530,1530,3060,648943,0.00471536,0.4715,-0.99528464,-99.5285
2025-02-27,erc1155,14,52,52,104,31500,0.00330159,0.3302,-0.99669841,-99.6698
2025-02-27,erc1155,16,2247,2247,4494,626260,0.00717593,0.7176,-0.99282407,-99.2824
2025-02-27,erc1155,17,2132,2132,4264,522584,0.00815945,0.8159,-0.99184055,-99.1841
2025-02-27,erc1155,18,2875,2875,5750,706912,0.00813397,0.8134,-0.99186603,-99.1866
2025-02-27,erc1155,19,1197,1197,2394,445200,0.00537736,0.5377,-0.99462264,-99.4623
2025-02-27,erc1155,20,3892,3893,7785,619080,0.01257511,1.2575,-0.98742489,-98.7425
2025-02-27,erc1155,22,2290,2290,4580,641539,0.00713908,0.7139,-0.99286092,-99.2861
2025-02-27,erc1155,23,2539,2539,5078,741286,0.00685026,0.6850,-0.99314974,-99.3150
2025-02-27,erc1155,25,15509,15509,31018,1213275,0.02556551,2.5566,-0.97443449,-97.4434
2025-02-27,erc1155,3,3101,3101,6202,165356,0.03750695,3.7507,-0.96249305,-96.2493
2025-02-27,erc1155,4,231,231,462,238409,0.00193785,0.1938,-0.99806215,-99.8062
2025-02-27,erc1155,5,25,25,50,38010,0.00131544,0.1315,-0.99868456,-99.8685
2025-02-27,erc1155,6,15106,15106,30212,445200,0.06786164,6.7862,-0.93213836,-93.2138
2025-02-27,erc1155,7,152,164,316,33663,0.00938716,0.9387,-0.99061284,-99.0613
2025-02-27,erc1155,8,22,22,44,26775,0.00164332,0.1643,-0.99835668,-99.8357
2025-02-27,erc1155,9,1283,1283,2566,308553,0.00831624,0.8316,-0.99168376,-99.1684
2025-02-28,erc1155,10,48,48,96,33075,0.00290249,0.2902,-0.99709751,-99.7098
2025-02-28,erc1155,11,2905,2905,5810,692451,0.00839049,0.8390,-0.99160951,-99.1610
2025-02-28,erc1155,12,4507,4507,9014,444140,0.02029540,2.0295,-0.97970460,-97.9705
2025-02-28,erc1155,13,1132,1132,2264,648943,0.00348875,0.3489,-0.99651125,-99.6511
2025-02-28,erc1155,14,4,4,8,31500,0.00025397,0.0254,-0.99974603,-99.9746
2025-02-28,erc1155,16,1220,1220,2440,626260,0.00389615,0.3896,-0.99610385,-99.6104
2025-02-28,erc1155,17,936,935,1871,522584,0.00358029,0.3580,-0.99641971,-99.6420
2025-02-28,erc1155,18,2773,2644,5417,706912,0.00766291,0.7663,-0.99233709,-99.2337
2025-02-28,erc1155,19,492,492,984,445200,0.00221024,0.2210,-0.99778976,-99.7790
2025-02-28,erc1155,20,1461,1461,2922,619080,0.00471991,0.4720,-0.99528009,-99.5280
2025-02-28,erc1155,22,3541,3541,7082,641539,0.01103908,1.1039,-0.98896092,-98.8961
2025-02-28,erc1155,23,300,300,600,741286,0.00080940,0.0809,-0.99919060,-99.9191
2025-02-28,erc1155,25,3391,3391,6782,1213275,0.00558983,0.5590,-0.99441017,-99.4410
2025-02-28,erc1155,3,128,128,256,165356,0.00154817,0.1548,-0.99845183,-99.8452
2025-02-28,erc1155,4,205,205,410,238409,0.00171973,0.1720,-0.99828027,-99.8280
2025-02-28,erc1155,5,12,12,24,38010,0.00063141,0.0631,-0.99936859,-99.9369
2025-02-28,erc1155,6,21693,21693,43386,445200,0.09745283,9.7453,-0.90254717,-90.2547
2025-02-28,erc1155,7,9,9,18,33663,0.00053471,0.0535,-0.99946529,-99.9465
2025-02-28,erc1155,8,52,52,104,26775,0.00388422,0.3884,-0.99611578,-99.6116
2025-02-28,erc1155,9,637,637,1274,308553,0.00412895,0.4129,-0.99587105,-99.5871
2025-03-02,erc1155,10,156,156,312,33075,0.00943311,0.9433,-0.99056689,-99.0567
2025-03-02,erc1155,11,849,849,1698,692451,0.00245216,0.2452,-0.99754784,-99.7548
2025-03-02,erc1155,12,1435,1435,2870,444140,0.00646193,0.6462,-0.99353807,-99.3538
2025-03-02,erc1155,13,1042,1042,2084,648943,0.00321138,0.3211,-0.99678862,-99.6789
2025-03-02,erc1155,14,101,101,202,31500,0.00641270,0.6413,-0.99358730,-99.3587
2025-03-02,erc1155,16,1120,1120,2240,626260,0.00357679,0.3577,-0.99642321,-99.6423
2025-03-02,erc1155,17,1176,1177,2353,522584,0.00450263,0.4503,-0.99549737,-99.5497
2025-03-02,erc1155,18,3381,3509,6890,706912,0.00974662,0.9747,-0.99025338,-99.0253
2025-03-02,erc1155,19,481,481,962,445200,0.00216083,0.2161,-0.99783917,-99.7839
2025-03-02,erc1155,20,2160,2160,4320,619080,0.00697810,0.6978,-0.99302190,-99.3022
2025-03-02,erc1155,22,1262,1262,2524,641539,0.00393429,0.3934,-0.99606571,-99.6066
2025-03-02,erc1155,23,750,750,1500,741286,0.00202351,0.2024,-0.99797649,-99.7976
2025-03-02,erc1155,25,7236,7236,14472,1213275,0.01192805,1.1928,-0.98807195,-98.8072
2025-03-02,erc1155,3,485,485,970,165356,0.00586613,0.5866,-0.99413387,-99.4134
2025-03-02,erc1155,4,962,962,1924,238409,0.00807017,0.8070,-0.99192983,-99.1930
2025-03-02,erc1155,5,72,72,144,38010,0.00378848,0.3788,-0.99621152,-99.6212
2025-03-02,erc1155,6,507,507,1014,445200,0.00227763,0.2278,-0.99772237,-99.7722
2025-03-02,erc1155,7,110,110,220,33663,0.00653537,0.6535,-0.99346463,-99.3465
2025-03-02,erc1155,8,54,54,108,26775,0.00403361,0.4034,-0.99596639,-99.5966
2025-03-02,erc1155,9,633,633,1266,308553,0.00410302,0.4103,-0.99589698,-99.5897
2025-03-03,erc1155,10,49,49,98,33075,0.00296296,0.2963,-0.99703704,-99.7037
2025-03-03,erc1155,11,2908,2908,5816,692451,0.00839915,0.8399,-0.99160085,-99.1601
2025-03-03,erc1155,12,2017,2017,4034,444140,0.00908272,0.9083,-0.99091728,-99.0917
2025-03-03,erc1155,13,694,693,1387,648943,0.00213732,0.2137,-0.99786268,-99.7863
2025-03-03,erc1155,14,24,24,48,31500,0.00152381,0.1524,-0.99847619,-99.8476
2025-03-03,erc1155,16,1748,1698,3446,626260,0.00550251,0.5503,-0.99449749,-99.4497
2025-03-03,erc1155,17,2598,2588,5186,522584,0.00992376,0.9924,-0.99007624,-99.0076
2025-03-03,erc1155,18,4749,4750,9499,706912,0.01343732,1.3437,-0.98656268,-98.6563
2025-03-03,erc1155,19,2325,2325,4650,445200,0.01044474,1.0445,-0.98955526,-98.9555
2025-03-03,erc1155,20,5126,5071,10197,619080,0.01647122,1.6471,-0.98352878,-98.3529
2025-03-03,erc1155,22,7217,7217,14434,641539,0.02249902,2.2499,-0.97750098,-97.7501
2025-03-03,erc1155,23,1898,1898,3796,741286,0.00512083,0.5121,-0.99487917,-99.4879
2025-03-03,erc1155,25,5899,5898,11797,1213275,0.00972327,0.9723,-0.99027673,-99.0277
2025-03-03,erc1155,3,373,373,746,165356,0.00451148,0.4511,-0.99548852,-99.5489
2025-03-03,erc1155,4,252,252,504,238409,0.00211401,0.2114,-0.99788599,-99.7886
2025-03-03,erc1155,5,17,17,34,38010,0.00089450,0.0895,-0.99910550,-99.9105
2025-03-03,erc1155,6,20510,20510,41020,445200,0.09213836,9.2138,-0.90786164,-90.7862
2025-03-03,erc1155,7,86,86,172,33663,0.00510947,0.5109,-0.99489053,-99.4891
2025-03-03,erc1155,8,52,52,104,26775,0.00388422,0.3884,-0.99611578,-99.6116
2025-03-03,erc1155,9,518,518,1036,308553,0.00335761,0.3358,-0.99664239,-99.6642
2025-03-04,erc1155,10,32,32,64,33075,0.00193500,0.1935,-0.99806500,-99.8065
2025-03-04,erc1155,11,1191,1191,2382,692451,0.00343995,0.3440,-0.99656005,-99.6560
2025-03-04,erc1155,12,1783,1783,3566,444140,0.00802900,0.8029,-0.99197100,-99.1971
2025-03-04,erc1155,13,948,949,1897,648943,0.00292322,0.2923,-0.99707678,-99.7077
2025-03-04,erc1155,14,8,8,16,31500,0.00050794,0.0508,-0.99949206,-99.9492
2025-03-04,erc1155,16,621,671,1292,626260,0.00206304,0.2063,-0.99793696,-99.7937
2025-03-04,erc1155,17,2478,2488,4966,522584,0.00950278,0.9503,-0.99049722,-99.0497
2025-03-04,erc1155,18,3125,3125,6250,706912,0.00884127,0.8841,-0.99115873,-99.1159
2025-03-04,erc1155,19,433,433,866,445200,0.00194519,0.1945,-0.99805481,-99.8055
2025-03-04,erc1155,20,4623,4678,9301,619080,0.01502391,1.5024,-0.98497609,-98.4976
2025-03-04,erc1155,22,3671,3671,7342,641539,0.01144435,1.1444,-0.98855565,-98.8556
2025-03-04,erc1155,23,1356,1356,2712,741286,0.00365851,0.3659,-0.99634149,-99.6341
2025-03-04,erc1155,25,6984,6985,13969,1213275,0.01151347,1.1513,-0.98848653,-98.8487
2025-03-04,erc1155,3,124,124,248,165356,0.00149979,0.1500,-0.99850021,-99.8500
2025-03-04,erc1155,4,1065,1065,2130,238409,0.00893423,0.8934,-0.99106577,-99.1066
2025-03-04,erc1155,5,251,251,502,38010,0.01320705,1.3207,-0.98679295,-98.6793
2025-03-04,erc1155,6,18263,18263,36526,445200,0.08204403,8.2044,-0.91795597,-91.7956
2025-03-04,erc1155,7,43,43,86,33663,0.00255473,0.2555,-0.99744527,-99.7445
2025-03-04,erc1155,8,2,2,4,26775,0.00014939,0.0149,-0.99985061,-99.9851
2025-03-04,erc1155,9,288,288,576,308553,0.00186678,0.1867,-0.99813322,-99.8133
2025-03-05,erc1155,10,63,63,126,33075,0.00380952,0.3810,-0.99619048,-99.6190
2025-03-05,erc1155,11,874,874,1748,692451,0.00252437,0.2524,-0.99747563,-99.7476
2025-03-05,erc1155,12,963,982,1945,444140,0.00437925,0.4379,-0.99562075,-99.5621
2025-03-05,erc1155,13,1041,1041,2082,648943,0.00320829,0.3208,-0.99679171,-99.6792
2025-03-05,erc1155,14,19,19,38,31500,0.00120635,0.1206,-0.99879365,-99.8794
2025-03-05,erc1155,16,924,924,1848,626260,0.00295085,0.2951,-0.99704915,-99.7049
2025-03-05,erc1155,17,1213,1213,2426,522584,0.00464232,0.4642,-0.99535768,-99.5358
2025-03-05,erc1155,18,6869,6869,13738,706912,0.01943382,1.9434,-0.98056618,-98.0566
2025-03-05,erc1155,19,173,173,346,445200,0.00077718,0.0777,-0.99922282,-99.9223
2025-03-05,erc1155,20,2215,2215,4430,619080,0.00715578,0.7156,-0.99284422,-99.2844
2025-03-05,erc1155,22,2829,2829,5658,641539,0.00881942,0.8819,-0.99118058,-99.1181
2025-03-05,erc1155,23,537,537,1074,741286,0.00144883,0.1449,-0.99855117,-99.8551
2025-03-05,erc1155,24,138,32688,32826,32550,1.00847926,100.8479,0.00847926,0.8479
2025-03-05,erc1155,25,14828,14828,29656,1213275,0.02444293,2.4443,-0.97555707,-97.5557
2025-03-05,erc1155,3,153,153,306,165356,0.00185055,0.1851,-0.99814945,-99.8149
2025-03-05,erc1155,4,88,88,176,238409,0.00073823,0.0738,-0.99926177,-99.9262
2025-03-05,erc1155,5,24,24,48,38010,0.00126283,0.1263,-0.99873717,-99.8737
2025-03-05,erc1155,6,4626,4626,9252,445200,0.02078167,2.0782,-0.97921833,-97.9218
2025-03-05,erc1155,7,17,17,34,33663,0.00101001,0.1010,-0.99898999,-99.8990
2025-03-05,erc1155,8,8,8,16,26775,0.00059757,0.0598,-0.99940243,-99.9402
2025-03-05,erc1155,9,814,814,1628,308553,0.00527624,0.5276,-0.99472376,-99.4724
2025-03-06,erc1155,10,4,4,8,33075,0.00024187,0.0242,-0.99975813,-99.9758
2025-03-06,erc1155,11,2152,2152,4304,692451,0.00621560,0.6216,-0.99378440,-99.3784
2025-03-06,erc1155,12,350,350,700,444140,0.00157608,0.1576,-0.99842392,-99.8424
2025-03-06,erc1155,13,218,218,436,648943,0.00067186,0.0672,-0.99932814,-99.9328
2025-03-06,erc1155,14,13,13,26,31500,0.00082540,0.0825,-0.99917460,-99.9175
2025-03-06,erc1155,16,5,5,10,626260,0.00001597,0.0016,-0.99998403,-99.9984
2025-03-06,erc1155,17,891,891,1782,522584,0.00340998,0.3410,-0.99659002,-99.6590
2025-03-06,erc1155,18,618,618,1236,706912,0.00174845,0.1748,-0.99825155,-99.8252
2025-03-06,erc1155,19,80,80,160,445200,0.00035939,0.0359,-0.99964061,-99.9641
2025-03-06,erc1155,20,1305,1305,2610,619080,0.00421593,0.4216,-0.99578407,-99.5784
2025-03-06,erc1155,22,3109,3109,6218,641539,0.00969232,0.9692,-0.99030768,-99.0308
2025-03-06,erc1155,23,324,324,648,741286,0.00087416,0.0874,-0.99912584,-99.9126
2025-03-06,erc1155,24,1,1,2,32550,0.00006144,0.0061,-0.99993856,-99.9939
2025-03-06,erc1155,25,3368,3368,6736,1213275,0.00555192,0.5552,-0.99444808,-99.4448
2025-03-06,erc1155,3,137,137,274,165356,0.00165703,0.1657,-0.99834297,-99.8343
2025-03-06,erc1155,4,174,174,348,238409,0.00145968,0.1460,-0.99854032,-99.8540
2025-03-06,erc1155,5,45,45,90,38010,0.00236780,0.2368,-0.99763220,-99.7632
2025-03-06,erc1155,6,905,905,1810,445200,0.00406559,0.4066,-0.99593441,-99.5934
2025-03-06,erc1155,7,76,76,152,33663,0.00451534,0.4515,-0.99548466,-99.5485
2025-03-06,erc1155,8,30,30,60,26775,0.00224090,0.2241,-0.99775910,-99.7759
2025-03-06,erc1155,9,400,400,800,308553,0.00259275,0.2593,-0.99740725,-99.7407
2025-03-07,erc1155,10,23,23,46,33075,0.00139078,0.1391,-0.99860922,-99.8609
2025-03-07,erc1155,11,452,452,904,692451,0.00130551,0.1306,-0.99869449,-99.8694
2025-03-07,erc1155,12,1217,1217,2434,444140,0.00548025,0.5480,-0.99451975,-99.4520
2025-03-07,erc1155,13,1249,1249,2498,648943,0.00384934,0.3849,-0.99615066,-99.6151
2025-03-07,erc1155,14,11,11,22,31500,0.00069841,0.0698,-0.99930159,-99.9302
2025-03-07,erc1155,16,131,131,262,626260,0.00041836,0.0418,-0.99958164,-99.9582
2025-03-07,erc1155,17,448,448,896,522584,0.00171456,0.1715,-0.99828544,-99.8285
2025-03-07,erc1155,18,3575,3575,7150,706912,0.01011441,1.0114,-0.98988559,-98.9886
2025-03-07,erc1155,19,3229,3229,6458,445200,0.01450584,1.4506,-0.98549416,-98.5494
2025-03-07,erc1155,20,813,813,1626,619080,0.00262648,0.2626,-0.99737352,-99.7374
2025-03-07,erc1155,22,1796,1796,3592,641539,0.00559904,0.5599,-0.99440096,-99.4401
2025-03-07,erc1155,23,1106,1106,2212,741286,0.00298400,0.2984,-0.99701600,-99.7016
2025-03-07,erc1155,24,50,50,100,32550,0.00307220,0.3072,-0.99692780,-99.6928
2025-03-07,erc1155,25,7245,7245,14490,1213275,0.01194288,1.1943,-0.98805712,-98.8057
2025-03-07,erc1155,3,1577,1577,3154,165356,0.01907400,1.9074,-0.98092600,-98.0926
2025-03-07,erc1155,4,540,540,1080,238409,0.00453003,0.4530,-0.99546997,-99.5470
2025-03-07,erc1155,5,30,30,60,38010,0.00157853,0.1579,-0.99842147,-99.8421
2025-03-07,erc1155,6,811,811,1622,445200,0.00364331,0.3643,-0.99635669,-99.6357
2025-03-07,erc1155,7,188,188,376,33663,0.01116953,1.1170,-0.98883047,-98.8830
2025-03-07,erc1155,8,11,11,22,26775,0.00082166,0.0822,-0.99917834,-99.9178
2025-03-07,erc1155,9,314,314,628,308553,0.00203531,0.2035,-0.99796469,-99.7965
2025-03-08,erc1155,10,29,29,58,33075,0.00175359,0.1754,-0.99824641,-99.8246
2025-03-08,erc1155,11,909,909,1818,692451,0.00262546,0.2625,-0.99737454,-99.7375
2025-03-08,erc1155,12,565,565,1130,444140,0.00254424,0.2544,-0.99745576,-99.7456
2025-03-08,erc1155,13,1284,1284,2568,648943,0.00395720,0.3957,-0.99604280,-99.6043
2025-03-08,erc1155,14,158,158,316,31500,0.01003175,1.0032,-0.98996825,-98.9968
2025-03-08,erc1155,16,163,163,326,626260,0.00052055,0.0521,-0.99947945,-99.9479
2025-03-08,erc1155,17,909,909,1818,522584,0.00347887,0.3479,-0.99652113,-99.6521
2025-03-08,erc1155,18,1078,1078,2156,706912,0.00304988,0.3050,-0.99695012,-99.6950
2025-03-08,erc1155,19,171,171,342,445200,0.00076819,0.0768,-0.99923181,-99.9232
2025-03-08,erc1155,20,740,740,1480,619080,0.00239064,0.2391,-0.99760936,-99.7609
2025-03-08,erc1155,22,872,872,1744,641539,0.00271846,0.2718,-0.99728154,-99.7282
2025-03-08,erc1155,23,155,155,310,741286,0.00041819,0.0418,-0.99958181,-99.9582
2025-03-08,erc1155,24,12,12,24,32550,0.00073733,0.0737,-0.99926267,-99.9263
2025-03-08,erc1155,25,549,549,1098,1213275,0.00090499,0.0905,-0.99909501,-99.9095
2025-03-08,erc1155,3,80,80,160,165356,0.00096761,0.0968,-0.99903239,-99.9032
2025-03-08,erc1155,4,82,82,164,238409,0.00068789,0.0688,-0.99931211,-99.9312
2025-03-08,erc1155,5,75,75,150,38010,0.00394633,0.3946,-0.99605367,-99.6054
2025-03-08,erc1155,6,94,94,188,445200,0.00042228,0.0422,-0.99957772,-99.9578
2025-03-08,erc1155,7,28,28,56,33663,0.00166355,0.1664,-0.99833645,-99.8336
2025-03-08,erc1155,8,7,7,14,26775,0.00052288,0.0523,-0.99947712,-99.9477
2025-03-08,erc1155,9,428,428,856,308553,0.00277424,0.2774,-0.99722576,-99.7226
2025-03-09,erc1155,10,23,23,46,33075,0.00139078,0.1391,-0.99860922,-99.8609
2025-03-09,erc1155,11,4127,4127,8254,692451,0.01191998,1.1920,-0.98808002,-98.8080
2025-03-09,erc1155,12,1938,1776,3714,444140,0.00836223,0.8362,-0.99163777,-99.1638
2025-03-09,erc1155,13,337,336,673,648943,0.00103707,0.1037,-0.99896293,-99.8963
2025-03-09,erc1155,14,13,13,26,31500,0.00082540,0.0825,-0.99917460,-99.9175
2025-03-09,erc1155,16,185,185,370,626260,0.00059081,0.0591,-0.99940919,-99.9409
2025-03-09,erc1155,17,75,75,150,522584,0.00028704,0.0287,-0.99971296,-99.9713
2025-03-09,erc1155,18,198,198,396,706912,0.00056018,0.0560,-0.99943982,-99.9440
2025-03-09,erc1155,19,51,51,102,445200,0.00022911,0.0229,-0.99977089,-99.9771
2025-03-09,erc1155,20,147,146,293,619080,0.00047328,0.0473,-0.99952672,-99.9527
2025-03-09,erc1155,22,1260,1260,2520,641539,0.00392805,0.3928,-0.99607195,-99.6072
2025-03-09,erc1155,23,96,96,192,741286,0.00025901,0.0259,-0.99974099,-99.9741
2025-03-09,erc1155,24,1141,1141,2282,32550,0.07010753,7.0108,-0.92989247,-92.9892
2025-03-09,erc1155,25,4363,4363,8726,1213275,0.00719210,0.7192,-0.99280790,-99.2808
2025-03-09,erc1155,3,8,8,16,165356,0.00009676,0.0097,-0.99990324,-99.9903
2025-03-09,erc1155,4,40,40,80,238409,0.00033556,0.0336,-0.99966444,-99.9664
2025-03-09,erc1155,5,1,1,2,38010,0.00005262,0.0053,-0.99994738,-99.9947
2025-03-09,erc1155,6,1210,1210,2420,445200,0.00543576,0.5436,-0.99456424,-99.4564
2025-03-09,erc1155,7,9,9,18,33663,0.00053471,0.0535,-0.99946529,-99.9465
2025-03-09,erc1155,9,1230,1215,2445,308553,0.00792408,0.7924,-0.99207592,-99.2076
2025-03-10,erc1155,10,19,19,38,33075,0.00114890,0.1149,-0.99885110,-99.8851
2025-03-10,erc1155,11,264,264,528,692451,0.00076251,0.0763,-0.99923749,-99.9237
2025-03-10,erc1155,12,2092,2254,4346,444140,0.00978520,0.9785,-0.99021480,-99.0215
2025-03-10,erc1155,13,583,584,1167,648943,0.00179831,0.1798,-0.99820169,-99.8202
2025-03-10,erc1155,14,107,107,214,31500,0.00679365,0.6794,-0.99320635,-99.3206
2025-03-10,erc1155,16,470,470,940,626260,0.00150097,0.1501,-0.99849903,-99.8499
2025-03-10,erc1155,17,2404,2388,4792,522584,0.00916982,0.9170,-0.99083018,-99.0830
2025-03-10,erc1155,18,5148,5148,10296,706912,0.01456475,1.4565,-0.98543525,-98.5435
2025-03-10,erc1155,19,386,386,772,445200,0.00173405,0.1734,-0.99826595,-99.8266
2025-03-10,erc1155,20,2792,2793,5585,619080,0.00902145,0.9021,-0.99097855,-99.0979
2025-03-10,erc1155,22,1157,1152,2309,641539,0.00359916,0.3599,-0.99640084,-99.6401
2025-03-10,erc1155,23,585,585,1170,741286,0.00157834,0.1578,-0.99842166,-99.8422
2025-03-10,erc1155,24,172,172,344,32550,0.01056836,1.0568,-0.98943164,-98.9432
2025-03-10,erc1155,25,5972,5917,11889,1213275,0.00979910,0.9799,-0.99020090,-99.0201
2025-03-10,erc1155,3,40,40,80,165356,0.00048380,0.0484,-0.99951620,-99.9516
2025-03-10,erc1155,4,187,187,374,238409,0.00156873,0.1569,-0.99843127,-99.8431
2025-03-10,erc1155,5,17,17,34,38010,0.00089450,0.0895,-0.99910550,-99.9105
2025-03-10,erc1155,6,638,638,1276,445200,0.00286613,0.2866,-0.99713387,-99.7134
2025-03-10,erc1155,7,16,16,32,33663,0.00095060,0.0951,-0.99904940,-99.9049
2025-03-10,erc1155,8,3,3,6,26775,0.00022409,0.0224,-0.99977591,-99.9776
2025-03-10,erc1155,9,323,338,661,308553,0.00214226,0.2142,-0.99785774,-99.7858
2025-03-11,erc1155,10,97,97,194,33075,0.00586546,0.5865,-0.99413454,-99.4135
2025-03-11,erc1155,11,1745,1745,3490,692451,0.00504007,0.5040,-0.99495993,-99.4960
2025-03-11,erc1155,12,2627,2264,4891,444140,0.01101229,1.1012,-0.98898771,-98.8988
2025-03-11,erc1155,13,3845,3845,7690,648943,0.01185004,1.1850,-0.98814996,-98.8150
2025-03-11,erc1155,14,143,141,284,31500,0.00901587,0.9016,-0.99098413,-99.0984
2025-03-11,erc1155,16,323,323,646,626260,0.00103152,0.1032,-0.99896848,-99.8968
2025-03-11,erc1155,17,1032,1048,2080,522584,0.00398022,0.3980,-0.99601978,-99.6020
2025-03-11,erc1155,18,5775,5379,11154,706912,0.01577848,1.5778,-0.98422152,-98.4222
2025-03-11,erc1155,19,919,919,1838,445200,0.00412848,0.4128,-0.99587152,-99.5872
2025-03-11,erc1155,20,2764,2452,5216,619080,0.00842541,0.8425,-0.99157459,-99.1575
2025-03-11,erc1155,22,3395,3032,6427,641539,0.01001810,1.0018,-0.98998190,-98.9982
2025-03-11,erc1155,23,2564,2564,5128,741286,0.00691771,0.6918,-0.99308229,-99.3082
2025-03-11,erc1155,24,563,563,1126,32550,0.03459293,3.4593,-0.96540707,-96.5407
2025-03-11,erc1155,25,6078,6098,12176,1213275,0.01003565,1.0036,-0.98996435,-98.9964
2025-03-11,erc1155,3,186,186,372,165356,0.00224969,0.2250,-0.99775031,-99.7750
2025-03-11,erc1155,4,326,326,652,238409,0.00273480,0.2735,-0.99726520,-99.7265
2025-03-11,erc1155,5,21,21,42,38010,0.00110497,0.1105,-0.99889503,-99.8895
2025-03-11,erc1155,6,1670,1291,2961,445200,0.00665094,0.6651,-0.99334906,-99.3349
2025-03-11,erc1155,7,49,49,98,33663,0.00291121,0.2911,-0.99708879,-99.7089
2025-03-11,erc1155,8,1,1,2,26775,0.00007470,0.0075,-0.99992530,-99.9925
2025-03-11,erc1155,9,590,580,1170,308553,0.00379189,0.3792,-0.99620811,-99.6208
2025-03-12,erc1155,10,20,20,40,33075,0.00120937,0.1209,-0.99879063,-99.8791
2025-03-12,erc1155,11,137,137,274,692451,0.00039570,0.0396,-0.99960430,-99.9604
2025-03-12,erc1155,12,750,1113,1863,444140,0.00419462,0.4195,-0.99580538,-99.5805
2025-03-12,erc1155,13,2380,2380,4760,648943,0.00733500,0.7335,-0.99266500,-99.2665
2025-03-12,erc1155,14,67,69,136,31500,0.00431746,0.4317,-0.99568254,-99.5683
2025-03-12,erc1155,16,203,203,406,626260,0.00064829,0.0648,-0.99935171,-99.9352
2025-03-12,erc1155,17,759,759,1518,522584,0.00290480,0.2905,-0.99709520,-99.7095
2025-03-12,erc1155,18,920,1316,2236,706912,0.00316305,0.3163,-0.99683695,-99.6837
2025-03-12,erc1155,19,284,284,568,445200,0.00127583,0.1276,-0.99872417,-99.8724
2025-03-12,erc1155,20,446,758,1204,619080,0.00194482,0.1945,-0.99805518,-99.8055
2025-03-12,erc1155,22,3792,4160,7952,641539,0.01239519,1.2395,-0.98760481,-98.7605
2025-03-12,erc1155,23,773,773,1546,741286,0.00208556,0.2086,-0.99791444,-99.7914
2025-03-12,erc1155,24,14136,12421,26557,32550,0.81588326,81.5883,-0.18411674,-18.4117
2025-03-12,erc1155,25,3220,3255,6475,1213275,0.00533680,0.5337,-0.99466320,-99.4663
2025-03-12,erc1155,3,42,42,84,165356,0.00050799,0.0508,-0.99949201,-99.9492
2025-03-12,erc1155,4,62,62,124,238409,0.00052011,0.0520,-0.99947989,-99.9480
2025-03-12,erc1155,5,9,9,18,38010,0.00047356,0.0474,-0.99952644,-99.9526
2025-03-12,erc1155,6,381,760,1141,445200,0.00256289,0.2563,-0.99743711,-99.7437
2025-03-12,erc1155,7,12,12,24,33663,0.00071295,0.0713,-0.99928705,-99.9287
2025-03-12,erc1155,8,1,1,2,26775,0.00007470,0.0075,-0.99992530,-99.9925
2025-03-12,erc1155,9,248,258,506,308553,0.00163991,0.1640,-0.99836009,-99.8360
2025-03-13,erc1155,10,6,6,12,33075,0.00036281,0.0363,-0.99963719,-99.9637
2025-03-13,erc1155,11,53,53,106,692451,0.00015308,0.0153,-0.99984692,-99.9847
2025-03-13,erc1155,12,402,402,804,444140,0.00181024,0.1810,-0.99818976,-99.8190
2025-03-13,erc1155,13,343,343,686,648943,0.00105710,0.1057,-0.99894290,-99.8943
2025-03-13,erc1155,14,5,5,10,31500,0.00031746,0.0317,-0.99968254,-99.9683
2025-03-13,erc1155,16,210,210,420,626260,0.00067065,0.0671,-0.99932935,-99.9329
2025-03-13,erc1155,17,786,786,1572,522584,0.00300813,0.3008,-0.99699187,-99.6992
2025-03-13,erc1155,18,1096,1096,2192,706912,0.00310081,0.3101,-0.99689919,-99.6899
2025-03-13,erc1155,20,2243,2243,4486,619080,0.00724624,0.7246,-0.99275376,-99.2754
2025-03-13,erc1155,22,712,712,1424,641539,0.00221966,0.2220,-0.99778034,-99.7780
2025-03-13,erc1155,23,532,532,1064,741286,0.00143534,0.1435,-0.99856466,-99.8565
2025-03-13,erc1155,24,1284,2999,4283,32550,0.13158218,13.1582,-0.86841782,-86.8418
2025-03-13,erc1155,25,1861,1861,3722,1213275,0.00306773,0.3068,-0.99693227,-99.6932
2025-03-13,erc1155,3,9,9,18,165356,0.00010886,0.0109,-0.99989114,-99.9891
2025-03-13,erc1155,4,13,13,26,238409,0.00010906,0.0109,-0.99989094,-99.9891
2025-03-13,erc1155,5,15,15,30,38010,0.00078927,0.0789,-0.99921073,-99.9211
2025-03-13,erc1155,6,70,70,140,445200,0.00031447,0.0314,-0.99968553,-99.9686
2025-03-13,erc1155,7,23,23,46,33663,0.00136649,0.1366,-0.99863351,-99.8634
2025-03-13,erc1155,9,266,266,532,308553,0.00172418,0.1724,-0.99827582,-99.8276
2025-03-14,erc1155,10,42,42,84,33075,0.00253968,0.2540,-0.99746032,-99.7460
2025-03-14,erc1155,11,104,104,208,692451,0.00030038,0.0300,-0.99969962,-99.9700
2025-03-14,erc1155,12,6769,6769,13538,444140,0.03048138,3.0481,-0.96951862,-96.9519
2025-03-14,erc1155,13,621,621,1242,648943,0.00191388,0.1914,-0.99808612,-99.8086
2025-03-14,erc1155,14,292,292,584,31500,0.01853968,1.8540,-0.98146032,-98.1460
2025-03-14,erc1155,16,192,192,384,626260,0.00061316,0.0613,-0.99938684,-99.9387
2025-03-14,erc1155,17,6377,6377,12754,522584,0.02440565,2.4406,-0.97559435,-97.5594
2025-03-14,erc1155,18,657,657,1314,706912,0.00185879,0.1859,-0.99814121,-99.8141
2025-03-14,erc1155,19,80,80,160,445200,0.00035939,0.0359,-0.99964061,-99.9641
2025-03-14,erc1155,20,876,876,1752,619080,0.00283001,0.2830,-0.99716999,-99.7170
2025-03-14,erc1155,22,1081,1081,2162,641539,0.00337002,0.3370,-0.99662998,-99.6630
2025-03-14,erc1155,23,463,463,926,741286,0.00124918,0.1249,-0.99875082,-99.8751
2025-03-14,erc1155,24,35,35,70,32550,0.00215054,0.2151,-0.99784946,-99.7849
2025-03-14,erc1155,25,1390,1390,2780,1213275,0.00229132,0.2291,-0.99770868,-99.7709
2025-03-14,erc1155,3,48,48,96,165356,0.00058057,0.0581,-0.99941943,-99.9419
2025-03-14,erc1155,4,72,72,144,238409,0.00060400,0.0604,-0.99939600,-99.9396
2025-03-14,erc1155,5,21,21,42,38010,0.00110497,0.1105,-0.99889503,-99.8895
2025-03-14,erc1155,6,117,117,234,445200,0.00052561,0.0526,-0.99947439,-99.9474
2025-03-14,erc1155,7,27,27,54,33663,0.00160414,0.1604,-0.99839586,-99.8396
2025-03-14,erc1155,8,23,23,46,26775,0.00171802,0.1718,-0.99828198,-99.8282
2025-03-14,erc1155,9,162,162,324,308553,0.00105006,0.1050,-0.99894994,-99.8950
2025-03-15,erc1155,10,36,36,72,33075,0.00217687,0.2177,-0.99782313,-99.7823
2025-03-15,erc1155,11,102,102,204,692451,0.00029461,0.0295,-0.99970539,-99.9705
2025-03-15,erc1155,12,2053,2053,4106,444140,0.00924483,0.9245,-0.99075517,-99.0755
2025-03-15,erc1155,13,90,90,180,648943,0.00027737,0.0277,-0.99972263,-99.9723
2025-03-15,erc1155,16,20,20,40,626260,0.00006387,0.0064,-0.99993613,-99.9936
2025-03-15,erc1155,17,358,358,716,522584,0.00137011,0.1370,-0.99862989,-99.8630
2025-03-15,erc1155,18,10847,10835,21682,706912,0.03067143,3.0671,-0.96932857,-96.9329
2025-03-15,erc1155,19,111,111,222,445200,0.00049865,0.0499,-0.99950135,-99.9501
2025-03-15,erc1155,20,903,893,1796,619080,0.00290108,0.2901,-0.99709892,-99.7099
2025-03-15,erc1155,22,669,669,1338,641539,0.00208561,0.2086,-0.99791439,-99.7914
2025-03-15,erc1155,23,87,87,174,741286,0.00023473,0.0235,-0.99976527,-99.9765
2025-03-15,erc1155,24,190,190,380,32550,0.01167435,1.1674,-0.98832565,-98.8326
2025-03-15,erc1155,25,1035,1035,2070,1213275,0.00170613,0.1706,-0.99829387,-99.8294
2025-03-15,erc1155,3,26,26,52,165356,0.00031447,0.0314,-0.99968553,-99.9686
2025-03-15,erc1155,4,26,26,52,238409,0.00021811,0.0218,-0.99978189,-99.9782
2025-03-15,erc1155,5,4,4,8,38010,0.00021047,0.0210,-0.99978953,-99.9790
2025-03-15,erc1155,6,10,10,20,445200,0.00004492,0.0045,-0.99995508,-99.9955
2025-03-15,erc1155,7,19,19,38,33663,0.00112884,0.1129,-0.99887116,-99.8871
2025-03-15,erc1155,8,2,2,4,26775,0.00014939,0.0149,-0.99985061,-99.9851
2025-03-15,erc1155,9,66,66,132,308553,0.00042780,0.0428,-0.99957220,-99.9572
2025-03-16,erc1155,10,16,16,32,33075,0.00096750,0.0967,-0.99903250,-99.9033
2025-03-16,erc1155,11,51,51,102,692451,0.00014730,0.0147,-0.99985270,-99.9853
2025-03-16,erc1155,12,425,425,850,444140,0.00191381,0.1914,-0.99808619,-99.8086
2025-03-16,erc1155,13,175,175,350,648943,0.00053934,0.0539,-0.99946066,-99.9461
2025-03-16,erc1155,14,45,45,90,31500,0.00285714,0.2857,-0.99714286,-99.7143
2025-03-16,erc1155,16,179,179,358,626260,0.00057165,0.0572,-0.99942835,-99.9428
2025-03-16,erc1155,17,1220,1220,2440,522584,0.00466911,0.4669,-0.99533089,-99.5331
2025-03-16,erc1155,18,818,830,1648,706912,0.00233127,0.2331,-0.99766873,-99.7669
2025-03-16,erc1155,19,45,45,90,445200,0.00020216,0.0202,-0.99979784,-99.9798
2025-03-16,erc1155,20,1404,1414,2818,619080,0.00455192,0.4552,-0.99544808,-99.5448
2025-03-16,erc1155,22,553,553,1106,641539,0.00172398,0.1724,-0.99827602,-99.8276
2025-03-16,erc1155,23,159,159,318,741286,0.00042898,0.0429,-0.99957102,-99.9571
2025-03-16,erc1155,24,109,109,218,32550,0.00669739,0.6697,-0.99330261,-99.3303
2025-03-16,erc1155,25,1472,1472,2944,1213275,0.00242649,0.2426,-0.99757351,-99.7574
2025-03-16,erc1155,3,5,5,10,165356,0.00006048,0.0060,-0.99993952,-99.9940
2025-03-16,erc1155,4,80,80,160,238409,0.00067112,0.0671,-0.99932888,-99.9329
2025-03-16,erc1155,5,5,5,10,38010,0.00026309,0.0263,-0.99973691,-99.9737
2025-03-16,erc1155,6,16,16,32,445200,0.00007188,0.0072,-0.99992812,-99.9928
2025-03-16,erc1155,7,1,1,2,33663,0.00005941,0.0059,-0.99994059,-99.9941
2025-03-16,erc1155,8,4,4,8,26775,0.00029879,0.0299,-0.99970121,-99.9701
2025-03-16,erc1155,9,114,114,228,308553,0.00073893,0.0739,-0.99926107,-99.9261
2025-03-17,erc1155,10,26,26,52,33075,0.00157218,0.1572,-0.99842782,-99.8428
2025-03-17,erc1155,11,321,321,642,692451,0.00092714,0.0927,-0.99907286,-99.9073
2025-03-17,erc1155,12,2477,2477,4954,444140,0.01115414,1.1154,-0.98884586,-98.8846
2025-03-17,erc1155,13,1557,1557,3114,648943,0.00479857,0.4799,-0.99520143,-99.5201
2025-03-17,erc1155,14,46,46,92,31500,0.00292063,0.2921,-0.99707937,-99.7079
2025-03-17,erc1155,16,6721,6721,13442,626260,0.02146393,2.1464,-0.97853607,-97.8536
2025-03-17,erc1155,17,1265,1265,2530,522584,0.00484133,0.4841,-0.99515867,-99.5159
2025-03-17,erc1155,18,3918,3918,7836,706912,0.01108483,1.1085,-0.98891517,-98.8915
2025-03-17,erc1155,19,1959,1959,3918,445200,0.00880054,0.8801,-0.99119946,-99.1199
2025-03-17,erc1155,20,4471,4463,8934,619080,0.01443109,1.4431,-0.98556891,-98.5569
2025-03-17,erc1155,22,1325,1325,2650,641539,0.00413069,0.4131,-0.99586931,-99.5869
2025-03-17,erc1155,23,477,477,954,741286,0.00128695,0.1287,-0.99871305,-99.8713
2025-03-17,erc1155,24,599,599,1198,32550,0.03680492,3.6805,-0.96319508,-96.3195
2025-03-17,erc1155,25,4315,4315,8630,1213275,0.00711298,0.7113,-0.99288702,-99.2887
2025-03-17,erc1155,3,663,663,1326,165356,0.00801906,0.8019,-0.99198094,-99.1981
2025-03-17,erc1155,4,2338,2338,4676,238409,0.01961335,1.9613,-0.98038665,-98.0387
2025-03-17,erc1155,5,138,138,276,38010,0.00726125,0.7261,-0.99273875,-99.2739
2025-03-17,erc1155,6,80,80,160,445200,0.00035939,0.0359,-0.99964061,-99.9641
2025-03-17,erc1155,7,11,11,22,33663,0.00065354,0.0654,-0.99934646,-99.9346
2025-03-17,erc1155,8,9,9,18,26775,0.00067227,0.0672,-0.99932773,-99.9328
2025-03-17,erc1155,9,6111,6111,12222,308553,0.03961070,3.9611,-0.96038930,-96.0389
2025-03-18,erc1155,10,123,123,246,33075,0.00743764,0.7438,-0.99256236,-99.2562
2025-03-18,erc1155,11,4904,4904,9808,692451,0.01416418,1.4164,-0.98583582,-98.5836
2025-03-18,erc1155,12,986,986,1972,444140,0.00444004,0.4440,-0.99555996,-99.5560
2025-03-18,erc1155,13,1738,1738,3476,648943,0.00535640,0.5356,-0.99464360,-99.4644
2025-03-18,erc1155,14,816,816,1632,31500,0.05180952,5.1810,-0.94819048,-94.8190
2025-03-18,erc1155,16,1194,1194,2388,626260,0.00381311,0.3813,-0.99618689,-99.6187
2025-03-18,erc1155,17,427,427,854,522584,0.00163419,0.1634,-0.99836581,-99.8366
2025-03-18,erc1155,18,3495,3495,6990,706912,0.00988808,0.9888,-0.99011192,-99.0112
2025-03-18,erc1155,19,4499,4499,8998,445200,0.02021114,2.0211,-0.97978886,-97.9789
2025-03-18,erc1155,20,1843,1851,3694,619080,0.00596692,0.5967,-0.99403308,-99.4033
2025-03-18,erc1155,22,2501,2501,5002,641539,0.00779688,0.7797,-0.99220312,-99.2203
2025-03-18,erc1155,23,2114,2109,4223,741286,0.00569686,0.5697,-0.99430314,-99.4303
2025-03-18,erc1155,24,7006,7005,14011,32550,0.43044547,43.0445,-0.56955453,-56.9555
2025-03-18,erc1155,25,5019,4968,9987,1213275,0.00823144,0.8231,-0.99176856,-99.1769
2025-03-18,erc1155,3,35,35,70,165356,0.00042333,0.0423,-0.99957667,-99.9577
2025-03-18,erc1155,4,211,211,422,238409,0.00177007,0.1770,-0.99822993,-99.8230
2025-03-18,erc1155,5,164,164,328,38010,0.00862931,0.8629,-0.99137069,-99.1371
2025-03-18,erc1155,6,794,794,1588,445200,0.00356694,0.3567,-0.99643306,-99.6433
2025-03-18,erc1155,7,137,137,274,33663,0.00813950,0.8140,-0.99186050,-99.1860
2025-03-18,erc1155,8,174,174,348,26775,0.01299720,1.2997,-0.98700280,-98.7003
2025-03-18,erc1155,9,497,497,994,308553,0.00322149,0.3221,-0.99677851,-99.6779
2025-03-19,erc1155,10,24,24,48,33075,0.00145125,0.1451,-0.99854875,-99.8549
2025-03-19,erc1155,11,4712,4712,9424,692451,0.01360963,1.3610,-0.98639037,-98.6390
2025-03-19,erc1155,12,1128,1128,2256,444140,0.00507948,0.5079,-0.99492052,-99.4921
2025-03-19,erc1155,13,757,757,1514,648943,0.00233302,0.2333,-0.99766698,-99.7667
2025-03-19,erc1155,14,216,216,432,31500,0.01371429,1.3714,-0.98628571,-98.6286
2025-03-19,erc1155,16,1833,1833,3666,626260,0.00585380,0.5854,-0.99414620,-99.4146
2025-03-19,erc1155,17,1585,1585,3170,522584,0.00606601,0.6066,-0.99393399,-99.3934
2025-03-19,erc1155,18,2386,2386,4772,706912,0.00675049,0.6750,-0.99324951,-99.3250
2025-03-19,erc1155,19,4462,4462,8924,445200,0.02004492,2.0045,-0.97995508,-97.9955
2025-03-19,erc1155,20,7628,7628,15256,619080,0.02464302,2.4643,-0.97535698,-97.5357
2025-03-19,erc1155,22,6810,6760,13570,641539,0.02115226,2.1152,-0.97884774,-97.8848
2025-03-19,erc1155,23,1249,1254,2503,741286,0.00337656,0.3377,-0.99662344,-99.6623
2025-03-19,erc1155,24,7297,7298,14595,32550,0.44838710,44.8387,-0.55161290,-55.1613
2025-03-19,erc1155,25,10648,10699,21347,1213275,0.01759453,1.7595,-0.98240547,-98.2405
2025-03-19,erc1155,3,425,425,850,165356,0.00514042,0.5140,-0.99485958,-99.4860
2025-03-19,erc1155,4,306,306,612,238409,0.00256702,0.2567,-0.99743298,-99.7433
2025-03-19,erc1155,5,138,138,276,38010,0.00726125,0.7261,-0.99273875,-99.2739
2025-03-19,erc1155,6,460,460,920,445200,0.00206649,0.2066,-0.99793351,-99.7934
2025-03-19,erc1155,7,154,154,308,33663,0.00914951,0.9150,-0.99085049,-99.0850
2025-03-19,erc1155,8,129,129,258,26775,0.00963585,0.9636,-0.99036415,-99.0364
2025-03-19,erc1155,9,461,461,922,308553,0.00298814,0.2988,-0.99701186,-99.7012
2025-03-20,erc1155,10,17,17,34,33075,0.00102797,0.1028,-0.99897203,-99.8972
2025-03-20,erc1155,11,536,536,1072,692451,0.00154812,0.1548,-0.99845188,-99.8452
2025-03-20,erc1155,12,154,148,302,444140,0.00067997,0.0680,-0.99932003,-99.9320
2025-03-20,erc1155,13,239,239,478,648943,0.00073658,0.0737,-0.99926342,-99.9263
2025-03-20,erc1155,14,40,40,80,31500,0.00253968,0.2540,-0.99746032,-99.7460
2025-03-20,erc1155,16,920,920,1840,626260,0.00293808,0.2938,-0.99706192,-99.7062
2025-03-20,erc1155,17,240,240,480,522584,0.00091851,0.0919,-0.99908149,-99.9081
2025-03-20,erc1155,18,572,512,1084,706912,0.00153343,0.1533,-0.99846657,-99.8467
2025-03-20,erc1155,19,49,49,98,445200,0.00022013,0.0220,-0.99977987,-99.9780
2025-03-20,erc1155,20,906,906,1812,619080,0.00292692,0.2927,-0.99707308,-99.7073
2025-03-20,erc1155,22,3107,3157,6264,641539,0.00976402,0.9764,-0.99023598,-99.0236
2025-03-20,erc1155,23,943,943,1886,741286,0.00254423,0.2544,-0.99745577,-99.7456
2025-03-20,erc1155,24,68,68,136,32550,0.00417819,0.4178,-0.99582181,-99.5822
2025-03-20,erc1155,25,805,805,1610,1213275,0.00132699,0.1327,-0.99867301,-99.8673
2025-03-20,erc1155,3,11,11,22,165356,0.00013305,0.0133,-0.99986695,-99.9867
2025-03-20,erc1155,4,29,29,58,238409,0.00024328,0.0243,-0.99975672,-99.9757
2025-03-20,erc1155,5,118,118,236,38010,0.00620889,0.6209,-0.99379111,-99.3791
2025-03-20,erc1155,6,3,3,6,445200,0.00001348,0.0013,-0.99998652,-99.9987
2025-03-20,erc1155,7,17,17,34,33663,0.00101001,0.1010,-0.99898999,-99.8990
2025-03-20,erc1155,8,27,27,54,26775,0.00201681,0.2017,-0.99798319,-99.7983
2025-03-20,erc1155,9,104,104,208,308553,0.00067411,0.0674,-0.99932589,-99.9326
2025-03-21,erc1155,10,21,21,42,33075,0.00126984,0.1270,-0.99873016,-99.8730
2025-03-21,erc1155,11,166,163,329,692451,0.00047512,0.0475,-0.99952488,-99.9525
2025-03-21,erc1155,12,1414,1420,2834,444140,0.00638087,0.6381,-0.99361913,-99.3619
2025-03-21,erc1155,13,1462,1425,2887,648943,0.00444877,0.4449,-0.99555123,-99.5551
2025-03-21,erc1155,14,66,66,132,31500,0.00419048,0.4190,-0.99580952,-99.5810
2025-03-21,erc1155,16,945,945,1890,626260,0.00301792,0.3018,-0.99698208,-99.6982
2025-03-21,erc1155,17,456,456,912,522584,0.00174517,0.1745,-0.99825483,-99.8255
2025-03-21,erc1155,18,2131,2189,4320,706912,0.00611109,0.6111,-0.99388891,-99.3889
2025-03-21,erc1155,19,339,339,678,445200,0.00152291,0.1523,-0.99847709,-99.8477
2025-03-21,erc1155,20,9340,9340,18680,619080,0.03017381,3.0174,-0.96982619,-96.9826
2025-03-21,erc1155,22,2852,2850,5702,641539,0.00888800,0.8888,-0.99111200,-99.1112
2025-03-21,erc1155,23,3581,3581,7162,741286,0.00966159,0.9662,-0.99033841,-99.0338
2025-03-21,erc1155,24,781,781,1562,32550,0.04798771,4.7988,-0.95201229,-95.2012
2025-03-21,erc1155,25,7765,7765,15530,1213275,0.01280007,1.2800,-0.98719993,-98.7200
2025-03-21,erc1155,3,97,97,194,165356,0.00117323,0.1173,-0.99882677,-99.8827
2025-03-21,erc1155,4,23,23,46,238409,0.00019295,0.0193,-0.99980705,-99.9807
2025-03-21,erc1155,5,34,34,68,38010,0.00178900,0.1789,-0.99821100,-99.8211
2025-03-21,erc1155,6,323,323,646,445200,0.00145103,0.1451,-0.99854897,-99.8549
2025-03-21,erc1155,7,10,10,20,33663,0.00059412,0.0594,-0.99940588,-99.9406
2025-03-21,erc1155,8,9,9,18,26775,0.00067227,0.0672,-0.99932773,-99.9328
2025-03-21,erc1155,9,323,323,646,308553,0.00209364,0.2094,-0.99790636,-99.7906
2025-03-22,erc1155,10,28,28,56,33075,0.00169312,0.1693,-0.99830688,-99.8307
2025-03-22,erc1155,11,1661,1664,3325,692451,0.00480178,0.4802,-0.99519822,-99.5198
2025-03-22,erc1155,12,3139,3139,6278,444140,0.01413518,1.4135,-0.98586482,-98.5865
2025-03-22,erc1155,13,2974,3011,5985,648943,0.00922269,0.9223,-0.99077731,-99.0777
2025-03-22,erc1155,14,124,124,248,31500,0.00787302,0.7873,-0.99212698,-99.2127
2025-03-22,erc1155,16,903,903,1806,626260,0.00288379,0.2884,-0.99711621,-99.7116
2025-03-22,erc1155,17,1658,1658,3316,522584,0.00634539,0.6345,-0.99365461,-99.3655
2025-03-22,erc1155,18,2583,2582,5165,706912,0.00730643,0.7306,-0.99269357,-99.2694
2025-03-22,erc1155,19,499,499,998,445200,0.00224169,0.2242,-0.99775831,-99.7758
2025-03-22,erc1155,20,6266,6266,12532,619080,0.02024294,2.0243,-0.97975706,-97.9757
2025-03-22,erc1155,22,1924,1891,3815,641539,0.00594664,0.5947,-0.99405336,-99.4053
2025-03-22,erc1155,23,1841,1841,3682,741286,0.00496704,0.4967,-0.99503296,-99.5033
2025-03-22,erc1155,24,1739,1739,3478,32550,0.10685100,10.6851,-0.89314900,-89.3149
2025-03-22,erc1155,25,6861,6861,13722,1213275,0.01130988,1.1310,-0.98869012,-98.8690
2025-03-22,erc1155,3,1178,1178,2356,165356,0.01424805,1.4248,-0.98575195,-98.5752
2025-03-22,erc1155,4,239,239,478,238409,0.00200496,0.2005,-0.99799504,-99.7995
2025-03-22,erc1155,5,53,53,106,38010,0.00278874,0.2789,-0.99721126,-99.7211
2025-03-22,erc1155,6,78,78,156,445200,0.00035040,0.0350,-0.99964960,-99.9650
2025-03-22,erc1155,7,123,123,246,33663,0.00730773,0.7308,-0.99269227,-99.2692
2025-03-22,erc1155,8,80,80,160,26775,0.00597572,0.5976,-0.99402428,-99.4024
2025-03-22,erc1155,9,325,325,650,308553,0.00210661,0.2107,-0.99789339,-99.7893
2025-03-23,erc1155,10,64,64,128,33075,0.00386999,0.3870,-0.99613001,-99.6130
2025-03-23,erc1155,11,2321,2226,4547,692451,0.00656653,0.6567,-0.99343347,-99.3433
2025-03-23,erc1155,12,3647,3647,7294,444140,0.01642275,1.6423,-0.98357725,-98.3577
2025-03-23,erc1155,13,4976,4976,9952,648943,0.01533571,1.5336,-0.98466429,-98.4664
2025-03-23,erc1155,14,85,85,170,31500,0.00539683,0.5397,-0.99460317,-99.4603
2025-03-23,erc1155,16,1238,1238,2476,626260,0.00395363,0.3954,-0.99604637,-99.6046
2025-03-23,erc1155,17,601,601,1202,522584,0.00230011,0.2300,-0.99769989,-99.7700
2025-03-23,erc1155,18,3529,3323,6852,706912,0.00969286,0.9693,-0.99030714,-99.0307
2025-03-23,erc1155,19,3857,3857,7714,445200,0.01732704,1.7327,-0.98267296,-98.2673
2025-03-23,erc1155,20,2858,2677,5535,619080,0.00894069,0.8941,-0.99105931,-99.1059
2025-03-23,erc1155,22,18320,18355,36675,641539,0.05716722,5.7167,-0.94283278,-94.2833
2025-03-23,erc1155,23,936,936,1872,741286,0.00252534,0.2525,-0.99747466,-99.7475
2025-03-23,erc1155,24,660,660,1320,32550,0.04055300,4.0553,-0.95944700,-95.9447
2025-03-23,erc1155,25,2751,2741,5492,1213275,0.00452659,0.4527,-0.99547341,-99.5473
2025-03-23,erc1155,3,50,50,100,165356,0.00060476,0.0605,-0.99939524,-99.9395
2025-03-23,erc1155,4,1071,1071,2142,238409,0.00898456,0.8985,-0.99101544,-99.1015
2025-03-23,erc1155,5,33,33,66,38010,0.00173639,0.1736,-0.99826361,-99.8264
2025-03-23,erc1155,6,1095,1095,2190,445200,0.00491914,0.4919,-0.99508086,-99.5081
2025-03-23,erc1155,7,41,41,82,33663,0.00243591,0.2436,-0.99756409,-99.7564
2025-03-23,erc1155,8,17,17,34,26775,0.00126984,0.1270,-0.99873016,-99.8730
2025-03-23,erc1155,9,291,281,572,308553,0.00185381,0.1854,-0.99814619,-99.8146
2025-03-24,erc1155,10,83,83,166,33075,0.00501890,0.5019,-0.99498110,-99.4981
2025-03-24,erc1155,11,1530,1625,3155,692451,0.00455628,0.4556,-0.99544372,-99.5444
2025-03-24,erc1155,12,1641,1641,3282,444140,0.00738956,0.7390,-0.99261044,-99.2610
2025-03-24,erc1155,13,1113,1113,2226,648943,0.00343019,0.3430,-0.99656981,-99.6570
2025-03-24,erc1155,14,135,135,270,31500,0.00857143,0.8571,-0.99142857,-99.1429
2025-03-24,erc1155,16,2199,2199,4398,626260,0.00702264,0.7023,-0.99297736,-99.2977
2025-03-24,erc1155,17,2693,2693,5386,522584,0.01030648,1.0306,-0.98969352,-98.9694
2025-03-24,erc1155,18,1745,1954,3699,706912,0.00523262,0.5233,-0.99476738,-99.4767
2025-03-24,erc1155,19,726,726,1452,445200,0.00326146,0.3261,-0.99673854,-99.6739
2025-03-24,erc1155,20,2752,2933,5685,619080,0.00918298,0.9183,-0.99081702,-99.0817
2025-03-24,erc1155,22,13042,13032,26074,641539,0.04064289,4.0643,-0.95935711,-95.9357
2025-03-24,erc1155,23,1347,1347,2694,741286,0.00363422,0.3634,-0.99636578,-99.6366
2025-03-24,erc1155,24,2639,2639,5278,32550,0.16215054,16.2151,-0.83784946,-83.7849
2025-03-24,erc1155,25,3754,3764,7518,1213275,0.00619645,0.6196,-0.99380355,-99.3804
2025-03-24,erc1155,3,3,3,6,165356,0.00003629,0.0036,-0.99996371,-99.9964
2025-03-24,erc1155,4,105,105,210,238409,0.00088084,0.0881,-0.99911916,-99.9119
2025-03-24,erc1155,5,40,40,80,38010,0.00210471,0.2105,-0.99789529,-99.7895
2025-03-24,erc1155,6,234,234,468,445200,0.00105121,0.1051,-0.99894879,-99.8949
2025-03-24,erc1155,7,68,68,136,33663,0.00404004,0.4040,-0.99595996,-99.5960
2025-03-24,erc1155,8,52,52,104,26775,0.00388422,0.3884,-0.99611578,-99.6116
2025-03-24,erc1155,9,952,952,1904,308553,0.00617074,0.6171,-0.99382926,-99.3829
2025-03-25,erc1155,10,19,19,38,33075,0.00114890,0.1149,-0.99885110,-99.8851
2025-03-25,erc1155,11,437,437,874,692451,0.00126218,0.1262,-0.99873782,-99.8738
2025-03-25,erc1155,12,339,339,678,444140,0.00152655,0.1527,-0.99847345,-99.8473
2025-03-25,erc1155,13,678,678,1356,648943,0.00208955,0.2090,-0.99791045,-99.7910
2025-03-25,erc1155,14,45,45,90,31500,0.00285714,0.2857,-0.99714286,-99.7143
2025-03-25,erc1155,16,2532,2532,5064,626260,0.00808610,0.8086,-0.99191390,-99.1914
2025-03-25,erc1155,17,690,690,1380,522584,0.00264072,0.2641,-0.99735928,-99.7359
2025-03-25,erc1155,18,1656,1656,3312,706912,0.00468517,0.4685,-0.99531483,-99.5315
2025-03-25,erc1155,19,192,192,384,445200,0.00086253,0.0863,-0.99913747,-99.9137
2025-03-25,erc1155,20,1909,1909,3818,619080,0.00616722,0.6167,-0.99383278,-99.3833
2025-03-25,erc1155,22,2625,2635,5260,641539,0.00819903,0.8199,-0.99180097,-99.1801
2025-03-25,erc1155,23,1564,1564,3128,741286,0.00421969,0.4220,-0.99578031,-99.5780
2025-03-25,erc1155,24,77,77,154,32550,0.00473118,0.4731,-0.99526882,-99.5269
2025-03-25,erc1155,25,646,646,1292,1213275,0.00106489,0.1065,-0.99893511,-99.8935
2025-03-25,erc1155,3,139,139,278,165356,0.00168122,0.1681,-0.99831878,-99.8319
2025-03-25,erc1155,4,74,74,148,238409,0.00062078,0.0621,-0.99937922,-99.9379
2025-03-25,erc1155,5,21,21,42,38010,0.00110497,0.1105,-0.99889503,-99.8895
2025-03-25,erc1155,6,104,104,208,445200,0.00046721,0.0467,-0.99953279,-99.9533
2025-03-25,erc1155,7,14,14,28,33663,0.00083177,0.0832,-0.99916823,-99.9168
2025-03-25,erc1155,8,23,23,46,26775,0.00171802,0.1718,-0.99828198,-99.8282
2025-03-25,erc1155,9,299,309,608,308553,0.00197049,0.1970,-0.99802951,-99.8030
2025-03-26,erc1155,10,36,36,72,33075,0.00217687,0.2177,-0.99782313,-99.7823
2025-03-26,erc1155,11,2708,2687,5395,692451,0.00779117,0.7791,-0.99220883,-99.2209
2025-03-26,erc1155,12,768,668,1436,444140,0.00323321,0.3233,-0.99676679,-99.6767
2025-03-26,erc1155,13,1428,1428,2856,648943,0.00440100,0.4401,-0.99559900,-99.5599
2025-03-26,erc1155,14,21,21,42,31500,0.00133333,0.1333,-0.99866667,-99.8667
2025-03-26,erc1155,16,575,373,948,626260,0.00151375,0.1514,-0.99848625,-99.8486
2025-03-26,erc1155,17,1469,1469,2938,522584,0.00562206,0.5622,-0.99437794,-99.4378
2025-03-26,erc1155,18,1502,1502,3004,706912,0.00424947,0.4249,-0.99575053,-99.5751
2025-03-26,erc1155,19,1116,1116,2232,445200,0.00501348,0.5013,-0.99498652,-99.4987
2025-03-26,erc1155,20,1161,1161,2322,619080,0.00375073,0.3751,-0.99624927,-99.6249
2025-03-26,erc1155,22,3240,3240,6480,641539,0.01010071,1.0101,-0.98989929,-98.9899
2025-03-26,erc1155,23,2193,2073,4266,741286,0.00575486,0.5755,-0.99424514,-99.4245
2025-03-26,erc1155,24,50,50,100,32550,0.00307220,0.3072,-0.99692780,-99.6928
2025-03-26,erc1155,25,2357,2357,4714,1213275,0.00388535,0.3885,-0.99611465,-99.6115
2025-03-26,erc1155,3,24,24,48,165356,0.00029028,0.0290,-0.99970972,-99.9710
2025-03-26,erc1155,4,315,170,485,238409,0.00203432,0.2034,-0.99796568,-99.7966
2025-03-26,erc1155,5,21,21,42,38010,0.00110497,0.1105,-0.99889503,-99.8895
2025-03-26,erc1155,6,1546,1546,3092,445200,0.00694519,0.6945,-0.99305481,-99.3055
2025-03-26,erc1155,7,6,6,12,33663,0.00035647,0.0356,-0.99964353,-99.9644
2025-03-26,erc1155,8,7,7,14,26775,0.00052288,0.0523,-0.99947712,-99.9477
2025-03-26,erc1155,9,162,162,324,308553,0.00105006,0.1050,-0.99894994,-99.8950
2025-03-27,erc1155,10,48,48,96,33075,0.00290249,0.2902,-0.99709751,-99.7098
2025-03-27,erc1155,11,8859,8880,17739,692451,0.02561770,2.5618,-0.97438230,-97.4382
2025-03-27,erc1155,12,7763,7863,15626,444140,0.03518260,3.5183,-0.96481740,-96.4817
2025-03-27,erc1155,13,2407,2407,4814,648943,0.00741822,0.7418,-0.99258178,-99.2582
2025-03-27,erc1155,14,276,276,552,31500,0.01752381,1.7524,-0.98247619,-98.2476
2025-03-27,erc1155,16,6853,7055,13908,626260,0.02220803,2.2208,-0.97779197,-97.7792
2025-03-27,erc1155,17,16082,13655,29737,522584,0.05690377,5.6904,-0.94309623,-94.3096
2025-03-27,erc1155,18,24954,13675,38629,706912,0.05464471,5.4645,-0.94535529,-94.5355
2025-03-27,erc1155,19,6027,6027,12054,445200,0.02707547,2.7075,-0.97292453,-97.2925
2025-03-27,erc1155,20,13502,12540,26042,619080,0.04206565,4.2066,-0.95793435,-95.7934
2025-03-27,erc1155,22,26654,17419,44073,641539,0.06869886,6.8699,-0.93130114,-93.1301
2025-03-27,erc1155,23,5553,5673,11226,741286,0.01514395,1.5144,-0.98485605,-98.4856
2025-03-27,erc1155,24,2897,2856,5753,32550,0.17674347,17.6743,-0.82325653,-82.3257
2025-03-27,erc1155,25,20306,20306,40612,1213275,0.03347304,3.3473,-0.96652696,-96.6527
2025-03-27,erc1155,27,7744,362245,369989,1435061,0.25782110,25.7821,-0.74217890,-74.2179
2025-03-27,erc1155,3,408,408,816,165356,0.00493481,0.4935,-0.99506519,-99.5065
2025-03-27,erc1155,4,9769,9914,19683,238409,0.08255980,8.2560,-0.91744020,-91.7440
2025-03-27,erc1155,5,69,69,138,38010,0.00363062,0.3631,-0.99636938,-99.6369
2025-03-27,erc1155,6,986,986,1972,445200,0.00442947,0.4429,-0.99557053,-99.5571
2025-03-27,erc1155,7,192,192,384,33663,0.01140718,1.1407,-0.98859282,-98.8593
2025-03-27,erc1155,8,113,113,226,26775,0.00844071,0.8441,-0.99155929,-99.1559
2025-03-27,erc1155,9,466,466,932,308553,0.00302055,0.3021,-0.99697945,-99.6979
2025-03-28,erc1155,10,16,16,32,33075,0.00096750,0.0967,-0.99903250,-99.9033
2025-03-28,erc1155,11,45,45,90,692451,0.00012997,0.0130,-0.99987003,-99.9870
2025-03-28,erc1155,12,161,161,322,444140,0.00072500,0.0725,-0.99927500,-99.9275
2025-03-28,erc1155,13,2397,2397,4794,648943,0.00738740,0.7387,-0.99261260,-99.2613
2025-03-28,erc1155,14,28,28,56,31500,0.00177778,0.1778,-0.99822222,-99.8222
2025-03-28,erc1155,16,726,726,1452,626260,0.00231853,0.2319,-0.99768147,-99.7681
2025-03-28,erc1155,17,363,2790,3153,522584,0.00603348,0.6033,-0.99396652,-99.3967
2025-03-28,erc1155,18,1949,5656,7605,706912,0.01075806,1.0758,-0.98924194,-98.9242
2025-03-28,erc1155,19,236,236,472,445200,0.00106020,0.1060,-0.99893980,-99.8940
2025-03-28,erc1155,20,1803,2765,4568,619080,0.00737869,0.7379,-0.99262131,-99.2621
2025-03-28,erc1155,22,7547,8430,15977,641539,0.02490418,2.4904,-0.97509582,-97.5096
2025-03-28,erc1155,23,759,759,1518,741286,0.00204779,0.2048,-0.99795221,-99.7952
2025-03-28,erc1155,24,88,129,217,32550,0.00666667,0.6667,-0.99333333,-99.3333
2025-03-28,erc1155,25,5031,5031,10062,1213275,0.00829326,0.8293,-0.99170674,-99.1707
2025-03-28,erc1155,27,7495,188743,196238,1435061,0.13674541,13.6745,-0.86325459,-86.3255
2025-03-28,erc1155,3,86,81,167,165356,0.00100994,0.1010,-0.99899006,-99.8990
2025-03-28,erc1155,4,306,306,612,238409,0.00256702,0.2567,-0.99743298,-99.7433
2025-03-28,erc1155,5,16,16,32,38010,0.00084188,0.0842,-0.99915812,-99.9158
2025-03-28,erc1155,6,1,1,2,445200,0.00000449,0.0004,-0.99999551,-99.9996
2025-03-28,erc1155,7,21,21,42,33663,0.00124766,0.1248,-0.99875234,-99.8752
2025-03-28,erc1155,8,20,20,40,26775,0.00149393,0.1494,-0.99850607,-99.8506
2025-03-28,erc1155,9,245,245,490,308553,0.00158806,0.1588,-0.99841194,-99.8412
2025-04-01,erc1155,10,211,191,402,33075,0.01215420,1.2154,-0.98784580,-98.7846
2025-04-01,erc1155,11,1746,1746,3492,692451,0.00504296,0.5043,-0.99495704,-99.4957
2025-04-01,erc1155,12,11070,11070,22140,444140,0.04984915,4.9849,-0.95015085,-95.0151
2025-04-01,erc1155,13,1898,1898,3796,648943,0.00584951,0.5850,-0.99415049,-99.4150
2025-04-01,erc1155,14,323,323,646,31500,0.02050794,2.0508,-0.97949206,-97.9492
2025-04-01,erc1155,16,5245,5245,10490,626260,0.01675023,1.6750,-0.98324977,-98.3250
2025-04-01,erc1155,17,10559,10559,21118,522584,0.04041073,4.0411,-0.95958927,-95.9589
2025-04-01,erc1155,18,10407,16224,26631,706912,0.03767230,3.7672,-0.96232770,-96.2328
2025-04-01,erc1155,19,2606,2606,5212,445200,0.01170710,1.1707,-0.98829290,-98.8293
2025-04-01,erc1155,20,6224,5641,11865,619080,0.01916554,1.9166,-0.98083446,-98.0834
2025-04-01,erc1155,22,17878,25629,43507,641539,0.06781661,6.7817,-0.93218339,-93.2183
2025-04-01,erc1155,23,16513,16513,33026,741286,0.04455231,4.4552,-0.95544769,-95.5448
2025-04-01,erc1155,24,3119,3119,6238,32550,0.19164363,19.1644,-0.80835637,-80.8356
2025-04-01,erc1155,25,11883,11883,23766,1213275,0.01958830,1.9588,-0.98041170,-98.0412
2025-04-01,erc1155,27,14408,125877,140285,1435061,0.09775543,9.7755,-0.90224457,-90.2245
2025-04-01,erc1155,3,2064,2069,4133,165356,0.02499456,2.4995,-0.97500544,-97.5005
2025-04-01,erc1155,4,4993,4993,9986,238409,0.04188600,4.1886,-0.95811400,-95.8114
2025-04-01,erc1155,5,389,389,778,38010,0.02046830,2.0468,-0.97953170,-97.9532
2025-04-01,erc1155,6,225,225,450,445200,0.00101078,0.1011,-0.99898922,-99.8989
2025-04-01,erc1155,7,198,198,396,33663,0.01176366,1.1764,-0.98823634,-98.8236
2025-04-01,erc1155,8,78,78,156,26775,0.00582633,0.5826,-0.99417367,-99.4174
2025-04-01,erc1155,9,5077,5077,10154,308553,0.03290845,3.2908,-0.96709155,-96.7092
2025-04-02,erc1155,10,29,49,78,33075,0.00235828,0.2358,-0.99764172,-99.7642
2025-04-02,erc1155,11,155,155,310,692451,0.00044769,0.0448,-0.99955231,-99.9552
2025-04-02,erc1155,12,1007,1007,2014,444140,0.00453461,0.4535,-0.99546539,-99.5465
2025-04-02,erc1155,13,3120,3120,6240,648943,0.00961564,0.9616,-0.99038436,-99.0384
2025-04-02,erc1155,14,13,13,26,31500,0.00082540,0.0825,-0.99917460,-99.9175
2025-04-02,erc1155,16,2081,2081,4162,626260,0.00664580,0.6646,-0.99335420,-99.3354
2025-04-02,erc1155,17,2109,549,2658,522584,0.00508626,0.5086,-0.99491374,-99.4914
2025-04-02,erc1155,18,3392,2884,6276,706912,0.00887805,0.8878,-0.99112195,-99.1122
2025-04-02,erc1155,19,360,360,720,445200,0.00161725,0.1617,-0.99838275,-99.8383
2025-04-02,erc1155,20,4421,1476,5897,619080,0.00952542,0.9525,-0.99047458,-99.0475
2025-04-02,erc1155,22,3137,1616,4753,641539,0.00740875,0.7409,-0.99259125,-99.2591
2025-04-02,erc1155,23,890,880,1770,741286,0.00238774,0.2388,-0.99761226,-99.7612
2025-04-02,erc1155,24,437,437,874,32550,0.02685100,2.6851,-0.97314900,-97.3149
2025-04-02,erc1155,25,1589,1577,3166,1213275,0.00260947,0.2609,-0.99739053,-99.7391
2025-04-02,erc1155,27,4446,35880,40326,1435061,0.02810055,2.8101,-0.97189945,-97.1899
2025-04-02,erc1155,3,34,34,68,165356,0.00041123,0.0411,-0.99958877,-99.9589
2025-04-02,erc1155,4,196,196,392,238409,0.00164423,0.1644,-0.99835577,-99.8356
2025-04-02,erc1155,5,11,11,22,38010,0.00057880,0.0579,-0.99942120,-99.9421
2025-04-02,erc1155,6,522,522,1044,445200,0.00234501,0.2345,-0.99765499,-99.7655
2025-04-02,erc1155,7,19,19,38,33663,0.00112884,0.1129,-0.99887116,-99.8871
2025-04-02,erc1155,8,22,22,44,26775,0.00164332,0.1643,-0.99835668,-99.8357
2025-04-02,erc1155,9,43,43,86,308553,0.00027872,0.0279,-0.99972128,-99.9721
2025-04-03,erc1155,10,3,3,6,33075,0.00018141,0.0181,-0.99981859,-99.9819
2025-04-03,erc1155,11,1110,1110,2220,692451,0.00320600,0.3206,-0.99679400,-99.6794
2025-04-03,erc1155,12,2075,2065,4140,444140,0.00932139,0.9321,-0.99067861,-99.0679
2025-04-03,erc1155,13,606,606,1212,648943,0.00186765,0.1868,-0.99813235,-99.8132
2025-04-03,erc1155,14,114,114,228,31500,0.00723810,0.7238,-0.99276190,-99.2762
2025-04-03,erc1155,16,398,398,796,626260,0.00127104,0.1271,-0.99872896,-99.8729
2025-04-03,erc1155,17,1486,3046,4532,522584,0.00867229,0.8672,-0.99132771,-99.1328
2025-04-03,erc1155,18,1741,4004,5745,706912,0.00812690,0.8127,-0.99187310,-99.1873
2025-04-03,erc1155,19,1170,1170,2340,445200,0.00525606,0.5256,-0.99474394,-99.4744
2025-04-03,erc1155,20,2565,6093,8658,619080,0.01398527,1.3985,-0.98601473,-98.6015
2025-04-03,erc1155,22,3058,5180,8238,641539,0.01284100,1.2841,-0.98715900,-98.7159
2025-04-03,erc1155,23,1144,1154,2298,741286,0.00310002,0.3100,-0.99689998,-99.6900
2025-04-03,erc1155,24,147,147,294,32550,0.00903226,0.9032,-0.99096774,-99.0968
2025-04-03,erc1155,25,3297,3309,6606,1213275,0.00544477,0.5445,-0.99455523,-99.4555
2025-04-03,erc1155,27,12448,91344,103792,1435061,0.07232585,7.2326,-0.92767415,-92.7674
2025-04-03,erc1155,3,191,191,382,165356,0.00231017,0.2310,-0.99768983,-99.7690
2025-04-03,erc1155,4,509,509,1018,238409,0.00426997,0.4270,-0.99573003,-99.5730
2025-04-03,erc1155,5,15,15,30,38010,0.00078927,0.0789,-0.99921073,-99.9211
2025-04-03,erc1155,6,1162,1162,2324,445200,0.00522013,0.5220,-0.99477987,-99.4780
2025-04-03,erc1155,7,49,49,98,33663,0.00291121,0.2911,-0.99708879,-99.7089
2025-04-03,erc1155,8,13,13,26,26775,0.00097106,0.0971,-0.99902894,-99.9029
2025-04-03,erc1155,9,509,509,1018,308553,0.00329927,0.3299,-0.99670073,-99.6701
2025-04-04,erc1155,10,3,3,6,33075,0.00018141,0.0181,-0.99981859,-99.9819
2025-04-04,erc1155,11,1057,1057,2114,692451,0.00305292,0.3053,-0.99694708,-99.6947
2025-04-04,erc1155,12,551,561,1112,444140,0.00250372,0.2504,-0.99749628,-99.7496
2025-04-04,erc1155,13,353,353,706,648943,0.00108792,0.1088,-0.99891208,-99.8912
2025-04-04,erc1155,14,52,52,104,31500,0.00330159,0.3302,-0.99669841,-99.6698
2025-04-04,erc1155,16,845,845,1690,626260,0.00269856,0.2699,-0.99730144,-99.7301
2025-04-04,erc1155,17,596,349,945,522584,0.00180832,0.1808,-0.99819168,-99.8192
2025-04-04,erc1155,18,3081,3007,6088,706912,0.00861210,0.8612,-0.99138790,-99.1388
2025-04-04,erc1155,19,405,405,810,445200,0.00181941,0.1819,-0.99818059,-99.8181
2025-04-04,erc1155,20,1204,1195,2399,619080,0.00387510,0.3875,-0.99612490,-99.6125
2025-04-04,erc1155,22,2510,2382,4892,641539,0.00762541,0.7625,-0.99237459,-99.2375
2025-04-04,erc1155,23,1025,1025,2050,741286,0.00276546,0.2765,-0.99723454,-99.7235
2025-04-04,erc1155,24,128,128,256,32550,0.00786482,0.7865,-0.99213518,-99.2135
2025-04-04,erc1155,25,2664,2664,5328,1213275,0.00439142,0.4391,-0.99560858,-99.5609
2025-04-04,erc1155,27,5970,15554,21524,1435061,0.01499867,1.4999,-0.98500133,-98.5001
2025-04-04,erc1155,3,109,109,218,165356,0.00131837,0.1318,-0.99868163,-99.8682
2025-04-04,erc1155,4,582,405,987,238409,0.00413994,0.4140,-0.99586006,-99.5860
2025-04-04,erc1155,5,19,19,38,38010,0.00099974,0.1000,-0.99900026,-99.9000
2025-04-04,erc1155,6,38,38,76,445200,0.00017071,0.0171,-0.99982929,-99.9829
2025-04-04,erc1155,7,169,169,338,33663,0.01004070,1.0041,-0.98995930,-98.9959
2025-04-04,erc1155,8,36,36,72,26775,0.00268908,0.2689,-0.99731092,-99.7311
2025-04-04,erc1155,9,239,239,478,308553,0.00154917,0.1549,-0.99845083,-99.8451
2025-04-05,erc1155,10,31,31,62,33075,0.00187453,0.1875,-0.99812547,-99.8125
2025-04-05,erc1155,11,413,413,826,692451,0.00119286,0.1193,-0.99880714,-99.8807
2025-04-05,erc1155,12,367,367,734,444140,0.00165263,0.1653,-0.99834737,-99.8347
2025-04-05,erc1155,13,305,305,610,648943,0.00093999,0.0940,-0.99906001,-99.9060
2025-04-05,erc1155,14,20,20,40,31500,0.00126984,0.1270,-0.99873016,-99.8730
2025-04-05,erc1155,16,800,800,1600,626260,0.00255485,0.2555,-0.99744515,-99.7445
2025-04-05,erc1155,17,289,536,825,522584,0.00157869,0.1579,-0.99842131,-99.8421
2025-04-05,erc1155,18,1441,1419,2860,706912,0.00404577,0.4046,-0.99595423,-99.5954
2025-04-05,erc1155,19,144,144,288,445200,0.00064690,0.0647,-0.99935310,-99.9353
2025-04-05,erc1155,20,717,726,1443,619080,0.00233088,0.2331,-0.99766912,-99.7669
2025-04-05,erc1155,22,2056,2083,4139,641539,0.00645167,0.6452,-0.99354833,-99.3548
2025-04-05,erc1155,23,376,376,752,741286,0.00101445,0.1014,-0.99898555,-99.8986
2025-04-05,erc1155,24,65,65,130,32550,0.00399386,0.3994,-0.99600614,-99.6006
2025-04-05,erc1155,25,1277,1277,2554,1213275,0.00210505,0.2105,-0.99789495,-99.7895
2025-04-05,erc1155,27,3558,52083,55641,1435061,0.03877257,3.8773,-0.96122743,-96.1227
2025-04-05,erc1155,3,14,14,28,165356,0.00016933,0.0169,-0.99983067,-99.9831
2025-04-05,erc1155,4,729,556,1285,238409,0.00538990,0.5390,-0.99461010,-99.4610
2025-04-05,erc1155,5,77,76,153,38010,0.00402526,0.4025,-0.99597474,-99.5975
2025-04-05,erc1155,6,182,182,364,445200,0.00081761,0.0818,-0.99918239,-99.9182
2025-04-05,erc1155,7,47,47,94,33663,0.00279238,0.2792,-0.99720762,-99.7208
2025-04-05,erc1155,8,21,21,42,26775,0.00156863,0.1569,-0.99843137,-99.8431
2025-04-05,erc1155,9,200,200,400,308553,0.00129637,0.1296,-0.99870363,-99.8704
2025-04-06,erc1155,10,447,447,894,33075,0.02702948,2.7029,-0.97297052,-97.2971
2025-04-06,erc1155,11,3550,3550,7100,692451,0.01025343,1.0253,-0.98974657,-98.9747
2025-04-06,erc1155,12,2379,2379,4758,444140,0.01071284,1.0713,-0.98928716,-98.9287
2025-04-06,erc1155,13,11368,11368,22736,648943,0.03503543,3.5035,-0.96496457,-96.4965
2025-04-06,erc1155,14,409,409,818,31500,0.02596825,2.5968,-0.97403175,-97.4032
2025-04-06,erc1155,16,8234,8234,16468,626260,0.02629579,2.6296,-0.97370421,-97.3704
2025-04-06,erc1155,17,469,459,928,522584,0.00177579,0.1776,-0.99822421,-99.8224
2025-04-06,erc1155,18,4188,1524,5712,706912,0.00808021,0.8080,-0.99191979,-99.1920
2025-04-06,erc1155,19,2366,2366,4732,445200,0.01062893,1.0629,-0.98937107,-98.9371
2025-04-06,erc1155,20,2348,1942,4290,619080,0.00692964,0.6930,-0.99307036,-99.3070
2025-04-06,erc1155,22,8356,868,9224,641539,0.01437793,1.4378,-0.98562207,-98.5622
2025-04-06,erc1155,23,14229,5941,20170,741286,0.02720947,2.7209,-0.97279053,-97.2791
2025-04-06,erc1155,24,645,645,1290,32550,0.03963134,3.9631,-0.96036866,-96.0369
2025-04-06,erc1155,25,32809,17576,50385,1213275,0.04152810,4.1528,-0.95847190,-95.8472
2025-04-06,erc1155,27,28024,23070,51094,1435061,0.03560406,3.5604,-0.96439594,-96.4396
2025-04-06,erc1155,3,17,17,34,165356,0.00020562,0.0206,-0.99979438,-99.9794
2025-04-06,erc1155,4,147,497,644,238409,0.00270124,0.2701,-0.99729876,-99.7299
2025-04-06,erc1155,5,497,498,995,38010,0.02617732,2.6177,-0.97382268,-97.3823
2025-04-06,erc1155,6,1007,1007,2014,445200,0.00452381,0.4524,-0.99547619,-99.5476
2025-04-06,erc1155,7,449,449,898,33663,0.02667617,2.6676,-0.97332383,-97.3324
2025-04-06,erc1155,8,459,459,918,26775,0.03428571,3.4286,-0.96571429,-96.5714
2025-04-06,erc1155,9,1991,1991,3982,308553,0.01290540,1.2905,-0.98709460,-98.7095
2025-04-07,erc1155,10,23,23,46,33075,0.00139078,0.1391,-0.99860922,-99.8609
2025-04-07,erc1155,11,1233,1233,2466,692451,0.00356126,0.3561,-0.99643874,-99.6439
2025-04-07,erc1155,12,2311,743,3054,444140,0.00687621,0.6876,-0.99312379,-99.3124
2025-04-07,erc1155,13,1100,1100,2200,648943,0.00339013,0.3390,-0.99660987,-99.6610
2025-04-07,erc1155,14,116,116,232,31500,0.00736508,0.7365,-0.99263492,-99.2635
2025-04-07,erc1155,16,571,571,1142,626260,0.00182352,0.1824,-0.99817648,-99.8176
2025-04-07,erc1155,17,262,272,534,522584,0.00102185,0.1022,-0.99897815,-99.8978
2025-04-07,erc1155,18,1242,901,2143,706912,0.00303149,0.3031,-0.99696851,-99.6969
2025-04-07,erc1155,19,380,380,760,445200,0.00170710,0.1707,-0.99829290,-99.8293
2025-04-07,erc1155,20,2588,1172,3760,619080,0.00607353,0.6074,-0.99392647,-99.3926
2025-04-07,erc1155,22,1080,998,2078,641539,0.00323909,0.3239,-0.99676091,-99.6761
2025-04-07,erc1155,23,2802,7056,9858,741286,0.01329851,1.3299,-0.98670149,-98.6701
2025-04-07,erc1155,24,239,239,478,32550,0.01468510,1.4685,-0.98531490,-98.5315
2025-04-07,erc1155,25,4997,9947,14944,1213275,0.01231708,1.2317,-0.98768292,-98.7683
2025-04-07,erc1155,27,5242,14374,19616,1435061,0.01366911,1.3669,-0.98633089,-98.6331
2025-04-07,erc1155,3,78,78,156,165356,0.00094342,0.0943,-0.99905658,-99.9057
2025-04-07,erc1155,4,2246,728,2974,238409,0.01247436,1.2474,-0.98752564,-98.7526
2025-04-07,erc1155,5,30,30,60,38010,0.00157853,0.1579,-0.99842147,-99.8421
2025-04-07,erc1155,6,104,104,208,445200,0.00046721,0.0467,-0.99953279,-99.9533
2025-04-07,erc1155,7,19,19,38,33663,0.00112884,0.1129,-0.99887116,-99.8871
2025-04-07,erc1155,8,5,5,10,26775,0.00037348,0.0373,-0.99962652,-99.9627
2025-04-07,erc1155,9,231,231,462,308553,0.00149731,0.1497,-0.99850269,-99.8503
2025-04-08,erc1155,10,27,27,54,33075,0.00163265,0.1633,-0.99836735,-99.8367
2025-04-08,erc1155,11,2255,2255,4510,692451,0.00651310,0.6513,-0.99348690,-99.3487
2025-04-08,erc1155,12,13572,15138,28710,444140,0.06464178,6.4642,-0.93535822,-93.5358
2025-04-08,erc1155,13,3216,3216,6432,648943,0.00991150,0.9912,-0.99008850,-99.0088
2025-04-08,erc1155,14,1244,1244,2488,31500,0.07898413,7.8984,-0.92101587,-92.1016
2025-04-08,erc1155,16,1977,1977,3954,626260,0.00631367,0.6314,-0.99368633,-99.3686
2025-04-08,erc1155,17,4062,2415,6477,522584,0.01239418,1.2394,-0.98760582,-98.7606
2025-04-08,erc1155,18,5093,1690,6783,706912,0.00959525,0.9595,-0.99040475,-99.0405
2025-04-08,erc1155,19,2987,2987,5974,445200,0.01341869,1.3419,-0.98658131,-98.6581
2025-04-08,erc1155,20,6797,1316,8113,619080,0.01310493,1.3105,-0.98689507,-98.6895
2025-04-08,erc1155,22,20770,1563,22333,641539,0.03481160,3.4812,-0.96518840,-96.5188
2025-04-08,erc1155,23,2820,6854,9674,741286,0.01305029,1.3050,-0.98694971,-98.6950
2025-04-08,erc1155,24,404,404,808,32550,0.02482335,2.4823,-0.97517665,-97.5177
2025-04-08,erc1155,25,10874,18026,28900,1213275,0.02381983,2.3820,-0.97618017,-97.6180
2025-04-08,erc1155,27,19472,75904,95376,1435061,0.06646129,6.6461,-0.93353871,-93.3539
2025-04-08,erc1155,3,16915,1992,18907,165356,0.11434118,11.4341,-0.88565882,-88.5659
2025-04-08,erc1155,4,736,2254,2990,238409,0.01254147,1.2541,-0.98745853,-98.7459
2025-04-08,erc1155,5,30,30,60,38010,0.00157853,0.1579,-0.99842147,-99.8421
2025-04-08,erc1155,6,1022,1022,2044,445200,0.00459119,0.4591,-0.99540881,-99.5409
2025-04-08,erc1155,7,19,19,38,33663,0.00112884,0.1129,-0.99887116,-99.8871
2025-04-08,erc1155,8,28,28,56,26775,0.00209150,0.2092,-0.99790850,-99.7908
2025-04-08,erc1155,9,2790,2790,5580,308553,0.01808441,1.8084,-0.98191559,-98.1916
2025-04-09,erc1155,10,272,272,544,33075,0.01644747,1.6447,-0.98355253,-98.3553
2025-04-09,erc1155,11,1347,1347,2694,692451,0.00389053,0.3891,-0.99610947,-99.6109
2025-04-09,erc1155,12,1299,1301,2600,444140,0.00585401,0.5854,-0.99414599,-99.4146
2025-04-09,erc1155,13,1647,1647,3294,648943,0.00507595,0.5076,-0.99492405,-99.4924
2025-04-09,erc1155,14,15,15,30,31500,0.00095238,0.0952,-0.99904762,-99.9048
2025-04-09,erc1155,16,1288,1288,2576,626260,0.00411331,0.4113,-0.99588669,-99.5887
2025-04-09,erc1155,17,1711,3038,4749,522584,0.00908753,0.9088,-0.99091247,-99.0912
2025-04-09,erc1155,18,911,1792,2703,706912,0.00382367,0.3824,-0.99617633,-99.6176
2025-04-09,erc1155,19,1936,1936,3872,445200,0.00869721,0.8697,-0.99130279,-99.1303
2025-04-09,erc1155,20,2287,3206,5493,619080,0.00887284,0.8873,-0.99112716,-99.1127
2025-04-09,erc1155,22,3711,5262,8973,641539,0.01398668,1.3987,-0.98601332,-98.6013
2025-04-09,erc1155,23,2630,2623,5253,741286,0.00708633,0.7086,-0.99291367,-99.2914
2025-04-09,erc1155,24,192,192,384,32550,0.01179724,1.1797,-0.98820276,-98.8203
2025-04-09,erc1155,25,20050,8424,28474,1213275,0.02346871,2.3469,-0.97653129,-97.6531
2025-04-09,erc1155,27,10202,39289,49491,1435061,0.03448704,3.4487,-0.96551296,-96.5513
2025-04-09,erc1155,3,4047,5495,9542,165356,0.05770580,5.7706,-0.94229420,-94.2294
2025-04-09,erc1155,4,19332,969,20301,238409,0.08515199,8.5152,-0.91484801,-91.4848
2025-04-09,erc1155,5,19,19,38,38010,0.00099974,0.1000,-0.99900026,-99.9000
2025-04-09,erc1155,6,512,512,1024,445200,0.00230009,0.2300,-0.99769991,-99.7700
2025-04-09,erc1155,7,81,81,162,33663,0.00481241,0.4812,-0.99518759,-99.5188
2025-04-09,erc1155,8,11,11,22,26775,0.00082166,0.0822,-0.99917834,-99.9178
2025-04-09,erc1155,9,641,486,1127,308553,0.00365253,0.3653,-0.99634747,-99.6347
2025-04-10,erc1155,10,30,30,60,33075,0.00181406,0.1814,-0.99818594,-99.8186
2025-04-10,erc1155,11,532,532,1064,692451,0.00153657,0.1537,-0.99846343,-99.8463
2025-04-10,erc1155,12,7045,6530,13575,444140,0.03056469,3.0565,-0.96943531,-96.9435
2025-04-10,erc1155,13,1536,1536,3072,648943,0.00473385,0.4734,-0.99526615,-99.5266
2025-04-10,erc1155,14,69,69,138,31500,0.00438095,0.4381,-0.99561905,-99.5619
2025-04-10,erc1155,16,2079,2079,4158,626260,0.00663941,0.6639,-0.99336059,-99.3361
2025-04-10,erc1155,17,8966,991,9957,522584,0.01905340,1.9053,-0.98094660,-98.0947
2025-04-10,erc1155,18,1413,942,2355,706912,0.00333139,0.3331,-0.99666861,-99.6669
2025-04-10,erc1155,19,291,291,582,445200,0.00130728,0.1307,-0.99869272,-99.8693
2025-04-10,erc1155,20,10765,1216,11981,619080,0.01935291,1.9353,-0.98064709,-98.0647
2025-04-10,erc1155,22,2602,1767,4369,641539,0.00681019,0.6810,-0.99318981,-99.3190
2025-04-10,erc1155,23,1856,1856,3712,741286,0.00500751,0.5008,-0.99499249,-99.4992
2025-04-10,erc1155,24,332,332,664,32550,0.02039939,2.0399,-0.97960061,-97.9601
2025-04-10,erc1155,25,11353,18491,29844,1213275,0.02459789,2.4598,-0.97540211,-97.5402
2025-04-10,erc1155,27,18173,7785,25958,1435061,0.01808843,1.8088,-0.98191157,-98.1912
2025-04-10,erc1155,3,1055,2716,3771,165356,0.02280534,2.2805,-0.97719466,-97.7195
2025-04-10,erc1155,4,282,1543,1825,238409,0.00765491,0.7655,-0.99234509,-99.2345
2025-04-10,erc1155,5,23,23,46,38010,0.00121021,0.1210,-0.99878979,-99.8790
2025-04-10,erc1155,6,2,2,4,445200,0.00000898,0.0009,-0.99999102,-99.9991
2025-04-10,erc1155,7,10,10,20,33663,0.00059412,0.0594,-0.99940588,-99.9406
2025-04-10,erc1155,8,59,59,118,26775,0.00440710,0.4407,-0.99559290,-99.5593
2025-04-10,erc1155,9,404,559,963,308553,0.00312102,0.3121,-0.99687898,-99.6879
2025-04-11,erc1155,10,146,146,292,33075,0.00882842,0.8828,-0.99117158,-99.1172
2025-04-11,erc1155,11,1678,1678,3356,692451,0.00484655,0.4847,-0.99515345,-99.5153
2025-04-11,erc1155,12,1791,2297,4088,444140,0.00920430,0.9204,-0.99079570,-99.0796
2025-04-11,erc1155,13,2790,2790,5580,648943,0.00859860,0.8599,-0.99140140,-99.1401
2025-04-11,erc1155,14,207,207,414,31500,0.01314286,1.3143,-0.98685714,-98.6857
2025-04-11,erc1155,16,870,870,1740,626260,0.00277840,0.2778,-0.99722160,-99.7222
2025-04-11,erc1155,17,1221,264,1485,522584,0.00284165,0.2842,-0.99715835,-99.7158
2025-04-11,erc1155,18,2287,906,3193,706912,0.00451683,0.4517,-0.99548317,-99.5483
2025-04-11,erc1155,19,627,627,1254,445200,0.00281671,0.2817,-0.99718329,-99.7183
2025-04-11,erc1155,20,1199,570,1769,619080,0.00285747,0.2857,-0.99714253,-99.7143
2025-04-11,erc1155,22,2401,564,2965,641539,0.00462170,0.4622,-0.99537830,-99.5378
2025-04-11,erc1155,23,2007,1168,3175,741286,0.00428310,0.4283,-0.99571690,-99.5717
2025-04-11,erc1155,24,294,294,588,32550,0.01806452,1.8065,-0.98193548,-98.1935
2025-04-11,erc1155,25,3077,9201,12278,1213275,0.01011972,1.0120,-0.98988028,-98.9880
2025-04-11,erc1155,27,24101,10524,34625,1435061,0.02412789,2.4128,-0.97587211,-97.5872
2025-04-11,erc1155,3,194,2390,2584,165356,0.01562689,1.5627,-0.98437311,-98.4373
2025-04-11,erc1155,4,1477,981,2458,238409,0.01031001,1.0310,-0.98968999,-98.9690
2025-04-11,erc1155,5,85,84,169,38010,0.00444620,0.4446,-0.99555380,-99.5554
2025-04-11,erc1155,6,268,268,536,445200,0.00120395,0.1204,-0.99879605,-99.8796
2025-04-11,erc1155,7,21,21,42,33663,0.00124766,0.1248,-0.99875234,-99.8752
2025-04-11,erc1155,8,15,15,30,26775,0.00112045,0.1120,-0.99887955,-99.8880
2025-04-11,erc1155,9,1326,1270,2596,308553,0.00841347,0.8413,-0.99158653,-99.1587
2025-04-12,erc1155,10,10,10,20,33075,0.00060469,0.0605,-0.99939531,-99.9395
2025-04-12,erc1155,11,1835,1835,3670,692451,0.00530001,0.5300,-0.99469999,-99.4700
2025-04-12,erc1155,12,2066,1783,3849,444140,0.00866619,0.8666,-0.99133381,-99.1334
2025-04-12,erc1155,13,470,470,940,648943,0.00144851,0.1449,-0.99855149,-99.8551
2025-04-12,erc1155,14,588,588,1176,31500,0.03733333,3.7333,-0.96266667,-96.2667
2025-04-12,erc1155,16,1225,1225,2450,626260,0.00391211,0.3912,-0.99608789,-99.6088
2025-04-12,erc1155,17,3142,709,3851,522584,0.00736915,0.7369,-0.99263085,-99.2631
2025-04-12,erc1155,18,6527,760,7287,706912,0.01030821,1.0308,-0.98969179,-98.9692
2025-04-12,erc1155,19,1262,1262,2524,445200,0.00566936,0.5669,-0.99433064,-99.4331
2025-04-12,erc1155,20,3013,590,3603,619080,0.00581993,0.5820,-0.99418007,-99.4180
2025-04-12,erc1155,22,2822,21043,23865,641539,0.03719961,3.7200,-0.96280039,-96.2800
2025-04-12,erc1155,23,3702,2713,6415,741286,0.00865388,0.8654,-0.99134612,-99.1346
2025-04-12,erc1155,24,258,258,516,32550,0.01585253,1.5853,-0.98414747,-98.4147
2025-04-12,erc1155,25,18856,5090,23946,1213275,0.01973666,1.9737,-0.98026334,-98.0263
2025-04-12,erc1155,27,7144,20121,27265,1435061,0.01899919,1.8999,-0.98100081,-98.1001
2025-04-12,erc1155,3,935,1055,1990,165356,0.01203464,1.2035,-0.98796536,-98.7965
2025-04-12,erc1155,4,618,1814,2432,238409,0.01020096,1.0201,-0.98979904,-98.9799
2025-04-12,erc1155,5,40,41,81,38010,0.00213102,0.2131,-0.99786898,-99.7869
2025-04-12,erc1155,6,560,560,1120,445200,0.00251572,0.2516,-0.99748428,-99.7484
2025-04-12,erc1155,7,12,12,24,33663,0.00071295,0.0713,-0.99928705,-99.9287
2025-04-12,erc1155,8,11,11,22,26775,0.00082166,0.0822,-0.99917834,-99.9178
2025-04-12,erc1155,9,310,366,676,308553,0.00219087,0.2191,-0.99780913,-99.7809
2025-04-13,erc1155,10,50,50,100,33075,0.00302343,0.3023,-0.99697657,-99.6977
2025-04-13,erc1155,11,78,78,156,692451,0.00022529,0.0225,-0.99977471,-99.9775
2025-04-13,erc1155,12,2888,3180,6068,444140,0.01366236,1.3662,-0.98633764,-98.6338
2025-04-13,erc1155,13,517,517,1034,648943,0.00159336,0.1593,-0.99840664,-99.8407
2025-04-13,erc1155,14,6,6,12,31500,0.00038095,0.0381,-0.99961905,-99.9619
2025-04-13,erc1155,16,44,44,88,626260,0.00014052,0.0141,-0.99985948,-99.9859
2025-04-13,erc1155,17,1970,6372,8342,522584,0.01596298,1.5963,-0.98403702,-98.4037
2025-04-13,erc1155,18,1960,359,2319,706912,0.00328046,0.3280,-0.99671954,-99.6720
2025-04-13,erc1155,19,131,131,262,445200,0.00058850,0.0588,-0.99941150,-99.9412
2025-04-13,erc1155,20,6799,1562,8361,619080,0.01350552,1.3506,-0.98649448,-98.6494
2025-04-13,erc1155,22,2927,1410,4337,641539,0.00676031,0.6760,-0.99323969,-99.3240
2025-04-13,erc1155,23,4223,5272,9495,741286,0.01280882,1.2809,-0.98719118,-98.7191
2025-04-13,erc1155,24,1069,1069,2138,32550,0.06568356,6.5684,-0.93431644,-93.4316
2025-04-13,erc1155,25,1040,16301,17341,1213275,0.01429272,1.4293,-0.98570728,-98.5707
2025-04-13,erc1155,27,14427,11355,25782,1435061,0.01796579,1.7966,-0.98203421,-98.2034
2025-04-13,erc1155,3,1020,3408,4428,165356,0.02677859,2.6779,-0.97322141,-97.3221
2025-04-13,erc1155,4,5942,1314,7256,238409,0.03043509,3.0435,-0.96956491,-96.9565
2025-04-13,erc1155,5,10,10,20,38010,0.00052618,0.0526,-0.99947382,-99.9474
2025-04-13,erc1155,6,2,2,4,445200,0.00000898,0.0009,-0.99999102,-99.9991
2025-04-13,erc1155,7,8,8,16,33663,0.00047530,0.0475,-0.99952470,-99.9525
2025-04-13,erc1155,8,11,10,21,26775,0.00078431,0.0784,-0.99921569,-99.9216
2025-04-13,erc1155,9,142,142,284,308553,0.00092043,0.0920,-0.99907957,-99.9080
2025-04-14,erc1155,10,31,31,62,33075,0.00187453,0.1875,-0.99812547,-99.8125
2025-04-14,erc1155,11,757,757,1514,692451,0.00218644,0.2186,-0.99781356,-99.7814
2025-04-14,erc1155,12,821,821,1642,444140,0.00369703,0.3697,-0.99630297,-99.6303
2025-04-14,erc1155,13,1211,1211,2422,648943,0.00373222,0.3732,-0.99626778,-99.6268
2025-04-14,erc1155,14,16,16,32,31500,0.00101587,0.1016,-0.99898413,-99.8984
2025-04-14,erc1155,16,1187,1187,2374,626260,0.00379076,0.3791,-0.99620924,-99.6209
2025-04-14,erc1155,17,1888,1027,2915,522584,0.00557805,0.5578,-0.99442195,-99.4422
2025-04-14,erc1155,18,2251,5207,7458,706912,0.01055011,1.0550,-0.98944989,-98.9450
2025-04-14,erc1155,19,542,542,1084,445200,0.00243486,0.2435,-0.99756514,-99.7565
2025-04-14,erc1155,20,1229,3058,4287,619080,0.00692479,0.6925,-0.99307521,-99.3075
2025-04-14,erc1155,22,4835,2511,7346,641539,0.01145059,1.1451,-0.98854941,-98.8549
2025-04-14,erc1155,23,1860,2646,4506,741286,0.00607863,0.6079,-0.99392137,-99.3921
2025-04-14,erc1155,24,46,46,92,32550,0.00282642,0.2826,-0.99717358,-99.7174
2025-04-14,erc1155,25,2894,2894,5788,1213275,0.00477056,0.4771,-0.99522944,-99.5229
2025-04-14,erc1155,27,35200,12301,47501,1435061,0.03310034,3.3100,-0.96689966,-96.6900
2025-04-14,erc1155,3,189,824,1013,165356,0.00612618,0.6126,-0.99387382,-99.3874
2025-04-14,erc1155,4,1101,5342,6443,238409,0.02702499,2.7025,-0.97297501,-97.2975
2025-04-14,erc1155,5,30,30,60,38010,0.00157853,0.1579,-0.99842147,-99.8421
2025-04-14,erc1155,6,15,15,30,445200,0.00006739,0.0067,-0.99993261,-99.9933
2025-04-14,erc1155,7,33,33,66,33663,0.00196061,0.1961,-0.99803939,-99.8039
2025-04-14,erc1155,8,13,14,27,26775,0.00100840,0.1008,-0.99899160,-99.8992
2025-04-14,erc1155,9,727,727,1454,308553,0.00471232,0.4712,-0.99528768,-99.5288
2025-04-15,erc1155,10,18,18,36,33075,0.00108844,0.1088,-0.99891156,-99.8912
2025-04-15,erc1155,11,422,422,844,692451,0.00121886,0.1219,-0.99878114,-99.8781
2025-04-15,erc1155,12,1116,1115,2231,444140,0.00502319,0.5023,-0.99497681,-99.4977
2025-04-15,erc1155,13,213,213,426,648943,0.00065645,0.0656,-0.99934355,-99.9344
2025-04-15,erc1155,14,5,5,10,31500,0.00031746,0.0317,-0.99968254,-99.9683
2025-04-15,erc1155,16,140,140,280,626260,0.00044710,0.0447,-0.99955290,-99.9553
2025-04-15,erc1155,17,836,1066,1902,522584,0.00363961,0.3640,-0.99636039,-99.6360
2025-04-15,erc1155,18,420,4544,4964,706912,0.00702209,0.7022,-0.99297791,-99.2978
2025-04-15,erc1155,19,4321,4321,8642,445200,0.01941150,1.9412,-0.98058850,-98.0588
2025-04-15,erc1155,20,591,1450,2041,619080,0.00329683,0.3297,-0.99670317,-99.6703
2025-04-15,erc1155,22,904,2296,3200,641539,0.00498801,0.4988,-0.99501199,-99.5012
2025-04-15,erc1155,23,889,889,1778,741286,0.00239853,0.2399,-0.99760147,-99.7601
2025-04-15,erc1155,24,24,24,48,32550,0.00147465,0.1475,-0.99852535,-99.8525
2025-04-15,erc1155,25,2134,2064,4198,1213275,0.00346006,0.3460,-0.99653994,-99.6540
2025-04-15,erc1155,27,5870,29304,35174,1435061,0.02451046,2.4510,-0.97548954,-97.5490
2025-04-15,erc1155,3,61,3599,3660,165356,0.02213406,2.2134,-0.97786594,-97.7866
2025-04-15,erc1155,4,153,2249,2402,238409,0.01007512,1.0075,-0.98992488,-98.9925
2025-04-15,erc1155,5,1,1,2,38010,0.00005262,0.0053,-0.99994738,-99.9947
2025-04-15,erc1155,6,3,3,6,445200,0.00001348,0.0013,-0.99998652,-99.9987
2025-04-15,erc1155,7,3,3,6,33663,0.00017824,0.0178,-0.99982176,-99.9822
2025-04-15,erc1155,8,4,4,8,26775,0.00029879,0.0299,-0.99970121,-99.9701
2025-04-15,erc1155,9,1074,1074,2148,308553,0.00696153,0.6962,-0.99303847,-99.3038
2025-04-16,erc1155,10,39,39,78,33075,0.00235828,0.2358,-0.99764172,-99.7642
2025-04-16,erc1155,11,811,811,1622,692451,0.00234240,0.2342,-0.99765760,-99.7658
2025-04-16,erc1155,12,667,668,1335,444140,0.00300581,0.3006,-0.99699419,-99.6994
2025-04-16,erc1155,13,1675,1675,3350,648943,0.00516224,0.5162,-0.99483776,-99.4838
2025-04-16,erc1155,14,47,47,94,31500,0.00298413,0.2984,-0.99701587,-99.7016
2025-04-16,erc1155,16,2366,2366,4732,626260,0.00755597,0.7556,-0.99244403,-99.2444
2025-04-16,erc1155,17,1215,601,1816,522584,0.00347504,0.3475,-0.99652496,-99.6525
2025-04-16,erc1155,18,1364,1118,2482,706912,0.00351105,0.3511,-0.99648895,-99.6489
2025-04-16,erc1155,19,167,167,334,445200,0.00075022,0.0750,-0.99924978,-99.9250
2025-04-16,erc1155,20,4709,10783,15492,619080,0.02502423,2.5024,-0.97497577,-97.4976
2025-04-16,erc1155,22,5359,4236,9595,641539,0.01495622,1.4956,-0.98504378,-98.5044
2025-04-16,erc1155,23,1940,1940,3880,741286,0.00523415,0.5234,-0.99476585,-99.4766
2025-04-16,erc1155,24,131,131,262,32550,0.00804916,0.8049,-0.99195084,-99.1951
2025-04-16,erc1155,25,9651,9721,19372,1213275,0.01596670,1.5967,-0.98403330,-98.4033
2025-04-16,erc1155,27,13976,14926,28902,1435061,0.02013991,2.0140,-0.97986009,-97.9860
2025-04-16,erc1155,3,342,1153,1495,165356,0.00904110,0.9041,-0.99095890,-99.0959
2025-04-16,erc1155,4,1413,1551,2964,238409,0.01243242,1.2432,-0.98756758,-98.7568
2025-04-16,erc1155,5,85,85,170,38010,0.00447251,0.4473,-0.99552749,-99.5527
2025-04-16,erc1155,6,504,504,1008,445200,0.00226415,0.2264,-0.99773585,-99.7736
2025-04-16,erc1155,7,35,35,70,33663,0.00207943,0.2079,-0.99792057,-99.7921
2025-04-16,erc1155,8,20,20,40,26775,0.00149393,0.1494,-0.99850607,-99.8506
2025-04-16,erc1155,9,1767,1041,2808,308553,0.00910054,0.9101,-0.99089946,-99.0899
2025-04-17,erc1155,10,87,87,174,33075,0.00526077,0.5261,-0.99473923,-99.4739
2025-04-17,erc1155,11,656,656,1312,692451,0.00189472,0.1895,-0.99810528,-99.8105
2025-04-17,erc1155,12,5709,5706,11415,444140,0.02570136,2.5701,-0.97429864,-97.4299
2025-04-17,erc1155,13,5337,5143,10480,648943,0.01614934,1.6149,-0.98385066,-98.3851
2025-04-17,erc1155,14,460,460,920,31500,0.02920635,2.9206,-0.97079365,-97.0794
2025-04-17,erc1155,16,12545,11261,23806,626260,0.03801297,3.8013,-0.96198703,-96.1987
2025-04-17,erc1155,17,6997,4236,11233,522584,0.02149511,2.1495,-0.97850489,-97.8505
2025-04-17,erc1155,18,19658,3238,22896,706912,0.03238876,3.2389,-0.96761124,-96.7611
2025-04-17,erc1155,19,8439,8429,16868,445200,0.03788859,3.7889,-0.96211141,-96.2111
2025-04-17,erc1155,20,11894,5768,17662,619080,0.02852943,2.8529,-0.97147057,-97.1471
2025-04-17,erc1155,22,7632,20982,28614,641539,0.04460212,4.4602,-0.95539788,-95.5398
2025-04-17,erc1155,23,28458,5557,34015,741286,0.04588647,4.5886,-0.95411353,-95.4114
2025-04-17,erc1155,24,1234,1224,2458,32550,0.07551459,7.5515,-0.92448541,-92.4485
2025-04-17,erc1155,25,22782,20271,43053,1213275,0.03548495,3.5485,-0.96451505,-96.4515
2025-04-17,erc1155,27,24144,73768,97912,1435061,0.06822846,6.8228,-0.93177154,-93.1772
2025-04-17,erc1155,3,2447,4573,7020,165356,0.04245386,4.2454,-0.95754614,-95.7546
2025-04-17,erc1155,4,2429,6834,9263,238409,0.03885340,3.8853,-0.96114660,-96.1147
2025-04-17,erc1155,5,138,137,275,38010,0.00723494,0.7235,-0.99276506,-99.2765
2025-04-17,erc1155,6,527,527,1054,445200,0.00236748,0.2367,-0.99763252,-99.7633
2025-04-17,erc1155,7,83,83,166,33663,0.00493123,0.4931,-0.99506877,-99.5069
2025-04-17,erc1155,8,64,64,128,26775,0.00478058,0.4781,-0.99521942,-99.5219
2025-04-17,erc1155,9,2116,2842,4958,308553,0.01606855,1.6069,-0.98393145,-98.3931
2025-04-18,erc1155,10,32,32,64,33075,0.00193500,0.1935,-0.99806500,-99.8065
2025-04-18,erc1155,11,1923,1923,3846,692451,0.00555418,0.5554,-0.99444582,-99.4446
2025-04-18,erc1155,12,3027,2870,5897,444140,0.01327734,1.3277,-0.98672266,-98.6723
2025-04-18,erc1155,13,2487,2681,5168,648943,0.00796372,0.7964,-0.99203628,-99.2036
2025-04-18,erc1155,14,54,54,108,31500,0.00342857,0.3429,-0.99657143,-99.6571
2025-04-18,erc1155,16,3686,4970,8656,626260,0.01382174,1.3822,-0.98617826,-98.6178
2025-04-18,erc1155,17,2991,2953,5944,522584,0.01137425,1.1374,-0.98862575,-98.8626
2025-04-18,erc1155,18,6364,2482,8846,706912,0.01251358,1.2514,-0.98748642,-98.7486
2025-04-18,erc1155,19,1533,1543,3076,445200,0.00690925,0.6909,-0.99309075,-99.3091
2025-04-18,erc1155,20,5823,2111,7934,619080,0.01281579,1.2816,-0.98718421,-98.7184
2025-04-18,erc1155,22,1975,1975,3950,641539,0.00615707,0.6157,-0.99384293,-99.3843
2025-04-18,erc1155,23,5213,23437,28650,741286,0.03864905,3.8649,-0.96135095,-96.1351
2025-04-18,erc1155,24,1313,1323,2636,32550,0.08098310,8.0983,-0.91901690,-91.9017
2025-04-18,erc1155,25,12062,10829,22891,1213275,0.01886712,1.8867,-0.98113288,-98.1133
2025-04-18,erc1155,27,18909,28591,47500,1435061,0.03309964,3.3100,-0.96690036,-96.6900
2025-04-18,erc1155,3,291,291,582,165356,0.00351968,0.3520,-0.99648032,-99.6480
2025-04-18,erc1155,4,528,4454,4982,238409,0.02089686,2.0897,-0.97910314,-97.9103
2025-04-18,erc1155,5,71,72,143,38010,0.00376217,0.3762,-0.99623783,-99.6238
2025-04-18,erc1155,6,92,92,184,445200,0.00041330,0.0413,-0.99958670,-99.9587
2025-04-18,erc1155,7,61,61,122,33663,0.00362416,0.3624,-0.99637584,-99.6376
2025-04-18,erc1155,8,33,33,66,26775,0.00246499,0.2465,-0.99753501,-99.7535
2025-04-18,erc1155,9,307,307,614,308553,0.00198993,0.1990,-0.99801007,-99.8010
2025-04-19,erc1155,10,64,64,128,33075,0.00386999,0.3870,-0.99613001,-99.6130
2025-04-19,erc1155,11,609,609,1218,692451,0.00175897,0.1759,-0.99824103,-99.8241
2025-04-19,erc1155,12,644,804,1448,444140,0.00326023,0.3260,-0.99673977,-99.6740
2025-04-19,erc1155,13,1866,1836,3702,648943,0.00570466,0.5705,-0.99429534,-99.4295
2025-04-19,erc1155,14,191,191,382,31500,0.01212698,1.2127,-0.98787302,-98.7873
2025-04-19,erc1155,16,1789,1667,3456,626260,0.00551847,0.5518,-0.99448153,-99.4482
2025-04-19,erc1155,17,1500,995,2495,522584,0.00477435,0.4774,-0.99522565,-99.5226
2025-04-19,erc1155,18,1965,674,2639,706912,0.00373314,0.3733,-0.99626686,-99.6267
2025-04-19,erc1155,19,1258,1258,2516,445200,0.00565139,0.5651,-0.99434861,-99.4349
2025-04-19,erc1155,20,3975,6448,10423,619080,0.01683627,1.6836,-0.98316373,-98.3164
2025-04-19,erc1155,22,1014,1014,2028,641539,0.00316115,0.3161,-0.99683885,-99.6839
2025-04-19,erc1155,23,788,5465,6253,741286,0.00843534,0.8435,-0.99156466,-99.1565
2025-04-19,erc1155,24,314,314,628,32550,0.01929339,1.9293,-0.98070661,-98.0707
2025-04-19,erc1155,25,4000,7744,11744,1213275,0.00967959,0.9680,-0.99032041,-99.0320
2025-04-19,erc1155,27,8694,18381,27075,1435061,0.01886679,1.8867,-0.98113321,-98.1133
2025-04-19,erc1155,3,156,156,312,165356,0.00188684,0.1887,-0.99811316,-99.8113
2025-04-19,erc1155,4,1282,7506,8788,238409,0.03686102,3.6861,-0.96313898,-96.3139
2025-04-19,erc1155,5,106,106,212,38010,0.00557748,0.5577,-0.99442252,-99.4423
2025-04-19,erc1155,6,162,162,324,445200,0.00072776,0.0728,-0.99927224,-99.9272
2025-04-19,erc1155,7,49,49,98,33663,0.00291121,0.2911,-0.99708879,-99.7089
2025-04-19,erc1155,8,39,39,78,26775,0.00291317,0.2913,-0.99708683,-99.7087
2025-04-19,erc1155,9,640,462,1102,308553,0.00357151,0.3572,-0.99642849,-99.6428
2025-04-20,erc1155,10,164,164,328,33075,0.00991686,0.9917,-0.99008314,-99.0083
2025-04-20,erc1155,11,71,71,142,692451,0.00020507,0.0205,-0.99979493,-99.9795
2025-04-20,erc1155,12,1813,1798,3611,444140,0.00813032,0.8130,-0.99186968,-99.1870
2025-04-20,erc1155,13,341,371,712,648943,0.00109717,0.1097,-0.99890283,-99.8903
2025-04-20,erc1155,14,46,46,92,31500,0.00292063,0.2921,-0.99707937,-99.7079
2025-04-20,erc1155,16,395,507,902,626260,0.00144030,0.1440,-0.99855970,-99.8560
2025-04-20,erc1155,17,2357,1810,4167,522584,0.00797384,0.7974,-0.99202616,-99.2026
2025-04-20,erc1155,18,3570,1942,5512,706912,0.00779729,0.7797,-0.99220271,-99.2203
2025-04-20,erc1155,19,740,740,1480,445200,0.00332435,0.3324,-0.99667565,-99.6676
2025-04-20,erc1155,20,1099,13733,14832,619080,0.02395813,2.3958,-0.97604187,-97.6042
2025-04-20,erc1155,22,1311,1311,2622,641539,0.00408705,0.4087,-0.99591295,-99.5913
2025-04-20,erc1155,23,1162,983,2145,741286,0.00289362,0.2894,-0.99710638,-99.7106
2025-04-20,erc1155,24,278,278,556,32550,0.01708141,1.7081,-0.98291859,-98.2919
2025-04-20,erc1155,25,991,954,1945,1213275,0.00160310,0.1603,-0.99839690,-99.8397
2025-04-20,erc1155,27,1738,8837,10575,1435061,0.00736902,0.7369,-0.99263098,-99.2631
2025-04-20,erc1155,3,142,142,284,165356,0.00171751,0.1718,-0.99828249,-99.8282
2025-04-20,erc1155,4,363,363,726,238409,0.00304519,0.3045,-0.99695481,-99.6955
2025-04-20,erc1155,5,57,57,114,38010,0.00299921,0.2999,-0.99700079,-99.7001
2025-04-20,erc1155,6,45,45,90,445200,0.00020216,0.0202,-0.99979784,-99.9798
2025-04-20,erc1155,7,79,79,158,33663,0.00469358,0.4694,-0.99530642,-99.5306
2025-04-20,erc1155,8,37,37,74,26775,0.00276377,0.2764,-0.99723623,-99.7236
2025-04-20,erc1155,9,387,565,952,308553,0.00308537,0.3085,-0.99691463,-99.6915
2025-04-21,erc1155,10,60,60,120,33075,0.00362812,0.3628,-0.99637188,-99.6372
2025-04-21,erc1155,11,291,291,582,692451,0.00084049,0.0840,-0.99915951,-99.9160
2025-04-21,erc1155,12,3065,2700,5765,444140,0.01298014,1.2980,-0.98701986,-98.7020
2025-04-21,erc1155,13,1172,1172,2344,648943,0.00361203,0.3612,-0.99638797,-99.6388
2025-04-21,erc1155,14,32,32,64,31500,0.00203175,0.2032,-0.99796825,-99.7968
2025-04-21,erc1155,16,1123,877,2000,626260,0.00319356,0.3194,-0.99680644,-99.6806
2025-04-21,erc1155,17,2403,2019,4422,522584,0.00846180,0.8462,-0.99153820,-99.1538
2025-04-21,erc1155,18,10440,2567,13007,706912,0.01839974,1.8400,-0.98160026,-98.1600
2025-04-21,erc1155,19,131,131,262,445200,0.00058850,0.0588,-0.99941150,-99.9412
2025-04-21,erc1155,20,2372,6567,8939,619080,0.01443917,1.4439,-0.98556083,-98.5561
2025-04-21,erc1155,22,3022,3022,6044,641539,0.00942110,0.9421,-0.99057890,-99.0579
2025-04-21,erc1155,23,2232,1839,4071,741286,0.00549181,0.5492,-0.99450819,-99.4508
2025-04-21,erc1155,24,204,204,408,32550,0.01253456,1.2535,-0.98746544,-98.7465
2025-04-21,erc1155,25,9072,2739,11811,1213275,0.00973481,0.9735,-0.99026519,-99.0265
2025-04-21,erc1155,27,7568,31034,38602,1435061,0.02689920,2.6899,-0.97310080,-97.3101
2025-04-21,erc1155,3,415,415,830,165356,0.00501947,0.5019,-0.99498053,-99.4981
2025-04-21,erc1155,4,615,615,1230,238409,0.00515920,0.5159,-0.99484080,-99.4841
2025-04-21,erc1155,5,40,40,80,38010,0.00210471,0.2105,-0.99789529,-99.7895
2025-04-21,erc1155,6,10,10,20,445200,0.00004492,0.0045,-0.99995508,-99.9955
2025-04-21,erc1155,7,145,145,290,33663,0.00861480,0.8615,-0.99138520,-99.1385
2025-04-21,erc1155,8,9,9,18,26775,0.00067227,0.0672,-0.99932773,-99.9328
2025-04-21,erc1155,9,4783,1239,6022,308553,0.01951691,1.9517,-0.98048309,-98.0483
2025-04-22,erc1155,10,31,31,62,33075,0.00187453,0.1875,-0.99812547,-99.8125
2025-04-22,erc1155,11,194,194,388,692451,0.00056033,0.0560,-0.99943967,-99.9440
2025-04-22,erc1155,12,4703,984,5687,444140,0.01280452,1.2805,-0.98719548,-98.7195
2025-04-22,erc1155,13,1208,1119,2327,648943,0.00358583,0.3586,-0.99641417,-99.6414
2025-04-22,erc1155,14,62,62,124,31500,0.00393651,0.3937,-0.99606349,-99.6063
2025-04-22,erc1155,16,1542,1798,3340,626260,0.00533325,0.5333,-0.99466675,-99.4667
2025-04-22,erc1155,17,459,780,1239,522584,0.00237091,0.2371,-0.99762909,-99.7629
2025-04-22,erc1155,18,1221,799,2020,706912,0.00285750,0.2857,-0.99714250,-99.7143
2025-04-22,erc1155,19,357,357,714,445200,0.00160377,0.1604,-0.99839623,-99.8396
2025-04-22,erc1155,20,6450,2072,8522,619080,0.01376559,1.3766,-0.98623441,-98.6234
2025-04-22,erc1155,22,6126,6126,12252,641539,0.01909783,1.9098,-0.98090217,-98.0902
2025-04-22,erc1155,23,748,1320,2068,741286,0.00278975,0.2790,-0.99721025,-99.7210
2025-04-22,erc1155,24,155,155,310,32550,0.00952381,0.9524,-0.99047619,-99.0476
2025-04-22,erc1155,25,1265,7635,8900,1213275,0.00733552,0.7336,-0.99266448,-99.2664
2025-04-22,erc1155,27,3986,23996,27982,1435061,0.01949882,1.9499,-0.98050118,-98.0501
2025-04-22,erc1155,3,68,68,136,165356,0.00082247,0.0822,-0.99917753,-99.9178
2025-04-22,erc1155,4,165,165,330,238409,0.00138418,0.1384,-0.99861582,-99.8616
2025-04-22,erc1155,5,13,13,26,38010,0.00068403,0.0684,-0.99931597,-99.9316
2025-04-22,erc1155,6,52,52,104,445200,0.00023360,0.0234,-0.99976640,-99.9766
2025-04-22,erc1155,7,84,84,168,33663,0.00499064,0.4991,-0.99500936,-99.5009
2025-04-22,erc1155,8,9,9,18,26775,0.00067227,0.0672,-0.99932773,-99.9328
2025-04-22,erc1155,9,821,3199,4020,308553,0.01302856,1.3029,-0.98697144,-98.6971
2025-04-23,erc1155,10,93,93,186,33075,0.00562358,0.5624,-0.99437642,-99.4376
2025-04-23,erc1155,11,592,592,1184,692451,0.00170987,0.1710,-0.99829013,-99.8290
2025-04-23,erc1155,12,2003,4331,6334,444140,0.01426127,1.4261,-0.98573873,-98.5739
2025-04-23,erc1155,13,1077,1166,2243,648943,0.00345639,0.3456,-0.99654361,-99.6544
2025-04-23,erc1155,14,140,140,280,31500,0.00888889,0.8889,-0.99111111,-99.1111
2025-04-23,erc1155,16,2406,2406,4812,626260,0.00768371,0.7684,-0.99231629,-99.2316
2025-04-23,erc1155,17,535,1746,2281,522584,0.00436485,0.4365,-0.99563515,-99.5635
2025-04-23,erc1155,18,2937,2784,5721,706912,0.00809295,0.8093,-0.99190705,-99.1907
2025-04-23,erc1155,19,1017,1017,2034,445200,0.00456873,0.4569,-0.99543127,-99.5431
2025-04-23,erc1155,20,1206,2615,3821,619080,0.00617206,0.6172,-0.99382794,-99.3828
2025-04-23,erc1155,22,2599,2599,5198,641539,0.00810239,0.8102,-0.99189761,-99.1898
2025-04-23,erc1155,23,225,225,450,741286,0.00060705,0.0607,-0.99939295,-99.9393
2025-04-23,erc1155,24,169,169,338,32550,0.01038402,1.0384,-0.98961598,-98.9616
2025-04-23,erc1155,25,7896,4254,12150,1213275,0.01001422,1.0014,-0.98998578,-98.9986
2025-04-23,erc1155,27,7296,12209,19505,1435061,0.01359176,1.3592,-0.98640824,-98.6408
2025-04-23,erc1155,3,207,207,414,165356,0.00250369,0.2504,-0.99749631,-99.7496
2025-04-23,erc1155,4,1002,1002,2004,238409,0.00840572,0.8406,-0.99159428,-99.1594
2025-04-23,erc1155,5,148,148,296,38010,0.00778742,0.7787,-0.99221258,-99.2213
2025-04-23,erc1155,6,1631,1631,3262,445200,0.00732704,0.7327,-0.99267296,-99.2673
2025-04-23,erc1155,7,138,138,276,33663,0.00819891,0.8199,-0.99180109,-99.1801
2025-04-23,erc1155,8,99,99,198,26775,0.00739496,0.7395,-0.99260504,-99.2605
2025-04-23,erc1155,9,860,2026,2886,308553,0.00935334,0.9353,-0.99064666,-99.0647
2025-04-24,erc1155,10,13,13,26,33075,0.00078609,0.0786,-0.99921391,-99.9214
2025-04-24,erc1155,11,243,243,486,692451,0.00070185,0.0702,-0.99929815,-99.9298
2025-04-24,erc1155,12,607,2378,2985,444140,0.00672085,0.6721,-0.99327915,-99.3279
2025-04-24,erc1155,13,1342,1342,2684,648943,0.00413596,0.4136,-0.99586404,-99.5864
2025-04-24,erc1155,14,134,134,268,31500,0.00850794,0.8508,-0.99149206,-99.1492
2025-04-24,erc1155,16,547,547,1094,626260,0.00174688,0.1747,-0.99825312,-99.8253
2025-04-24,erc1155,17,756,1531,2287,522584,0.00437633,0.4376,-0.99562367,-99.5624
2025-04-24,erc1155,18,2553,444,2997,706912,0.00423957,0.4240,-0.99576043,-99.5760
2025-04-24,erc1155,19,492,492,984,445200,0.00221024,0.2210,-0.99778976,-99.7790
2025-04-24,erc1155,20,3901,991,4892,619080,0.00790205,0.7902,-0.99209795,-99.2098
2025-04-24,erc1155,22,2668,2668,5336,641539,0.00831750,0.8317,-0.99168250,-99.1683
2025-04-24,erc1155,23,3786,1427,5213,741286,0.00703237,0.7032,-0.99296763,-99.2968
2025-04-24,erc1155,24,292,292,584,32550,0.01794163,1.7942,-0.98205837,-98.2058
2025-04-24,erc1155,25,13093,4489,17582,1213275,0.01449136,1.4491,-0.98550864,-98.5509
2025-04-24,erc1155,27,10395,6073,16468,1435061,0.01147547,1.1475,-0.98852453,-98.8525
2025-04-24,erc1155,3,57,57,114,165356,0.00068942,0.0689,-0.99931058,-99.9311
2025-04-24,erc1155,4,876,876,1752,238409,0.00734872,0.7349,-0.99265128,-99.2651
2025-04-24,erc1155,5,27,27,54,38010,0.00142068,0.1421,-0.99857932,-99.8579
2025-04-24,erc1155,6,41,41,82,445200,0.00018419,0.0184,-0.99981581,-99.9816
2025-04-24,erc1155,7,40,40,80,33663,0.00237650,0.2376,-0.99762350,-99.7624
2025-04-24,erc1155,8,12,12,24,26775,0.00089636,0.0896,-0.99910364,-99.9104
2025-04-24,erc1155,9,457,450,907,308553,0.00293953,0.2940,-0.99706047,-99.7060
2025-05-02,erc1155,10,7,7,14,33075,0.00042328,0.0423,-0.99957672,-99.9577
2025-05-02,erc1155,11,333,333,666,692451,0.00096180,0.0962,-0.99903820,-99.9038
2025-05-02,erc1155,12,383,383,766,444140,0.00172468,0.1725,-0.99827532,-99.8275
2025-05-02,erc1155,13,670,670,1340,648943,0.00206490,0.2065,-0.99793510,-99.7935
2025-05-02,erc1155,14,33,33,66,31500,0.00209524,0.2095,-0.99790476,-99.7905
2025-05-02,erc1155,16,329,329,658,626260,0.00105068,0.1051,-0.99894932,-99.8949
2025-05-02,erc1155,17,255,3681,3936,522584,0.00753180,0.7532,-0.99246820,-99.2468
2025-05-02,erc1155,18,2842,4356,7198,706912,0.01018231,1.0182,-0.98981769,-98.9818
2025-05-02,erc1155,19,944,944,1888,445200,0.00424079,0.4241,-0.99575921,-99.5759
2025-05-02,erc1155,20,741,2826,3567,619080,0.00576178,0.5762,-0.99423822,-99.4238
2025-05-02,erc1155,22,271,271,542,641539,0.00084484,0.0845,-0.99915516,-99.9155
2025-05-02,erc1155,23,668,3027,3695,741286,0.00498458,0.4985,-0.99501542,-99.5015
2025-05-02,erc1155,24,113,103,216,32550,0.00663594,0.6636,-0.99336406,-99.3364
2025-05-02,erc1155,25,4079,5991,10070,1213275,0.00829985,0.8300,-0.99170015,-99.1700
2025-05-02,erc1155,27,3484,25323,28807,1435061,0.02007371,2.0074,-0.97992629,-97.9926
2025-05-02,erc1155,3,165,165,330,165356,0.00199569,0.1996,-0.99800431,-99.8004
2025-05-02,erc1155,4,171,171,342,238409,0.00143451,0.1435,-0.99856549,-99.8565
2025-05-02,erc1155,5,13,10,23,38010,0.00060510,0.0605,-0.99939490,-99.9395
2025-05-02,erc1155,6,21,21,42,445200,0.00009434,0.0094,-0.99990566,-99.9906
2025-05-02,erc1155,7,50,50,100,33663,0.00297062,0.2971,-0.99702938,-99.7029
2025-05-02,erc1155,8,16,16,32,26775,0.00119514,0.1195,-0.99880486,-99.8805
2025-05-02,erc1155,9,1085,273,1358,308553,0.00440119,0.4401,-0.99559881,-99.5599
2025-05-03,erc1155,10,909,456,1365,33075,0.04126984,4.1270,-0.95873016,-95.8730
2025-05-03,erc1155,11,1596,1593,3189,692451,0.00460538,0.4605,-0.99539462,-99.5395
2025-05-03,erc1155,12,1691,1532,3223,444140,0.00725672,0.7257,-0.99274328,-99.2743
2025-05-03,erc1155,13,2611,2605,5216,648943,0.00803769,0.8038,-0.99196231,-99.1962
2025-05-03,erc1155,14,503,503,1006,31500,0.03193651,3.1937,-0.96806349,-96.8063
2025-05-03,erc1155,16,4237,2942,7179,626260,0.01146329,1.1463,-0.98853671,-98.8537
2025-05-03,erc1155,17,2410,9360,11770,522584,0.02252269,2.2523,-0.97747731,-97.7477
2025-05-03,erc1155,18,5328,2469,7797,706912,0.01102966,1.1030,-0.98897034,-98.8970
2025-05-03,erc1155,19,1694,1694,3388,445200,0.00761006,0.7610,-0.99238994,-99.2390
2025-05-03,erc1155,20,5995,6057,12052,619080,0.01946760,1.9468,-0.98053240,-98.0532
2025-05-03,erc1155,22,3190,3190,6380,641539,0.00994484,0.9945,-0.99005516,-99.0055
2025-05-03,erc1155,23,4123,3914,8037,741286,0.01084197,1.0842,-0.98915803,-98.9158
2025-05-03,erc1155,24,1489,847,2336,32550,0.07176651,7.1767,-0.92823349,-92.8233
2025-05-03,erc1155,25,13670,14304,27974,1213275,0.02305660,2.3057,-0.97694340,-97.6943
2025-05-03,erc1155,27,13654,33967,47621,1435061,0.03318396,3.3184,-0.96681604,-96.6816
2025-05-03,erc1155,3,1077,1067,2144,165356,0.01296596,1.2966,-0.98703404,-98.7034
2025-05-03,erc1155,4,2307,2191,4498,238409,0.01886674,1.8867,-0.98113326,-98.1133
2025-05-03,erc1155,5,245,248,493,38010,0.01297027,1.2970,-0.98702973,-98.7030
2025-05-03,erc1155,6,1059,1059,2118,445200,0.00475741,0.4757,-0.99524259,-99.5243
2025-05-03,erc1155,7,565,555,1120,33663,0.03327095,3.3271,-0.96672905,-96.6729
2025-05-03,erc1155,8,320,320,640,26775,0.02390289,2.3903,-0.97609711,-97.6097
2025-05-03,erc1155,9,1982,2561,4543,308553,0.01472356,1.4724,-0.98527644,-98.5276
2025-05-04,erc1155,10,305,758,1063,33075,0.03213908,3.2139,-0.96786092,-96.7861
2025-05-04,erc1155,11,21212,21215,42427,692451,0.06127076,6.1271,-0.93872924,-93.8729
2025-05-04,erc1155,12,7284,7443,14727,444140,0.03315846,3.3158,-0.96684154,-96.6842
2025-05-04,erc1155,13,34241,31521,65762,648943,0.10133710,10.1337,-0.89866290,-89.8663
2025-05-04,erc1155,14,609,609,1218,31500,0.03866667,3.8667,-0.96133333,-96.1333
2025-05-04,erc1155,16,15631,14439,30070,626260,0.04801520,4.8015,-0.95198480,-95.1985
2025-05-04,erc1155,17,8434,3453,11887,522584,0.02274658,2.2747,-0.97725342,-97.7253
2025-05-04,erc1155,18,7537,9150,16687,706912,0.02360548,2.3605,-0.97639452,-97.6395
2025-05-04,erc1155,19,8488,8488,16976,445200,0.03813118,3.8131,-0.96186882,-96.1869
2025-05-04,erc1155,20,21234,14791,36025,619080,0.05819119,5.8191,-0.94180881,-94.1809
2025-05-04,erc1155,22,8509,8150,16659,641539,0.02596724,2.5967,-0.97403276,-97.4033
2025-05-04,erc1155,23,9212,8916,18128,741286,0.02445480,2.4455,-0.97554520,-97.5545
2025-05-04,erc1155,24,857,1499,2356,32550,0.07238095,7.2381,-0.92761905,-92.7619
2025-05-04,erc1155,25,36206,37375,73581,1213275,0.06064660,6.0647,-0.93935340,-93.9353
2025-05-04,erc1155,27,57793,108052,165845,1435061,0.11556652,11.5567,-0.88443348,-88.4433
2025-05-04,erc1155,3,733,743,1476,165356,0.00892620,0.8926,-0.99107380,-99.1074
2025-05-04,erc1155,4,8781,8472,17253,238409,0.07236723,7.2367,-0.92763277,-92.7633
2025-05-04,erc1155,5,494,494,988,38010,0.02599316,2.5993,-0.97400684,-97.4007
2025-05-04,erc1155,6,1946,1946,3892,445200,0.00874214,0.8742,-0.99125786,-99.1258
2025-05-04,erc1155,7,237,247,484,33663,0.01437780,1.4378,-0.98562220,-98.5622
2025-05-04,erc1155,8,164,164,328,26775,0.01225023,1.2250,-0.98774977,-98.7750
2025-05-04,erc1155,9,22339,3156,25495,308553,0.08262762,8.2628,-0.91737238,-91.7372
2025-05-05,erc1155,10,30,30,60,33075,0.00181406,0.1814,-0.99818594,-99.8186
2025-05-05,erc1155,11,6326,6326,12652,692451,0.01827133,1.8271,-0.98172867,-98.1729
2025-05-05,erc1155,12,20269,2462,22731,444140,0.05117981,5.1180,-0.94882019,-94.8820
2025-05-05,erc1155,13,5447,8099,13546,648943,0.02087394,2.0874,-0.97912606,-97.9126
2025-05-05,erc1155,14,69,69,138,31500,0.00438095,0.4381,-0.99561905,-99.5619
2025-05-05,erc1155,16,31453,33940,65393,626260,0.10441829,10.4418,-0.89558171,-89.5582
2025-05-05,erc1155,17,9056,1044,10100,522584,0.01932704,1.9327,-0.98067296,-98.0673
2025-05-05,erc1155,18,21689,1803,23492,706912,0.03323186,3.3232,-0.96676814,-96.6768
2025-05-05,erc1155,19,5895,5895,11790,445200,0.02648248,2.6482,-0.97351752,-97.3518
2025-05-05,erc1155,20,19232,3192,22424,619080,0.03622149,3.6221,-0.96377851,-96.3779
2025-05-05,erc1155,22,4514,4873,9387,641539,0.01463200,1.4632,-0.98536800,-98.5368
2025-05-05,erc1155,23,8811,9311,18122,741286,0.02444670,2.4447,-0.97555330,-97.5553
2025-05-05,erc1155,24,255,258,513,32550,0.01576037,1.5760,-0.98423963,-98.4240
2025-05-05,erc1155,25,14974,11754,26728,1213275,0.02202963,2.2030,-0.97797037,-97.7970
2025-05-05,erc1155,27,54505,62308,116813,1435061,0.08139933,8.1399,-0.91860067,-91.8601
2025-05-05,erc1155,3,35185,35133,70318,165356,0.42525218,42.5252,-0.57474782,-57.4748
2025-05-05,erc1155,4,7123,5137,12260,238409,0.05142423,5.1424,-0.94857577,-94.8576
2025-05-05,erc1155,5,95,95,190,38010,0.00499868,0.4999,-0.99500132,-99.5001
2025-05-05,erc1155,6,4121,4121,8242,445200,0.01851303,1.8513,-0.98148697,-98.1487
2025-05-05,erc1155,7,136,136,272,33663,0.00808009,0.8080,-0.99191991,-99.1920
2025-05-05,erc1155,8,10,10,20,26775,0.00074697,0.0747,-0.99925303,-99.9253
2025-05-05,erc1155,9,1832,669,2501,308553,0.00810558,0.8106,-0.99189442,-99.1894
2025-05-06,erc1155,10,66,66,132,33075,0.00399093,0.3991,-0.99600907,-99.6009
2025-05-06,erc1155,11,5443,5443,10886,692451,0.01572097,1.5721,-0.98427903,-98.4279
2025-05-06,erc1155,12,257,1247,1504,444140,0.00338632,0.3386,-0.99661368,-99.6614
2025-05-06,erc1155,13,1713,1593,3306,648943,0.00509444,0.5094,-0.99490556,-99.4906
2025-05-06,erc1155,14,1,1,2,31500,0.00006349,0.0063,-0.99993651,-99.9937
2025-05-06,erc1155,16,3221,2954,6175,626260,0.00986012,0.9860,-0.99013988,-99.0140
2025-05-06,erc1155,17,1576,7170,8746,522584,0.01673607,1.6736,-0.98326393,-98.3264
2025-05-06,erc1155,18,2867,661,3528,706912,0.00499072,0.4991,-0.99500928,-99.5009
2025-05-06,erc1155,19,3695,3695,7390,445200,0.01659928,1.6599,-0.98340072,-98.3401
2025-05-06,erc1155,20,1529,843,2372,619080,0.00383149,0.3831,-0.99616851,-99.6169
2025-05-06,erc1155,22,2851,2851,5702,641539,0.00888800,0.8888,-0.99111200,-99.1112
2025-05-06,erc1155,23,2306,2076,4382,741286,0.00591135,0.5911,-0.99408865,-99.4089
2025-05-06,erc1155,24,42,49,91,32550,0.00279570,0.2796,-0.99720430,-99.7204
2025-05-06,erc1155,25,4286,15531,19817,1213275,0.01633348,1.6333,-0.98366652,-98.3667
2025-05-06,erc1155,27,17160,24165,41325,1435061,0.02879669,2.8797,-0.97120331,-97.1203
2025-05-06,erc1155,3,11226,4947,16173,165356,0.09780716,9.7807,-0.90219284,-90.2193
2025-05-06,erc1155,4,6686,3276,9962,238409,0.04178534,4.1785,-0.95821466,-95.8215
2025-05-06,erc1155,5,24,24,48,38010,0.00126283,0.1263,-0.99873717,-99.8737
2025-05-06,erc1155,6,55,55,110,445200,0.00024708,0.0247,-0.99975292,-99.9753
2025-05-06,erc1155,7,27,27,54,33663,0.00160414,0.1604,-0.99839586,-99.8396
2025-05-06,erc1155,8,43,43,86,26775,0.00321195,0.3212,-0.99678805,-99.6788
2025-05-06,erc1155,9,52,1515,1567,308553,0.00507854,0.5079,-0.99492146,-99.4921
2025-05-07,erc1155,10,63,63,126,33075,0.00380952,0.3810,-0.99619048,-99.6190
2025-05-07,erc1155,11,1454,1454,2908,692451,0.00419958,0.4200,-0.99580042,-99.5800
2025-05-07,erc1155,12,597,2281,2878,444140,0.00647994,0.6480,-0.99352006,-99.3520
2025-05-07,erc1155,13,555,749,1304,648943,0.00200942,0.2009,-0.99799058,-99.7991
2025-05-07,erc1155,14,39,39,78,31500,0.00247619,0.2476,-0.99752381,-99.7524
2025-05-07,erc1155,16,492,759,1251,626260,0.00199757,0.1998,-0.99800243,-99.8002
2025-05-07,erc1155,17,1059,418,1477,522584,0.00282634,0.2826,-0.99717366,-99.7174
2025-05-07,erc1155,18,1895,1810,3705,706912,0.00524110,0.5241,-0.99475890,-99.4759
2025-05-07,erc1155,19,2315,2315,4630,445200,0.01039982,1.0400,-0.98960018,-98.9600
2025-05-07,erc1155,20,627,1099,1726,619080,0.00278801,0.2788,-0.99721199,-99.7212
2025-05-07,erc1155,22,2337,2337,4674,641539,0.00728561,0.7286,-0.99271439,-99.2714
2025-05-07,erc1155,23,352,587,939,741286,0.00126672,0.1267,-0.99873328,-99.8733
2025-05-07,erc1155,24,173,173,346,32550,0.01062980,1.0630,-0.98937020,-98.9370
2025-05-07,erc1155,25,3366,3872,7238,1213275,0.00596567,0.5966,-0.99403433,-99.4034
2025-05-07,erc1155,27,20322,3897,24219,1435061,0.01687663,1.6877,-0.98312337,-98.3123
2025-05-07,erc1155,3,154,3376,3530,165356,0.02134788,2.1348,-0.97865212,-97.8652
2025-05-07,erc1155,4,173,311,484,238409,0.00203012,0.2030,-0.99796988,-99.7970
2025-05-07,erc1155,5,17,17,34,38010,0.00089450,0.0895,-0.99910550,-99.9105
2025-05-07,erc1155,6,14,14,28,445200,0.00006289,0.0063,-0.99993711,-99.9937
2025-05-07,erc1155,7,133,133,266,33663,0.00790185,0.7902,-0.99209815,-99.2098
2025-05-07,erc1155,8,76,76,152,26775,0.00567694,0.5677,-0.99432306,-99.4323
2025-05-07,erc1155,9,187,1701,1888,308553,0.00611888,0.6119,-0.99388112,-99.3881
2025-05-08,erc1155,10,117,117,234,33075,0.00707483,0.7075,-0.99292517,-99.2925
2025-05-08,erc1155,11,652,652,1304,692451,0.00188317,0.1883,-0.99811683,-99.8117
2025-05-08,erc1155,12,638,1709,2347,444140,0.00528437,0.5284,-0.99471563,-99.4716
2025-05-08,erc1155,13,497,497,994,648943,0.00153172,0.1532,-0.99846828,-99.8468
2025-05-08,erc1155,14,47,47,94,31500,0.00298413,0.2984,-0.99701587,-99.7016
2025-05-08,erc1155,16,165,165,330,626260,0.00052694,0.0527,-0.99947306,-99.9473
2025-05-08,erc1155,17,169,467,636,522584,0.00121703,0.1217,-0.99878297,-99.8783
2025-05-08,erc1155,18,687,841,1528,706912,0.00216151,0.2162,-0.99783849,-99.7838
2025-05-08,erc1155,19,1695,1695,3390,445200,0.00761456,0.7615,-0.99238544,-99.2385
2025-05-08,erc1155,20,3600,1251,4851,619080,0.00783582,0.7836,-0.99216418,-99.2164
2025-05-08,erc1155,22,4417,3529,7946,641539,0.01238584,1.2386,-0.98761416,-98.7614
2025-05-08,erc1155,23,262,262,524,741286,0.00070688,0.0707,-0.99929312,-99.9293
2025-05-08,erc1155,24,38,38,76,32550,0.00233487,0.2335,-0.99766513,-99.7665
2025-05-08,erc1155,25,781,779,1560,1213275,0.00128578,0.1286,-0.99871422,-99.8714
2025-05-08,erc1155,27,18518,10034,28552,1435061,0.01989602,1.9896,-0.98010398,-98.0104
2025-05-08,erc1155,3,207,3316,3523,165356,0.02130555,2.1306,-0.97869445,-97.8694
2025-05-08,erc1155,4,457,687,1144,238409,0.00479848,0.4798,-0.99520152,-99.5202
2025-05-08,erc1155,5,44,44,88,38010,0.00231518,0.2315,-0.99768482,-99.7685
2025-05-08,erc1155,6,75,75,150,445200,0.00033693,0.0337,-0.99966307,-99.9663
2025-05-08,erc1155,7,79,79,158,33663,0.00469358,0.4694,-0.99530642,-99.5306
2025-05-08,erc1155,8,35,35,70,26775,0.00261438,0.2614,-0.99738562,-99.7386
2025-05-08,erc1155,9,165,321,486,308553,0.00157509,0.1575,-0.99842491,-99.8425
2025-05-09,erc1155,10,5,5,10,33075,0.00030234,0.0302,-0.99969766,-99.9698
2025-05-09,erc1155,11,2349,2349,4698,692451,0.00678460,0.6785,-0.99321540,-99.3215
2025-05-09,erc1155,12,2420,1056,3476,444140,0.00782636,0.7826,-0.99217364,-99.2174
2025-05-09,erc1155,13,1790,1790,3580,648943,0.00551666,0.5517,-0.99448334,-99.4483
2025-05-09,erc1155,14,345,345,690,31500,0.02190476,2.1905,-0.97809524,-97.8095
2025-05-09,erc1155,16,477,477,954,626260,0.00152333,0.1523,-0.99847667,-99.8477
2025-05-09,erc1155,17,1130,1740,2870,522584,0.00549194,0.5492,-0.99450806,-99.4508
2025-05-09,erc1155,18,3292,895,4187,706912,0.00592294,0.5923,-0.99407706,-99.4077
2025-05-09,erc1155,19,525,525,1050,445200,0.00235849,0.2358,-0.99764151,-99.7642
2025-05-09,erc1155,20,1409,1111,2520,619080,0.00407056,0.4071,-0.99592944,-99.5929
2025-05-09,erc1155,22,856,1744,2600,641539,0.00405275,0.4053,-0.99594725,-99.5947
2025-05-09,erc1155,23,1931,1931,3862,741286,0.00520987,0.5210,-0.99479013,-99.4790
2025-05-09,erc1155,24,255,255,510,32550,0.01566820,1.5668,-0.98433180,-98.4332
2025-05-09,erc1155,25,14693,1638,16331,1213275,0.01346026,1.3460,-0.98653974,-98.6540
2025-05-09,erc1155,27,27458,20504,47962,1435061,0.03342158,3.3422,-0.96657842,-96.6578
2025-05-09,erc1155,3,1235,1235,2470,165356,0.01493747,1.4937,-0.98506253,-98.5063
2025-05-09,erc1155,4,464,1353,1817,238409,0.00762136,0.7621,-0.99237864,-99.2379
2025-05-09,erc1155,5,25,25,50,38010,0.00131544,0.1315,-0.99868456,-99.8685
2025-05-09,erc1155,6,167,167,334,445200,0.00075022,0.0750,-0.99924978,-99.9250
2025-05-09,erc1155,7,95,45,140,33663,0.00415887,0.4159,-0.99584113,-99.5841
2025-05-09,erc1155,8,85,85,170,26775,0.00634921,0.6349,-0.99365079,-99.3651
2025-05-09,erc1155,9,634,203,837,308553,0.00271266,0.2713,-0.99728734,-99.7287
2025-05-10,erc1155,10,56,56,112,33075,0.00338624,0.3386,-0.99661376,-99.6614
2025-05-10,erc1155,11,74,74,148,692451,0.00021373,0.0214,-0.99978627,-99.9786
2025-05-10,erc1155,12,1216,7484,8700,444140,0.01958842,1.9588,-0.98041158,-98.0412
2025-05-10,erc1155,13,1990,581,2571,648943,0.00396183,0.3962,-0.99603817,-99.6038
2025-05-10,erc1155,14,25,25,50,31500,0.00158730,0.1587,-0.99841270,-99.8413
2025-05-10,erc1155,16,445,445,890,626260,0.00142113,0.1421,-0.99857887,-99.8579
2025-05-10,erc1155,17,981,7987,8968,522584,0.01716088,1.7161,-0.98283912,-98.2839
2025-05-10,erc1155,18,1272,756,2028,706912,0.00286882,0.2869,-0.99713118,-99.7131
2025-05-10,erc1155,19,309,309,618,445200,0.00138814,0.1388,-0.99861186,-99.8612
2025-05-10,erc1155,20,1472,5630,7102,619080,0.01147186,1.1472,-0.98852814,-98.8528
2025-05-10,erc1155,22,387,387,774,641539,0.00120647,0.1206,-0.99879353,-99.8794
2025-05-10,erc1155,23,2412,294,2706,741286,0.00365041,0.3650,-0.99634959,-99.6350
2025-05-10,erc1155,24,243,119,362,32550,0.01112135,1.1121,-0.98887865,-98.8879
2025-05-10,erc1155,25,12721,2979,15700,1213275,0.01294018,1.2940,-0.98705982,-98.7060
2025-05-10,erc1155,27,15846,7315,23161,1435061,0.01613938,1.6139,-0.98386062,-98.3861
2025-05-10,erc1155,3,187,187,374,165356,0.00226179,0.2262,-0.99773821,-99.7738
2025-05-10,erc1155,4,674,1111,1785,238409,0.00748713,0.7487,-0.99251287,-99.2513
2025-05-10,erc1155,5,56,56,112,38010,0.00294659,0.2947,-0.99705341,-99.7053
2025-05-10,erc1155,6,69,69,138,445200,0.00030997,0.0310,-0.99969003,-99.9690
2025-05-10,erc1155,7,163,213,376,33663,0.01116953,1.1170,-0.98883047,-98.8830
2025-05-10,erc1155,8,21,21,42,26775,0.00156863,0.1569,-0.99843137,-99.8431
2025-05-10,erc1155,9,707,372,1079,308553,0.00349697,0.3497,-0.99650303,-99.6503
2025-05-11,erc1155,10,21,21,42,33075,0.00126984,0.1270,-0.99873016,-99.8730
2025-05-11,erc1155,11,72,72,144,692451,0.00020796,0.0208,-0.99979204,-99.9792
2025-05-11,erc1155,12,190,260,450,444140,0.00101319,0.1013,-0.99898681,-99.8987
2025-05-11,erc1155,13,149,1558,1707,648943,0.00263043,0.2630,-0.99736957,-99.7370
2025-05-11,erc1155,14,10,10,20,31500,0.00063492,0.0635,-0.99936508,-99.9365
2025-05-11,erc1155,16,108,108,216,626260,0.00034490,0.0345,-0.99965510,-99.9655
2025-05-11,erc1155,17,425,553,978,522584,0.00187147,0.1871,-0.99812853,-99.8129
2025-05-11,erc1155,18,921,778,1699,706912,0.00240341,0.2403,-0.99759659,-99.7597
2025-05-11,erc1155,19,528,503,1031,445200,0.00231581,0.2316,-0.99768419,-99.7684
2025-05-11,erc1155,20,360,6405,6765,619080,0.01092751,1.0928,-0.98907249,-98.9072
2025-05-11,erc1155,22,990,990,1980,641539,0.00308633,0.3086,-0.99691367,-99.6914
2025-05-11,erc1155,23,791,1638,2429,741286,0.00327674,0.3277,-0.99672326,-99.6723
2025-05-11,erc1155,24,47,171,218,32550,0.00669739,0.6697,-0.99330261,-99.3303
2025-05-11,erc1155,25,3617,4119,7736,1213275,0.00637613,0.6376,-0.99362387,-99.3624
2025-05-11,erc1155,27,17641,9433,27074,1435061,0.01886610,1.8866,-0.98113390,-98.1134
2025-05-11,erc1155,3,63,63,126,165356,0.00076199,0.0762,-0.99923801,-99.9238
2025-05-11,erc1155,4,121,510,631,238409,0.00264671,0.2647,-0.99735329,-99.7353
2025-05-11,erc1155,5,88,88,176,38010,0.00463036,0.4630,-0.99536964,-99.5370
2025-05-11,erc1155,6,23,23,46,445200,0.00010332,0.0103,-0.99989668,-99.9897
2025-05-11,erc1155,7,6,6,12,33663,0.00035647,0.0356,-0.99964353,-99.9644
2025-05-11,erc1155,8,4,4,8,26775,0.00029879,0.0299,-0.99970121,-99.9701
2025-05-11,erc1155,9,167,2069,2236,308553,0.00724673,0.7247,-0.99275327,-99.2753
2025-05-12,erc1155,10,62,62,124,33075,0.00374906,0.3749,-0.99625094,-99.6251
2025-05-12,erc1155,11,994,994,1988,692451,0.00287096,0.2871,-0.99712904,-99.7129
2025-05-12,erc1155,12,179,695,874,444140,0.00196785,0.1968,-0.99803215,-99.8032
2025-05-12,erc1155,13,1669,807,2476,648943,0.00381544,0.3815,-0.99618456,-99.6185
2025-05-12,erc1155,14,112,112,224,31500,0.00711111,0.7111,-0.99288889,-99.2889
2025-05-12,erc1155,16,1331,1331,2662,626260,0.00425063,0.4251,-0.99574937,-99.5749
2025-05-12,erc1155,17,1029,498,1527,522584,0.00292202,0.2922,-0.99707798,-99.7078
2025-05-12,erc1155,18,808,129,937,706912,0.00132548,0.1325,-0.99867452,-99.8675
2025-05-12,erc1155,19,189,214,403,445200,0.00090521,0.0905,-0.99909479,-99.9095
2025-05-12,erc1155,20,1488,290,1778,619080,0.00287200,0.2872,-0.99712800,-99.7128
2025-05-12,erc1155,22,987,987,1974,641539,0.00307698,0.3077,-0.99692302,-99.6923
2025-05-12,erc1155,23,690,1294,1984,741286,0.00267643,0.2676,-0.99732357,-99.7324
2025-05-12,erc1155,24,121,121,242,32550,0.00743472,0.7435,-0.99256528,-99.2565
2025-05-12,erc1155,25,2192,1200,3392,1213275,0.00279574,0.2796,-0.99720426,-99.7204
2025-05-12,erc1155,27,12688,4885,17573,1435061,0.01224547,1.2245,-0.98775453,-98.7755
2025-05-12,erc1155,3,21,21,42,165356,0.00025400,0.0254,-0.99974600,-99.9746
2025-05-12,erc1155,4,7654,1076,8730,238409,0.03661775,3.6618,-0.96338225,-96.3382
2025-05-12,erc1155,5,27,27,54,38010,0.00142068,0.1421,-0.99857932,-99.8579
2025-05-12,erc1155,6,19,19,38,445200,0.00008535,0.0085,-0.99991465,-99.9915
2025-05-12,erc1155,7,106,106,212,33663,0.00629772,0.6298,-0.99370228,-99.3702
2025-05-12,erc1155,8,22,22,44,26775,0.00164332,0.1643,-0.99835668,-99.8357
2025-05-12,erc1155,9,613,1484,2097,308553,0.00679624,0.6796,-0.99320376,-99.3204
2025-05-13,erc1155,10,35,35,70,33075,0.00211640,0.2116,-0.99788360,-99.7884
2025-05-13,erc1155,11,77,77,154,692451,0.00022240,0.0222,-0.99977760,-99.9778
2025-05-13,erc1155,12,298,1571,1869,444140,0.00420813,0.4208,-0.99579187,-99.5792
2025-05-13,erc1155,13,739,1601,2340,648943,0.00360586,0.3606,-0.99639414,-99.6394
2025-05-13,erc1155,14,89,89,178,31500,0.00565079,0.5651,-0.99434921,-99.4349
2025-05-13,erc1155,16,198,198,396,626260,0.00063233,0.0632,-0.99936767,-99.9368
2025-05-13,erc1155,17,569,954,1523,522584,0.00291436,0.2914,-0.99708564,-99.7086
2025-05-13,erc1155,18,486,727,1213,706912,0.00171591,0.1716,-0.99828409,-99.8284
2025-05-13,erc1155,19,354,354,708,445200,0.00159030,0.1590,-0.99840970,-99.8410
2025-05-13,erc1155,20,474,7617,8091,619080,0.01306939,1.3069,-0.98693061,-98.6931
2025-05-13,erc1155,22,491,491,982,641539,0.00153069,0.1531,-0.99846931,-99.8469
2025-05-13,erc1155,23,1249,1428,2677,741286,0.00361129,0.3611,-0.99638871,-99.6389
2025-05-13,erc1155,24,73,73,146,32550,0.00448541,0.4485,-0.99551459,-99.5515
2025-05-13,erc1155,25,12363,1804,14167,1213275,0.01167666,1.1677,-0.98832334,-98.8323
2025-05-13,erc1155,27,2224,8957,11181,1435061,0.00779131,0.7791,-0.99220869,-99.2209
2025-05-13,erc1155,3,57,57,114,165356,0.00068942,0.0689,-0.99931058,-99.9311
2025-05-13,erc1155,4,373,1961,2334,238409,0.00978990,0.9790,-0.99021010,-99.0210
2025-05-13,erc1155,5,116,116,232,38010,0.00610366,0.6104,-0.99389634,-99.3896
2025-05-13,erc1155,6,16,16,32,445200,0.00007188,0.0072,-0.99992812,-99.9928
2025-05-13,erc1155,7,17,17,34,33663,0.00101001,0.1010,-0.99898999,-99.8990
2025-05-13,erc1155,8,11,11,22,26775,0.00082166,0.0822,-0.99917834,-99.9178
2025-05-13,erc1155,9,121,835,956,308553,0.00309833,0.3098,-0.99690167,-99.6902
2025-05-14,erc1155,10,12,12,24,33075,0.00072562,0.0726,-0.99927438,-99.9274
2025-05-14,erc1155,11,140,140,280,692451,0.00040436,0.0404,-0.99959564,-99.9596
2025-05-14,erc1155,12,454,537,991,444140,0.00223128,0.2231,-0.99776872,-99.7769
2025-05-14,erc1155,13,75,75,150,648943,0.00023115,0.0231,-0.99976885,-99.9769
2025-05-14,erc1155,14,5,5,10,31500,0.00031746,0.0317,-0.99968254,-99.9683
2025-05-14,erc1155,16,139,128,267,626260,0.00042634,0.0426,-0.99957366,-99.9574
2025-05-14,erc1155,17,5998,456,6454,522584,0.01235017,1.2350,-0.98764983,-98.7650
2025-05-14,erc1155,18,1988,197,2185,706912,0.00309091,0.3091,-0.99690909,-99.6909
2025-05-14,erc1155,19,18,18,36,445200,0.00008086,0.0081,-0.99991914,-99.9919
2025-05-14,erc1155,20,1442,417,1859,619080,0.00300284,0.3003,-0.99699716,-99.6997
2025-05-14,erc1155,22,659,543,1202,641539,0.00187362,0.1874,-0.99812638,-99.8126
2025-05-14,erc1155,23,31,519,550,741286,0.00074195,0.0742,-0.99925805,-99.9258
2025-05-14,erc1155,24,26,26,52,32550,0.00159754,0.1598,-0.99840246,-99.8402
2025-05-14,erc1155,25,9946,15655,25601,1213275,0.02110074,2.1101,-0.97889926,-97.8899
2025-05-14,erc1155,27,52678,17206,69884,1435061,0.04869758,4.8698,-0.95130242,-95.1302
2025-05-14,erc1155,3,12,12,24,165356,0.00014514,0.0145,-0.99985486,-99.9855
2025-05-14,erc1155,4,878,1446,2324,238409,0.00974795,0.9748,-0.99025205,-99.0252
2025-05-14,erc1155,5,103,77,180,38010,0.00473560,0.4736,-0.99526440,-99.5264
2025-05-14,erc1155,6,7,7,14,445200,0.00003145,0.0031,-0.99996855,-99.9969
2025-05-14,erc1155,7,8,8,16,33663,0.00047530,0.0475,-0.99952470,-99.9525
2025-05-14,erc1155,8,11,11,22,26775,0.00082166,0.0822,-0.99917834,-99.9178
2025-05-14,erc1155,9,121,142,263,308553,0.00085237,0.0852,-0.99914763,-99.9148
2025-05-15,erc1155,10,287,287,574,33075,0.01735450,1.7354,-0.98264550,-98.2646
2025-05-15,erc1155,11,779,779,1558,692451,0.00224998,0.2250,-0.99775002,-99.7750
2025-05-15,erc1155,12,23088,1777,24865,444140,0.05598460,5.5985,-0.94401540,-94.4015
2025-05-15,erc1155,13,7138,6659,13797,648943,0.02126073,2.1261,-0.97873927,-97.8739
2025-05-15,erc1155,14,186,186,372,31500,0.01180952,1.1810,-0.98819048,-98.8190
2025-05-15,erc1155,16,1074,1081,2155,626260,0.00344106,0.3441,-0.99655894,-99.6559
2025-05-15,erc1155,17,14051,3304,17355,522584,0.03320997,3.3210,-0.96679003,-96.6790
2025-05-15,erc1155,18,2645,13881,16526,706912,0.02337773,2.3378,-0.97662227,-97.6622
2025-05-15,erc1155,19,1914,1914,3828,445200,0.00859838,0.8598,-0.99140162,-99.1402
2025-05-15,erc1155,20,19002,6783,25785,619080,0.04165051,4.1651,-0.95834949,-95.8349
2025-05-15,erc1155,22,25060,13846,38906,641539,0.06064479,6.0645,-0.93935521,-93.9355
2025-05-15,erc1155,23,7162,7162,14324,741286,0.01932318,1.9323,-0.98067682,-98.0677
2025-05-15,erc1155,24,222,222,444,32550,0.01364055,1.3641,-0.98635945,-98.6359
2025-05-15,erc1155,25,7973,36112,44085,1213275,0.03633554,3.6336,-0.96366446,-96.3664
2025-05-15,erc1155,27,31562,116834,148396,1435061,0.10340745,10.3407,-0.89659255,-89.6593
2025-05-15,erc1155,3,7747,6488,14235,165356,0.08608699,8.6087,-0.91391301,-91.3913
2025-05-15,erc1155,4,3224,2975,6199,238409,0.02600154,2.6002,-0.97399846,-97.3998
2025-05-15,erc1155,5,108,134,242,38010,0.00636675,0.6367,-0.99363325,-99.3633
2025-05-15,erc1155,6,240,240,480,445200,0.00107817,0.1078,-0.99892183,-99.8922
2025-05-15,erc1155,7,75,75,150,33663,0.00445593,0.4456,-0.99554407,-99.5544
2025-05-15,erc1155,8,23,23,46,26775,0.00171802,0.1718,-0.99828198,-99.8282
2025-05-15,erc1155,9,7140,2776,9916,308553,0.03213710,3.2137,-0.96786290,-96.7863
2025-05-16,erc1155,10,177,177,354,33075,0.01070295,1.0703,-0.98929705,-98.9297
2025-05-16,erc1155,11,1989,1989,3978,692451,0.00574481,0.5745,-0.99425519,-99.4255
2025-05-16,erc1155,12,8761,1824,10585,444140,0.02383258,2.3833,-0.97616742,-97.6167
2025-05-16,erc1155,13,5547,5177,10724,648943,0.01652533,1.6525,-0.98347467,-98.3475
2025-05-16,erc1155,14,131,131,262,31500,0.00831746,0.8317,-0.99168254,-99.1683
2025-05-16,erc1155,16,1603,1607,3210,626260,0.00512567,0.5126,-0.99487433,-99.4874
2025-05-16,erc1155,17,7523,726,8249,522584,0.01578502,1.5785,-0.98421498,-98.4215
2025-05-16,erc1155,18,2220,3440,5660,706912,0.00800665,0.8007,-0.99199335,-99.1993
2025-05-16,erc1155,19,1876,1876,3752,445200,0.00842767,0.8428,-0.99157233,-99.1572
2025-05-16,erc1155,20,5855,3493,9348,619080,0.01509983,1.5100,-0.98490017,-98.4900
2025-05-16,erc1155,22,2559,4040,6599,641539,0.01028620,1.0286,-0.98971380,-98.9714
2025-05-16,erc1155,23,7553,1985,9538,741286,0.01286683,1.2867,-0.98713317,-98.7133
2025-05-16,erc1155,24,487,487,974,32550,0.02992320,2.9923,-0.97007680,-97.0077
2025-05-16,erc1155,25,35278,15783,51061,1213275,0.04208527,4.2085,-0.95791473,-95.7915
2025-05-16,erc1155,27,13163,37250,50413,1435061,0.03512952,3.5130,-0.96487048,-96.4870
2025-05-16,erc1155,3,2194,3453,5647,165356,0.03415056,3.4151,-0.96584944,-96.5849
2025-05-16,erc1155,4,2370,4524,6894,238409,0.02891669,2.8917,-0.97108331,-97.1083
2025-05-16,erc1155,5,53,53,106,38010,0.00278874,0.2789,-0.99721126,-99.7211
2025-05-16,erc1155,6,43,43,86,445200,0.00019317,0.0193,-0.99980683,-99.9807
2025-05-16,erc1155,7,165,165,330,33663,0.00980305,0.9803,-0.99019695,-99.0197
2025-05-16,erc1155,8,105,105,210,26775,0.00784314,0.7843,-0.99215686,-99.2157
2025-05-16,erc1155,9,1093,1656,2749,308553,0.00890933,0.8909,-0.99109067,-99.1091
2025-05-17,erc1155,10,103,103,206,33075,0.00622827,0.6228,-0.99377173,-99.3772
2025-05-17,erc1155,11,306,306,612,692451,0.00088382,0.0884,-0.99911618,-99.9116
2025-05-17,erc1155,12,1788,502,2290,444140,0.00515603,0.5156,-0.99484397,-99.4844
2025-05-17,erc1155,13,3192,4041,7233,648943,0.01114582,1.1146,-0.98885418,-98.8854
2025-05-17,erc1155,14,44,44,88,31500,0.00279365,0.2794,-0.99720635,-99.7206
2025-05-17,erc1155,16,808,758,1566,626260,0.00250056,0.2501,-0.99749944,-99.7499
2025-05-17,erc1155,17,1979,679,2658,522584,0.00508626,0.5086,-0.99491374,-99.4914
2025-05-17,erc1155,18,1852,4775,6627,706912,0.00937458,0.9375,-0.99062542,-99.0625
2025-05-17,erc1155,19,828,815,1643,445200,0.00369048,0.3690,-0.99630952,-99.6310
2025-05-17,erc1155,20,1324,9349,10673,619080,0.01724010,1.7240,-0.98275990,-98.2760
2025-05-17,erc1155,22,3417,705,4122,641539,0.00642517,0.6425,-0.99357483,-99.3575
2025-05-17,erc1155,23,2301,7544,9845,741286,0.01328097,1.3281,-0.98671903,-98.6719
2025-05-17,erc1155,24,354,354,708,32550,0.02175115,2.1751,-0.97824885,-97.8249
2025-05-17,erc1155,25,8590,22944,31534,1213275,0.02599081,2.5991,-0.97400919,-97.4009
2025-05-17,erc1155,27,8750,14862,23612,1435061,0.01645366,1.6454,-0.98354634,-98.3546
2025-05-17,erc1155,3,1124,1124,2248,165356,0.01359491,1.3595,-0.98640509,-98.6405
2025-05-17,erc1155,4,6900,4704,11604,238409,0.04867266,4.8673,-0.95132734,-95.1327
2025-05-17,erc1155,5,49,41,90,38010,0.00236780,0.2368,-0.99763220,-99.7632
2025-05-17,erc1155,6,115,115,230,445200,0.00051662,0.0517,-0.99948338,-99.9483
2025-05-17,erc1155,7,144,144,288,33663,0.00855539,0.8555,-0.99144461,-99.1445
2025-05-17,erc1155,8,81,81,162,26775,0.00605042,0.6050,-0.99394958,-99.3950
2025-05-17,erc1155,9,1798,205,2003,308553,0.00649159,0.6492,-0.99350841,-99.3508
2025-05-18,erc1155,10,9,9,18,33075,0.00054422,0.0544,-0.99945578,-99.9456
2025-05-18,erc1155,11,2136,2136,4272,692451,0.00616939,0.6169,-0.99383061,-99.3831
2025-05-18,erc1155,12,1324,172,1496,444140,0.00336831,0.3368,-0.99663169,-99.6632
2025-05-18,erc1155,13,3484,2325,5809,648943,0.00895148,0.8951,-0.99104852,-99.1049
2025-05-18,erc1155,14,55,55,110,31500,0.00349206,0.3492,-0.99650794,-99.6508
2025-05-18,erc1155,16,368,418,786,626260,0.00125507,0.1255,-0.99874493,-99.8745
2025-05-18,erc1155,17,1549,203,1752,522584,0.00335257,0.3353,-0.99664743,-99.6647
2025-05-18,erc1155,18,1186,4928,6114,706912,0.00864888,0.8649,-0.99135112,-99.1351
2025-05-18,erc1155,19,1105,1118,2223,445200,0.00499326,0.4993,-0.99500674,-99.5007
2025-05-18,erc1155,20,3128,1866,4994,619080,0.00806681,0.8067,-0.99193319,-99.1933
2025-05-18,erc1155,22,1456,1043,2499,641539,0.00389532,0.3895,-0.99610468,-99.6105
2025-05-18,erc1155,23,2445,2376,4821,741286,0.00650356,0.6504,-0.99349644,-99.3496
2025-05-18,erc1155,24,51,51,102,32550,0.00313364,0.3134,-0.99686636,-99.6866
2025-05-18,erc1155,25,7163,12304,19467,1213275,0.01604500,1.6045,-0.98395500,-98.3955
2025-05-18,erc1155,27,21292,11537,32829,1435061,0.02287638,2.2876,-0.97712362,-97.7124
2025-05-18,erc1155,3,1199,1199,2398,165356,0.01450204,1.4502,-0.98549796,-98.5498
2025-05-18,erc1155,4,619,997,1616,238409,0.00677827,0.6778,-0.99322173,-99.3222
2025-05-18,erc1155,5,38,46,84,38010,0.00220994,0.2210,-0.99779006,-99.7790
2025-05-18,erc1155,6,447,447,894,445200,0.00200809,0.2008,-0.99799191,-99.7992
2025-05-18,erc1155,7,16,16,32,33663,0.00095060,0.0951,-0.99904940,-99.9049
2025-05-18,erc1155,8,27,27,54,26775,0.00201681,0.2017,-0.99798319,-99.7983
2025-05-18,erc1155,9,935,88,1023,308553,0.00331548,0.3315,-0.99668452,-99.6685
2025-05-19,erc1155,10,119,119,238,33075,0.00719577,0.7196,-0.99280423,-99.2804
2025-05-19,erc1155,11,250,249,499,692451,0.00072063,0.0721,-0.99927937,-99.9279
2025-05-19,erc1155,12,5218,601,5819,444140,0.01310172,1.3102,-0.98689828,-98.6898
2025-05-19,erc1155,13,730,1703,2433,648943,0.00374917,0.3749,-0.99625083,-99.6251
2025-05-19,erc1155,14,19,19,38,31500,0.00120635,0.1206,-0.99879365,-99.8794
2025-05-19,erc1155,16,419,419,838,626260,0.00133810,0.1338,-0.99866190,-99.8662
2025-05-19,erc1155,17,459,457,916,522584,0.00175283,0.1753,-0.99824717,-99.8247
2025-05-19,erc1155,18,1237,6136,7373,706912,0.01042987,1.0430,-0.98957013,-98.9570
2025-05-19,erc1155,19,234,234,468,445200,0.00105121,0.1051,-0.99894879,-99.8949
2025-05-19,erc1155,20,876,1061,1937,619080,0.00312884,0.3129,-0.99687116,-99.6871
2025-05-19,erc1155,22,1571,4750,6321,641539,0.00985287,0.9853,-0.99014713,-99.0147
2025-05-19,erc1155,23,231,625,856,741286,0.00115475,0.1155,-0.99884525,-99.8845
2025-05-19,erc1155,24,6,6,12,32550,0.00036866,0.0369,-0.99963134,-99.9631
2025-05-19,erc1155,25,1177,1177,2354,1213275,0.00194020,0.1940,-0.99805980,-99.8060
2025-05-19,erc1155,27,13693,15803,29496,1435061,0.02055383,2.0554,-0.97944617,-97.9446
2025-05-19,erc1155,3,1000,995,1995,165356,0.01206488,1.2065,-0.98793512,-98.7935
2025-05-19,erc1155,4,426,2334,2760,238409,0.01157674,1.1577,-0.98842326,-98.8423
2025-05-19,erc1155,5,20,19,39,38010,0.00102605,0.1026,-0.99897395,-99.8974
2025-05-19,erc1155,6,102,102,204,445200,0.00045822,0.0458,-0.99954178,-99.9542
2025-05-19,erc1155,7,25,25,50,33663,0.00148531,0.1485,-0.99851469,-99.8515
2025-05-19,erc1155,8,13,13,26,26775,0.00097106,0.0971,-0.99902894,-99.9029
2025-05-19,erc1155,9,216,208,424,308553,0.00137416,0.1374,-0.99862584,-99.8626
2025-05-22,erc1155,10,230,230,460,33075,0.01390779,1.3908,-0.98609221,-98.6092
2025-05-22,erc1155,11,7393,7394,14787,692451,0.02135458,2.1355,-0.97864542,-97.8645
2025-05-22,erc1155,12,15461,1218,16679,444140,0.03755347,3.7553,-0.96244653,-96.2447
2025-05-22,erc1155,13,4386,4562,8948,648943,0.01378858,1.3789,-0.98621142,-98.6211
2025-05-22,erc1155,14,65,65,130,31500,0.00412698,0.4127,-0.99587302,-99.5873
2025-05-22,erc1155,16,10331,10331,20662,626260,0.03299269,3.2993,-0.96700731,-96.7007
2025-05-22,erc1155,17,7151,551,7702,522584,0.01473830,1.4738,-0.98526170,-98.5262
2025-05-22,erc1155,18,26212,10616,36828,706912,0.05209701,5.2097,-0.94790299,-94.7903
2025-05-22,erc1155,19,3632,3632,7264,445200,0.01631626,1.6316,-0.98368374,-98.3684
2025-05-22,erc1155,20,13774,12827,26601,619080,0.04296860,4.2969,-0.95703140,-95.7031
2025-05-22,erc1155,22,15932,5793,21725,641539,0.03386388,3.3864,-0.96613612,-96.6136
2025-05-22,erc1155,23,28156,8184,36340,741286,0.04902291,4.9023,-0.95097709,-95.0977
2025-05-22,erc1155,24,375,375,750,32550,0.02304147,2.3041,-0.97695853,-97.6959
2025-05-22,erc1155,25,23553,23553,47106,1213275,0.03882549,3.8825,-0.96117451,-96.1175
2025-05-22,erc1155,27,39624,71270,110894,1435061,0.07727476,7.7275,-0.92272524,-92.2725
2025-05-22,erc1155,3,589,594,1183,165356,0.00715426,0.7154,-0.99284574,-99.2846
2025-05-22,erc1155,4,5648,7105,12753,238409,0.05349211,5.3492,-0.94650789,-94.6508
2025-05-22,erc1155,5,161,162,323,38010,0.00849776,0.8498,-0.99150224,-99.1502
2025-05-22,erc1155,6,539,539,1078,445200,0.00242138,0.2421,-0.99757862,-99.7579
2025-05-22,erc1155,7,389,389,778,33663,0.02311143,2.3111,-0.97688857,-97.6889
2025-05-22,erc1155,8,82,82,164,26775,0.00612512,0.6125,-0.99387488,-99.3875
2025-05-22,erc1155,9,2418,4413,6831,308553,0.02213882,2.2139,-0.97786118,-97.7861
2025-05-23,erc1155,10,15,15,30,33075,0.00090703,0.0907,-0.99909297,-99.9093
2025-05-23,erc1155,11,5,5,10,692451,0.00001444,0.0014,-0.99998556,-99.9986
2025-05-23,erc1155,12,1775,1353,3128,444140,0.00704282,0.7043,-0.99295718,-99.2957
2025-05-23,erc1155,13,205,215,420,648943,0.00064721,0.0647,-0.99935279,-99.9353
2025-05-23,erc1155,14,4,4,8,31500,0.00025397,0.0254,-0.99974603,-99.9746
2025-05-23,erc1155,16,5608,5608,11216,626260,0.01790949,1.7909,-0.98209051,-98.2091
2025-05-23,erc1155,17,749,224,973,522584,0.00186190,0.1862,-0.99813810,-99.8138
2025-05-23,erc1155,18,1398,1030,2428,706912,0.00343466,0.3435,-0.99656534,-99.6565
2025-05-23,erc1155,19,584,584,1168,445200,0.00262354,0.2624,-0.99737646,-99.7376
2025-05-23,erc1155,20,3062,1497,4559,619080,0.00736415,0.7364,-0.99263585,-99.2636
2025-05-23,erc1155,22,8797,834,9631,641539,0.01501234,1.5012,-0.98498766,-98.4988
2025-05-23,erc1155,23,5011,9149,14160,741286,0.01910194,1.9102,-0.98089806,-98.0898
2025-05-23,erc1155,24,103,103,206,32550,0.00632873,0.6329,-0.99367127,-99.3671
2025-05-23,erc1155,25,2041,2041,4082,1213275,0.00336445,0.3364,-0.99663555,-99.6636
2025-05-23,erc1155,27,8303,38652,46955,1435061,0.03271986,3.2720,-0.96728014,-96.7280
2025-05-23,erc1155,3,28,28,56,165356,0.00033866,0.0339,-0.99966134,-99.9661
2025-05-23,erc1155,4,7253,8253,15506,238409,0.06503949,6.5039,-0.93496051,-93.4961
2025-05-23,erc1155,5,22,22,44,38010,0.00115759,0.1158,-0.99884241,-99.8842
2025-05-23,erc1155,6,6,6,12,445200,0.00002695,0.0027,-0.99997305,-99.9973
2025-05-23,erc1155,7,13,13,26,33663,0.00077236,0.0772,-0.99922764,-99.9228
2025-05-23,erc1155,8,15,15,30,26775,0.00112045,0.1120,-0.99887955,-99.8880
2025-05-23,erc1155,9,4347,4419,8766,308553,0.02841003,2.8410,-0.97158997,-97.1590
2025-05-24,erc1155,10,73,73,146,33075,0.00441421,0.4414,-0.99558579,-99.5586
2025-05-24,erc1155,11,69,69,138,692451,0.00019929,0.0199,-0.99980071,-99.9801
2025-05-24,erc1155,12,263,728,991,444140,0.00223128,0.2231,-0.99776872,-99.7769
2025-05-24,erc1155,13,1284,963,2247,648943,0.00346255,0.3463,-0.99653745,-99.6537
2025-05-24,erc1155,14,3,3,6,31500,0.00019048,0.0190,-0.99980952,-99.9810
2025-05-24,erc1155,16,2567,2562,5129,626260,0.00818989,0.8190,-0.99181011,-99.1810
2025-05-24,erc1155,17,1375,2174,3549,522584,0.00679125,0.6791,-0.99320875,-99.3209
2025-05-24,erc1155,18,3322,2871,6193,706912,0.00876064,0.8761,-0.99123936,-99.1239
2025-05-24,erc1155,19,1312,1312,2624,445200,0.00589398,0.5894,-0.99410602,-99.4106
2025-05-24,erc1155,20,841,1798,2639,619080,0.00426278,0.4263,-0.99573722,-99.5737
2025-05-24,erc1155,22,1270,908,2178,641539,0.00339496,0.3395,-0.99660504,-99.6605
2025-05-24,erc1155,23,7240,7726,14966,741286,0.02018924,2.0189,-0.97981076,-97.9811
2025-05-24,erc1155,24,11,11,22,32550,0.00067588,0.0676,-0.99932412,-99.9324
2025-05-24,erc1155,25,7490,6012,13502,1213275,0.01112856,1.1129,-0.98887144,-98.8871
2025-05-24,erc1155,27,36127,23715,59842,1435061,0.04169997,4.1700,-0.95830003,-95.8300
2025-05-24,erc1155,3,187,187,374,165356,0.00226179,0.2262,-0.99773821,-99.7738
2025-05-24,erc1155,4,10229,5088,15317,238409,0.06424674,6.4247,-0.93575326,-93.5753
2025-05-24,erc1155,5,114,114,228,38010,0.00599842,0.5998,-0.99400158,-99.4002
2025-05-24,erc1155,6,56,56,112,445200,0.00025157,0.0252,-0.99974843,-99.9748
2025-05-24,erc1155,7,91,91,182,33663,0.00540653,0.5407,-0.99459347,-99.4593
2025-05-24,erc1155,8,78,78,156,26775,0.00582633,0.5826,-0.99417367,-99.4174
2025-05-24,erc1155,9,405,550,955,308553,0.00309509,0.3095,-0.99690491,-99.6905
2025-05-25,erc1155,10,99,99,198,33075,0.00598639,0.5986,-0.99401361,-99.4014
2025-05-25,erc1155,11,233,233,466,692451,0.00067297,0.0673,-0.99932703,-99.9327
2025-05-25,erc1155,12,1517,2168,3685,444140,0.00829693,0.8297,-0.99170307,-99.1703
2025-05-25,erc1155,13,711,1032,1743,648943,0.00268591,0.2686,-0.99731409,-99.7314
2025-05-25,erc1155,14,44,44,88,31500,0.00279365,0.2794,-0.99720635,-99.7206
2025-05-25,erc1155,16,427,432,859,626260,0.00137163,0.1372,-0.99862837,-99.8628
2025-05-25,erc1155,17,889,1347,2236,522584,0.00427874,0.4279,-0.99572126,-99.5721
2025-05-25,erc1155,18,1068,4202,5270,706912,0.00745496,0.7455,-0.99254504,-99.2545
2025-05-25,erc1155,19,1826,1826,3652,445200,0.00820305,0.8203,-0.99179695,-99.1797
2025-05-25,erc1155,20,368,2585,2953,619080,0.00476998,0.4770,-0.99523002,-99.5230
2025-05-25,erc1155,22,2916,690,3606,641539,0.00562086,0.5621,-0.99437914,-99.4379
2025-05-25,erc1155,23,2976,3959,6935,741286,0.00935536,0.9355,-0.99064464,-99.0645
2025-05-25,erc1155,24,463,463,926,32550,0.02844854,2.8449,-0.97155146,-97.1551
2025-05-25,erc1155,25,6035,7513,13548,1213275,0.01116647,1.1166,-0.98883353,-98.8834
2025-05-25,erc1155,27,5060,22781,27841,1435061,0.01940057,1.9401,-0.98059943,-98.0599
2025-05-25,erc1155,3,464,464,928,165356,0.00561213,0.5612,-0.99438787,-99.4388
2025-05-25,erc1155,4,2324,491,2815,238409,0.01180744,1.1807,-0.98819256,-98.8193
2025-05-25,erc1155,5,14,14,28,38010,0.00073665,0.0737,-0.99926335,-99.9263
2025-05-25,erc1155,6,1609,1609,3218,445200,0.00722821,0.7228,-0.99277179,-99.2772
2025-05-25,erc1155,7,69,69,138,33663,0.00409946,0.4099,-0.99590054,-99.5901
2025-05-25,erc1155,8,28,28,56,26775,0.00209150,0.2092,-0.99790850,-99.7908
2025-05-25,erc1155,9,9184,611,9795,308553,0.03174495,3.1745,-0.96825505,-96.8255
2025-05-26,erc1155,10,72,72,144,33075,0.00435374,0.4354,-0.99564626,-99.5646
2025-05-26,erc1155,11,1538,1538,3076,692451,0.00444219,0.4442,-0.99555781,-99.5558
2025-05-26,erc1155,12,1627,431,2058,444140,0.00463367,0.4634,-0.99536633,-99.5366
2025-05-26,erc1155,13,1638,1638,3276,648943,0.00504821,0.5048,-0.99495179,-99.4952
2025-05-26,erc1155,14,36,36,72,31500,0.00228571,0.2286,-0.99771429,-99.7714
2025-05-26,erc1155,16,215,215,430,626260,0.00068662,0.0687,-0.99931338,-99.9313
2025-05-26,erc1155,17,1585,481,2066,522584,0.00395343,0.3953,-0.99604657,-99.6047
2025-05-26,erc1155,18,1185,3707,4892,706912,0.00692024,0.6920,-0.99307976,-99.3080
2025-05-26,erc1155,19,796,796,1592,445200,0.00357592,0.3576,-0.99642408,-99.6424
2025-05-26,erc1155,20,3494,1738,5232,619080,0.00845125,0.8451,-0.99154875,-99.1549
2025-05-26,erc1155,22,1562,767,2329,641539,0.00363033,0.3630,-0.99636967,-99.6370
2025-05-26,erc1155,23,1349,2343,3692,741286,0.00498053,0.4981,-0.99501947,-99.5019
2025-05-26,erc1155,24,70,70,140,32550,0.00430108,0.4301,-0.99569892,-99.5699
2025-05-26,erc1155,25,1534,1534,3068,1213275,0.00252869,0.2529,-0.99747131,-99.7471
2025-05-26,erc1155,27,6422,7098,13520,1435061,0.00942120,0.9421,-0.99057880,-99.0579
2025-05-26,erc1155,3,296,296,592,165356,0.00358015,0.3580,-0.99641985,-99.6420
2025-05-26,erc1155,4,11255,1570,12825,238409,0.05379411,5.3794,-0.94620589,-94.6206
2025-05-26,erc1155,5,47,47,94,38010,0.00247303,0.2473,-0.99752697,-99.7527
2025-05-26,erc1155,6,7,7,14,445200,0.00003145,0.0031,-0.99996855,-99.9969
2025-05-26,erc1155,7,114,114,228,33663,0.00677301,0.6773,-0.99322699,-99.3227
2025-05-26,erc1155,8,15,15,30,26775,0.00112045,0.1120,-0.99887955,-99.8880
2025-05-26,erc1155,9,476,582,1058,308553,0.00342891,0.3429,-0.99657109,-99.6571
2025-05-27,erc1155,10,82,82,164,33075,0.00495843,0.4958,-0.99504157,-99.5042
2025-05-27,erc1155,11,180,180,360,692451,0.00051989,0.0520,-0.99948011,-99.9480
2025-05-27,erc1155,12,1609,732,2341,444140,0.00527086,0.5271,-0.99472914,-99.4729
2025-05-27,erc1155,13,707,707,1414,648943,0.00217893,0.2179,-0.99782107,-99.7821
2025-05-27,erc1155,14,69,69,138,31500,0.00438095,0.4381,-0.99561905,-99.5619
2025-05-27,erc1155,16,5495,5495,10990,626260,0.01754862,1.7549,-0.98245138,-98.2451
2025-05-27,erc1155,17,1505,472,1977,522584,0.00378312,0.3783,-0.99621688,-99.6217
2025-05-27,erc1155,18,871,6726,7597,706912,0.01074674,1.0747,-0.98925326,-98.9253
2025-05-27,erc1155,19,144,144,288,445200,0.00064690,0.0647,-0.99935310,-99.9353
2025-05-27,erc1155,20,2932,1378,4310,619080,0.00696194,0.6962,-0.99303806,-99.3038
2025-05-27,erc1155,22,1353,2083,3436,641539,0.00535587,0.5356,-0.99464413,-99.4644
2025-05-27,erc1155,23,1937,1921,3858,741286,0.00520447,0.5204,-0.99479553,-99.4796
2025-05-27,erc1155,24,132,132,264,32550,0.00811060,0.8111,-0.99188940,-99.1889
2025-05-27,erc1155,25,818,818,1636,1213275,0.00134842,0.1348,-0.99865158,-99.8652
2025-05-27,erc1155,27,8600,19470,28070,1435061,0.01956014,1.9560,-0.98043986,-98.0440
2025-05-27,erc1155,3,133,133,266,165356,0.00160865,0.1609,-0.99839135,-99.8391
2025-05-27,erc1155,4,9930,993,10923,238409,0.04581622,4.5816,-0.95418378,-95.4184
2025-05-27,erc1155,5,47,47,94,38010,0.00247303,0.2473,-0.99752697,-99.7527
2025-05-27,erc1155,6,8,8,16,445200,0.00003594,0.0036,-0.99996406,-99.9964
2025-05-27,erc1155,7,51,51,102,33663,0.00303003,0.3030,-0.99696997,-99.6970
2025-05-27,erc1155,8,87,87,174,26775,0.00649860,0.6499,-0.99350140,-99.3501
2025-05-27,erc1155,9,287,478,765,308553,0.00247931,0.2479,-0.99752069,-99.7521
2025-05-28,erc1155,10,25,25,50,33075,0.00151172,0.1512,-0.99848828,-99.8488
2025-05-28,erc1155,11,1784,1784,3568,692451,0.00515271,0.5153,-0.99484729,-99.4847
2025-05-28,erc1155,12,713,639,1352,444140,0.00304409,0.3044,-0.99695591,-99.6956
2025-05-28,erc1155,13,3322,3322,6644,648943,0.01023819,1.0238,-0.98976181,-98.9762
2025-05-28,erc1155,14,10,10,20,31500,0.00063492,0.0635,-0.99936508,-99.9365
2025-05-28,erc1155,16,1627,1627,3254,626260,0.00519593,0.5196,-0.99480407,-99.4804
2025-05-28,erc1155,17,40283,553,40836,522584,0.07814246,7.8142,-0.92185754,-92.1858
2025-05-28,erc1155,18,1861,4192,6053,706912,0.00856259,0.8563,-0.99143741,-99.1437
2025-05-28,erc1155,19,3113,3113,6226,445200,0.01398473,1.3985,-0.98601527,-98.6015
2025-05-28,erc1155,20,749,30979,31728,619080,0.05125024,5.1250,-0.94874976,-94.8750
2025-05-28,erc1155,22,2131,1620,3751,641539,0.00584688,0.5847,-0.99415312,-99.4153
2025-05-28,erc1155,23,1914,15301,17215,741286,0.02322316,2.3223,-0.97677684,-97.6777
2025-05-28,erc1155,24,65,65,130,32550,0.00399386,0.3994,-0.99600614,-99.6006
2025-05-28,erc1155,25,8562,8562,17124,1213275,0.01411387,1.4114,-0.98588613,-98.5886
2025-05-28,erc1155,27,7545,43500,51045,1435061,0.03556992,3.5570,-0.96443008,-96.4430
2025-05-28,erc1155,3,1749,1749,3498,165356,0.02115436,2.1154,-0.97884564,-97.8846
2025-05-28,erc1155,4,1084,2554,3638,238409,0.01525949,1.5259,-0.98474051,-98.4741
2025-05-28,erc1155,5,54,54,108,38010,0.00284136,0.2841,-0.99715864,-99.7159
2025-05-28,erc1155,6,1000,1000,2000,445200,0.00449236,0.4492,-0.99550764,-99.5508
2025-05-28,erc1155,7,34,34,68,33663,0.00202002,0.2020,-0.99797998,-99.7980
2025-05-28,erc1155,8,13,13,26,26775,0.00097106,0.0971,-0.99902894,-99.9029
2025-05-28,erc1155,9,226,593,819,308553,0.00265433,0.2654,-0.99734567,-99.7346
2025-05-29,erc1155,10,38,38,76,33075,0.00229781,0.2298,-0.99770219,-99.7702
2025-05-29,erc1155,11,5921,5921,11842,692451,0.01710157,1.7102,-0.98289843,-98.2898
2025-05-29,erc1155,12,753,1171,1924,444140,0.00433197,0.4332,-0.99566803,-99.5668
2025-05-29,erc1155,13,669,669,1338,648943,0.00206181,0.2062,-0.99793819,-99.7938
2025-05-29,erc1155,14,15,15,30,31500,0.00095238,0.0952,-0.99904762,-99.9048
2025-05-29,erc1155,16,10684,7055,17739,626260,0.02832530,2.8325,-0.97167470,-97.1675
2025-05-29,erc1155,17,512,976,1488,522584,0.00284739,0.2847,-0.99715261,-99.7153
2025-05-29,erc1155,18,464,1907,2371,706912,0.00335402,0.3354,-0.99664598,-99.6646
2025-05-29,erc1155,19,1369,1369,2738,445200,0.00615004,0.6150,-0.99384996,-99.3850
2025-05-29,erc1155,20,1056,1056,2112,619080,0.00341151,0.3412,-0.99658849,-99.6588
2025-05-29,erc1155,22,6312,1331,7643,641539,0.01191354,1.1914,-0.98808646,-98.8086
2025-05-29,erc1155,23,4477,1208,5685,741286,0.00766910,0.7669,-0.99233090,-99.2331
2025-05-29,erc1155,24,132,132,264,32550,0.00811060,0.8111,-0.99188940,-99.1889
2025-05-29,erc1155,25,14259,9939,24198,1213275,0.01994437,1.9944,-0.98005563,-98.0056
2025-05-29,erc1155,27,10500,21192,31692,1435061,0.02208408,2.2084,-0.97791592,-97.7916
2025-05-29,erc1155,3,470,470,940,165356,0.00568470,0.5685,-0.99431530,-99.4315
2025-05-29,erc1155,4,2328,1775,4103,238409,0.01720992,1.7210,-0.98279008,-98.2790
2025-05-29,erc1155,5,20,20,40,38010,0.00105235,0.1052,-0.99894765,-99.8948
2025-05-29,erc1155,6,12,12,24,445200,0.00005391,0.0054,-0.99994609,-99.9946
2025-05-29,erc1155,7,18,18,36,33663,0.00106942,0.1069,-0.99893058,-99.8931
2025-05-29,erc1155,8,2,2,4,26775,0.00014939,0.0149,-0.99985061,-99.9851
2025-05-29,erc1155,9,879,1408,2287,308553,0.00741202,0.7412,-0.99258798,-99.2588
2025-05-30,erc1155,10,37,37,74,33075,0.00223734,0.2237,-0.99776266,-99.7763
2025-05-30,erc1155,11,68,68,136,692451,0.00019640,0.0196,-0.99980360,-99.9804
2025-05-30,erc1155,12,624,318,942,444140,0.00212095,0.2121,-0.99787905,-99.7879
2025-05-30,erc1155,13,5547,5547,11094,648943,0.01709549,1.7095,-0.98290451,-98.2905
2025-05-30,erc1155,14,6,6,12,31500,0.00038095,0.0381,-0.99961905,-99.9619
2025-05-30,erc1155,16,468,4094,4562,626260,0.00728451,0.7285,-0.99271549,-99.2715
2025-05-30,erc1155,17,739,144,883,522584,0.00168968,0.1690,-0.99831032,-99.8310
2025-05-30,erc1155,18,1474,3194,4668,706912,0.00660337,0.6603,-0.99339663,-99.3397
2025-05-30,erc1155,19,842,842,1684,445200,0.00378257,0.3783,-0.99621743,-99.6217
2025-05-30,erc1155,20,1762,1762,3524,619080,0.00569232,0.5692,-0.99430768,-99.4308
2025-05-30,erc1155,22,8901,1325,10226,641539,0.01593979,1.5940,-0.98406021,-98.4060
2025-05-30,erc1155,23,3889,3812,7701,741286,0.01038870,1.0389,-0.98961130,-98.9611
2025-05-30,erc1155,24,1,1,2,32550,0.00006144,0.0061,-0.99993856,-99.9939
2025-05-30,erc1155,25,2001,6321,8322,1213275,0.00685912,0.6859,-0.99314088,-99.3141
2025-05-30,erc1155,27,19776,14240,34016,1435061,0.02370352,2.3704,-0.97629648,-97.6296
2025-05-30,erc1155,3,341,341,682,165356,0.00412443,0.4124,-0.99587557,-99.5876
2025-05-30,erc1155,4,1260,2144,3404,238409,0.01427798,1.4278,-0.98572202,-98.5722
2025-05-30,erc1155,5,2,2,4,38010,0.00010524,0.0105,-0.99989476,-99.9895
2025-05-30,erc1155,6,26,26,52,445200,0.00011680,0.0117,-0.99988320,-99.9883
2025-05-30,erc1155,7,44,44,88,33663,0.00261415,0.2614,-0.99738585,-99.7386
2025-05-30,erc1155,8,6,6,12,26775,0.00044818,0.0448,-0.99955182,-99.9552
2025-05-30,erc1155,9,398,3638,4036,308553,0.01308041,1.3080,-0.98691959,-98.6920
2025-05-31,erc1155,10,7,7,14,33075,0.00042328,0.0423,-0.99957672,-99.9577
2025-05-31,erc1155,11,456,456,912,692451,0.00131706,0.1317,-0.99868294,-99.8683
2025-05-31,erc1155,12,359,1487,1846,444140,0.00415635,0.4156,-0.99584365,-99.5844
2025-05-31,erc1155,13,862,862,1724,648943,0.00265663,0.2657,-0.99734337,-99.7343
2025-05-31,erc1155,14,62,62,124,31500,0.00393651,0.3937,-0.99606349,-99.6063
2025-05-31,erc1155,16,10450,718,11168,626260,0.01783285,1.7833,-0.98216715,-98.2167
2025-05-31,erc1155,17,517,1068,1585,522584,0.00303301,0.3033,-0.99696699,-99.6967
2025-05-31,erc1155,18,1722,2560,4282,706912,0.00605733,0.6057,-0.99394267,-99.3943
2025-05-31,erc1155,19,643,643,1286,445200,0.00288859,0.2889,-0.99711141,-99.7111
2025-05-31,erc1155,20,127,127,254,619080,0.00041029,0.0410,-0.99958971,-99.9590
2025-05-31,erc1155,22,439,18106,18545,641539,0.02890705,2.8907,-0.97109295,-97.1093
2025-05-31,erc1155,23,1286,2893,4179,741286,0.00563750,0.5638,-0.99436250,-99.4362
2025-05-31,erc1155,24,136,136,272,32550,0.00835637,0.8356,-0.99164363,-99.1644
2025-05-31,erc1155,25,12961,12961,25922,1213275,0.02136531,2.1365,-0.97863469,-97.8635
2025-05-31,erc1155,27,22109,22502,44611,1435061,0.03108648,3.1086,-0.96891352,-96.8914
2025-05-31,erc1155,3,547,547,1094,165356,0.00661603,0.6616,-0.99338397,-99.3384
2025-05-31,erc1155,4,184,810,994,238409,0.00416931,0.4169,-0.99583069,-99.5831
2025-05-31,erc1155,5,50,50,100,38010,0.00263089,0.2631,-0.99736911,-99.7369
2025-05-31,erc1155,6,8,8,16,445200,0.00003594,0.0036,-0.99996406,-99.9964
2025-05-31,erc1155,7,14,14,28,33663,0.00083177,0.0832,-0.99916823,-99.9168
2025-05-31,erc1155,8,5,5,10,26775,0.00037348,0.0373,-0.99962652,-99.9627
2025-05-31,erc1155,9,754,1523,2277,308553,0.00737961,0.7380,-0.99262039,-99.2620
2025-06-01,erc1155,10,28,28,56,33075,0.00169312,0.1693,-0.99830688,-99.8307
2025-06-01,erc1155,11,4362,4362,8724,692451,0.01259873,1.2599,-0.98740127,-98.7401
2025-06-01,erc1155,12,1301,672,1973,444140,0.00444229,0.4442,-0.99555771,-99.5558
2025-06-01,erc1155,13,9584,579,10163,648943,0.01566085,1.5661,-0.98433915,-98.4339
2025-06-01,erc1155,14,25,25,50,31500,0.00158730,0.1587,-0.99841270,-99.8413
2025-06-01,erc1155,16,541,10176,10717,626260,0.01711270,1.7113,-0.98288730,-98.2887
2025-06-01,erc1155,17,1112,359,1471,522584,0.00281486,0.2815,-0.99718514,-99.7185
2025-06-01,erc1155,18,1316,2984,4300,706912,0.00608279,0.6083,-0.99391721,-99.3917
2025-06-01,erc1155,19,1898,1898,3796,445200,0.00852650,0.8527,-0.99147350,-99.1473
2025-06-01,erc1155,20,382,382,764,619080,0.00123409,0.1234,-0.99876591,-99.8766
2025-06-01,erc1155,22,2744,4273,7017,641539,0.01093776,1.0938,-0.98906224,-98.9062
2025-06-01,erc1155,23,3953,3182,7135,741286,0.00962516,0.9625,-0.99037484,-99.0375
2025-06-01,erc1155,24,98,98,196,32550,0.00602151,0.6022,-0.99397849,-99.3978
2025-06-01,erc1155,25,14951,9319,24270,1213275,0.02000371,2.0004,-0.97999629,-97.9996
2025-06-01,erc1155,27,6395,25801,32196,1435061,0.02243528,2.2435,-0.97756472,-97.7565
2025-06-01,erc1155,3,70,70,140,165356,0.00084666,0.0847,-0.99915334,-99.9153
2025-06-01,erc1155,4,853,736,1589,238409,0.00666502,0.6665,-0.99333498,-99.3335
2025-06-01,erc1155,5,22,22,44,38010,0.00115759,0.1158,-0.99884241,-99.8842
2025-06-01,erc1155,6,23,23,46,445200,0.00010332,0.0103,-0.99989668,-99.9897
2025-06-01,erc1155,7,36,36,72,33663,0.00213885,0.2139,-0.99786115,-99.7861
2025-06-01,erc1155,8,40,40,80,26775,0.00298786,0.2988,-0.99701214,-99.7012
2025-06-01,erc1155,9,838,602,1440,308553,0.00466695,0.4667,-0.99533305,-99.5333
2025-06-02,erc1155,11,1044,1044,2088,692451,0.00301538,0.3015,-0.99698462,-99.6985
2025-06-02,erc1155,12,3480,1120,4600,444140,0.01035709,1.0357,-0.98964291,-98.9643
2025-06-02,erc1155,13,6091,3203,9294,648943,0.01432175,1.4322,-0.98567825,-98.5678
2025-06-02,erc1155,14,97,97,194,31500,0.00615873,0.6159,-0.99384127,-99.3841
2025-06-02,erc1155,16,12876,5490,18366,626260,0.02932648,2.9326,-0.97067352,-97.0674
2025-06-02,erc1155,17,3304,442,3746,522584,0.00716823,0.7168,-0.99283177,-99.2832
2025-06-02,erc1155,18,2598,14664,17262,706912,0.02441888,2.4419,-0.97558112,-97.5581
2025-06-02,erc1155,19,144,144,288,445200,0.00064690,0.0647,-0.99935310,-99.9353
2025-06-02,erc1155,20,4602,4602,9204,619080,0.01486722,1.4867,-0.98513278,-98.5133
2025-06-02,erc1155,22,808,10655,11463,641539,0.01786797,1.7868,-0.98213203,-98.2132
2025-06-02,erc1155,23,1862,4317,6179,741286,0.00833551,0.8336,-0.99166449,-99.1664
2025-06-02,erc1155,24,13,13,26,32550,0.00079877,0.0799,-0.99920123,-99.9201
2025-06-02,erc1155,25,3590,9222,12812,1213275,0.01055985,1.0560,-0.98944015,-98.9440
2025-06-02,erc1155,27,14062,33004,47066,1435061,0.03279721,3.2797,-0.96720279,-96.7203
2025-06-02,erc1155,3,158,158,316,165356,0.00191103,0.1911,-0.99808897,-99.8089
2025-06-02,erc1155,4,513,989,1502,238409,0.00630010,0.6300,-0.99369990,-99.3700
2025-06-02,erc1155,5,67,67,134,38010,0.00352539,0.3525,-0.99647461,-99.6475
2025-06-02,erc1155,6,5,5,10,445200,0.00002246,0.0022,-0.99997754,-99.9978
2025-06-02,erc1155,7,13,13,26,33663,0.00077236,0.0772,-0.99922764,-99.9228
2025-06-02,erc1155,8,1,1,2,26775,0.00007470,0.0075,-0.99992530,-99.9925
2025-06-02,erc1155,9,192,572,764,308553,0.00247607,0.2476,-0.99752393,-99.7524
2025-06-03,erc1155,10,79,79,158,33075,0.00477702,0.4777,-0.99522298,-99.5223
2025-06-03,erc1155,11,169,169,338,692451,0.00048812,0.0488,-0.99951188,-99.9512
2025-06-03,erc1155,12,471,1601,2072,444140,0.00466520,0.4665,-0.99533480,-99.5335
2025-06-03,erc1155,13,1657,12063,13720,648943,0.02114207,2.1142,-0.97885793,-97.8858
2025-06-03,erc1155,14,59,59,118,31500,0.00374603,0.3746,-0.99625397,-99.6254
2025-06-03,erc1155,16,1472,8958,10430,626260,0.01665442,1.6654,-0.98334558,-98.3346
2025-06-03,erc1155,17,490,1490,1980,522584,0.00378886,0.3789,-0.99621114,-99.6211
2025-06-03,erc1155,18,867,7066,7933,706912,0.01122205,1.1222,-0.98877795,-98.8778
2025-06-03,erc1155,19,392,392,784,445200,0.00176101,0.1761,-0.99823899,-99.8239
2025-06-03,erc1155,20,2102,2097,4199,619080,0.00678265,0.6783,-0.99321735,-99.3217
2025-06-03,erc1155,22,766,3682,4448,641539,0.00693333,0.6933,-0.99306667,-99.3067
2025-06-03,erc1155,23,1849,1850,3699,741286,0.00498998,0.4990,-0.99501002,-99.5010
2025-06-03,erc1155,24,61,61,122,32550,0.00374808,0.3748,-0.99625192,-99.6252
2025-06-03,erc1155,25,1043,1043,2086,1213275,0.00171931,0.1719,-0.99828069,-99.8281
2025-06-03,erc1155,27,4430,32018,36448,1435061,0.02539822,2.5398,-0.97460178,-97.4602
2025-06-03,erc1155,3,229,229,458,165356,0.00276978,0.2770,-0.99723022,-99.7230
2025-06-03,erc1155,4,972,1874,2846,238409,0.01193747,1.1937,-0.98806253,-98.8063
2025-06-03,erc1155,5,59,59,118,38010,0.00310445,0.3104,-0.99689555,-99.6896
2025-06-03,erc1155,6,411,411,822,445200,0.00184636,0.1846,-0.99815364,-99.8154
2025-06-03,erc1155,7,112,112,224,33663,0.00665419,0.6654,-0.99334581,-99.3346
2025-06-03,erc1155,8,2,2,4,26775,0.00014939,0.0149,-0.99985061,-99.9851
2025-06-03,erc1155,9,294,2481,2775,308553,0.00899359,0.8994,-0.99100641,-99.1006
2025-06-04,erc1155,10,26,26,52,33075,0.00157218,0.1572,-0.99842782,-99.8428
2025-06-04,erc1155,11,1354,1354,2708,692451,0.00391075,0.3911,-0.99608925,-99.6089
2025-06-04,erc1155,12,607,1439,2046,444140,0.00460666,0.4607,-0.99539334,-99.5393
2025-06-04,erc1155,13,1707,1707,3414,648943,0.00526086,0.5261,-0.99473914,-99.4739
2025-06-04,erc1155,14,50,50,100,31500,0.00317460,0.3175,-0.99682540,-99.6825
2025-06-04,erc1155,16,113,113,226,626260,0.00036087,0.0361,-0.99963913,-99.9639
2025-06-04,erc1155,17,829,1405,2234,522584,0.00427491,0.4275,-0.99572509,-99.5725
2025-06-04,erc1155,18,1169,17291,18460,706912,0.02611358,2.6114,-0.97388642,-97.3886
2025-06-04,erc1155,19,670,670,1340,445200,0.00300988,0.3010,-0.99699012,-99.6990
2025-06-04,erc1155,20,997,1002,1999,619080,0.00322898,0.3229,-0.99677102,-99.6771
2025-06-04,erc1155,22,608,608,1216,641539,0.00189544,0.1895,-0.99810456,-99.8105
2025-06-04,erc1155,23,250,250,500,741286,0.00067450,0.0675,-0.99932550,-99.9325
2025-06-04,erc1155,24,35,35,70,32550,0.00215054,0.2151,-0.99784946,-99.7849
2025-06-04,erc1155,25,1147,1147,2294,1213275,0.00189075,0.1891,-0.99810925,-99.8109
2025-06-04,erc1155,27,5190,32868,38058,1435061,0.02652013,2.6520,-0.97347987,-97.3480
2025-06-04,erc1155,3,30,30,60,165356,0.00036285,0.0363,-0.99963715,-99.9637
2025-06-04,erc1155,4,772,4019,4791,238409,0.02009572,2.0096,-0.97990428,-97.9904
2025-06-04,erc1155,5,49,49,98,38010,0.00257827,0.2578,-0.99742173,-99.7422
2025-06-04,erc1155,6,708,708,1416,445200,0.00318059,0.3181,-0.99681941,-99.6819
2025-06-04,erc1155,7,64,64,128,33663,0.00380239,0.3802,-0.99619761,-99.6198
2025-06-04,erc1155,8,3,3,6,26775,0.00022409,0.0224,-0.99977591,-99.9776
2025-06-04,erc1155,9,903,3796,4699,308553,0.01522915,1.5229,-0.98477085,-98.4771
2025-06-05,erc1155,10,16,16,32,33075,0.00096750,0.0967,-0.99903250,-99.9033
2025-06-05,erc1155,11,2715,2715,5430,692451,0.00784171,0.7842,-0.99215829,-99.2158
2025-06-05,erc1155,12,2340,4234,6574,444140,0.01480164,1.4802,-0.98519836,-98.5198
2025-06-05,erc1155,13,1631,1631,3262,648943,0.00502664,0.5027,-0.99497336,-99.4973
2025-06-05,erc1155,14,47,47,94,31500,0.00298413,0.2984,-0.99701587,-99.7016
2025-06-05,erc1155,16,359,359,718,626260,0.00114649,0.1146,-0.99885351,-99.8854
2025-06-05,erc1155,17,8559,4241,12800,522584,0.02449367,2.4494,-0.97550633,-97.5506
2025-06-05,erc1155,18,11936,3465,15401,706912,0.02178630,2.1786,-0.97821370,-97.8214
2025-06-05,erc1155,19,2637,2637,5274,445200,0.01184636,1.1846,-0.98815364,-98.8154
2025-06-05,erc1155,20,258,258,516,619080,0.00083349,0.0833,-0.99916651,-99.9167
2025-06-05,erc1155,22,950,963,1913,641539,0.00298189,0.2982,-0.99701811,-99.7018
2025-06-05,erc1155,23,688,701,1389,741286,0.00187377,0.1874,-0.99812623,-99.8126
2025-06-05,erc1155,24,12,12,24,32550,0.00073733,0.0737,-0.99926267,-99.9263
2025-06-05,erc1155,25,711,711,1422,1213275,0.00117203,0.1172,-0.99882797,-99.8828
2025-06-05,erc1155,27,6879,31252,38131,1435061,0.02657100,2.6571,-0.97342900,-97.3429
2025-06-05,erc1155,3,313,313,626,165356,0.00378577,0.3786,-0.99621423,-99.6214
2025-06-05,erc1155,4,1724,15320,17044,238409,0.07149059,7.1491,-0.92850941,-92.8509
2025-06-05,erc1155,5,61,61,122,38010,0.00320968,0.3210,-0.99679032,-99.6790
2025-06-05,erc1155,7,14,14,28,33663,0.00083177,0.0832,-0.99916823,-99.9168
2025-06-05,erc1155,8,58,58,116,26775,0.00433240,0.4332,-0.99566760,-99.5668
2025-06-05,erc1155,9,1035,5142,6177,308553,0.02001925,2.0019,-0.97998075,-97.9981
2025-06-06,erc1155,10,35,35,70,33075,0.00211640,0.2116,-0.99788360,-99.7884
2025-06-06,erc1155,11,387,387,774,692451,0.00111777,0.1118,-0.99888223,-99.8882
2025-06-06,erc1155,12,514,2051,2565,444140,0.00577521,0.5775,-0.99422479,-99.4225
2025-06-06,erc1155,13,465,474,939,648943,0.00144697,0.1447,-0.99855303,-99.8553
2025-06-06,erc1155,14,6,6,12,31500,0.00038095,0.0381,-0.99961905,-99.9619
2025-06-06,erc1155,16,535,535,1070,626260,0.00170856,0.1709,-0.99829144,-99.8291
2025-06-06,erc1155,17,374,2723,3097,522584,0.00592632,0.5926,-0.99407368,-99.4074
2025-06-06,erc1155,18,1284,7145,8429,706912,0.01192369,1.1924,-0.98807631,-98.8076
2025-06-06,erc1155,19,139,139,278,445200,0.00062444,0.0624,-0.99937556,-99.9376
2025-06-06,erc1155,20,720,720,1440,619080,0.00232603,0.2326,-0.99767397,-99.7674
2025-06-06,erc1155,22,1492,1412,2904,641539,0.00452661,0.4527,-0.99547339,-99.5473
2025-06-06,erc1155,23,436,167,603,741286,0.00081345,0.0813,-0.99918655,-99.9187
2025-06-06,erc1155,24,5,5,10,32550,0.00030722,0.0307,-0.99969278,-99.9693
2025-06-06,erc1155,25,715,715,1430,1213275,0.00117863,0.1179,-0.99882137,-99.8821
2025-06-06,erc1155,27,11069,16493,27562,1435061,0.01920615,1.9206,-0.98079385,-98.0794
2025-06-06,erc1155,3,9,9,18,165356,0.00010886,0.0109,-0.99989114,-99.9891
2025-06-06,erc1155,4,866,2404,3270,238409,0.01371593,1.3716,-0.98628407,-98.6284
2025-06-06,erc1155,5,2,2,4,38010,0.00010524,0.0105,-0.99989476,-99.9895
2025-06-06,erc1155,6,2,2,4,445200,0.00000898,0.0009,-0.99999102,-99.9991
2025-06-06,erc1155,7,13,13,26,33663,0.00077236,0.0772,-0.99922764,-99.9228
2025-06-06,erc1155,8,4,4,8,26775,0.00029879,0.0299,-0.99970121,-99.9701
2025-06-06,erc1155,9,463,10252,10715,308553,0.03472661,3.4727,-0.96527339,-96.5273
2025-06-07,erc1155,10,25,25,50,33075,0.00151172,0.1512,-0.99848828,-99.8488
2025-06-07,erc1155,11,270,270,540,692451,0.00077984,0.0780,-0.99922016,-99.9220
2025-06-07,erc1155,12,702,1649,2351,444140,0.00529338,0.5293,-0.99470662,-99.4707
2025-06-07,erc1155,13,433,443,876,648943,0.00134989,0.1350,-0.99865011,-99.8650
2025-06-07,erc1155,14,35,35,70,31500,0.00222222,0.2222,-0.99777778,-99.7778
2025-06-07,erc1155,16,278,278,556,626260,0.00088781,0.0888,-0.99911219,-99.9112
2025-06-07,erc1155,17,943,2188,3131,522584,0.00599138,0.5991,-0.99400862,-99.4009
2025-06-07,erc1155,18,1271,1376,2647,706912,0.00374445,0.3744,-0.99625555,-99.6256
2025-06-07,erc1155,19,130,130,260,445200,0.00058401,0.0584,-0.99941599,-99.9416
2025-06-07,erc1155,20,384,384,768,619080,0.00124055,0.1241,-0.99875945,-99.8759
2025-06-07,erc1155,22,347,427,774,641539,0.00120647,0.1206,-0.99879353,-99.8794
2025-06-07,erc1155,23,561,816,1377,741286,0.00185758,0.1858,-0.99814242,-99.8142
2025-06-07,erc1155,24,17,17,34,32550,0.00104455,0.1045,-0.99895545,-99.8955
2025-06-07,erc1155,25,1364,1364,2728,1213275,0.00224846,0.2248,-0.99775154,-99.7752
2025-06-07,erc1155,27,5083,20723,25806,1435061,0.01798251,1.7983,-0.98201749,-98.2017
2025-06-07,erc1155,3,54,54,108,165356,0.00065314,0.0653,-0.99934686,-99.9347
2025-06-07,erc1155,4,443,393,836,238409,0.00350658,0.3507,-0.99649342,-99.6493
2025-06-07,erc1155,5,16,16,32,38010,0.00084188,0.0842,-0.99915812,-99.9158
2025-06-07,erc1155,6,51,51,102,445200,0.00022911,0.0229,-0.99977089,-99.9771
2025-06-07,erc1155,7,34,34,68,33663,0.00202002,0.2020,-0.99797998,-99.7980
2025-06-07,erc1155,8,15,15,30,26775,0.00112045,0.1120,-0.99887955,-99.8880
2025-06-07,erc1155,9,536,536,1072,308553,0.00347428,0.3474,-0.99652572,-99.6526
2025-06-08,erc1155,10,59,59,118,33075,0.00356765,0.3568,-0.99643235,-99.6432
2025-06-08,erc1155,11,1332,1332,2664,692451,0.00384720,0.3847,-0.99615280,-99.6153
2025-06-08,erc1155,12,7965,13794,21759,444140,0.04899131,4.8991,-0.95100869,-95.1009
2025-06-08,erc1155,13,2001,2011,4012,648943,0.00618236,0.6182,-0.99381764,-99.3818
2025-06-08,erc1155,14,98,98,196,31500,0.00622222,0.6222,-0.99377778,-99.3778
2025-06-08,erc1155,16,1248,1248,2496,626260,0.00398557,0.3986,-0.99601443,-99.6014
2025-06-08,erc1155,17,3251,7509,10760,522584,0.02058999,2.0590,-0.97941001,-97.9410
2025-06-08,erc1155,18,2213,2224,4437,706912,0.00627659,0.6277,-0.99372341,-99.3723
2025-06-08,erc1155,19,1359,1359,2718,445200,0.00610512,0.6105,-0.99389488,-99.3895
2025-06-08,erc1155,20,1361,1361,2722,619080,0.00439685,0.4397,-0.99560315,-99.5603
2025-06-08,erc1155,22,2957,2868,5825,641539,0.00907973,0.9080,-0.99092027,-99.0920
2025-06-08,erc1155,23,1611,1666,3277,741286,0.00442070,0.4421,-0.99557930,-99.5579
2025-06-08,erc1155,24,105,105,210,32550,0.00645161,0.6452,-0.99354839,-99.3548
2025-06-08,erc1155,25,13692,13692,27384,1213275,0.02257032,2.2570,-0.97742968,-97.7430
2025-06-08,erc1155,27,11350,17883,29233,1435061,0.02037056,2.0371,-0.97962944,-97.9629
2025-06-08,erc1155,3,233,233,466,165356,0.00281816,0.2818,-0.99718184,-99.7182
2025-06-08,erc1155,4,1236,1286,2522,238409,0.01057846,1.0578,-0.98942154,-98.9422
2025-06-08,erc1155,5,38,38,76,38010,0.00199947,0.1999,-0.99800053,-99.8001
2025-06-08,erc1155,6,42,41,83,445200,0.00018643,0.0186,-0.99981357,-99.9814
2025-06-08,erc1155,7,89,87,176,33663,0.00522829,0.5228,-0.99477171,-99.4772
2025-06-08,erc1155,8,60,60,120,26775,0.00448179,0.4482,-0.99551821,-99.5518
2025-06-08,erc1155,9,3271,2764,6035,308553,0.01955904,1.9559,-0.98044096,-98.0441
2025-06-09,erc1155,10,177,173,350,33075,0.01058201,1.0582,-0.98941799,-98.9418
2025-06-09,erc1155,11,32,32,64,692451,0.00009243,0.0092,-0.99990757,-99.9908
2025-06-09,erc1155,12,8051,6963,15014,444140,0.03380466,3.3805,-0.96619534,-96.6195
2025-06-09,erc1155,13,4034,3199,7233,648943,0.01114582,1.1146,-0.98885418,-98.8854
2025-06-09,erc1155,14,645,645,1290,31500,0.04095238,4.0952,-0.95904762,-95.9048
2025-06-09,erc1155,16,1110,1110,2220,626260,0.00354485,0.3545,-0.99645515,-99.6455
2025-06-09,erc1155,17,4098,5897,9995,522584,0.01912611,1.9126,-0.98087389,-98.0874
2025-06-09,erc1155,18,3683,3666,7349,706912,0.01039592,1.0396,-0.98960408,-98.9604
2025-06-09,erc1155,19,1151,1151,2302,445200,0.00517071,0.5171,-0.99482929,-99.4829
2025-06-09,erc1155,20,1818,1818,3636,619080,0.00587323,0.5873,-0.99412677,-99.4127
2025-06-09,erc1155,22,4017,4091,8108,641539,0.01263836,1.2638,-0.98736164,-98.7362
2025-06-09,erc1155,23,4582,3575,8157,741286,0.01100385,1.1004,-0.98899615,-98.8996
2025-06-09,erc1155,24,204,204,408,32550,0.01253456,1.2535,-0.98746544,-98.7465
2025-06-09,erc1155,25,3194,3194,6388,1213275,0.00526509,0.5265,-0.99473491,-99.4735
2025-06-09,erc1155,27,4239,4783,9022,1435061,0.00628684,0.6287,-0.99371316,-99.3713
2025-06-09,erc1155,3,134,134,268,165356,0.00162075,0.1621,-0.99837925,-99.8379
2025-06-09,erc1155,4,1639,1639,3278,238409,0.01374948,1.3749,-0.98625052,-98.6251
2025-06-09,erc1155,5,102,102,204,38010,0.00536701,0.5367,-0.99463299,-99.4633
2025-06-09,erc1155,6,247,248,495,445200,0.00111186,0.1112,-0.99888814,-99.8888
2025-06-09,erc1155,7,154,156,310,33663,0.00920892,0.9209,-0.99079108,-99.0791
2025-06-09,erc1155,8,84,84,168,26775,0.00627451,0.6275,-0.99372549,-99.3725
2025-06-09,erc1155,9,3942,3974,7916,308553,0.02565524,2.5655,-0.97434476,-97.4345
2025-06-10,erc1155,10,66,70,136,33075,0.00411187,0.4112,-0.99588813,-99.5888
2025-06-10,erc1155,11,713,713,1426,692451,0.00205935,0.2059,-0.99794065,-99.7941
2025-06-10,erc1155,12,8157,25040,33197,444140,0.07474445,7.4744,-0.92525555,-92.5256
2025-06-10,erc1155,13,2056,2078,4134,648943,0.00637036,0.6370,-0.99362964,-99.3630
2025-06-10,erc1155,14,31,31,62,31500,0.00196825,0.1968,-0.99803175,-99.8032
2025-06-10,erc1155,16,1926,1926,3852,626260,0.00615080,0.6151,-0.99384920,-99.3849
2025-06-10,erc1155,17,5045,45025,50070,522584,0.09581235,9.5812,-0.90418765,-90.4188
2025-06-10,erc1155,18,3428,3444,6872,706912,0.00972115,0.9721,-0.99027885,-99.0279
2025-06-10,erc1155,19,4528,4528,9056,445200,0.02034142,2.0341,-0.97965858,-97.9659
2025-06-10,erc1155,20,3535,3535,7070,619080,0.01142017,1.1420,-0.98857983,-98.8580
2025-06-10,erc1155,22,2543,2564,5107,641539,0.00796054,0.7961,-0.99203946,-99.2039
2025-06-10,erc1155,23,778,820,1598,741286,0.00215571,0.2156,-0.99784429,-99.7844
2025-06-10,erc1155,24,7,7,14,32550,0.00043011,0.0430,-0.99956989,-99.9570
2025-06-10,erc1155,25,10448,10448,20896,1213275,0.01722281,1.7223,-0.98277719,-98.2777
2025-06-10,erc1155,27,17135,18545,35680,1435061,0.02486305,2.4863,-0.97513695,-97.5137
2025-06-10,erc1155,3,2765,2765,5530,165356,0.03344300,3.3443,-0.96655700,-96.6557
2025-06-10,erc1155,4,10915,9149,20064,238409,0.08415790,8.4158,-0.91584210,-91.5842
2025-06-10,erc1155,5,46,46,92,38010,0.00242042,0.2420,-0.99757958,-99.7580
2025-06-10,erc1155,6,1006,1006,2012,445200,0.00451932,0.4519,-0.99548068,-99.5481
2025-06-10,erc1155,7,24,24,48,33663,0.00142590,0.1426,-0.99857410,-99.8574
2025-06-10,erc1155,8,11,11,22,26775,0.00082166,0.0822,-0.99917834,-99.9178
2025-06-10,erc1155,9,607,617,1224,308553,0.00396690,0.3967,-0.99603310,-99.6033
2025-06-11,erc1155,10,13,13,26,33075,0.00078609,0.0786,-0.99921391,-99.9214
2025-06-11,erc1155,11,413,413,826,692451,0.00119286,0.1193,-0.99880714,-99.8807
2025-06-11,erc1155,12,1394,13905,15299,444140,0.03444635,3.4446,-0.96555365,-96.5554
2025-06-11,erc1155,13,603,612,1215,648943,0.00187228,0.1872,-0.99812772,-99.8128
2025-06-11,erc1155,14,12,12,24,31500,0.00076190,0.0762,-0.99923810,-99.9238
2025-06-11,erc1155,16,440,440,880,626260,0.00140517,0.1405,-0.99859483,-99.8595
2025-06-11,erc1155,17,13421,25730,39151,522584,0.07491810,7.4918,-0.92508190,-92.5082
2025-06-11,erc1155,18,622,624,1246,706912,0.00176260,0.1763,-0.99823740,-99.8237
2025-06-11,erc1155,19,2582,2582,5164,445200,0.01159928,1.1599,-0.98840072,-98.8401
2025-06-11,erc1155,20,492,492,984,619080,0.00158946,0.1589,-0.99841054,-99.8411
2025-06-11,erc1155,22,977,985,1962,641539,0.00305827,0.3058,-0.99694173,-99.6942
2025-06-11,erc1155,23,1907,2082,3989,741286,0.00538119,0.5381,-0.99461881,-99.4619
2025-06-11,erc1155,24,3,3,6,32550,0.00018433,0.0184,-0.99981567,-99.9816
2025-06-11,erc1155,25,369,369,738,1213275,0.00060827,0.0608,-0.99939173,-99.9392
2025-06-11,erc1155,27,1582,1608,3190,1435061,0.00222290,0.2223,-0.99777710,-99.7777
2025-06-11,erc1155,3,59,59,118,165356,0.00071361,0.0714,-0.99928639,-99.9286
2025-06-11,erc1155,4,1330,1342,2672,238409,0.01120763,1.1208,-0.98879237,-98.8792
2025-06-11,erc1155,5,14,14,28,38010,0.00073665,0.0737,-0.99926335,-99.9263
2025-06-11,erc1155,6,5009,5009,10018,445200,0.02250225,2.2502,-0.97749775,-97.7498
2025-06-11,erc1155,7,24,24,48,33663,0.00142590,0.1426,-0.99857410,-99.8574
2025-06-11,erc1155,8,19,19,38,26775,0.00141923,0.1419,-0.99858077,-99.8581
2025-06-11,erc1155,9,2000,2000,4000,308553,0.01296374,1.2964,-0.98703626,-98.7036
2025-06-12,erc1155,10,95,95,190,33075,0.00574452,0.5745,-0.99425548,-99.4255
2025-06-12,erc1155,11,3221,3221,6442,692451,0.00930319,0.9303,-0.99069681,-99.0697
2025-06-12,erc1155,12,8104,13230,21334,444140,0.04803440,4.8034,-0.95196560,-95.1966
2025-06-12,erc1155,13,3494,3514,7008,648943,0.01079910,1.0799,-0.98920090,-98.9201
2025-06-12,erc1155,14,159,159,318,31500,0.01009524,1.0095,-0.98990476,-98.9905
2025-06-12,erc1155,16,3334,3334,6668,626260,0.01064733,1.0647,-0.98935267,-98.9353
2025-06-12,erc1155,17,17305,20544,37849,522584,0.07242663,7.2427,-0.92757337,-92.7573
2025-06-12,erc1155,18,1454,1478,2932,706912,0.00414762,0.4148,-0.99585238,-99.5852
2025-06-12,erc1155,19,1165,1165,2330,445200,0.00523360,0.5234,-0.99476640,-99.4766
2025-06-12,erc1155,20,163,163,326,619080,0.00052659,0.0527,-0.99947341,-99.9473
2025-06-12,erc1155,22,3008,3008,6016,641539,0.00937745,0.9377,-0.99062255,-99.0623
2025-06-12,erc1155,23,1115,1165,2280,741286,0.00307574,0.3076,-0.99692426,-99.6924
2025-06-12,erc1155,24,194,194,388,32550,0.01192012,1.1920,-0.98807988,-98.8080
2025-06-12,erc1155,25,453,453,906,1213275,0.00074674,0.0747,-0.99925326,-99.9253
2025-06-12,erc1155,27,9870,16741,26611,1435061,0.01854346,1.8543,-0.98145654,-98.1457
2025-06-12,erc1155,3,11130,11130,22260,165356,0.13461864,13.4619,-0.86538136,-86.5381
2025-06-12,erc1155,4,4510,4513,9023,238409,0.03784673,3.7847,-0.96215327,-96.2153
2025-06-12,erc1155,5,11,11,22,38010,0.00057880,0.0579,-0.99942120,-99.9421
2025-06-12,erc1155,6,2882,2882,5764,445200,0.01294699,1.2947,-0.98705301,-98.7053
2025-06-12,erc1155,7,21,21,42,33663,0.00124766,0.1248,-0.99875234,-99.8752
2025-06-12,erc1155,8,79,79,158,26775,0.00590103,0.5901,-0.99409897,-99.4099
2025-06-12,erc1155,9,385,435,820,308553,0.00265757,0.2658,-0.99734243,-99.7342
2025-06-13,erc1155,10,12,12,24,33075,0.00072562,0.0726,-0.99927438,-99.9274
2025-06-13,erc1155,11,732,732,1464,692451,0.00211423,0.2114,-0.99788577,-99.7886
2025-06-13,erc1155,12,16207,16207,32414,444140,0.07298149,7.2981,-0.92701851,-92.7019
2025-06-13,erc1155,13,873,873,1746,648943,0.00269053,0.2691,-0.99730947,-99.7309
2025-06-13,erc1155,14,76,76,152,31500,0.00482540,0.4825,-0.99517460,-99.5175
2025-06-13,erc1155,16,4001,4001,8002,626260,0.01277744,1.2777,-0.98722256,-98.7223
2025-06-13,erc1155,17,6710,8338,15048,522584,0.02879537,2.8795,-0.97120463,-97.1205
2025-06-13,erc1155,18,6157,4826,10983,706912,0.01553659,1.5537,-0.98446341,-98.4463
2025-06-13,erc1155,19,741,741,1482,445200,0.00332884,0.3329,-0.99667116,-99.6671
2025-06-13,erc1155,20,58,58,116,619080,0.00018737,0.0187,-0.99981263,-99.9813
2025-06-13,erc1155,22,11278,11487,22765,641539,0.03548498,3.5485,-0.96451502,-96.4515
2025-06-13,erc1155,23,853,863,1716,741286,0.00231490,0.2315,-0.99768510,-99.7685
2025-06-13,erc1155,24,17,17,34,32550,0.00104455,0.1045,-0.99895545,-99.8955
2025-06-13,erc1155,25,16508,16508,33016,1213275,0.02721230,2.7212,-0.97278770,-97.2788
2025-06-13,erc1155,27,22050,24483,46533,1435061,0.03242580,3.2426,-0.96757420,-96.7574
2025-06-13,erc1155,3,9910,9910,19820,165356,0.11986260,11.9863,-0.88013740,-88.0137
2025-06-13,erc1155,4,4024,6010,10034,238409,0.04208734,4.2087,-0.95791266,-95.7913
2025-06-13,erc1155,5,17,17,34,38010,0.00089450,0.0895,-0.99910550,-99.9105
2025-06-13,erc1155,6,12172,12172,24344,445200,0.05468104,5.4681,-0.94531896,-94.5319
2025-06-13,erc1155,7,27,27,54,33663,0.00160414,0.1604,-0.99839586,-99.8396
2025-06-13,erc1155,8,6,6,12,26775,0.00044818,0.0448,-0.99955182,-99.9552
2025-06-13,erc1155,9,4522,2778,7300,308553,0.02365882,2.3659,-0.97634118,-97.6341
2025-06-14,erc1155,10,19,19,38,33075,0.00114890,0.1149,-0.99885110,-99.8851
2025-06-14,erc1155,11,400,400,800,692451,0.00115532,0.1155,-0.99884468,-99.8845
2025-06-14,erc1155,12,2265,6580,8845,444140,0.01991489,1.9915,-0.98008511,-98.0085
2025-06-14,erc1155,13,1148,1146,2294,648943,0.00353498,0.3535,-0.99646502,-99.6465
2025-06-14,erc1155,14,17,17,34,31500,0.00107937,0.1079,-0.99892063,-99.8921
2025-06-14,erc1155,16,309,309,618,626260,0.00098681,0.0987,-0.99901319,-99.9013
2025-06-14,erc1155,17,1497,5085,6582,522584,0.01259510,1.2595,-0.98740490,-98.7405
2025-06-14,erc1155,18,394,2518,2912,706912,0.00411932,0.4119,-0.99588068,-99.5881
2025-06-14,erc1155,19,407,407,814,445200,0.00182839,0.1828,-0.99817161,-99.8172
2025-06-14,erc1155,20,700,700,1400,619080,0.00226142,0.2261,-0.99773858,-99.7739
2025-06-14,erc1155,22,1266,3207,4473,641539,0.00697230,0.6972,-0.99302770,-99.3028
2025-06-14,erc1155,23,731,1461,2192,741286,0.00295702,0.2957,-0.99704298,-99.7043
2025-06-14,erc1155,24,71,71,142,32550,0.00436252,0.4363,-0.99563748,-99.5637
2025-06-14,erc1155,25,1254,1254,2508,1213275,0.00206713,0.2067,-0.99793287,-99.7933
2025-06-14,erc1155,27,1939,3678,5617,1435061,0.00391412,0.3914,-0.99608588,-99.6086
2025-06-14,erc1155,3,4143,4143,8286,165356,0.05011007,5.0110,-0.94988993,-94.9890
2025-06-14,erc1155,4,214,214,428,238409,0.00179523,0.1795,-0.99820477,-99.8205
2025-06-14,erc1155,5,13,13,26,38010,0.00068403,0.0684,-0.99931597,-99.9316
2025-06-14,erc1155,6,1640,1640,3280,445200,0.00736748,0.7367,-0.99263252,-99.2633
2025-06-14,erc1155,7,11,11,22,33663,0.00065354,0.0654,-0.99934646,-99.9346
2025-06-14,erc1155,8,8,8,16,26775,0.00059757,0.0598,-0.99940243,-99.9402
2025-06-14,erc1155,9,272,2018,2290,308553,0.00742174,0.7422,-0.99257826,-99.2578
2025-06-15,erc1155,10,26,26,52,33075,0.00157218,0.1572,-0.99842782,-99.8428
2025-06-15,erc1155,11,575,575,1150,692451,0.00166077,0.1661,-0.99833923,-99.8339
2025-06-15,erc1155,12,3864,10936,14800,444140,0.03332283,3.3323,-0.96667717,-96.6677
2025-06-15,erc1155,13,1498,1500,2998,648943,0.00461982,0.4620,-0.99538018,-99.5380
2025-06-15,erc1155,14,74,74,148,31500,0.00469841,0.4698,-0.99530159,-99.5302
2025-06-15,erc1155,16,795,795,1590,626260,0.00253888,0.2539,-0.99746112,-99.7461
2025-06-15,erc1155,17,1409,4799,6208,522584,0.01187943,1.1879,-0.98812057,-98.8121
2025-06-15,erc1155,18,6204,11890,18094,706912,0.02559583,2.5596,-0.97440417,-97.4404
2025-06-15,erc1155,19,74,74,148,445200,0.00033243,0.0332,-0.99966757,-99.9668
2025-06-15,erc1155,20,632,632,1264,619080,0.00204174,0.2042,-0.99795826,-99.7958
2025-06-15,erc1155,22,1254,3736,4990,641539,0.00777817,0.7778,-0.99222183,-99.2222
2025-06-15,erc1155,23,325,325,650,741286,0.00087685,0.0877,-0.99912315,-99.9123
2025-06-15,erc1155,24,123,123,246,32550,0.00755760,0.7558,-0.99244240,-99.2442
2025-06-15,erc1155,25,759,759,1518,1213275,0.00125116,0.1251,-0.99874884,-99.8749
2025-06-15,erc1155,27,8032,16793,24825,1435061,0.01729892,1.7299,-0.98270108,-98.2701
2025-06-15,erc1155,3,1924,1924,3848,165356,0.02327100,2.3271,-0.97672900,-97.6729
2025-06-15,erc1155,4,329,1497,1826,238409,0.00765911,0.7659,-0.99234089,-99.2341
2025-06-15,erc1155,5,30,30,60,38010,0.00157853,0.1579,-0.99842147,-99.8421
2025-06-15,erc1155,6,6070,6070,12140,445200,0.02726864,2.7269,-0.97273136,-97.2731
2025-06-15,erc1155,7,45,45,90,33663,0.00267356,0.2674,-0.99732644,-99.7326
2025-06-15,erc1155,8,6,6,12,26775,0.00044818,0.0448,-0.99955182,-99.9552
2025-06-15,erc1155,9,678,678,1356,308553,0.00439471,0.4395,-0.99560529,-99.5605
2025-06-16,erc1155,10,12,12,24,33075,0.00072562,0.0726,-0.99927438,-99.9274
2025-06-16,erc1155,11,698,698,1396,692451,0.00201603,0.2016,-0.99798397,-99.7984
2025-06-16,erc1155,12,9671,9673,19344,444140,0.04355383,4.3554,-0.95644617,-95.6446
2025-06-16,erc1155,13,1680,1680,3360,648943,0.00517765,0.5178,-0.99482235,-99.4822
2025-06-16,erc1155,14,150,150,300,31500,0.00952381,0.9524,-0.99047619,-99.0476
2025-06-16,erc1155,16,1282,1282,2564,626260,0.00409415,0.4094,-0.99590585,-99.5906
2025-06-16,erc1155,17,23340,21393,44733,522584,0.08559964,8.5600,-0.91440036,-91.4400
2025-06-16,erc1155,18,21628,20713,42341,706912,0.05989572,5.9896,-0.94010428,-94.0104
2025-06-16,erc1155,19,2353,2353,4706,445200,0.01057053,1.0571,-0.98942947,-98.9429
2025-06-16,erc1155,20,5925,5925,11850,619080,0.01914131,1.9141,-0.98085869,-98.0859
2025-06-16,erc1155,22,4099,4099,8198,641539,0.01277865,1.2779,-0.98722135,-98.7221
2025-06-16,erc1155,23,4574,4574,9148,741286,0.01234072,1.2341,-0.98765928,-98.7659
2025-06-16,erc1155,24,212,212,424,32550,0.01302611,1.3026,-0.98697389,-98.6974
2025-06-16,erc1155,25,8521,8521,17042,1213275,0.01404628,1.4046,-0.98595372,-98.5954
2025-06-16,erc1155,27,23708,22834,46542,1435061,0.03243207,3.2432,-0.96756793,-96.7568
2025-06-16,erc1155,28,4607,34007,38614,29400,1.31340136,131.3401,0.31340136,31.3401
2025-06-16,erc1155,3,3721,3721,7442,165356,0.04500593,4.5006,-0.95499407,-95.4994
2025-06-16,erc1155,4,1047,1047,2094,238409,0.00878323,0.8783,-0.99121677,-99.1217
2025-06-16,erc1155,5,18,18,36,38010,0.00094712,0.0947,-0.99905288,-99.9053
2025-06-16,erc1155,6,4020,4020,8040,445200,0.01805930,1.8059,-0.98194070,-98.1941
2025-06-16,erc1155,7,69,69,138,33663,0.00409946,0.4099,-0.99590054,-99.5901
2025-06-16,erc1155,8,13,13,26,26775,0.00097106,0.0971,-0.99902894,-99.9029
2025-06-16,erc1155,9,6056,6053,12109,308553,0.03924447,3.9244,-0.96075553,-96.0756
2025-06-17,erc1155,10,67,67,134,33075,0.00405140,0.4051,-0.99594860,-99.5949
2025-06-17,erc1155,11,871,871,1742,692451,0.00251570,0.2516,-0.99748430,-99.7484
2025-06-17,erc1155,12,5438,4668,10106,444140,0.02275409,2.2754,-0.97724591,-97.7246
2025-06-17,erc1155,13,3604,3604,7208,648943,0.01110729,1.1107,-0.98889271,-98.8893
2025-06-17,erc1155,14,176,176,352,31500,0.01117460,1.1175,-0.98882540,-98.8825
2025-06-17,erc1155,16,2125,2125,4250,626260,0.00678632,0.6786,-0.99321368,-99.3214
2025-06-17,erc1155,17,6515,10838,17353,522584,0.03320614,3.3206,-0.96679386,-96.6794
2025-06-17,erc1155,18,7455,5548,13003,706912,0.01839409,1.8394,-0.98160591,-98.1606
2025-06-17,erc1155,19,4788,4788,9576,445200,0.02150943,2.1509,-0.97849057,-97.8491
2025-06-17,erc1155,20,3093,3079,6172,619080,0.00996963,0.9970,-0.99003037,-99.0030
2025-06-17,erc1155,22,7114,9791,16905,641539,0.02635070,2.6351,-0.97364930,-97.3649
2025-06-17,erc1155,23,4200,4125,8325,741286,0.01123048,1.1230,-0.98876952,-98.8770
2025-06-17,erc1155,24,173,173,346,32550,0.01062980,1.0630,-0.98937020,-98.9370
2025-06-17,erc1155,25,4616,4616,9232,1213275,0.00760916,0.7609,-0.99239084,-99.2391
2025-06-17,erc1155,27,37990,32089,70079,1435061,0.04883346,4.8833,-0.95116654,-95.1167
2025-06-17,erc1155,28,23,23,46,29400,0.00156463,0.1565,-0.99843537,-99.8435
2025-06-17,erc1155,3,2679,2677,5356,165356,0.03239072,3.2391,-0.96760928,-96.7609
2025-06-17,erc1155,4,10502,10301,20803,238409,0.08725761,8.7258,-0.91274239,-91.2742
2025-06-17,erc1155,5,87,87,174,38010,0.00457774,0.4578,-0.99542226,-99.5422
2025-06-17,erc1155,6,7311,7311,14622,445200,0.03284367,3.2844,-0.96715633,-96.7156
2025-06-17,erc1155,7,110,110,220,33663,0.00653537,0.6535,-0.99346463,-99.3465
2025-06-17,erc1155,8,65,65,130,26775,0.00485528,0.4855,-0.99514472,-99.5145
2025-06-17,erc1155,9,3499,3943,7442,308553,0.02411903,2.4119,-0.97588097,-97.5881
2025-06-18,erc1155,10,339,339,678,33075,0.02049887,2.0499,-0.97950113,-97.9501
2025-06-18,erc1155,11,897,897,1794,692451,0.00259080,0.2591,-0.99740920,-99.7409
2025-06-18,erc1155,12,1161,2905,4066,444140,0.00915477,0.9155,-0.99084523,-99.0845
2025-06-18,erc1155,13,1680,1680,3360,648943,0.00517765,0.5178,-0.99482235,-99.4822
2025-06-18,erc1155,14,283,283,566,31500,0.01796825,1.7968,-0.98203175,-98.2032
2025-06-18,erc1155,16,1535,1535,3070,626260,0.00490212,0.4902,-0.99509788,-99.5098
2025-06-18,erc1155,17,1976,3356,5332,522584,0.01020314,1.0203,-0.98979686,-98.9797
2025-06-18,erc1155,18,6037,4002,10039,706912,0.01420120,1.4201,-0.98579880,-98.5799
2025-06-18,erc1155,19,389,389,778,445200,0.00174753,0.1748,-0.99825247,-99.8252
2025-06-18,erc1155,20,943,957,1900,619080,0.00306907,0.3069,-0.99693093,-99.6931
2025-06-18,erc1155,22,3869,7192,11061,641539,0.01724135,1.7241,-0.98275865,-98.2759
2025-06-18,erc1155,23,1269,1330,2599,741286,0.00350607,0.3506,-0.99649393,-99.6494
2025-06-18,erc1155,24,210,210,420,32550,0.01290323,1.2903,-0.98709677,-98.7097
2025-06-18,erc1155,25,2450,2450,4900,1213275,0.00403866,0.4039,-0.99596134,-99.5961
2025-06-18,erc1155,27,10490,20177,30667,1435061,0.02136982,2.1370,-0.97863018,-97.8630
2025-06-18,erc1155,28,9,9,18,29400,0.00061224,0.0612,-0.99938776,-99.9388
2025-06-18,erc1155,3,3800,3802,7602,165356,0.04597354,4.5974,-0.95402646,-95.4026
2025-06-18,erc1155,4,1330,5418,6748,238409,0.02830430,2.8304,-0.97169570,-97.1696
2025-06-18,erc1155,5,145,145,290,38010,0.00762957,0.7630,-0.99237043,-99.2370
2025-06-18,erc1155,6,433,433,866,445200,0.00194519,0.1945,-0.99805481,-99.8055
2025-06-18,erc1155,7,207,207,414,33663,0.01229837,1.2298,-0.98770163,-98.7702
2025-06-18,erc1155,8,12,12,24,26775,0.00089636,0.0896,-0.99910364,-99.9104
2025-06-18,erc1155,9,2763,4212,6975,308553,0.02260552,2.2606,-0.97739448,-97.7394
2025-06-19,erc1155,10,38,38,76,33075,0.00229781,0.2298,-0.99770219,-99.7702
2025-06-19,erc1155,11,472,472,944,692451,0.00136327,0.1363,-0.99863673,-99.8637
2025-06-19,erc1155,12,2742,3625,6367,444140,0.01433557,1.4336,-0.98566443,-98.5664
2025-06-19,erc1155,13,3752,3994,7746,648943,0.01193633,1.1936,-0.98806367,-98.8064
2025-06-19,erc1155,14,90,90,180,31500,0.00571429,0.5714,-0.99428571,-99.4286
2025-06-19,erc1155,16,903,903,1806,626260,0.00288379,0.2884,-0.99711621,-99.7116
2025-06-19,erc1155,17,5010,2503,7513,522584,0.01437664,1.4377,-0.98562336,-98.5623
2025-06-19,erc1155,18,6609,12525,19134,706912,0.02706702,2.7067,-0.97293298,-97.2933
2025-06-19,erc1155,19,2179,2179,4358,445200,0.00978886,0.9789,-0.99021114,-99.0211
2025-06-19,erc1155,20,2400,1917,4317,619080,0.00697325,0.6973,-0.99302675,-99.3027
2025-06-19,erc1155,22,3212,3696,6908,641539,0.01076786,1.0768,-0.98923214,-98.9232
2025-06-19,erc1155,23,1353,1366,2719,741286,0.00366795,0.3668,-0.99633205,-99.6332
2025-06-19,erc1155,24,30,30,60,32550,0.00184332,0.1843,-0.99815668,-99.8157
2025-06-19,erc1155,25,1381,1381,2762,1213275,0.00227648,0.2276,-0.99772352,-99.7724
2025-06-19,erc1155,27,27451,28523,55974,1435061,0.03900461,3.9005,-0.96099539,-96.0995
2025-06-19,erc1155,28,12,12,24,29400,0.00081633,0.0816,-0.99918367,-99.9184
2025-06-19,erc1155,3,3004,3004,6008,165356,0.03633373,3.6334,-0.96366627,-96.3666
2025-06-19,erc1155,4,2591,4536,7127,238409,0.02989401,2.9894,-0.97010599,-97.0106
2025-06-19,erc1155,5,44,44,88,38010,0.00231518,0.2315,-0.99768482,-99.7685
2025-06-19,erc1155,6,71,71,142,445200,0.00031896,0.0319,-0.99968104,-99.9681
2025-06-19,erc1155,7,28,28,56,33663,0.00166355,0.1664,-0.99833645,-99.8336
2025-06-19,erc1155,8,47,47,94,26775,0.00351074,0.3511,-0.99648926,-99.6489
2025-06-19,erc1155,9,395,1303,1698,308553,0.00550311,0.5503,-0.99449689,-99.4497
2025-06-20,erc1155,10,31,31,62,33075,0.00187453,0.1875,-0.99812547,-99.8125
2025-06-20,erc1155,11,754,754,1508,692451,0.00217777,0.2178,-0.99782223,-99.7822
2025-06-20,erc1155,12,3162,2841,6003,444140,0.01351601,1.3516,-0.98648399,-98.6484
2025-06-20,erc1155,13,1332,3332,4664,648943,0.00718707,0.7187,-0.99281293,-99.2813
2025-06-20,erc1155,14,40,40,80,31500,0.00253968,0.2540,-0.99746032,-99.7460
2025-06-20,erc1155,16,1623,1623,3246,626260,0.00518315,0.5183,-0.99481685,-99.4817
2025-06-20,erc1155,17,5392,7511,12903,522584,0.02469077,2.4691,-0.97530923,-97.5309
2025-06-20,erc1155,18,6701,7036,13737,706912,0.01943240,1.9432,-0.98056760,-98.0568
2025-06-20,erc1155,19,562,562,1124,445200,0.00252471,0.2525,-0.99747529,-99.7475
2025-06-20,erc1155,20,5076,4500,9576,619080,0.01546811,1.5468,-0.98453189,-98.4532
2025-06-20,erc1155,22,4187,2686,6873,641539,0.01071330,1.0713,-0.98928670,-98.9287
2025-06-20,erc1155,23,2134,2135,4269,741286,0.00575891,0.5759,-0.99424109,-99.4241
2025-06-20,erc1155,24,17,17,34,32550,0.00104455,0.1045,-0.99895545,-99.8955
2025-06-20,erc1155,25,12506,12506,25012,1213275,0.02061528,2.0615,-0.97938472,-97.9385
2025-06-20,erc1155,27,19085,11819,30904,1435061,0.02153497,2.1535,-0.97846503,-97.8465
2025-06-20,erc1155,28,29,29,58,29400,0.00197279,0.1973,-0.99802721,-99.8027
2025-06-20,erc1155,3,3073,1322,4395,165356,0.02657902,2.6579,-0.97342098,-97.3421
2025-06-20,erc1155,4,559,559,1118,238409,0.00468942,0.4689,-0.99531058,-99.5311
2025-06-20,erc1155,5,29,29,58,38010,0.00152591,0.1526,-0.99847409,-99.8474
2025-06-20,erc1155,6,30,30,60,445200,0.00013477,0.0135,-0.99986523,-99.9865
2025-06-20,erc1155,7,32,32,64,33663,0.00190120,0.1901,-0.99809880,-99.8099
2025-06-20,erc1155,9,884,455,1339,308553,0.00433961,0.4340,-0.99566039,-99.5660
2025-06-21,erc1155,10,3,3,6,33075,0.00018141,0.0181,-0.99981859,-99.9819
2025-06-21,erc1155,11,145,145,290,692451,0.00041880,0.0419,-0.99958120,-99.9581
2025-06-21,erc1155,12,472,1426,1898,444140,0.00427343,0.4273,-0.99572657,-99.5727
2025-06-21,erc1155,13,1269,1269,2538,648943,0.00391098,0.3911,-0.99608902,-99.6089
2025-06-21,erc1155,14,122,122,244,31500,0.00774603,0.7746,-0.99225397,-99.2254
2025-06-21,erc1155,16,828,828,1656,626260,0.00264427,0.2644,-0.99735573,-99.7356
2025-06-21,erc1155,17,9423,9890,19313,522584,0.03695674,3.6957,-0.96304326,-96.3043
2025-06-21,erc1155,18,4034,5954,9988,706912,0.01412906,1.4129,-0.98587094,-98.5871
2025-06-21,erc1155,19,161,161,322,445200,0.00072327,0.0723,-0.99927673,-99.9277
2025-06-21,erc1155,20,354,1413,1767,619080,0.00285424,0.2854,-0.99714576,-99.7146
2025-06-21,erc1155,22,4509,5733,10242,641539,0.01596473,1.5965,-0.98403527,-98.4035
2025-06-21,erc1155,23,4142,4142,8284,741286,0.01117517,1.1175,-0.98882483,-98.8825
2025-06-21,erc1155,24,39,39,78,32550,0.00239631,0.2396,-0.99760369,-99.7604
2025-06-21,erc1155,25,1295,1295,2590,1213275,0.00213472,0.2135,-0.99786528,-99.7865
2025-06-21,erc1155,27,22781,30047,52828,1435061,0.03681237,3.6812,-0.96318763,-96.3188
2025-06-21,erc1155,28,31,31,62,29400,0.00210884,0.2109,-0.99789116,-99.7891
2025-06-21,erc1155,3,2969,4718,7687,165356,0.04648758,4.6488,-0.95351242,-95.3512
2025-06-21,erc1155,4,1691,1383,3074,238409,0.01289381,1.2894,-0.98710619,-98.7106
2025-06-21,erc1155,5,21,21,42,38010,0.00110497,0.1105,-0.99889503,-99.8895
2025-06-21,erc1155,6,244,244,488,445200,0.00109614,0.1096,-0.99890386,-99.8904
2025-06-21,erc1155,7,25,25,50,33663,0.00148531,0.1485,-0.99851469,-99.8515
2025-06-21,erc1155,9,355,703,1058,308553,0.00342891,0.3429,-0.99657109,-99.6571
2025-06-22,erc1155,10,27,27,54,33075,0.00163265,0.1633,-0.99836735,-99.8367
2025-06-22,erc1155,11,70,70,140,692451,0.00020218,0.0202,-0.99979782,-99.9798
2025-06-22,erc1155,12,3814,303,4117,444140,0.00926960,0.9270,-0.99073040,-99.0730
2025-06-22,erc1155,13,240,240,480,648943,0.00073966,0.0740,-0.99926034,-99.9260
2025-06-22,erc1155,14,13,13,26,31500,0.00082540,0.0825,-0.99917460,-99.9175
2025-06-22,erc1155,16,6904,6904,13808,626260,0.02204835,2.2048,-0.97795165,-97.7952
2025-06-22,erc1155,17,1380,2676,4056,522584,0.00776143,0.7761,-0.99223857,-99.2239
2025-06-22,erc1155,18,4546,393,4939,706912,0.00698673,0.6987,-0.99301327,-99.3013
2025-06-22,erc1155,19,122,122,244,445200,0.00054807,0.0548,-0.99945193,-99.9452
2025-06-22,erc1155,20,1354,690,2044,619080,0.00330167,0.3302,-0.99669833,-99.6698
2025-06-22,erc1155,22,291,568,859,641539,0.00133897,0.1339,-0.99866103,-99.8661
2025-06-22,erc1155,23,4912,4912,9824,741286,0.01325264,1.3253,-0.98674736,-98.6747
2025-06-22,erc1155,24,7,7,14,32550,0.00043011,0.0430,-0.99956989,-99.9570
2025-06-22,erc1155,25,9606,9606,19212,1213275,0.01583483,1.5835,-0.98416517,-98.4165
2025-06-22,erc1155,27,25177,21991,47168,1435061,0.03286829,3.2868,-0.96713171,-96.7132
2025-06-22,erc1155,28,17,17,34,29400,0.00115646,0.1156,-0.99884354,-99.8844
2025-06-22,erc1155,3,1600,704,2304,165356,0.01393357,1.3934,-0.98606643,-98.6066
2025-06-22,erc1155,4,1112,1420,2532,238409,0.01062040,1.0620,-0.98937960,-98.9380
2025-06-22,erc1155,5,42,42,84,38010,0.00220994,0.2210,-0.99779006,-99.7790
2025-06-22,erc1155,6,186,186,372,445200,0.00083558,0.0836,-0.99916442,-99.9164
2025-06-22,erc1155,7,6,6,12,33663,0.00035647,0.0356,-0.99964353,-99.9644
2025-06-22,erc1155,8,6,6,12,26775,0.00044818,0.0448,-0.99955182,-99.9552
2025-06-22,erc1155,9,332,889,1221,308553,0.00395718,0.3957,-0.99604282,-99.6043
2025-06-23,erc1155,10,86,86,172,33075,0.00520030,0.5200,-0.99479970,-99.4800
2025-06-23,erc1155,11,349,349,698,692451,0.00100801,0.1008,-0.99899199,-99.8992
2025-06-23,erc1155,12,947,4458,5405,444140,0.01216959,1.2170,-0.98783041,-98.7830
2025-06-23,erc1155,13,813,813,1626,648943,0.00250561,0.2506,-0.99749439,-99.7494
2025-06-23,erc1155,14,11,11,22,31500,0.00069841,0.0698,-0.99930159,-99.9302
2025-06-23,erc1155,16,10121,10121,20242,626260,0.03232204,3.2322,-0.96767796,-96.7678
2025-06-23,erc1155,17,1076,914,1990,522584,0.00380800,0.3808,-0.99619200,-99.6192
2025-06-23,erc1155,18,2343,5007,7350,706912,0.01039733,1.0397,-0.98960267,-98.9603
2025-06-23,erc1155,19,503,503,1006,445200,0.00225966,0.2260,-0.99774034,-99.7740
2025-06-23,erc1155,20,874,1373,2247,619080,0.00362958,0.3630,-0.99637042,-99.6370
2025-06-23,erc1155,22,1482,1482,2964,641539,0.00462014,0.4620,-0.99537986,-99.5380
2025-06-23,erc1155,23,765,765,1530,741286,0.00206398,0.2064,-0.99793602,-99.7936
2025-06-23,erc1155,24,222,222,444,32550,0.01364055,1.3641,-0.98635945,-98.6359
2025-06-23,erc1155,25,2055,2055,4110,1213275,0.00338753,0.3388,-0.99661247,-99.6612
2025-06-23,erc1155,27,20557,9420,29977,1435061,0.02088901,2.0889,-0.97911099,-97.9111
2025-06-23,erc1155,28,78,78,156,29400,0.00530612,0.5306,-0.99469388,-99.4694
2025-06-23,erc1155,3,1887,1062,2949,165356,0.01783425,1.7834,-0.98216575,-98.2166
2025-06-23,erc1155,4,701,697,1398,238409,0.00586387,0.5864,-0.99413613,-99.4136
2025-06-23,erc1155,5,33,33,66,38010,0.00173639,0.1736,-0.99826361,-99.8264
2025-06-23,erc1155,6,4122,4122,8244,445200,0.01851752,1.8518,-0.98148248,-98.1482
2025-06-23,erc1155,7,166,166,332,33663,0.00986246,0.9862,-0.99013754,-99.0138
2025-06-23,erc1155,8,11,11,22,26775,0.00082166,0.0822,-0.99917834,-99.9178
2025-06-23,erc1155,9,301,428,729,308553,0.00236264,0.2363,-0.99763736,-99.7637
2025-06-24,erc1155,10,92,92,184,33075,0.00556311,0.5563,-0.99443689,-99.4437
2025-06-24,erc1155,11,112,112,224,692451,0.00032349,0.0323,-0.99967651,-99.9677
2025-06-24,erc1155,12,833,833,1666,444140,0.00375107,0.3751,-0.99624893,-99.6249
2025-06-24,erc1155,13,1075,1075,2150,648943,0.00331308,0.3313,-0.99668692,-99.6687
2025-06-24,erc1155,14,56,56,112,31500,0.00355556,0.3556,-0.99644444,-99.6444
2025-06-24,erc1155,16,3660,3660,7320,626260,0.01168844,1.1688,-0.98831156,-98.8312
2025-06-24,erc1155,17,2394,2617,5011,522584,0.00958889,0.9589,-0.99041111,-99.0411
2025-06-24,erc1155,18,1321,2810,4131,706912,0.00584373,0.5844,-0.99415627,-99.4156
2025-06-24,erc1155,19,75,75,150,445200,0.00033693,0.0337,-0.99966307,-99.9663
2025-06-24,erc1155,20,1213,1378,2591,619080,0.00418524,0.4185,-0.99581476,-99.5815
2025-06-24,erc1155,22,1236,1236,2472,641539,0.00385323,0.3853,-0.99614677,-99.6147
2025-06-24,erc1155,23,2003,2003,4006,741286,0.00540412,0.5404,-0.99459588,-99.4596
2025-06-24,erc1155,24,11,11,22,32550,0.00067588,0.0676,-0.99932412,-99.9324
2025-06-24,erc1155,25,1315,1315,2630,1213275,0.00216769,0.2168,-0.99783231,-99.7832
2025-06-24,erc1155,27,19219,34058,53277,1435061,0.03712525,3.7125,-0.96287475,-96.2875
2025-06-24,erc1155,28,186,186,372,29400,0.01265306,1.2653,-0.98734694,-98.7347
2025-06-24,erc1155,3,161,1884,2045,165356,0.01236726,1.2367,-0.98763274,-98.7633
2025-06-24,erc1155,4,912,916,1828,238409,0.00766750,0.7667,-0.99233250,-99.2333
2025-06-24,erc1155,5,77,77,154,38010,0.00405157,0.4052,-0.99594843,-99.5948
2025-06-24,erc1155,6,640,640,1280,445200,0.00287511,0.2875,-0.99712489,-99.7125
2025-06-24,erc1155,7,70,70,140,33663,0.00415887,0.4159,-0.99584113,-99.5841
2025-06-24,erc1155,8,7,7,14,26775,0.00052288,0.0523,-0.99947712,-99.9477
2025-06-24,erc1155,9,113,124,237,308553,0.00076810,0.0768,-0.99923190,-99.9232
2025-06-25,erc1155,10,33,33,66,33075,0.00199546,0.1995,-0.99800454,-99.8005
2025-06-25,erc1155,11,419,419,838,692451,0.00121019,0.1210,-0.99878981,-99.8790
2025-06-25,erc1155,12,577,1061,1638,444140,0.00368803,0.3688,-0.99631197,-99.6312
2025-06-25,erc1155,13,364,364,728,648943,0.00112182,0.1122,-0.99887818,-99.8878
2025-06-25,erc1155,14,354,354,708,31500,0.02247619,2.2476,-0.97752381,-97.7524
2025-06-25,erc1155,16,6438,6438,12876,626260,0.02056015,2.0560,-0.97943985,-97.9440
2025-06-25,erc1155,17,1863,2516,4379,522584,0.00837951,0.8380,-0.99162049,-99.1620
2025-06-25,erc1155,18,1100,1100,2200,706912,0.00311213,0.3112,-0.99688787,-99.6888
2025-06-25,erc1155,19,183,183,366,445200,0.00082210,0.0822,-0.99917790,-99.9178
2025-06-25,erc1155,20,2214,2214,4428,619080,0.00715255,0.7153,-0.99284745,-99.2847
2025-06-25,erc1155,22,791,1307,2098,641539,0.00327026,0.3270,-0.99672974,-99.6730
2025-06-25,erc1155,23,914,914,1828,741286,0.00246598,0.2466,-0.99753402,-99.7534
2025-06-25,erc1155,24,18,18,36,32550,0.00110599,0.1106,-0.99889401,-99.8894
2025-06-25,erc1155,25,562,562,1124,1213275,0.00092642,0.0926,-0.99907358,-99.9074
2025-06-25,erc1155,27,4246,4246,8492,1435061,0.00591752,0.5918,-0.99408248,-99.4082
2025-06-25,erc1155,28,23,23,46,29400,0.00156463,0.1565,-0.99843537,-99.8435
2025-06-25,erc1155,3,176,176,352,165356,0.00212874,0.2129,-0.99787126,-99.7871
2025-06-25,erc1155,4,525,525,1050,238409,0.00440420,0.4404,-0.99559580,-99.5596
2025-06-25,erc1155,5,9,9,18,38010,0.00047356,0.0474,-0.99952644,-99.9526
2025-06-25,erc1155,6,104,104,208,445200,0.00046721,0.0467,-0.99953279,-99.9533
2025-06-25,erc1155,7,11,11,22,33663,0.00065354,0.0654,-0.99934646,-99.9346
2025-06-25,erc1155,8,1,1,2,26775,0.00007470,0.0075,-0.99992530,-99.9925
2025-06-25,erc1155,9,140,139,279,308553,0.00090422,0.0904,-0.99909578,-99.9096
2025-06-26,erc1155,10,13,13,26,33075,0.00078609,0.0786,-0.99921391,-99.9214
2025-06-26,erc1155,11,1192,1192,2384,692451,0.00344284,0.3443,-0.99655716,-99.6557
2025-06-26,erc1155,12,5876,5876,11752,444140,0.02646013,2.6460,-0.97353987,-97.3540
2025-06-26,erc1155,13,1669,1669,3338,648943,0.00514375,0.5144,-0.99485625,-99.4856
2025-06-26,erc1155,14,236,236,472,31500,0.01498413,1.4984,-0.98501587,-98.5016
2025-06-26,erc1155,16,2138,2138,4276,626260,0.00682784,0.6828,-0.99317216,-99.3172
2025-06-26,erc1155,17,1126,1126,2252,522584,0.00430936,0.4309,-0.99569064,-99.5691
2025-06-26,erc1155,18,2704,2704,5408,706912,0.00765017,0.7650,-0.99234983,-99.2350
2025-06-26,erc1155,19,1359,1359,2718,445200,0.00610512,0.6105,-0.99389488,-99.3895
2025-06-26,erc1155,20,1782,1782,3564,619080,0.00575693,0.5757,-0.99424307,-99.4243
2025-06-26,erc1155,22,2375,2375,4750,641539,0.00740407,0.7404,-0.99259593,-99.2596
2025-06-26,erc1155,23,2208,2208,4416,741286,0.00595721,0.5957,-0.99404279,-99.4043
2025-06-26,erc1155,24,8,8,16,32550,0.00049155,0.0492,-0.99950845,-99.9508
2025-06-26,erc1155,25,8763,8763,17526,1213275,0.01444520,1.4445,-0.98555480,-98.5555
2025-06-26,erc1155,27,3992,3992,7984,1435061,0.00556353,0.5564,-0.99443647,-99.4436
2025-06-26,erc1155,3,246,246,492,165356,0.00297540,0.2975,-0.99702460,-99.7025
2025-06-26,erc1155,4,790,790,1580,238409,0.00662727,0.6627,-0.99337273,-99.3373
2025-06-26,erc1155,5,10,10,20,38010,0.00052618,0.0526,-0.99947382,-99.9474
2025-06-26,erc1155,6,1637,1637,3274,445200,0.00735400,0.7354,-0.99264600,-99.2646
2025-06-26,erc1155,7,31,31,62,33663,0.00184178,0.1842,-0.99815822,-99.8158
2025-06-26,erc1155,9,739,740,1479,308553,0.00479334,0.4793,-0.99520666,-99.5207
2025-06-27,erc1155,11,473,473,946,692451,0.00136616,0.1366,-0.99863384,-99.8634
2025-06-27,erc1155,12,2141,2141,4282,444140,0.00964110,0.9641,-0.99035890,-99.0359
2025-06-27,erc1155,13,1774,1774,3548,648943,0.00546735,0.5467,-0.99453265,-99.4533
2025-06-27,erc1155,14,1,1,2,31500,0.00006349,0.0063,-0.99993651,-99.9937
2025-06-27,erc1155,16,4221,4221,8442,626260,0.01348002,1.3480,-0.98651998,-98.6520
2025-06-27,erc1155,17,5420,5420,10840,522584,0.02074308,2.0743,-0.97925692,-97.9257
2025-06-27,erc1155,18,602,602,1204,706912,0.00170318,0.1703,-0.99829682,-99.8297
2025-06-27,erc1155,19,722,722,1444,445200,0.00324349,0.3243,-0.99675651,-99.6757
2025-06-27,erc1155,20,425,425,850,619080,0.00137301,0.1373,-0.99862699,-99.8627
2025-06-27,erc1155,22,1297,1297,2594,641539,0.00404340,0.4043,-0.99595660,-99.5957
2025-06-27,erc1155,23,1575,1575,3150,741286,0.00424937,0.4249,-0.99575063,-99.5751
2025-06-27,erc1155,24,116,116,232,32550,0.00712750,0.7127,-0.99287250,-99.2873
2025-06-27,erc1155,25,5462,5462,10924,1213275,0.00900373,0.9004,-0.99099627,-99.0996
2025-06-27,erc1155,27,1754,1754,3508,1435061,0.00244450,0.2444,-0.99755550,-99.7556
2025-06-27,erc1155,28,5,5,10,29400,0.00034014,0.0340,-0.99965986,-99.9660
2025-06-27,erc1155,3,561,561,1122,165356,0.00678536,0.6785,-0.99321464,-99.3215
2025-06-27,erc1155,4,844,844,1688,238409,0.00708027,0.7080,-0.99291973,-99.2920
2025-06-27,erc1155,5,3,3,6,38010,0.00015785,0.0158,-0.99984215,-99.9842
2025-06-27,erc1155,6,265,265,530,445200,0.00119048,0.1190,-0.99880952,-99.8810
2025-06-27,erc1155,7,9,9,18,33663,0.00053471,0.0535,-0.99946529,-99.9465
2025-06-27,erc1155,9,298,298,596,308553,0.00193160,0.1932,-0.99806840,-99.8068
2025-06-28,erc1155,10,5,5,10,33075,0.00030234,0.0302,-0.99969766,-99.9698
2025-06-28,erc1155,11,221,221,442,692451,0.00063831,0.0638,-0.99936169,-99.9362
2025-06-28,erc1155,12,860,860,1720,444140,0.00387265,0.3873,-0.99612735,-99.6127
2025-06-28,erc1155,13,1688,1688,3376,648943,0.00520231,0.5202,-0.99479769,-99.4798
2025-06-28,erc1155,14,52,52,104,31500,0.00330159,0.3302,-0.99669841,-99.6698
2025-06-28,erc1155,16,393,393,786,626260,0.00125507,0.1255,-0.99874493,-99.8745
2025-06-28,erc1155,17,1361,1361,2722,522584,0.00520873,0.5209,-0.99479127,-99.4791
2025-06-28,erc1155,18,1308,1308,2616,706912,0.00370060,0.3701,-0.99629940,-99.6299
2025-06-28,erc1155,19,375,375,750,445200,0.00168464,0.1685,-0.99831536,-99.8315
2025-06-28,erc1155,20,2426,2426,4852,619080,0.00783744,0.7837,-0.99216256,-99.2163
2025-06-28,erc1155,22,1214,1214,2428,641539,0.00378465,0.3785,-0.99621535,-99.6215
2025-06-28,erc1155,23,593,593,1186,741286,0.00159992,0.1600,-0.99840008,-99.8400
2025-06-28,erc1155,24,38,38,76,32550,0.00233487,0.2335,-0.99766513,-99.7665
2025-06-28,erc1155,25,3010,3010,6020,1213275,0.00496178,0.4962,-0.99503822,-99.5038
2025-06-28,erc1155,27,14085,14075,28160,1435061,0.01962286,1.9623,-0.98037714,-98.0377
2025-06-28,erc1155,28,5043,5043,10086,29400,0.34306122,34.3061,-0.65693878,-65.6939
2025-06-28,erc1155,3,4097,4097,8194,165356,0.04955369,4.9554,-0.95044631,-95.0446
2025-06-28,erc1155,4,2390,2390,4780,238409,0.02004958,2.0050,-0.97995042,-97.9950
2025-06-28,erc1155,5,5,5,10,38010,0.00026309,0.0263,-0.99973691,-99.9737
2025-06-28,erc1155,6,752,752,1504,445200,0.00337826,0.3378,-0.99662174,-99.6622
2025-06-28,erc1155,7,37,37,74,33663,0.00219826,0.2198,-0.99780174,-99.7802
2025-06-28,erc1155,9,3301,3301,6602,308553,0.02139665,2.1397,-0.97860335,-97.8603
2025-06-29,erc1155,11,480,480,960,692451,0.00138638,0.1386,-0.99861362,-99.8614
2025-06-29,erc1155,12,381,381,762,444140,0.00171568,0.1716,-0.99828432,-99.8284
2025-06-29,erc1155,13,197,197,394,648943,0.00060714,0.0607,-0.99939286,-99.9393
2025-06-29,erc1155,14,20,20,40,31500,0.00126984,0.1270,-0.99873016,-99.8730
2025-06-29,erc1155,16,355,355,710,626260,0.00113371,0.1134,-0.99886629,-99.8866
2025-06-29,erc1155,17,719,719,1438,522584,0.00275171,0.2752,-0.99724829,-99.7248
2025-06-29,erc1155,18,1363,1363,2726,706912,0.00385621,0.3856,-0.99614379,-99.6144
2025-06-29,erc1155,19,187,187,374,445200,0.00084007,0.0840,-0.99915993,-99.9160
2025-06-29,erc1155,20,115,115,230,619080,0.00037152,0.0372,-0.99962848,-99.9628
2025-06-29,erc1155,22,262,262,524,641539,0.00081679,0.0817,-0.99918321,-99.9183
2025-06-29,erc1155,23,226,226,452,741286,0.00060975,0.0610,-0.99939025,-99.9390
2025-06-29,erc1155,24,14,14,28,32550,0.00086022,0.0860,-0.99913978,-99.9140
2025-06-29,erc1155,25,583,583,1166,1213275,0.00096104,0.0961,-0.99903896,-99.9039
2025-06-29,erc1155,27,1626,1636,3262,1435061,0.00227307,0.2273,-0.99772693,-99.7727
2025-06-29,erc1155,28,142,142,284,29400,0.00965986,0.9660,-0.99034014,-99.0340
2025-06-29,erc1155,3,66,66,132,165356,0.00079828,0.0798,-0.99920172,-99.9202
2025-06-29,erc1155,4,670,670,1340,238409,0.00562059,0.5621,-0.99437941,-99.4379
2025-06-29,erc1155,5,8,8,16,38010,0.00042094,0.0421,-0.99957906,-99.9579
2025-06-29,erc1155,6,881,881,1762,445200,0.00395777,0.3958,-0.99604223,-99.6042
2025-06-29,erc1155,7,29,29,58,33663,0.00172296,0.1723,-0.99827704,-99.8277
2025-06-29,erc1155,8,15,15,30,26775,0.00112045,0.1120,-0.99887955,-99.8880
2025-06-29,erc1155,9,310,310,620,308553,0.00200938,0.2009,-0.99799062,-99.7991
2025-06-30,erc1155,10,12,12,24,33075,0.00072562,0.0726,-0.99927438,-99.9274
2025-06-30,erc1155,11,265,265,530,692451,0.00076540,0.0765,-0.99923460,-99.9235
2025-06-30,erc1155,12,2043,2043,4086,444140,0.00919980,0.9200,-0.99080020,-99.0800
2025-06-30,erc1155,13,1944,1944,3888,648943,0.00599128,0.5991,-0.99400872,-99.4009
2025-06-30,erc1155,14,11,11,22,31500,0.00069841,0.0698,-0.99930159,-99.9302
2025-06-30,erc1155,16,2202,2202,4404,626260,0.00703222,0.7032,-0.99296778,-99.2968
2025-06-30,erc1155,17,2254,2254,4508,522584,0.00862636,0.8626,-0.99137364,-99.1374
2025-06-30,erc1155,18,1984,1984,3968,706912,0.00561315,0.5613,-0.99438685,-99.4387
2025-06-30,erc1155,19,1046,1046,2092,445200,0.00469901,0.4699,-0.99530099,-99.5301
2025-06-30,erc1155,20,1480,1480,2960,619080,0.00478129,0.4781,-0.99521871,-99.5219
2025-06-30,erc1155,22,2978,2978,5956,641539,0.00928393,0.9284,-0.99071607,-99.0716
2025-06-30,erc1155,23,373,373,746,741286,0.00100636,0.1006,-0.99899364,-99.8994
2025-06-30,erc1155,24,44,44,88,32550,0.00270353,0.2704,-0.99729647,-99.7296
2025-06-30,erc1155,25,625,625,1250,1213275,0.00103027,0.1030,-0.99896973,-99.8970
2025-06-30,erc1155,27,4187,4187,8374,1435061,0.00583529,0.5835,-0.99416471,-99.4165
2025-06-30,erc1155,28,18,18,36,29400,0.00122449,0.1224,-0.99877551,-99.8776
2025-06-30,erc1155,3,707,707,1414,165356,0.00855125,0.8551,-0.99144875,-99.1449
2025-06-30,erc1155,4,1980,1980,3960,238409,0.01661011,1.6610,-0.98338989,-98.3390
2025-06-30,erc1155,5,17,17,34,38010,0.00089450,0.0895,-0.99910550,-99.9105
2025-06-30,erc1155,6,382,382,764,445200,0.00171608,0.1716,-0.99828392,-99.8284
2025-06-30,erc1155,7,7,7,14,33663,0.00041589,0.0416,-0.99958411,-99.9584
2025-06-30,erc1155,8,26,26,52,26775,0.00194211,0.1942,-0.99805789,-99.8058
2025-06-30,erc1155,9,1882,1882,3764,308553,0.01219888,1.2199,-0.98780112,-98.7801
2025-07-01,erc1155,10,55,55,110,33075,0.00332577,0.3326,-0.99667423,-99.6674
2025-07-01,erc1155,11,2805,2805,5610,692451,0.00810166,0.8102,-0.99189834,-99.1898
2025-07-01,erc1155,12,4974,4974,9948,444140,0.02239834,2.2398,-0.97760166,-97.7602
2025-07-01,erc1155,13,897,897,1794,648943,0.00276450,0.2764,-0.99723550,-99.7236
2025-07-01,erc1155,14,10,10,20,31500,0.00063492,0.0635,-0.99936508,-99.9365
2025-07-01,erc1155,16,2040,2040,4080,626260,0.00651487,0.6515,-0.99348513,-99.3485
2025-07-01,erc1155,17,1838,1838,3676,522584,0.00703428,0.7034,-0.99296572,-99.2966
2025-07-01,erc1155,18,4071,4071,8142,706912,0.01151770,1.1518,-0.98848230,-98.8482
2025-07-01,erc1155,19,668,668,1336,445200,0.00300090,0.3001,-0.99699910,-99.6999
2025-07-01,erc1155,20,2411,2411,4822,619080,0.00778898,0.7789,-0.99221102,-99.2211
2025-07-01,erc1155,22,1825,1825,3650,641539,0.00568944,0.5689,-0.99431056,-99.4311
2025-07-01,erc1155,23,1991,1991,3982,741286,0.00537175,0.5372,-0.99462825,-99.4628
2025-07-01,erc1155,24,34,34,68,32550,0.00208909,0.2089,-0.99791091,-99.7911
2025-07-01,erc1155,25,1615,1615,3230,1213275,0.00266222,0.2662,-0.99733778,-99.7338
2025-07-01,erc1155,27,15893,15893,31786,1435061,0.02214958,2.2150,-0.97785042,-97.7850
2025-07-01,erc1155,28,67,67,134,29400,0.00455782,0.4558,-0.99544218,-99.5442
2025-07-01,erc1155,3,3009,3003,6012,165356,0.03635792,3.6358,-0.96364208,-96.3642
2025-07-01,erc1155,4,1205,968,2173,238409,0.00911459,0.9115,-0.99088541,-99.0885
2025-07-01,erc1155,5,26,26,52,38010,0.00136806,0.1368,-0.99863194,-99.8632
2025-07-01,erc1155,6,5536,5536,11072,445200,0.02486972,2.4870,-0.97513028,-97.5130
2025-07-01,erc1155,7,14,14,28,33663,0.00083177,0.0832,-0.99916823,-99.9168
2025-07-01,erc1155,8,43,43,86,26775,0.00321195,0.3212,-0.99678805,-99.6788
2025-07-01,erc1155,9,455,455,910,308553,0.00294925,0.2949,-0.99705075,-99.7051
2025-07-02,erc1155,10,47,47,94,33075,0.00284203,0.2842,-0.99715797,-99.7158
2025-07-02,erc1155,11,214,214,428,692451,0.00061809,0.0618,-0.99938191,-99.9382
2025-07-02,erc1155,12,3647,3647,7294,444140,0.01642275,1.6423,-0.98357725,-98.3577
2025-07-02,erc1155,13,424,424,848,648943,0.00130674,0.1307,-0.99869326,-99.8693
2025-07-02,erc1155,14,175,175,350,31500,0.01111111,1.1111,-0.98888889,-98.8889
2025-07-02,erc1155,16,1345,1345,2690,626260,0.00429534,0.4295,-0.99570466,-99.5705
2025-07-02,erc1155,17,9546,9546,19092,522584,0.03653384,3.6534,-0.96346616,-96.3466
2025-07-02,erc1155,18,6613,6613,13226,706912,0.01870954,1.8710,-0.98129046,-98.1290
2025-07-02,erc1155,19,407,407,814,445200,0.00182839,0.1828,-0.99817161,-99.8172
2025-07-02,erc1155,20,3626,3626,7252,619080,0.01171416,1.1714,-0.98828584,-98.8286
2025-07-02,erc1155,22,3809,3809,7618,641539,0.01187457,1.1875,-0.98812543,-98.8125
2025-07-02,erc1155,23,3568,3568,7136,741286,0.00962651,0.9627,-0.99037349,-99.0373
2025-07-02,erc1155,24,46,46,92,32550,0.00282642,0.2826,-0.99717358,-99.7174
2025-07-02,erc1155,25,3038,3038,6076,1213275,0.00500793,0.5008,-0.99499207,-99.4992
2025-07-02,erc1155,27,25772,25772,51544,1435061,0.03591764,3.5918,-0.96408236,-96.4082
2025-07-02,erc1155,28,28,28,56,29400,0.00190476,0.1905,-0.99809524,-99.8095
2025-07-02,erc1155,3,1734,1740,3474,165356,0.02100922,2.1009,-0.97899078,-97.8991
2025-07-02,erc1155,4,2350,2587,4937,238409,0.02070811,2.0708,-0.97929189,-97.9292
2025-07-02,erc1155,5,8,8,16,38010,0.00042094,0.0421,-0.99957906,-99.9579
2025-07-02,erc1155,6,524,524,1048,445200,0.00235400,0.2354,-0.99764600,-99.7646
2025-07-02,erc1155,7,22,22,44,33663,0.00130707,0.1307,-0.99869293,-99.8693
2025-07-02,erc1155,8,21,21,42,26775,0.00156863,0.1569,-0.99843137,-99.8431
2025-07-02,erc1155,9,858,858,1716,308553,0.00556144,0.5561,-0.99443856,-99.4439
2025-07-03,erc1155,10,25,25,50,33075,0.00151172,0.1512,-0.99848828,-99.8488
2025-07-03,erc1155,11,409,409,818,692451,0.00118131,0.1181,-0.99881869,-99.8819
2025-07-03,erc1155,12,1896,1474,3370,444140,0.00758770,0.7588,-0.99241230,-99.2412
2025-07-03,erc1155,13,3352,3169,6521,648943,0.01004865,1.0049,-0.98995135,-98.9951
2025-07-03,erc1155,14,36,36,72,31500,0.00228571,0.2286,-0.99771429,-99.7714
2025-07-03,erc1155,16,3101,3101,6202,626260,0.00990324,0.9903,-0.99009676,-99.0097
2025-07-03,erc1155,17,3927,3279,7206,522584,0.01378917,1.3789,-0.98621083,-98.6211
2025-07-03,erc1155,18,1612,1309,2921,706912,0.00413206,0.4132,-0.99586794,-99.5868
2025-07-03,erc1155,19,1219,1023,2242,445200,0.00503594,0.5036,-0.99496406,-99.4964
2025-07-03,erc1155,20,2010,1818,3828,619080,0.00618337,0.6183,-0.99381663,-99.3817
2025-07-03,erc1155,22,3031,2216,5247,641539,0.00817877,0.8179,-0.99182123,-99.1821
2025-07-03,erc1155,23,1573,1573,3146,741286,0.00424398,0.4244,-0.99575602,-99.5756
2025-07-03,erc1155,24,33,33,66,32550,0.00202765,0.2028,-0.99797235,-99.7972
2025-07-03,erc1155,25,2577,2577,5154,1213275,0.00424801,0.4248,-0.99575199,-99.5752
2025-07-03,erc1155,27,8867,8393,17260,1435061,0.01202736,1.2027,-0.98797264,-98.7973
2025-07-03,erc1155,28,19,19,38,29400,0.00129252,0.1293,-0.99870748,-99.8707
2025-07-03,erc1155,3,3243,1223,4466,165356,0.02700839,2.7008,-0.97299161,-97.2992
2025-07-03,erc1155,4,1034,374,1408,238409,0.00590582,0.5906,-0.99409418,-99.4094
2025-07-03,erc1155,5,51,51,102,38010,0.00268350,0.2684,-0.99731650,-99.7316
2025-07-03,erc1155,6,1126,1126,2252,445200,0.00505840,0.5058,-0.99494160,-99.4942
2025-07-03,erc1155,7,47,47,94,33663,0.00279238,0.2792,-0.99720762,-99.7208
2025-07-03,erc1155,8,2,2,4,26775,0.00014939,0.0149,-0.99985061,-99.9851
2025-07-03,erc1155,9,660,660,1320,308553,0.00427803,0.4278,-0.99572197,-99.5722
2025-07-04,erc1155,10,13,13,26,33075,0.00078609,0.0786,-0.99921391,-99.9214
2025-07-04,erc1155,11,634,634,1268,692451,0.00183118,0.1831,-0.99816882,-99.8169
2025-07-04,erc1155,12,1431,1853,3284,444140,0.00739406,0.7394,-0.99260594,-99.2606
2025-07-04,erc1155,13,869,1052,1921,648943,0.00296020,0.2960,-0.99703980,-99.7040
2025-07-04,erc1155,14,3,3,6,31500,0.00019048,0.0190,-0.99980952,-99.9810
2025-07-04,erc1155,16,586,586,1172,626260,0.00187143,0.1871,-0.99812857,-99.8129
2025-07-04,erc1155,17,3082,3730,6812,522584,0.01303522,1.3035,-0.98696478,-98.6965
2025-07-04,erc1155,18,850,1153,2003,706912,0.00283345,0.2833,-0.99716655,-99.7167
2025-07-04,erc1155,19,547,743,1290,445200,0.00289757,0.2898,-0.99710243,-99.7102
2025-07-04,erc1155,20,450,642,1092,619080,0.00176391,0.1764,-0.99823609,-99.8236
2025-07-04,erc1155,22,476,1291,1767,641539,0.00275431,0.2754,-0.99724569,-99.7246
2025-07-04,erc1155,23,459,459,918,741286,0.00123839,0.1238,-0.99876161,-99.8762
2025-07-04,erc1155,24,21,21,42,32550,0.00129032,0.1290,-0.99870968,-99.8710
2025-07-04,erc1155,25,502,502,1004,1213275,0.00082751,0.0828,-0.99917249,-99.9172
2025-07-04,erc1155,27,3691,4165,7856,1435061,0.00547433,0.5474,-0.99452567,-99.4526
2025-07-04,erc1155,3,477,2497,2974,165356,0.01798544,1.7985,-0.98201456,-98.2015
2025-07-04,erc1155,4,242,902,1144,238409,0.00479848,0.4798,-0.99520152,-99.5202
2025-07-04,erc1155,5,18,18,36,38010,0.00094712,0.0947,-0.99905288,-99.9053
2025-07-04,erc1155,6,664,664,1328,445200,0.00298293,0.2983,-0.99701707,-99.7017
2025-07-04,erc1155,7,44,44,88,33663,0.00261415,0.2614,-0.99738585,-99.7386
2025-07-04,erc1155,8,12,12,24,26775,0.00089636,0.0896,-0.99910364,-99.9104
2025-07-04,erc1155,9,58,58,116,308553,0.00037595,0.0376,-0.99962405,-99.9624
2025-07-05,erc1155,11,305,305,610,692451,0.00088093,0.0881,-0.99911907,-99.9119
2025-07-05,erc1155,12,63,63,126,444140,0.00028369,0.0284,-0.99971631,-99.9716
2025-07-05,erc1155,13,293,293,586,648943,0.00090301,0.0903,-0.99909699,-99.9097
2025-07-05,erc1155,14,1,1,2,31500,0.00006349,0.0063,-0.99993651,-99.9937
2025-07-05,erc1155,16,64,64,128,626260,0.00020439,0.0204,-0.99979561,-99.9796
2025-07-05,erc1155,17,96,96,192,522584,0.00036741,0.0367,-0.99963259,-99.9633
2025-07-05,erc1155,18,1094,1094,2188,706912,0.00309515,0.3095,-0.99690485,-99.6905
2025-07-05,erc1155,19,356,356,712,445200,0.00159928,0.1599,-0.99840072,-99.8401
2025-07-05,erc1155,20,33,33,66,619080,0.00010661,0.0107,-0.99989339,-99.9893
2025-07-05,erc1155,22,429,429,858,641539,0.00133741,0.1337,-0.99866259,-99.8663
2025-07-05,erc1155,23,141,141,282,741286,0.00038042,0.0380,-0.99961958,-99.9620
2025-07-05,erc1155,24,11,11,22,32550,0.00067588,0.0676,-0.99932412,-99.9324
2025-07-05,erc1155,25,839,839,1678,1213275,0.00138303,0.1383,-0.99861697,-99.8617
2025-07-05,erc1155,27,2114,2114,4228,1435061,0.00294622,0.2946,-0.99705378,-99.7054
2025-07-05,erc1155,28,11,11,22,29400,0.00074830,0.0748,-0.99925170,-99.9252
2025-07-05,erc1155,3,15,15,30,165356,0.00018143,0.0181,-0.99981857,-99.9819
2025-07-05,erc1155,4,75,75,150,238409,0.00062917,0.0629,-0.99937083,-99.9371
2025-07-05,erc1155,5,8,8,16,38010,0.00042094,0.0421,-0.99957906,-99.9579
2025-07-05,erc1155,6,132,132,264,445200,0.00059299,0.0593,-0.99940701,-99.9407
2025-07-05,erc1155,7,20,20,40,33663,0.00118825,0.1188,-0.99881175,-99.8812
2025-07-05,erc1155,8,6,6,12,26775,0.00044818,0.0448,-0.99955182,-99.9552
2025-07-05,erc1155,9,229,229,458,308553,0.00148435,0.1484,-0.99851565,-99.8516
2025-07-06,erc1155,10,29,29,58,33075,0.00175359,0.1754,-0.99824641,-99.8246
2025-07-06,erc1155,11,84,84,168,692451,0.00024262,0.0243,-0.99975738,-99.9757
2025-07-06,erc1155,12,1165,1165,2330,444140,0.00524609,0.5246,-0.99475391,-99.4754
2025-07-06,erc1155,13,638,638,1276,648943,0.00196627,0.1966,-0.99803373,-99.8034
2025-07-06,erc1155,14,1,1,2,31500,0.00006349,0.0063,-0.99993651,-99.9937
2025-07-06,erc1155,16,549,549,1098,626260,0.00175327,0.1753,-0.99824673,-99.8247
2025-07-06,erc1155,17,1406,1406,2812,522584,0.00538095,0.5381,-0.99461905,-99.4619
2025-07-06,erc1155,18,3357,3357,6714,706912,0.00949765,0.9498,-0.99050235,-99.0502
2025-07-06,erc1155,19,1197,1197,2394,445200,0.00537736,0.5377,-0.99462264,-99.4623
2025-07-06,erc1155,20,380,380,760,619080,0.00122763,0.1228,-0.99877237,-99.8772
2025-07-06,erc1155,22,1242,1242,2484,641539,0.00387194,0.3872,-0.99612806,-99.6128
2025-07-06,erc1155,23,837,837,1674,741286,0.00225824,0.2258,-0.99774176,-99.7742
2025-07-06,erc1155,24,31,31,62,32550,0.00190476,0.1905,-0.99809524,-99.8095
2025-07-06,erc1155,25,2653,2653,5306,1213275,0.00437329,0.4373,-0.99562671,-99.5627
2025-07-06,erc1155,27,4983,4983,9966,1435061,0.00694465,0.6945,-0.99305535,-99.3055
2025-07-06,erc1155,28,23,23,46,29400,0.00156463,0.1565,-0.99843537,-99.8435
2025-07-06,erc1155,3,778,778,1556,165356,0.00941000,0.9410,-0.99059000,-99.0590
2025-07-06,erc1155,4,584,584,1168,238409,0.00489914,0.4899,-0.99510086,-99.5101
2025-07-06,erc1155,5,14,14,28,38010,0.00073665,0.0737,-0.99926335,-99.9263
2025-07-06,erc1155,6,358,358,716,445200,0.00160827,0.1608,-0.99839173,-99.8392
2025-07-06,erc1155,7,22,22,44,33663,0.00130707,0.1307,-0.99869293,-99.8693
2025-07-06,erc1155,8,2,2,4,26775,0.00014939,0.0149,-0.99985061,-99.9851
2025-07-06,erc1155,9,743,743,1486,308553,0.00481603,0.4816,-0.99518397,-99.5184
2025-07-07,erc1155,10,71,71,142,33075,0.00429327,0.4293,-0.99570673,-99.5707
2025-07-07,erc1155,11,66,66,132,692451,0.00019063,0.0191,-0.99980937,-99.9809
2025-07-07,erc1155,12,741,741,1482,444140,0.00333679,0.3337,-0.99666321,-99.6663
2025-07-07,erc1155,13,1713,1713,3426,648943,0.00527935,0.5279,-0.99472065,-99.4721
2025-07-07,erc1155,14,61,61,122,31500,0.00387302,0.3873,-0.99612698,-99.6127
2025-07-07,erc1155,16,157,157,314,626260,0.00050139,0.0501,-0.99949861,-99.9499
2025-07-07,erc1155,17,1220,1220,2440,522584,0.00466911,0.4669,-0.99533089,-99.5331
2025-07-07,erc1155,18,571,571,1142,706912,0.00161548,0.1615,-0.99838452,-99.8385
2025-07-07,erc1155,19,450,450,900,445200,0.00202156,0.2022,-0.99797844,-99.7978
2025-07-07,erc1155,20,1639,1639,3278,619080,0.00529495,0.5295,-0.99470505,-99.4705
2025-07-07,erc1155,22,703,703,1406,641539,0.00219160,0.2192,-0.99780840,-99.7808
2025-07-07,erc1155,23,1112,1112,2224,741286,0.00300019,0.3000,-0.99699981,-99.7000
2025-07-07,erc1155,24,87,87,174,32550,0.00534562,0.5346,-0.99465438,-99.4654
2025-07-07,erc1155,25,4587,4587,9174,1213275,0.00756135,0.7561,-0.99243865,-99.2439
2025-07-07,erc1155,27,5963,5963,11926,1435061,0.00831045,0.8310,-0.99168955,-99.1690
2025-07-07,erc1155,28,3,3,6,29400,0.00020408,0.0204,-0.99979592,-99.9796
2025-07-07,erc1155,3,2521,2521,5042,165356,0.03049179,3.0492,-0.96950821,-96.9508
2025-07-07,erc1155,4,326,326,652,238409,0.00273480,0.2735,-0.99726520,-99.7265
2025-07-07,erc1155,5,71,71,142,38010,0.00373586,0.3736,-0.99626414,-99.6264
2025-07-07,erc1155,6,410,410,820,445200,0.00184187,0.1842,-0.99815813,-99.8158
2025-07-07,erc1155,7,26,26,52,33663,0.00154472,0.1545,-0.99845528,-99.8455
2025-07-07,erc1155,8,22,22,44,26775,0.00164332,0.1643,-0.99835668,-99.8357
2025-07-07,erc1155,9,174,174,348,308553,0.00112785,0.1128,-0.99887215,-99.8872
2025-07-08,erc1155,10,80,80,160,33075,0.00483749,0.4837,-0.99516251,-99.5163
2025-07-08,erc1155,11,250,250,500,692451,0.00072207,0.0722,-0.99927793,-99.9278
2025-07-08,erc1155,12,1327,1327,2654,444140,0.00597559,0.5976,-0.99402441,-99.4024
2025-07-08,erc1155,13,198,198,396,648943,0.00061022,0.0610,-0.99938978,-99.9390
2025-07-08,erc1155,16,2,2,4,626260,0.00000639,0.0006,-0.99999361,-99.9994
2025-07-08,erc1155,17,310,310,620,522584,0.00118641,0.1186,-0.99881359,-99.8814
2025-07-08,erc1155,18,766,766,1532,706912,0.00216717,0.2167,-0.99783283,-99.7833
2025-07-08,erc1155,19,113,113,226,445200,0.00050764,0.0508,-0.99949236,-99.9492
2025-07-08,erc1155,20,97,97,194,619080,0.00031337,0.0313,-0.99968663,-99.9687
2025-07-08,erc1155,22,643,643,1286,641539,0.00200455,0.2005,-0.99799545,-99.7995
2025-07-08,erc1155,23,230,230,460,741286,0.00062054,0.0621,-0.99937946,-99.9379
2025-07-08,erc1155,24,150,150,300,32550,0.00921659,0.9217,-0.99078341,-99.0783
2025-07-08,erc1155,25,292,292,584,1213275,0.00048134,0.0481,-0.99951866,-99.9519
2025-07-08,erc1155,27,1644,1644,3288,1435061,0.00229119,0.2291,-0.99770881,-99.7709
2025-07-08,erc1155,28,72,72,144,29400,0.00489796,0.4898,-0.99510204,-99.5102
2025-07-08,erc1155,3,1006,1006,2012,165356,0.01216769,1.2168,-0.98783231,-98.7832
2025-07-08,erc1155,4,224,224,448,238409,0.00187912,0.1879,-0.99812088,-99.8121
2025-07-08,erc1155,5,13,13,26,38010,0.00068403,0.0684,-0.99931597,-99.9316
2025-07-08,erc1155,6,42,42,84,445200,0.00018868,0.0189,-0.99981132,-99.9811
2025-07-08,erc1155,7,38,38,76,33663,0.00225767,0.2258,-0.99774233,-99.7742
2025-07-08,erc1155,8,60,60,120,26775,0.00448179,0.4482,-0.99551821,-99.5518
2025-07-08,erc1155,9,92,92,184,308553,0.00059633,0.0596,-0.99940367,-99.9404
2025-07-09,erc1155,10,27,27,54,33075,0.00163265,0.1633,-0.99836735,-99.8367
2025-07-09,erc1155,11,965,965,1930,692451,0.00278720,0.2787,-0.99721280,-99.7213
2025-07-09,erc1155,12,476,476,952,444140,0.00214347,0.2143,-0.99785653,-99.7857
2025-07-09,erc1155,13,535,535,1070,648943,0.00164884,0.1649,-0.99835116,-99.8351
2025-07-09,erc1155,14,2,2,4,31500,0.00012698,0.0127,-0.99987302,-99.9873
2025-07-09,erc1155,16,1269,1269,2538,626260,0.00405263,0.4053,-0.99594737,-99.5947
2025-07-09,erc1155,17,348,348,696,522584,0.00133184,0.1332,-0.99866816,-99.8668
2025-07-09,erc1155,18,480,480,960,706912,0.00135802,0.1358,-0.99864198,-99.8642
2025-07-09,erc1155,19,27,27,54,445200,0.00012129,0.0121,-0.99987871,-99.9879
2025-07-09,erc1155,20,313,313,626,619080,0.00101118,0.1011,-0.99898882,-99.8989
2025-07-09,erc1155,22,2217,2217,4434,641539,0.00691150,0.6912,-0.99308850,-99.3088
2025-07-09,erc1155,23,153,153,306,741286,0.00041280,0.0413,-0.99958720,-99.9587
2025-07-09,erc1155,24,1,1,2,32550,0.00006144,0.0061,-0.99993856,-99.9939
2025-07-09,erc1155,25,500,500,1000,1213275,0.00082422,0.0824,-0.99917578,-99.9176
2025-07-09,erc1155,27,7138,7138,14276,1435061,0.00994801,0.9948,-0.99005199,-99.0052
2025-07-09,erc1155,3,2841,2841,5682,165356,0.03436222,3.4362,-0.96563778,-96.5638
2025-07-09,erc1155,4,32,32,64,238409,0.00026845,0.0268,-0.99973155,-99.9732
2025-07-09,erc1155,5,4,4,8,38010,0.00021047,0.0210,-0.99978953,-99.9790
2025-07-09,erc1155,6,625,625,1250,445200,0.00280773,0.2808,-0.99719227,-99.7192
2025-07-09,erc1155,7,65,65,130,33663,0.00386181,0.3862,-0.99613819,-99.6138
2025-07-09,erc1155,8,2,2,4,26775,0.00014939,0.0149,-0.99985061,-99.9851
2025-07-09,erc1155,9,47,47,94,308553,0.00030465,0.0305,-0.99969535,-99.9695
2025-07-10,erc1155,10,261,261,522,33075,0.01578231,1.5782,-0.98421769,-98.4218
2025-07-10,erc1155,11,636,636,1272,692451,0.00183695,0.1837,-0.99816305,-99.8163
2025-07-10,erc1155,12,2023,2023,4046,444140,0.00910974,0.9110,-0.99089026,-99.0890
2025-07-10,erc1155,13,700,700,1400,648943,0.00215735,0.2157,-0.99784265,-99.7843
2025-07-10,erc1155,14,25,25,50,31500,0.00158730,0.1587,-0.99841270,-99.8413
2025-07-10,erc1155,16,96,96,192,626260,0.00030658,0.0307,-0.99969342,-99.9693
2025-07-10,erc1155,17,446,446,892,522584,0.00170690,0.1707,-0.99829310,-99.8293
2025-07-10,erc1155,18,2115,2115,4230,706912,0.00598377,0.5984,-0.99401623,-99.4016
2025-07-10,erc1155,19,359,359,718,445200,0.00161276,0.1613,-0.99838724,-99.8387
2025-07-10,erc1155,20,472,472,944,619080,0.00152484,0.1525,-0.99847516,-99.8475
2025-07-10,erc1155,22,521,521,1042,641539,0.00162422,0.1624,-0.99837578,-99.8376
2025-07-10,erc1155,23,197,197,394,741286,0.00053151,0.0532,-0.99946849,-99.9468
2025-07-10,erc1155,24,9,9,18,32550,0.00055300,0.0553,-0.99944700,-99.9447
2025-07-10,erc1155,25,846,836,1682,1213275,0.00138633,0.1386,-0.99861367,-99.8614
2025-07-10,erc1155,27,4521,4521,9042,1435061,0.00630078,0.6301,-0.99369922,-99.3699
2025-07-10,erc1155,3,327,327,654,165356,0.00395510,0.3955,-0.99604490,-99.6045
2025-07-10,erc1155,4,270,270,540,238409,0.00226502,0.2265,-0.99773498,-99.7735
2025-07-10,erc1155,5,7,7,14,38010,0.00036832,0.0368,-0.99963168,-99.9632
2025-07-10,erc1155,6,423,423,846,445200,0.00190027,0.1900,-0.99809973,-99.8100
2025-07-10,erc1155,7,13,13,26,33663,0.00077236,0.0772,-0.99922764,-99.9228
2025-07-10,erc1155,9,150,150,300,308553,0.00097228,0.0972,-0.99902772,-99.9028
2025-07-11,erc1155,10,115,115,230,33075,0.00695389,0.6954,-0.99304611,-99.3046
2025-07-11,erc1155,11,363,363,726,692451,0.00104845,0.1048,-0.99895155,-99.8952
2025-07-11,erc1155,12,332,332,664,444140,0.00149502,0.1495,-0.99850498,-99.8505
2025-07-11,erc1155,13,682,682,1364,648943,0.00210188,0.2102,-0.99789812,-99.7898
2025-07-11,erc1155,14,15,15,30,31500,0.00095238,0.0952,-0.99904762,-99.9048
2025-07-11,erc1155,16,1351,1351,2702,626260,0.00431450,0.4315,-0.99568550,-99.5685
2025-07-11,erc1155,17,955,955,1910,522584,0.00365491,0.3655,-0.99634509,-99.6345
2025-07-11,erc1155,18,606,606,1212,706912,0.00171450,0.1714,-0.99828550,-99.8286
2025-07-11,erc1155,19,650,650,1300,445200,0.00292004,0.2920,-0.99707996,-99.7080
2025-07-11,erc1155,20,1985,1985,3970,619080,0.00641274,0.6413,-0.99358726,-99.3587
2025-07-11,erc1155,22,930,930,1860,641539,0.00289928,0.2899,-0.99710072,-99.7101
2025-07-11,erc1155,23,1319,1319,2638,741286,0.00355868,0.3559,-0.99644132,-99.6441
2025-07-11,erc1155,24,10,10,20,32550,0.00061444,0.0614,-0.99938556,-99.9386
2025-07-11,erc1155,25,11168,11178,22346,1213275,0.01841792,1.8418,-0.98158208,-98.1582
2025-07-11,erc1155,27,4297,4297,8594,1435061,0.00598860,0.5989,-0.99401140,-99.4011
2025-07-11,erc1155,3,314,314,628,165356,0.00379787,0.3798,-0.99620213,-99.6202
2025-07-11,erc1155,4,209,209,418,238409,0.00175329,0.1753,-0.99824671,-99.8247
2025-07-11,erc1155,5,25,25,50,38010,0.00131544,0.1315,-0.99868456,-99.8685
2025-07-11,erc1155,6,102,102,204,445200,0.00045822,0.0458,-0.99954178,-99.9542
2025-07-11,erc1155,7,33,33,66,33663,0.00196061,0.1961,-0.99803939,-99.8039
2025-07-11,erc1155,8,1,1,2,26775,0.00007470,0.0075,-0.99992530,-99.9925
2025-07-11,erc1155,9,70,70,140,308553,0.00045373,0.0454,-0.99954627,-99.9546
2025-07-12,erc1155,10,7,7,14,33075,0.00042328,0.0423,-0.99957672,-99.9577
2025-07-12,erc1155,11,524,524,1048,692451,0.00151346,0.1513,-0.99848654,-99.8487
2025-07-12,erc1155,12,1449,1449,2898,444140,0.00652497,0.6525,-0.99347503,-99.3475
2025-07-12,erc1155,13,118,118,236,648943,0.00036367,0.0364,-0.99963633,-99.9636
2025-07-12,erc1155,14,6,6,12,31500,0.00038095,0.0381,-0.99961905,-99.9619
2025-07-12,erc1155,16,28,28,56,626260,0.00008942,0.0089,-0.99991058,-99.9911
2025-07-12,erc1155,17,3380,3380,6760,522584,0.01293572,1.2936,-0.98706428,-98.7064
2025-07-12,erc1155,18,2526,2526,5052,706912,0.00714658,0.7147,-0.99285342,-99.2853
2025-07-12,erc1155,19,198,198,396,445200,0.00088949,0.0889,-0.99911051,-99.9111
2025-07-12,erc1155,20,1544,1544,3088,619080,0.00498805,0.4988,-0.99501195,-99.5012
2025-07-12,erc1155,22,357,357,714,641539,0.00111295,0.1113,-0.99888705,-99.8887
2025-07-12,erc1155,23,180,180,360,741286,0.00048564,0.0486,-0.99951436,-99.9514
2025-07-12,erc1155,24,1,1,2,32550,0.00006144,0.0061,-0.99993856,-99.9939
2025-07-12,erc1155,25,262,262,524,1213275,0.00043189,0.0432,-0.99956811,-99.9568
2025-07-12,erc1155,27,2702,2702,5404,1435061,0.00376569,0.3766,-0.99623431,-99.6234
2025-07-12,erc1155,28,10,10,20,29400,0.00068027,0.0680,-0.99931973,-99.9320
2025-07-12,erc1155,3,408,408,816,165356,0.00493481,0.4935,-0.99506519,-99.5065
2025-07-12,erc1155,4,681,681,1362,238409,0.00571287,0.5713,-0.99428713,-99.4287
2025-07-12,erc1155,5,10,10,20,38010,0.00052618,0.0526,-0.99947382,-99.9474
2025-07-12,erc1155,6,10,10,20,445200,0.00004492,0.0045,-0.99995508,-99.9955
2025-07-12,erc1155,7,65,65,130,33663,0.00386181,0.3862,-0.99613819,-99.6138
2025-07-12,erc1155,9,1140,1140,2280,308553,0.00738933,0.7389,-0.99261067,-99.2611
2025-07-13,erc1155,10,3,3,6,33075,0.00018141,0.0181,-0.99981859,-99.9819
2025-07-13,erc1155,11,374,374,748,692451,0.00108022,0.1080,-0.99891978,-99.8920
2025-07-13,erc1155,12,426,426,852,444140,0.00191831,0.1918,-0.99808169,-99.8082
2025-07-13,erc1155,13,665,665,1330,648943,0.00204949,0.2049,-0.99795051,-99.7951
2025-07-13,erc1155,14,59,59,118,31500,0.00374603,0.3746,-0.99625397,-99.6254
2025-07-13,erc1155,16,1310,1310,2620,626260,0.00418357,0.4184,-0.99581643,-99.5816
2025-07-13,erc1155,17,677,677,1354,522584,0.00259097,0.2591,-0.99740903,-99.7409
2025-07-13,erc1155,18,1450,1450,2900,706912,0.00410235,0.4102,-0.99589765,-99.5898
2025-07-13,erc1155,19,1072,1072,2144,445200,0.00481581,0.4816,-0.99518419,-99.5184
2025-07-13,erc1155,20,491,491,982,619080,0.00158622,0.1586,-0.99841378,-99.8414
2025-07-13,erc1155,22,326,326,652,641539,0.00101631,0.1016,-0.99898369,-99.8984
2025-07-13,erc1155,23,299,299,598,741286,0.00080671,0.0807,-0.99919329,-99.9193
2025-07-13,erc1155,24,17,17,34,32550,0.00104455,0.1045,-0.99895545,-99.8955
2025-07-13,erc1155,25,1925,1925,3850,1213275,0.00317323,0.3173,-0.99682677,-99.6827
2025-07-13,erc1155,27,3117,3117,6234,1435061,0.00434407,0.4344,-0.99565593,-99.5656
2025-07-13,erc1155,28,19,19,38,29400,0.00129252,0.1293,-0.99870748,-99.8707
2025-07-13,erc1155,3,1037,1037,2074,165356,0.01254264,1.2543,-0.98745736,-98.7457
2025-07-13,erc1155,4,1225,1225,2450,238409,0.01027646,1.0276,-0.98972354,-98.9724
2025-07-13,erc1155,5,65,65,130,38010,0.00342015,0.3420,-0.99657985,-99.6580
2025-07-13,erc1155,6,493,493,986,445200,0.00221473,0.2215,-0.99778527,-99.7785
2025-07-13,erc1155,7,5,5,10,33663,0.00029706,0.0297,-0.99970294,-99.9703
2025-07-13,erc1155,8,8,8,16,26775,0.00059757,0.0598,-0.99940243,-99.9402
2025-07-13,erc1155,9,287,287,574,308553,0.00186030,0.1860,-0.99813970,-99.8140
2025-07-14,erc1155,10,22,22,44,33075,0.00133031,0.1330,-0.99866969,-99.8670
2025-07-14,erc1155,11,178,178,356,692451,0.00051412,0.0514,-0.99948588,-99.9486
2025-07-14,erc1155,12,1231,1231,2462,444140,0.00554330,0.5543,-0.99445670,-99.4457
2025-07-14,erc1155,13,406,406,812,648943,0.00125127,0.1251,-0.99874873,-99.8749
2025-07-14,erc1155,14,57,57,114,31500,0.00361905,0.3619,-0.99638095,-99.6381
2025-07-14,erc1155,16,1001,1001,2002,626260,0.00319676,0.3197,-0.99680324,-99.6803
2025-07-14,erc1155,17,391,391,782,522584,0.00149641,0.1496,-0.99850359,-99.8504
2025-07-14,erc1155,18,377,377,754,706912,0.00106661,0.1067,-0.99893339,-99.8933
2025-07-14,erc1155,19,55,55,110,445200,0.00024708,0.0247,-0.99975292,-99.9753
2025-07-14,erc1155,20,1038,1038,2076,619080,0.00335336,0.3353,-0.99664664,-99.6647
2025-07-14,erc1155,22,725,725,1450,641539,0.00226019,0.2260,-0.99773981,-99.7740
2025-07-14,erc1155,23,539,539,1078,741286,0.00145423,0.1454,-0.99854577,-99.8546
2025-07-14,erc1155,24,29,29,58,32550,0.00178187,0.1782,-0.99821813,-99.8218
2025-07-14,erc1155,25,1096,1096,2192,1213275,0.00180668,0.1807,-0.99819332,-99.8193
2025-07-14,erc1155,27,1490,1469,2959,1435061,0.00206193,0.2062,-0.99793807,-99.7938
2025-07-14,erc1155,28,5,5,10,29400,0.00034014,0.0340,-0.99965986,-99.9660
2025-07-14,erc1155,3,80,80,160,165356,0.00096761,0.0968,-0.99903239,-99.9032
2025-07-14,erc1155,4,513,513,1026,238409,0.00430353,0.4304,-0.99569647,-99.5696
2025-07-14,erc1155,5,16,16,32,38010,0.00084188,0.0842,-0.99915812,-99.9158
2025-07-14,erc1155,6,85,85,170,445200,0.00038185,0.0382,-0.99961815,-99.9618
2025-07-14,erc1155,7,11,11,22,33663,0.00065354,0.0654,-0.99934646,-99.9346
2025-07-14,erc1155,9,272,272,544,308553,0.00176307,0.1763,-0.99823693,-99.8237
2025-07-15,erc1155,10,28,28,56,33075,0.00169312,0.1693,-0.99830688,-99.8307
2025-07-15,erc1155,11,518,518,1036,692451,0.00149613,0.1496,-0.99850387,-99.8504
2025-07-15,erc1155,12,1079,1079,2158,444140,0.00485883,0.4859,-0.99514117,-99.5141
2025-07-15,erc1155,13,177,177,354,648943,0.00054550,0.0546,-0.99945450,-99.9454
2025-07-15,erc1155,14,27,27,54,31500,0.00171429,0.1714,-0.99828571,-99.8286
2025-07-15,erc1155,16,2188,2188,4376,626260,0.00698751,0.6988,-0.99301249,-99.3012
2025-07-15,erc1155,17,776,776,1552,522584,0.00296986,0.2970,-0.99703014,-99.7030
2025-07-15,erc1155,18,495,495,990,706912,0.00140046,0.1400,-0.99859954,-99.8600
2025-07-15,erc1155,19,648,648,1296,445200,0.00291105,0.2911,-0.99708895,-99.7089
2025-07-15,erc1155,20,360,360,720,619080,0.00116302,0.1163,-0.99883698,-99.8837
2025-07-15,erc1155,22,660,660,1320,641539,0.00205755,0.2058,-0.99794245,-99.7942
2025-07-15,erc1155,23,535,534,1069,741286,0.00144209,0.1442,-0.99855791,-99.8558
2025-07-15,erc1155,24,12,12,24,32550,0.00073733,0.0737,-0.99926267,-99.9263
2025-07-15,erc1155,25,614,614,1228,1213275,0.00101214,0.1012,-0.99898786,-99.8988
2025-07-15,erc1155,27,1836,1857,3693,1435061,0.00257341,0.2573,-0.99742659,-99.7427
2025-07-15,erc1155,28,121,121,242,29400,0.00823129,0.8231,-0.99176871,-99.1769
2025-07-15,erc1155,3,920,920,1840,165356,0.01112751,1.1128,-0.98887249,-98.8872
2025-07-15,erc1155,4,182,182,364,238409,0.00152679,0.1527,-0.99847321,-99.8473
2025-07-15,erc1155,5,40,40,80,38010,0.00210471,0.2105,-0.99789529,-99.7895
2025-07-15,erc1155,6,98,98,196,445200,0.00044025,0.0440,-0.99955975,-99.9560
2025-07-15,erc1155,7,27,27,54,33663,0.00160414,0.1604,-0.99839586,-99.8396
2025-07-15,erc1155,8,10,10,20,26775,0.00074697,0.0747,-0.99925303,-99.9253
2025-07-15,erc1155,9,74,74,148,308553,0.00047966,0.0480,-0.99952034,-99.9520
2025-07-16,erc1155,10,104,104,208,33075,0.00628874,0.6289,-0.99371126,-99.3711
2025-07-16,erc1155,11,790,790,1580,692451,0.00228175,0.2282,-0.99771825,-99.7718
2025-07-16,erc1155,12,2189,2189,4378,444140,0.00985725,0.9857,-0.99014275,-99.0143
2025-07-16,erc1155,13,738,738,1476,648943,0.00227447,0.2274,-0.99772553,-99.7726
2025-07-16,erc1155,14,24,24,48,31500,0.00152381,0.1524,-0.99847619,-99.8476
2025-07-16,erc1155,16,276,276,552,626260,0.00088142,0.0881,-0.99911858,-99.9119
2025-07-16,erc1155,17,2569,2564,5133,522584,0.00982234,0.9822,-0.99017766,-99.0178
2025-07-16,erc1155,18,2057,2056,4113,706912,0.00581826,0.5818,-0.99418174,-99.4182
2025-07-16,erc1155,19,486,486,972,445200,0.00218329,0.2183,-0.99781671,-99.7817
2025-07-16,erc1155,20,1830,1830,3660,619080,0.00591200,0.5912,-0.99408800,-99.4088
2025-07-16,erc1155,22,1199,1199,2398,641539,0.00373789,0.3738,-0.99626211,-99.6262
2025-07-16,erc1155,23,235,236,471,741286,0.00063538,0.0635,-0.99936462,-99.9365
2025-07-16,erc1155,24,66,66,132,32550,0.00405530,0.4055,-0.99594470,-99.5945
2025-07-16,erc1155,25,1103,1103,2206,1213275,0.00181822,0.1818,-0.99818178,-99.8182
2025-07-16,erc1155,27,9323,9323,18646,1435061,0.01299318,1.2993,-0.98700682,-98.7007
2025-07-16,erc1155,28,221,221,442,29400,0.01503401,1.5034,-0.98496599,-98.4966
2025-07-16,erc1155,3,3284,3284,6568,165356,0.03972036,3.9720,-0.96027964,-96.0280
2025-07-16,erc1155,4,1253,1253,2506,238409,0.01051135,1.0511,-0.98948865,-98.9489
2025-07-16,erc1155,5,29,29,58,38010,0.00152591,0.1526,-0.99847409,-99.8474
2025-07-16,erc1155,6,617,617,1234,445200,0.00277179,0.2772,-0.99722821,-99.7228
2025-07-16,erc1155,7,332,332,664,33663,0.01972492,1.9725,-0.98027508,-98.0275
2025-07-16,erc1155,8,22,22,44,26775,0.00164332,0.1643,-0.99835668,-99.8357
2025-07-16,erc1155,9,1128,1128,2256,308553,0.00731155,0.7312,-0.99268845,-99.2688
2025-07-17,erc1155,10,53,53,106,33075,0.00320484,0.3205,-0.99679516,-99.6795
2025-07-17,erc1155,11,704,704,1408,692451,0.00203336,0.2033,-0.99796664,-99.7967
2025-07-17,erc1155,12,2656,2656,5312,444140,0.01196019,1.1960,-0.98803981,-98.8040
2025-07-17,erc1155,13,3095,3095,6190,648943,0.00953859,0.9539,-0.99046141,-99.0461
2025-07-17,erc1155,14,2,2,4,31500,0.00012698,0.0127,-0.99987302,-99.9873
2025-07-17,erc1155,16,822,822,1644,626260,0.00262511,0.2625,-0.99737489,-99.7375
2025-07-17,erc1155,17,1541,1546,3087,522584,0.00590718,0.5907,-0.99409282,-99.4093
2025-07-17,erc1155,18,2015,2016,4031,706912,0.00570227,0.5702,-0.99429773,-99.4298
2025-07-17,erc1155,19,894,894,1788,445200,0.00401617,0.4016,-0.99598383,-99.5984
2025-07-17,erc1155,20,1878,1878,3756,619080,0.00606707,0.6067,-0.99393293,-99.3933
2025-07-17,erc1155,22,1155,1155,2310,641539,0.00360072,0.3601,-0.99639928,-99.6399
2025-07-17,erc1155,23,752,752,1504,741286,0.00202891,0.2029,-0.99797109,-99.7971
2025-07-17,erc1155,24,29,29,58,32550,0.00178187,0.1782,-0.99821813,-99.8218
2025-07-17,erc1155,25,5674,5674,11348,1213275,0.00935320,0.9353,-0.99064680,-99.0647
2025-07-17,erc1155,27,3813,3813,7626,1435061,0.00531406,0.5314,-0.99468594,-99.4686
2025-07-17,erc1155,28,110,110,220,29400,0.00748299,0.7483,-0.99251701,-99.2517
2025-07-17,erc1155,3,2085,2085,4170,165356,0.02521832,2.5218,-0.97478168,-97.4782
2025-07-17,erc1155,4,1125,1125,2250,238409,0.00943756,0.9438,-0.99056244,-99.0562
2025-07-17,erc1155,5,96,96,192,38010,0.00505130,0.5051,-0.99494870,-99.4949
2025-07-17,erc1155,6,244,244,488,445200,0.00109614,0.1096,-0.99890386,-99.8904
2025-07-17,erc1155,7,218,218,436,33663,0.01295191,1.2952,-0.98704809,-98.7048
2025-07-17,erc1155,9,1344,1344,2688,308553,0.00871163,0.8712,-0.99128837,-99.1288
2025-07-18,erc1155,10,55,55,110,33075,0.00332577,0.3326,-0.99667423,-99.6674
2025-07-18,erc1155,11,665,665,1330,692451,0.00192071,0.1921,-0.99807929,-99.8079
2025-07-18,erc1155,12,339,339,678,444140,0.00152655,0.1527,-0.99847345,-99.8473
2025-07-18,erc1155,13,2386,2386,4772,648943,0.00735350,0.7353,-0.99264650,-99.2647
2025-07-18,erc1155,14,18,18,36,31500,0.00114286,0.1143,-0.99885714,-99.8857
2025-07-18,erc1155,16,204,204,408,626260,0.00065149,0.0651,-0.99934851,-99.9349
2025-07-18,erc1155,17,787,787,1574,522584,0.00301196,0.3012,-0.99698804,-99.6988
2025-07-18,erc1155,18,1225,1225,2450,706912,0.00346578,0.3466,-0.99653422,-99.6534
2025-07-18,erc1155,19,1038,1038,2076,445200,0.00466307,0.4663,-0.99533693,-99.5337
2025-07-18,erc1155,20,695,695,1390,619080,0.00224527,0.2245,-0.99775473,-99.7755
2025-07-18,erc1155,22,559,559,1118,641539,0.00174268,0.1743,-0.99825732,-99.8257
2025-07-18,erc1155,23,541,541,1082,741286,0.00145963,0.1460,-0.99854037,-99.8540
2025-07-18,erc1155,24,18,18,36,32550,0.00110599,0.1106,-0.99889401,-99.8894
2025-07-18,erc1155,25,2873,2873,5746,1213275,0.00473594,0.4736,-0.99526406,-99.5264
2025-07-18,erc1155,27,4660,4660,9320,1435061,0.00649450,0.6494,-0.99350550,-99.3506
2025-07-18,erc1155,3,401,401,802,165356,0.00485014,0.4850,-0.99514986,-99.5150
2025-07-18,erc1155,4,776,776,1552,238409,0.00650982,0.6510,-0.99349018,-99.3490
2025-07-18,erc1155,5,64,64,128,38010,0.00336753,0.3368,-0.99663247,-99.6632
2025-07-18,erc1155,6,4399,4399,8798,445200,0.01976190,1.9762,-0.98023810,-98.0238
2025-07-18,erc1155,7,32,32,64,33663,0.00190120,0.1901,-0.99809880,-99.8099
2025-07-18,erc1155,8,62,62,124,26775,0.00463119,0.4631,-0.99536881,-99.5369
2025-07-18,erc1155,9,609,609,1218,308553,0.00394746,0.3947,-0.99605254,-99.6053
2025-07-19,erc1155,10,25,25,50,33075,0.00151172,0.1512,-0.99848828,-99.8488
2025-07-19,erc1155,11,224,224,448,692451,0.00064698,0.0647,-0.99935302,-99.9353
2025-07-19,erc1155,12,1166,1166,2332,444140,0.00525060,0.5251,-0.99474940,-99.4749
2025-07-19,erc1155,13,3027,3027,6054,648943,0.00932902,0.9329,-0.99067098,-99.0671
2025-07-19,erc1155,14,9,9,18,31500,0.00057143,0.0571,-0.99942857,-99.9429
2025-07-19,erc1155,16,296,296,592,626260,0.00094529,0.0945,-0.99905471,-99.9055
2025-07-19,erc1155,17,1733,1733,3466,522584,0.00663243,0.6632,-0.99336757,-99.3368
2025-07-19,erc1155,18,1026,1026,2052,706912,0.00290277,0.2903,-0.99709723,-99.7097
2025-07-19,erc1155,19,660,660,1320,445200,0.00296496,0.2965,-0.99703504,-99.7035
2025-07-19,erc1155,20,809,809,1618,619080,0.00261356,0.2614,-0.99738644,-99.7386
2025-07-19,erc1155,22,1591,1591,3182,641539,0.00495995,0.4960,-0.99504005,-99.5040
2025-07-19,erc1155,23,2648,2648,5296,741286,0.00714434,0.7144,-0.99285566,-99.2856
2025-07-19,erc1155,24,112,112,224,32550,0.00688172,0.6882,-0.99311828,-99.3118
2025-07-19,erc1155,25,2895,2895,5790,1213275,0.00477221,0.4772,-0.99522779,-99.5228
2025-07-19,erc1155,27,6216,6216,12432,1435061,0.00866305,0.8663,-0.99133695,-99.1337
2025-07-19,erc1155,28,1503,1503,3006,29400,0.10224490,10.2245,-0.89775510,-89.7755
2025-07-19,erc1155,3,1334,1334,2668,165356,0.01613488,1.6135,-0.98386512,-98.3865
2025-07-19,erc1155,4,907,907,1814,238409,0.00760877,0.7609,-0.99239123,-99.2391
2025-07-19,erc1155,5,21,21,42,38010,0.00110497,0.1105,-0.99889503,-99.8895
2025-07-19,erc1155,6,6516,6516,13032,445200,0.02927224,2.9272,-0.97072776,-97.0728
2025-07-19,erc1155,7,37,37,74,33663,0.00219826,0.2198,-0.99780174,-99.7802
2025-07-19,erc1155,8,14,14,28,26775,0.00104575,0.1046,-0.99895425,-99.8954
2025-07-19,erc1155,9,1432,1432,2864,308553,0.00928204,0.9282,-0.99071796,-99.0718
2025-07-20,erc1155,10,143,143,286,33075,0.00864701,0.8647,-0.99135299,-99.1353
2025-07-20,erc1155,11,1580,1580,3160,692451,0.00456350,0.4563,-0.99543650,-99.5437
2025-07-20,erc1155,12,1655,1655,3310,444140,0.00745261,0.7453,-0.99254739,-99.2547
2025-07-20,erc1155,13,2680,2680,5360,648943,0.00825959,0.8260,-0.99174041,-99.1740
2025-07-20,erc1155,14,100,100,200,31500,0.00634921,0.6349,-0.99365079,-99.3651
2025-07-20,erc1155,16,1069,1069,2138,626260,0.00341392,0.3414,-0.99658608,-99.6586
2025-07-20,erc1155,17,1186,1186,2372,522584,0.00453898,0.4539,-0.99546102,-99.5461
2025-07-20,erc1155,18,683,683,1366,706912,0.00193235,0.1932,-0.99806765,-99.8068
2025-07-20,erc1155,19,561,561,1122,445200,0.00252022,0.2520,-0.99747978,-99.7480
2025-07-20,erc1155,20,598,598,1196,619080,0.00193190,0.1932,-0.99806810,-99.8068
2025-07-20,erc1155,22,846,846,1692,641539,0.00263741,0.2637,-0.99736259,-99.7363
2025-07-20,erc1155,23,2402,2402,4804,741286,0.00648063,0.6481,-0.99351937,-99.3519
2025-07-20,erc1155,24,171,171,342,32550,0.01050691,1.0507,-0.98949309,-98.9493
2025-07-20,erc1155,25,4107,4107,8214,1213275,0.00677011,0.6770,-0.99322989,-99.3230
2025-07-20,erc1155,27,3579,3575,7154,1435061,0.00498515,0.4985,-0.99501485,-99.5015
2025-07-20,erc1155,28,125,125,250,29400,0.00850340,0.8503,-0.99149660,-99.1497
2025-07-20,erc1155,3,1427,1427,2854,165356,0.01725973,1.7260,-0.98274027,-98.2740
2025-07-20,erc1155,4,234,234,468,238409,0.00196301,0.1963,-0.99803699,-99.8037
2025-07-20,erc1155,5,40,40,80,38010,0.00210471,0.2105,-0.99789529,-99.7895
2025-07-20,erc1155,6,517,517,1034,445200,0.00232255,0.2323,-0.99767745,-99.7677
2025-07-20,erc1155,7,53,53,106,33663,0.00314886,0.3149,-0.99685114,-99.6851
2025-07-20,erc1155,8,444,444,888,26775,0.03316527,3.3165,-0.96683473,-96.6835
2025-07-20,erc1155,9,466,466,932,308553,0.00302055,0.3021,-0.99697945,-99.6979
2025-07-21,erc1155,10,25,25,50,33075,0.00151172,0.1512,-0.99848828,-99.8488
2025-07-21,erc1155,11,417,417,834,692451,0.00120442,0.1204,-0.99879558,-99.8796
2025-07-21,erc1155,12,11737,11325,23062,444140,0.05192507,5.1925,-0.94807493,-94.8075
2025-07-21,erc1155,13,4130,4130,8260,648943,0.01272839,1.2728,-0.98727161,-98.7272
2025-07-21,erc1155,14,1,1,2,31500,0.00006349,0.0063,-0.99993651,-99.9937
2025-07-21,erc1155,16,1505,1505,3010,626260,0.00480631,0.4806,-0.99519369,-99.5194
2025-07-21,erc1155,17,2981,2981,5962,522584,0.01140869,1.1409,-0.98859131,-98.8591
2025-07-21,erc1155,18,4047,4047,8094,706912,0.01144980,1.1450,-0.98855020,-98.8550
2025-07-21,erc1155,19,4037,4037,8074,445200,0.01813567,1.8136,-0.98186433,-98.1864
2025-07-21,erc1155,20,8387,8387,16774,619080,0.02709504,2.7095,-0.97290496,-97.2905
2025-07-21,erc1155,22,14623,14623,29246,641539,0.04558725,4.5587,-0.95441275,-95.4413
2025-07-21,erc1155,23,12956,12956,25912,741286,0.03495547,3.4955,-0.96504453,-96.5045
2025-07-21,erc1155,24,67,67,134,32550,0.00411674,0.4117,-0.99588326,-99.5883
2025-07-21,erc1155,25,6740,6740,13480,1213275,0.01111042,1.1110,-0.98888958,-98.8890
2025-07-21,erc1155,27,9267,9271,18538,1435061,0.01291792,1.2918,-0.98708208,-98.7082
2025-07-21,erc1155,28,1624,1624,3248,29400,0.11047619,11.0476,-0.88952381,-88.9524
2025-07-21,erc1155,3,2582,2582,5164,165356,0.03122959,3.1230,-0.96877041,-96.8770
2025-07-21,erc1155,4,1136,1133,2269,238409,0.00951726,0.9517,-0.99048274,-99.0483
2025-07-21,erc1155,5,330,330,660,38010,0.01736385,1.7364,-0.98263615,-98.2636
2025-07-21,erc1155,6,1219,1219,2438,445200,0.00547619,0.5476,-0.99452381,-99.4524
2025-07-21,erc1155,7,189,189,378,33663,0.01122895,1.1229,-0.98877105,-98.8771
2025-07-21,erc1155,8,57,57,114,26775,0.00425770,0.4258,-0.99574230,-99.5742
2025-07-21,erc1155,9,2108,2108,4216,308553,0.01366378,1.3664,-0.98633622,-98.6336
2025-07-22,erc1155,10,130,130,260,33075,0.00786092,0.7861,-0.99213908,-99.2139
2025-07-22,erc1155,11,2277,2277,4554,692451,0.00657664,0.6577,-0.99342336,-99.3423
2025-07-22,erc1155,12,5375,5787,11162,444140,0.02513172,2.5132,-0.97486828,-97.4868
2025-07-22,erc1155,13,1165,1165,2330,648943,0.00359045,0.3590,-0.99640955,-99.6410
2025-07-22,erc1155,14,134,134,268,31500,0.00850794,0.8508,-0.99149206,-99.1492
2025-07-22,erc1155,16,924,924,1848,626260,0.00295085,0.2951,-0.99704915,-99.7049
2025-07-22,erc1155,17,763,763,1526,522584,0.00292010,0.2920,-0.99707990,-99.7080
2025-07-22,erc1155,18,4003,4003,8006,706912,0.01132531,1.1325,-0.98867469,-98.8675
2025-07-22,erc1155,19,1137,1137,2274,445200,0.00510782,0.5108,-0.99489218,-99.4892
2025-07-22,erc1155,20,1181,1181,2362,619080,0.00381534,0.3815,-0.99618466,-99.6185
2025-07-22,erc1155,22,822,822,1644,641539,0.00256259,0.2563,-0.99743741,-99.7437
2025-07-22,erc1155,23,1444,1444,2888,741286,0.00389593,0.3896,-0.99610407,-99.6104
2025-07-22,erc1155,24,229,229,458,32550,0.01407066,1.4071,-0.98592934,-98.5929
2025-07-22,erc1155,25,1744,1744,3488,1213275,0.00287486,0.2875,-0.99712514,-99.7125
2025-07-22,erc1155,27,5197,5197,10394,1435061,0.00724290,0.7243,-0.99275710,-99.2757
2025-07-22,erc1155,28,28,28,56,29400,0.00190476,0.1905,-0.99809524,-99.8095
2025-07-22,erc1155,3,850,850,1700,165356,0.01028085,1.0281,-0.98971915,-98.9719
2025-07-22,erc1155,4,896,899,1795,238409,0.00752908,0.7529,-0.99247092,-99.2471
2025-07-22,erc1155,5,46,46,92,38010,0.00242042,0.2420,-0.99757958,-99.7580
2025-07-22,erc1155,6,30,30,60,445200,0.00013477,0.0135,-0.99986523,-99.9865
2025-07-22,erc1155,7,70,70,140,33663,0.00415887,0.4159,-0.99584113,-99.5841
2025-07-22,erc1155,8,29,29,58,26775,0.00216620,0.2166,-0.99783380,-99.7834
2025-07-22,erc1155,9,368,368,736,308553,0.00238533,0.2385,-0.99761467,-99.7615
2025-07-23,erc1155,10,42,42,84,33075,0.00253968,0.2540,-0.99746032,-99.7460
2025-07-23,erc1155,11,1293,1293,2586,692451,0.00373456,0.3735,-0.99626544,-99.6265
2025-07-23,erc1155,12,1916,1916,3832,444140,0.00862791,0.8628,-0.99137209,-99.1372
2025-07-23,erc1155,13,1205,1205,2410,648943,0.00371373,0.3714,-0.99628627,-99.6286
2025-07-23,erc1155,14,15,15,30,31500,0.00095238,0.0952,-0.99904762,-99.9048
2025-07-23,erc1155,16,177,177,354,626260,0.00056526,0.0565,-0.99943474,-99.9435
2025-07-23,erc1155,17,4527,4527,9054,522584,0.01732544,1.7325,-0.98267456,-98.2675
2025-07-23,erc1155,18,1596,1596,3192,706912,0.00451541,0.4515,-0.99548459,-99.5485
2025-07-23,erc1155,19,1641,1641,3282,445200,0.00737197,0.7372,-0.99262803,-99.2628
2025-07-23,erc1155,20,1279,1279,2558,619080,0.00413194,0.4132,-0.99586806,-99.5868
2025-07-23,erc1155,22,797,797,1594,641539,0.00248465,0.2485,-0.99751535,-99.7515
2025-07-23,erc1155,23,309,309,618,741286,0.00083369,0.0834,-0.99916631,-99.9166
2025-07-23,erc1155,24,74,74,148,32550,0.00454685,0.4547,-0.99545315,-99.5453
2025-07-23,erc1155,25,5093,5093,10186,1213275,0.00839546,0.8395,-0.99160454,-99.1605
2025-07-23,erc1155,27,6754,6754,13508,1435061,0.00941284,0.9413,-0.99058716,-99.0587
2025-07-23,erc1155,28,34,34,68,29400,0.00231293,0.2313,-0.99768707,-99.7687
2025-07-23,erc1155,3,524,524,1048,165356,0.00633784,0.6338,-0.99366216,-99.3662
2025-07-23,erc1155,4,1664,1664,3328,238409,0.01395920,1.3959,-0.98604080,-98.6041
2025-07-23,erc1155,5,18,18,36,38010,0.00094712,0.0947,-0.99905288,-99.9053
2025-07-23,erc1155,6,1350,1350,2700,445200,0.00606469,0.6065,-0.99393531,-99.3935
2025-07-23,erc1155,7,17,17,34,33663,0.00101001,0.1010,-0.99898999,-99.8990
2025-07-23,erc1155,8,13,13,26,26775,0.00097106,0.0971,-0.99902894,-99.9029
2025-07-23,erc1155,9,480,480,960,308553,0.00311130,0.3111,-0.99688870,-99.6889
2025-07-24,erc1155,10,83,83,166,33075,0.00501890,0.5019,-0.99498110,-99.4981
2025-07-24,erc1155,11,2412,2412,4824,692451,0.00696656,0.6967,-0.99303344,-99.3033
2025-07-24,erc1155,12,1402,1402,2804,444140,0.00631332,0.6313,-0.99368668,-99.3687
2025-07-24,erc1155,13,528,528,1056,648943,0.00162726,0.1627,-0.99837274,-99.8373
2025-07-24,erc1155,16,98,98,196,626260,0.00031297,0.0313,-0.99968703,-99.9687
2025-07-24,erc1155,17,2418,2418,4836,522584,0.00925401,0.9254,-0.99074599,-99.0746
2025-07-24,erc1155,18,1416,1416,2832,706912,0.00400616,0.4006,-0.99599384,-99.5994
2025-07-24,erc1155,19,4475,4475,8950,445200,0.02010332,2.0103,-0.97989668,-97.9897
2025-07-24,erc1155,20,2676,2676,5352,619080,0.00864509,0.8645,-0.99135491,-99.1355
2025-07-24,erc1155,22,734,734,1468,641539,0.00228825,0.2288,-0.99771175,-99.7712
2025-07-24,erc1155,23,256,256,512,741286,0.00069069,0.0691,-0.99930931,-99.9309
2025-07-24,erc1155,24,21,21,42,32550,0.00129032,0.1290,-0.99870968,-99.8710
2025-07-24,erc1155,25,3127,3127,6254,1213275,0.00515464,0.5155,-0.99484536,-99.4845
2025-07-24,erc1155,27,4841,4841,9682,1435061,0.00674675,0.6747,-0.99325325,-99.3253
2025-07-24,erc1155,28,10,10,20,29400,0.00068027,0.0680,-0.99931973,-99.9320
2025-07-24,erc1155,3,1037,1037,2074,165356,0.01254264,1.2543,-0.98745736,-98.7457
2025-07-24,erc1155,4,684,684,1368,238409,0.00573804,0.5738,-0.99426196,-99.4262
2025-07-24,erc1155,5,21,21,42,38010,0.00110497,0.1105,-0.99889503,-99.8895
2025-07-24,erc1155,6,1713,1713,3426,445200,0.00769542,0.7695,-0.99230458,-99.2305
2025-07-24,erc1155,7,26,26,52,33663,0.00154472,0.1545,-0.99845528,-99.8455
2025-07-24,erc1155,8,63,63,126,26775,0.00470588,0.4706,-0.99529412,-99.5294
2025-07-24,erc1155,9,829,829,1658,308553,0.00537347,0.5373,-0.99462653,-99.4627
2025-07-25,erc1155,10,142,142,284,33075,0.00858655,0.8587,-0.99141345,-99.1413
2025-07-25,erc1155,11,1227,1227,2454,692451,0.00354393,0.3544,-0.99645607,-99.6456
2025-07-25,erc1155,12,19955,4143,24098,444140,0.05425767,5.4258,-0.94574233,-94.5742
2025-07-25,erc1155,13,9250,9250,18500,648943,0.02850790,2.8508,-0.97149210,-97.1492
2025-07-25,erc1155,14,81,81,162,31500,0.00514286,0.5143,-0.99485714,-99.4857
2025-07-25,erc1155,16,3852,3852,7704,626260,0.01230160,1.2302,-0.98769840,-98.7698
2025-07-25,erc1155,17,12754,2197,14951,522584,0.02860975,2.8610,-0.97139025,-97.1390
2025-07-25,erc1155,18,26559,6962,33521,706912,0.04741891,4.7419,-0.95258109,-95.2581
2025-07-25,erc1155,19,7019,7019,14038,445200,0.03153190,3.1532,-0.96846810,-96.8468
2025-07-25,erc1155,20,13247,8889,22136,619080,0.03575628,3.5756,-0.96424372,-96.4244
2025-07-25,erc1155,22,12170,7232,19402,641539,0.03024290,3.0243,-0.96975710,-96.9757
2025-07-25,erc1155,23,8961,8961,17922,741286,0.02417690,2.4177,-0.97582310,-97.5823
2025-07-25,erc1155,24,600,600,1200,32550,0.03686636,3.6866,-0.96313364,-96.3134
2025-07-25,erc1155,25,15116,13609,28725,1213275,0.02367559,2.3676,-0.97632441,-97.6324
2025-07-25,erc1155,27,30679,30679,61358,1435061,0.04275637,4.2756,-0.95724363,-95.7244
2025-07-25,erc1155,28,214,214,428,29400,0.01455782,1.4558,-0.98544218,-98.5442
2025-07-25,erc1155,29,11002,244989,255991,1432200,0.17873970,17.8740,-0.82126030,-82.1260
2025-07-25,erc1155,3,16615,4901,21516,165356,0.13011926,13.0119,-0.86988074,-86.9881
2025-07-25,erc1155,4,9910,6892,16802,238409,0.07047553,7.0476,-0.92952447,-92.9524
2025-07-25,erc1155,5,54,54,108,38010,0.00284136,0.2841,-0.99715864,-99.7159
2025-07-25,erc1155,6,5909,5909,11818,445200,0.02654537,2.6545,-0.97345463,-97.3455
2025-07-25,erc1155,7,148,148,296,33663,0.00879304,0.8793,-0.99120696,-99.1207
2025-07-25,erc1155,8,89,88,177,26775,0.00661064,0.6611,-0.99338936,-99.3389
2025-07-25,erc1155,9,8173,4219,12392,308553,0.04016166,4.0162,-0.95983834,-95.9838
2025-07-26,erc1155,10,251,251,502,33075,0.01517763,1.5178,-0.98482237,-98.4822
2025-07-26,erc1155,11,1970,1970,3940,692451,0.00568993,0.5690,-0.99431007,-99.4310
2025-07-26,erc1155,12,8324,1934,10258,444140,0.02309632,2.3096,-0.97690368,-97.6904
2025-07-26,erc1155,13,7489,7368,14857,648943,0.02289415,2.2894,-0.97710585,-97.7106
2025-07-26,erc1155,14,4,4,8,31500,0.00025397,0.0254,-0.99974603,-99.9746
2025-07-26,erc1155,16,1364,1364,2728,626260,0.00435602,0.4356,-0.99564398,-99.5644
2025-07-26,erc1155,17,6346,1327,7673,522584,0.01468281,1.4683,-0.98531719,-98.5317
2025-07-26,erc1155,18,12069,1279,13348,706912,0.01888212,1.8882,-0.98111788,-98.1118
2025-07-26,erc1155,19,8263,8163,16426,445200,0.03689578,3.6896,-0.96310422,-96.3104
2025-07-26,erc1155,20,14358,2601,16959,619080,0.02739387,2.7394,-0.97260613,-97.2606
2025-07-26,erc1155,22,10774,10402,21176,641539,0.03300813,3.3008,-0.96699187,-96.6992
2025-07-26,erc1155,23,1866,1866,3732,741286,0.00503449,0.5034,-0.99496551,-99.4966
2025-07-26,erc1155,24,80,80,160,32550,0.00491551,0.4916,-0.99508449,-99.5084
2025-07-26,erc1155,25,14600,11882,26482,1213275,0.02182687,2.1827,-0.97817313,-97.8173
2025-07-26,erc1155,27,21708,14240,35948,1435061,0.02504981,2.5050,-0.97495019,-97.4950
2025-07-26,erc1155,28,1381,1381,2762,29400,0.09394558,9.3946,-0.90605442,-90.6054
2025-07-26,erc1155,29,4092,119373,123465,1432200,0.08620654,8.6207,-0.91379346,-91.3793
2025-07-26,erc1155,3,7776,613,8389,165356,0.05073296,5.0733,-0.94926704,-94.9267
2025-07-26,erc1155,4,3042,2231,5273,238409,0.02211745,2.2117,-0.97788255,-97.7883
2025-07-26,erc1155,5,94,94,188,38010,0.00494607,0.4946,-0.99505393,-99.5054
2025-07-26,erc1155,6,8886,8886,17772,445200,0.03991914,3.9919,-0.96008086,-96.0081
2025-07-26,erc1155,7,402,402,804,33663,0.02388379,2.3884,-0.97611621,-97.6116
2025-07-26,erc1155,8,74,75,149,26775,0.00556489,0.5565,-0.99443511,-99.4435
2025-07-26,erc1155,9,3876,1591,5467,308553,0.01771819,1.7718,-0.98228181,-98.2282
2025-07-27,erc1155,10,244,244,488,33075,0.01475435,1.4754,-0.98524565,-98.5246
2025-07-27,erc1155,11,268,268,536,692451,0.00077406,0.0774,-0.99922594,-99.9226
2025-07-27,erc1155,12,2377,3224,5601,444140,0.01261089,1.2611,-0.98738911,-98.7389
2025-07-27,erc1155,13,2811,2236,5047,648943,0.00777726,0.7777,-0.99222274,-99.2223
2025-07-27,erc1155,14,13,13,26,31500,0.00082540,0.0825,-0.99917460,-99.9175
2025-07-27,erc1155,16,450,450,900,626260,0.00143710,0.1437,-0.99856290,-99.8563
2025-07-27,erc1155,17,6834,224,7058,522584,0.01350596,1.3506,-0.98649404,-98.6494
2025-07-27,erc1155,18,10851,1222,12073,706912,0.01707850,1.7079,-0.98292150,-98.2921
2025-07-27,erc1155,19,11293,8186,19479,445200,0.04375337,4.3753,-0.95624663,-95.6247
2025-07-27,erc1155,20,6557,691,7248,619080,0.01170770,1.1708,-0.98829230,-98.8292
2025-07-27,erc1155,22,4455,1653,6108,641539,0.00952086,0.9521,-0.99047914,-99.0479
2025-07-27,erc1155,23,5821,5806,11627,741286,0.01568490,1.5685,-0.98431510,-98.4315
2025-07-27,erc1155,24,155,155,310,32550,0.00952381,0.9524,-0.99047619,-99.0476
2025-07-27,erc1155,25,4787,8479,13266,1213275,0.01093404,1.0934,-0.98906596,-98.9066
2025-07-27,erc1155,27,14018,20070,34088,1435061,0.02375369,2.3754,-0.97624631,-97.6246
2025-07-27,erc1155,28,4,4,8,29400,0.00027211,0.0272,-0.99972789,-99.9728
2025-07-27,erc1155,29,1922,46216,48138,1432200,0.03361123,3.3611,-0.96638877,-96.6389
2025-07-27,erc1155,3,1098,1184,2282,165356,0.01380053,1.3801,-0.98619947,-98.6199
2025-07-27,erc1155,4,883,505,1388,238409,0.00582193,0.5822,-0.99417807,-99.4178
2025-07-27,erc1155,5,30,30,60,38010,0.00157853,0.1579,-0.99842147,-99.8421
2025-07-27,erc1155,6,351,351,702,445200,0.00157682,0.1577,-0.99842318,-99.8423
2025-07-27,erc1155,7,18,18,36,33663,0.00106942,0.1069,-0.99893058,-99.8931
2025-07-27,erc1155,8,30,30,60,26775,0.00224090,0.2241,-0.99775910,-99.7759
2025-07-27,erc1155,9,2528,8631,11159,308553,0.03616559,3.6166,-0.96383441,-96.3834
2025-07-28,erc1155,10,134,134,268,33075,0.00810280,0.8103,-0.99189720,-99.1897
2025-07-28,erc1155,11,31,31,62,692451,0.00008954,0.0090,-0.99991046,-99.9910
2025-07-28,erc1155,12,1149,1270,2419,444140,0.00544648,0.5446,-0.99455352,-99.4554
2025-07-28,erc1155,13,3043,2549,5592,648943,0.00861709,0.8617,-0.99138291,-99.1383
2025-07-28,erc1155,14,7,7,14,31500,0.00044444,0.0444,-0.99955556,-99.9556
2025-07-28,erc1155,16,2105,2105,4210,626260,0.00672245,0.6722,-0.99327755,-99.3278
2025-07-28,erc1155,17,2432,428,2860,522584,0.00547280,0.5473,-0.99452720,-99.4527
2025-07-28,erc1155,18,3139,1291,4430,706912,0.00626669,0.6267,-0.99373331,-99.3733
2025-07-28,erc1155,19,13468,9077,22545,445200,0.05064016,5.0640,-0.94935984,-94.9360
2025-07-28,erc1155,20,2957,780,3737,619080,0.00603638,0.6036,-0.99396362,-99.3964
2025-07-28,erc1155,22,4219,5592,9811,641539,0.01529291,1.5293,-0.98470709,-98.4707
2025-07-28,erc1155,23,3475,3490,6965,741286,0.00939583,0.9396,-0.99060417,-99.0604
2025-07-28,erc1155,24,149,149,298,32550,0.00915515,0.9155,-0.99084485,-99.0845
2025-07-28,erc1155,25,6609,7142,13751,1213275,0.01133379,1.1334,-0.98866621,-98.8666
2025-07-28,erc1155,27,20600,14684,35284,1435061,0.02458711,2.4587,-0.97541289,-97.5413
2025-07-28,erc1155,28,6,6,12,29400,0.00040816,0.0408,-0.99959184,-99.9592
2025-07-28,erc1155,29,4092,39126,43218,1432200,0.03017595,3.0176,-0.96982405,-96.9824
2025-07-28,erc1155,3,3187,8276,11463,165356,0.06932316,6.9323,-0.93067684,-93.0677
2025-07-28,erc1155,4,2252,413,2665,238409,0.01117827,1.1178,-0.98882173,-98.8822
2025-07-28,erc1155,5,47,47,94,38010,0.00247303,0.2473,-0.99752697,-99.7527
2025-07-28,erc1155,6,2280,2280,4560,445200,0.01024259,1.0243,-0.98975741,-98.9757
2025-07-28,erc1155,7,146,146,292,33663,0.00867421,0.8674,-0.99132579,-99.1326
2025-07-28,erc1155,8,16,16,32,26775,0.00119514,0.1195,-0.99880486,-99.8805
2025-07-28,erc1155,9,1026,1161,2187,308553,0.00708792,0.7088,-0.99291208,-99.2912
2025-07-29,erc1155,10,49,23,72,33075,0.00217687,0.2177,-0.99782313,-99.7823
2025-07-29,erc1155,11,18,18,36,692451,0.00005199,0.0052,-0.99994801,-99.9948
2025-07-29,erc1155,12,1896,1401,3297,444140,0.00742333,0.7423,-0.99257667,-99.2577
2025-07-29,erc1155,13,1635,2825,4460,648943,0.00687271,0.6873,-0.99312729,-99.3127
2025-07-29,erc1155,14,11,11,22,31500,0.00069841,0.0698,-0.99930159,-99.9302
2025-07-29,erc1155,16,1414,1414,2828,626260,0.00451570,0.4516,-0.99548430,-99.5484
2025-07-29,erc1155,17,3442,462,3904,522584,0.00747057,0.7471,-0.99252943,-99.2529
2025-07-29,erc1155,18,3085,727,3812,706912,0.00539247,0.5392,-0.99460753,-99.4608
2025-07-29,erc1155,19,1344,7465,8809,445200,0.01978661,1.9787,-0.98021339,-98.0213
2025-07-29,erc1155,20,758,1313,2071,619080,0.00334529,0.3345,-0.99665471,-99.6655
2025-07-29,erc1155,22,2252,8538,10790,641539,0.01681893,1.6819,-0.98318107,-98.3181
2025-07-29,erc1155,23,1364,1345,2709,741286,0.00365446,0.3654,-0.99634554,-99.6346
2025-07-29,erc1155,24,140,140,280,32550,0.00860215,0.8602,-0.99139785,-99.1398
2025-07-29,erc1155,25,3952,3951,7903,1213275,0.00651377,0.6514,-0.99348623,-99.3486
2025-07-29,erc1155,27,2107,9439,11546,1435061,0.00804565,0.8046,-0.99195435,-99.1954
2025-07-29,erc1155,28,1630,1630,3260,29400,0.11088435,11.0884,-0.88911565,-88.9116
2025-07-29,erc1155,29,10125,29529,39654,1432200,0.02768747,2.7687,-0.97231253,-97.2313
2025-07-29,erc1155,3,1656,2342,3998,165356,0.02417814,2.4178,-0.97582186,-97.5822
2025-07-29,erc1155,4,1022,791,1813,238409,0.00760458,0.7605,-0.99239542,-99.2395
2025-07-29,erc1155,5,15,15,30,38010,0.00078927,0.0789,-0.99921073,-99.9211
2025-07-29,erc1155,6,670,670,1340,445200,0.00300988,0.3010,-0.99699012,-99.6990
2025-07-29,erc1155,7,22,22,44,33663,0.00130707,0.1307,-0.99869293,-99.8693
2025-07-29,erc1155,8,12,12,24,26775,0.00089636,0.0896,-0.99910364,-99.9104
2025-07-29,erc1155,9,396,396,792,308553,0.00256682,0.2567,-0.99743318,-99.7433
2025-07-30,erc1155,10,13,39,52,33075,0.00157218,0.1572,-0.99842782,-99.8428
2025-07-30,erc1155,11,15,15,30,692451,0.00004332,0.0043,-0.99995668,-99.9957
2025-07-30,erc1155,12,300,1814,2114,444140,0.00475976,0.4760,-0.99524024,-99.5240
2025-07-30,erc1155,13,659,533,1192,648943,0.00183683,0.1837,-0.99816317,-99.8163
2025-07-30,erc1155,14,18,18,36,31500,0.00114286,0.1143,-0.99885714,-99.8857
2025-07-30,erc1155,16,2,2,4,626260,0.00000639,0.0006,-0.99999361,-99.9994
2025-07-30,erc1155,17,138,1667,1805,522584,0.00345399,0.3454,-0.99654601,-99.6546
2025-07-30,erc1155,18,341,1652,1993,706912,0.00281930,0.2819,-0.99718070,-99.7181
2025-07-30,erc1155,19,28,1505,1533,445200,0.00344340,0.3443,-0.99655660,-99.6557
2025-07-30,erc1155,20,699,2749,3448,619080,0.00556955,0.5570,-0.99443045,-99.4430
2025-07-30,erc1155,22,230,683,913,641539,0.00142314,0.1423,-0.99857686,-99.8577
2025-07-30,erc1155,23,292,310,602,741286,0.00081210,0.0812,-0.99918790,-99.9188
2025-07-30,erc1155,24,26,26,52,32550,0.00159754,0.1598,-0.99840246,-99.8402
2025-07-30,erc1155,25,393,392,785,1213275,0.00064701,0.0647,-0.99935299,-99.9353
2025-07-30,erc1155,27,1652,1652,3304,1435061,0.00230234,0.2302,-0.99769766,-99.7698
2025-07-30,erc1155,28,13,13,26,29400,0.00088435,0.0884,-0.99911565,-99.9116
2025-07-30,erc1155,29,2736,25802,28538,1432200,0.01992599,1.9926,-0.98007401,-98.0074
2025-07-30,erc1155,3,16,2026,2042,165356,0.01234911,1.2349,-0.98765089,-98.7651
2025-07-30,erc1155,4,109,6328,6437,238409,0.02699982,2.7000,-0.97300018,-97.3000
2025-07-30,erc1155,5,48,48,96,38010,0.00252565,0.2526,-0.99747435,-99.7474
2025-07-30,erc1155,6,245,245,490,445200,0.00110063,0.1101,-0.99889937,-99.8899
2025-07-30,erc1155,7,12,12,24,33663,0.00071295,0.0713,-0.99928705,-99.9287
2025-07-30,erc1155,8,5,5,10,26775,0.00037348,0.0373,-0.99962652,-99.9627
2025-07-30,erc1155,9,114,115,229,308553,0.00074217,0.0742,-0.99925783,-99.9258
2025-07-31,erc1155,10,144,144,288,33075,0.00870748,0.8707,-0.99129252,-99.1293
2025-07-31,erc1155,11,2125,2125,4250,692451,0.00613762,0.6138,-0.99386238,-99.3862
2025-07-31,erc1155,12,1776,6324,8100,444140,0.01823749,1.8237,-0.98176251,-98.1763
2025-07-31,erc1155,13,5307,4467,9774,648943,0.01506142,1.5061,-0.98493858,-98.4939
2025-07-31,erc1155,14,29,29,58,31500,0.00184127,0.1841,-0.99815873,-99.8159
2025-07-31,erc1155,16,518,518,1036,626260,0.00165427,0.1654,-0.99834573,-99.8346
2025-07-31,erc1155,17,1852,818,2670,522584,0.00510923,0.5109,-0.99489077,-99.4891
2025-07-31,erc1155,18,2040,892,2932,706912,0.00414762,0.4148,-0.99585238,-99.5852
2025-07-31,erc1155,19,2513,2508,5021,445200,0.01127808,1.1278,-0.98872192,-98.8722
2025-07-31,erc1155,20,1431,4938,6369,619080,0.01028785,1.0288,-0.98971215,-98.9712
2025-07-31,erc1155,22,4056,3316,7372,641539,0.01149112,1.1491,-0.98850888,-98.8509
2025-07-31,erc1155,23,1729,1417,3146,741286,0.00424398,0.4244,-0.99575602,-99.5756
2025-07-31,erc1155,24,16,16,32,32550,0.00098310,0.0983,-0.99901690,-99.9017
2025-07-31,erc1155,25,5889,5891,11780,1213275,0.00970926,0.9709,-0.99029074,-99.0291
2025-07-31,erc1155,27,15385,9063,24448,1435061,0.01703621,1.7036,-0.98296379,-98.2964
2025-07-31,erc1155,28,17,17,34,29400,0.00115646,0.1156,-0.99884354,-99.8844
2025-07-31,erc1155,29,8550,69092,77642,1432200,0.05421170,5.4212,-0.94578830,-94.5788
2025-07-31,erc1155,3,1405,1525,2930,165356,0.01771934,1.7719,-0.98228066,-98.2281
2025-07-31,erc1155,4,829,509,1338,238409,0.00561220,0.5612,-0.99438780,-99.4388
2025-07-31,erc1155,5,44,44,88,38010,0.00231518,0.2315,-0.99768482,-99.7685
2025-07-31,erc1155,6,9461,9461,18922,445200,0.04250225,4.2502,-0.95749775,-95.7498
2025-07-31,erc1155,7,275,275,550,33663,0.01633841,1.6338,-0.98366159,-98.3662
2025-07-31,erc1155,8,31,31,62,26775,0.00231559,0.2316,-0.99768441,-99.7684
2025-07-31,erc1155,9,574,281,855,308553,0.00277100,0.2771,-0.99722900,-99.7229
2025-08-01,erc1155,10,126,126,252,33075,0.00761905,0.7619,-0.99238095,-99.2381
2025-08-01,erc1155,11,608,608,1216,692451,0.00175608,0.1756,-0.99824392,-99.8244
2025-08-01,erc1155,12,5472,359,5831,444140,0.01312874,1.3129,-0.98687126,-98.6871
2025-08-01,erc1155,13,3244,2863,6107,648943,0.00941069,0.9411,-0.99058931,-99.0589
2025-08-01,erc1155,14,21,21,42,31500,0.00133333,0.1333,-0.99866667,-99.8667
2025-08-01,erc1155,16,516,516,1032,626260,0.00164788,0.1648,-0.99835212,-99.8352
2025-08-01,erc1155,17,5415,283,5698,522584,0.01090351,1.0904,-0.98909649,-98.9096
2025-08-01,erc1155,18,3028,287,3315,706912,0.00468941,0.4689,-0.99531059,-99.5311
2025-08-01,erc1155,19,6061,1386,7447,445200,0.01672731,1.6727,-0.98327269,-98.3273
2025-08-01,erc1155,20,2002,540,2542,619080,0.00410609,0.4106,-0.99589391,-99.5894
2025-08-01,erc1155,22,2075,2529,4604,641539,0.00717649,0.7176,-0.99282351,-99.2824
2025-08-01,erc1155,23,3156,3469,6625,741286,0.00893717,0.8937,-0.99106283,-99.1063
2025-08-01,erc1155,24,30,30,60,32550,0.00184332,0.1843,-0.99815668,-99.8157
2025-08-01,erc1155,25,13712,8412,22124,1213275,0.01823494,1.8235,-0.98176506,-98.1765
2025-08-01,erc1155,27,10516,14923,25439,1435061,0.01772677,1.7727,-0.98227323,-98.2273
2025-08-01,erc1155,28,56,56,112,29400,0.00380952,0.3810,-0.99619048,-99.6190
2025-08-01,erc1155,29,9123,51389,60512,1432200,0.04225108,4.2251,-0.95774892,-95.7749
2025-08-01,erc1155,3,2776,755,3531,165356,0.02135393,2.1354,-0.97864607,-97.8646
2025-08-01,erc1155,4,860,956,1816,238409,0.00761716,0.7617,-0.99238284,-99.2383
2025-08-01,erc1155,5,15,15,30,38010,0.00078927,0.0789,-0.99921073,-99.9211
2025-08-01,erc1155,6,15579,15579,31158,445200,0.06998652,6.9987,-0.93001348,-93.0013
2025-08-01,erc1155,7,36,36,72,33663,0.00213885,0.2139,-0.99786115,-99.7861
2025-08-01,erc1155,8,103,103,206,26775,0.00769374,0.7694,-0.99230626,-99.2306
2025-08-01,erc1155,9,1217,630,1847,308553,0.00598601,0.5986,-0.99401399,-99.4014
2025-08-02,erc1155,10,19,19,38,33075,0.00114890,0.1149,-0.99885110,-99.8851
2025-08-02,erc1155,11,2679,2679,5358,692451,0.00773773,0.7738,-0.99226227,-99.2262
2025-08-02,erc1155,12,2245,2899,5144,444140,0.01158193,1.1582,-0.98841807,-98.8418
2025-08-02,erc1155,13,11356,7736,19092,648943,0.02942015,2.9420,-0.97057985,-97.0580
2025-08-02,erc1155,14,7,7,14,31500,0.00044444,0.0444,-0.99955556,-99.9556
2025-08-02,erc1155,16,695,695,1390,626260,0.00221953,0.2220,-0.99778047,-99.7780
2025-08-02,erc1155,17,3189,560,3749,522584,0.00717397,0.7174,-0.99282603,-99.2826
2025-08-02,erc1155,18,970,2795,3765,706912,0.00532598,0.5326,-0.99467402,-99.4674
2025-08-02,erc1155,19,12839,924,13763,445200,0.03091420,3.0914,-0.96908580,-96.9086
2025-08-02,erc1155,20,449,1035,1484,619080,0.00239711,0.2397,-0.99760289,-99.7603
2025-08-02,erc1155,22,2890,3176,6066,641539,0.00945539,0.9455,-0.99054461,-99.0545
2025-08-02,erc1155,23,2081,2081,4162,741286,0.00561457,0.5615,-0.99438543,-99.4385
2025-08-02,erc1155,24,100,100,200,32550,0.00614439,0.6144,-0.99385561,-99.3856
2025-08-02,erc1155,25,2995,8295,11290,1213275,0.00930539,0.9305,-0.99069461,-99.0695
2025-08-02,erc1155,27,5305,7142,12447,1435061,0.00867350,0.8673,-0.99132650,-99.1327
2025-08-02,erc1155,28,279,279,558,29400,0.01897959,1.8980,-0.98102041,-98.1020
2025-08-02,erc1155,29,6953,46035,52988,1432200,0.03699763,3.6998,-0.96300237,-96.3002
2025-08-02,erc1155,3,274,634,908,165356,0.00549118,0.5491,-0.99450882,-99.4509
2025-08-02,erc1155,4,3257,589,3846,238409,0.01613194,1.6132,-0.98386806,-98.3868
2025-08-02,erc1155,5,14,14,28,38010,0.00073665,0.0737,-0.99926335,-99.9263
2025-08-02,erc1155,6,12760,12760,25520,445200,0.05732255,5.7323,-0.94267745,-94.2677
2025-08-02,erc1155,7,15,15,30,33663,0.00089119,0.0891,-0.99910881,-99.9109
2025-08-02,erc1155,8,4,4,8,26775,0.00029879,0.0299,-0.99970121,-99.9701
2025-08-02,erc1155,9,621,943,1564,308553,0.00506882,0.5069,-0.99493118,-99.4931
2025-08-03,erc1155,10,11,11,22,33075,0.00066515,0.0665,-0.99933485,-99.9335
2025-08-03,erc1155,11,334,334,668,692451,0.00096469,0.0965,-0.99903531,-99.9035
2025-08-03,erc1155,12,832,244,1076,444140,0.00242266,0.2423,-0.99757734,-99.7577
2025-08-03,erc1155,13,2113,5861,7974,648943,0.01228767,1.2288,-0.98771233,-98.7712
2025-08-03,erc1155,14,3,3,6,31500,0.00019048,0.0190,-0.99980952,-99.9810
2025-08-03,erc1155,16,367,367,734,626260,0.00117204,0.1172,-0.99882796,-99.8828
2025-08-03,erc1155,17,1037,911,1948,522584,0.00372763,0.3728,-0.99627237,-99.6272
2025-08-03,erc1155,18,3224,189,3413,706912,0.00482804,0.4828,-0.99517196,-99.5172
2025-08-03,erc1155,19,1126,4059,5185,445200,0.01164645,1.1646,-0.98835355,-98.8354
2025-08-03,erc1155,20,4478,3850,8328,619080,0.01345222,1.3452,-0.98654778,-98.6548
2025-08-03,erc1155,22,1174,1157,2331,641539,0.00363345,0.3633,-0.99636655,-99.6367
2025-08-03,erc1155,23,905,905,1810,741286,0.00244170,0.2442,-0.99755830,-99.7558
2025-08-03,erc1155,24,23,23,46,32550,0.00141321,0.1413,-0.99858679,-99.8587
2025-08-03,erc1155,25,502,502,1004,1213275,0.00082751,0.0828,-0.99917249,-99.9172
2025-08-03,erc1155,27,1722,1570,3292,1435061,0.00229398,0.2294,-0.99770602,-99.7706
2025-08-03,erc1155,28,240,240,480,29400,0.01632653,1.6327,-0.98367347,-98.3673
2025-08-03,erc1155,29,1913,12047,13960,1432200,0.00974724,0.9747,-0.99025276,-99.0253
2025-08-03,erc1155,3,772,1079,1851,165356,0.01119403,1.1194,-0.98880597,-98.8806
2025-08-03,erc1155,4,435,834,1269,238409,0.00532279,0.5323,-0.99467721,-99.4677
2025-08-03,erc1155,5,77,77,154,38010,0.00405157,0.4052,-0.99594843,-99.5948
2025-08-03,erc1155,6,1416,1416,2832,445200,0.00636119,0.6361,-0.99363881,-99.3639
2025-08-03,erc1155,7,1,1,2,33663,0.00005941,0.0059,-0.99994059,-99.9941
2025-08-03,erc1155,9,604,1162,1766,308553,0.00572349,0.5723,-0.99427651,-99.4277
2025-08-04,erc1155,10,22,22,44,33075,0.00133031,0.1330,-0.99866969,-99.8670
2025-08-04,erc1155,11,118,118,236,692451,0.00034082,0.0341,-0.99965918,-99.9659
2025-08-04,erc1155,12,447,8660,9107,444140,0.02050480,2.0505,-0.97949520,-97.9495
2025-08-04,erc1155,13,1400,2619,4019,648943,0.00619315,0.6193,-0.99380685,-99.3807
2025-08-04,erc1155,14,70,70,140,31500,0.00444444,0.4444,-0.99555556,-99.5556
2025-08-04,erc1155,16,618,618,1236,626260,0.00197362,0.1974,-0.99802638,-99.8026
2025-08-04,erc1155,17,1548,1955,3503,522584,0.00670323,0.6703,-0.99329677,-99.3297
2025-08-04,erc1155,18,936,2381,3317,706912,0.00469224,0.4692,-0.99530776,-99.5308
2025-08-04,erc1155,19,991,5932,6923,445200,0.01555031,1.5550,-0.98444969,-98.4450
2025-08-04,erc1155,20,488,1632,2120,619080,0.00342444,0.3424,-0.99657556,-99.6576
2025-08-04,erc1155,22,3124,1523,4647,641539,0.00724352,0.7244,-0.99275648,-99.2756
2025-08-04,erc1155,23,1029,1029,2058,741286,0.00277626,0.2776,-0.99722374,-99.7224
2025-08-04,erc1155,24,50,50,100,32550,0.00307220,0.3072,-0.99692780,-99.6928
2025-08-04,erc1155,25,2156,2146,4302,1213275,0.00354577,0.3546,-0.99645423,-99.6454
2025-08-04,erc1155,27,9414,3865,13279,1435061,0.00925327,0.9253,-0.99074673,-99.0747
2025-08-04,erc1155,28,70,70,140,29400,0.00476190,0.4762,-0.99523810,-99.5238
2025-08-04,erc1155,29,2548,36100,38648,1432200,0.02698506,2.6985,-0.97301494,-97.3015
2025-08-04,erc1155,3,690,1762,2452,165356,0.01482861,1.4829,-0.98517139,-98.5171
2025-08-04,erc1155,4,767,3318,4085,238409,0.01713442,1.7134,-0.98286558,-98.2866
2025-08-04,erc1155,5,14,14,28,38010,0.00073665,0.0737,-0.99926335,-99.9263
2025-08-04,erc1155,6,66,66,132,445200,0.00029650,0.0296,-0.99970350,-99.9704
2025-08-04,erc1155,7,13,13,26,33663,0.00077236,0.0772,-0.99922764,-99.9228
2025-08-04,erc1155,8,1,1,2,26775,0.00007470,0.0075,-0.99992530,-99.9925
2025-08-04,erc1155,9,131,131,262,308553,0.00084912,0.0849,-0.99915088,-99.9151
2025-08-05,erc1155,11,1272,1272,2544,692451,0.00367391,0.3674,-0.99632609,-99.6326
2025-08-05,erc1155,12,1069,1146,2215,444140,0.00498717,0.4987,-0.99501283,-99.5013
2025-08-05,erc1155,13,2371,1679,4050,648943,0.00624092,0.6241,-0.99375908,-99.3759
2025-08-05,erc1155,14,60,60,120,31500,0.00380952,0.3810,-0.99619048,-99.6190
2025-08-05,erc1155,16,72,72,144,626260,0.00022994,0.0230,-0.99977006,-99.9770
2025-08-05,erc1155,17,4276,260,4536,522584,0.00867994,0.8680,-0.99132006,-99.1320
2025-08-05,erc1155,18,6545,811,7356,706912,0.01040582,1.0406,-0.98959418,-98.9594
2025-08-05,erc1155,19,3916,1670,5586,445200,0.01254717,1.2547,-0.98745283,-98.7453
2025-08-05,erc1155,20,3716,1366,5082,619080,0.00820896,0.8209,-0.99179104,-99.1791
2025-08-05,erc1155,22,1261,2064,3325,641539,0.00518285,0.5183,-0.99481715,-99.4817
2025-08-05,erc1155,23,3147,2618,5765,741286,0.00777703,0.7777,-0.99222297,-99.2223
2025-08-05,erc1155,24,274,274,548,32550,0.01683564,1.6836,-0.98316436,-98.3164
2025-08-05,erc1155,25,26764,21282,48046,1213275,0.03960026,3.9600,-0.96039974,-96.0400
2025-08-05,erc1155,27,10966,16744,27710,1435061,0.01930928,1.9309,-0.98069072,-98.0691
2025-08-05,erc1155,28,1,1,2,29400,0.00006803,0.0068,-0.99993197,-99.9932
2025-08-05,erc1155,29,5979,29514,35493,1432200,0.02478215,2.4782,-0.97521785,-97.5218
2025-08-05,erc1155,3,4867,4838,9705,165356,0.05869155,5.8692,-0.94130845,-94.1308
2025-08-05,erc1155,4,259,259,518,238409,0.00217274,0.2173,-0.99782726,-99.7827
2025-08-05,erc1155,5,33,33,66,38010,0.00173639,0.1736,-0.99826361,-99.8264
2025-08-05,erc1155,6,802,802,1604,445200,0.00360288,0.3603,-0.99639712,-99.6397
2025-08-05,erc1155,7,69,69,138,33663,0.00409946,0.4099,-0.99590054,-99.5901
2025-08-05,erc1155,8,3,3,6,26775,0.00022409,0.0224,-0.99977591,-99.9776
2025-08-05,erc1155,9,419,238,657,308553,0.00212929,0.2129,-0.99787071,-99.7871
2025-08-06,erc1155,10,38,38,76,33075,0.00229781,0.2298,-0.99770219,-99.7702
2025-08-06,erc1155,11,113,113,226,692451,0.00032638,0.0326,-0.99967362,-99.9674
2025-08-06,erc1155,12,117,3133,3250,444140,0.00731751,0.7318,-0.99268249,-99.2682
2025-08-06,erc1155,13,2335,1364,3699,648943,0.00570004,0.5700,-0.99429996,-99.4300
2025-08-06,erc1155,14,11,11,22,31500,0.00069841,0.0698,-0.99930159,-99.9302
2025-08-06,erc1155,16,426,426,852,626260,0.00136046,0.1360,-0.99863954,-99.8640
2025-08-06,erc1155,17,598,2240,2838,522584,0.00543071,0.5431,-0.99456929,-99.4569
2025-08-06,erc1155,18,615,1424,2039,706912,0.00288438,0.2884,-0.99711562,-99.7116
2025-08-06,erc1155,19,803,536,1339,445200,0.00300764,0.3008,-0.99699236,-99.6992
2025-08-06,erc1155,20,4541,1335,5876,619080,0.00949150,0.9492,-0.99050850,-99.0508
2025-08-06,erc1155,22,3725,4540,8265,641539,0.01288308,1.2883,-0.98711692,-98.7117
2025-08-06,erc1155,23,1272,1775,3047,741286,0.00411042,0.4110,-0.99588958,-99.5890
2025-08-06,erc1155,24,40,40,80,32550,0.00245776,0.2458,-0.99754224,-99.7542
2025-08-06,erc1155,25,1127,6616,7743,1213275,0.00638190,0.6382,-0.99361810,-99.3618
2025-08-06,erc1155,27,343,344,687,1435061,0.00047873,0.0479,-0.99952127,-99.9521
2025-08-06,erc1155,28,18,18,36,29400,0.00122449,0.1224,-0.99877551,-99.8776
2025-08-06,erc1155,29,8569,27583,36152,1432200,0.02524228,2.5242,-0.97475772,-97.4758
2025-08-06,erc1155,3,1408,1222,2630,165356,0.01590508,1.5905,-0.98409492,-98.4095
2025-08-06,erc1155,4,28,28,56,238409,0.00023489,0.0235,-0.99976511,-99.9765
2025-08-06,erc1155,5,31,31,62,38010,0.00163115,0.1631,-0.99836885,-99.8369
2025-08-06,erc1155,6,33,33,66,445200,0.00014825,0.0148,-0.99985175,-99.9852
2025-08-06,erc1155,7,17,17,34,33663,0.00101001,0.1010,-0.99898999,-99.8990
2025-08-06,erc1155,8,40,40,80,26775,0.00298786,0.2988,-0.99701214,-99.7012
2025-08-06,erc1155,9,375,556,931,308553,0.00301731,0.3017,-0.99698269,-99.6983
2025-08-07,erc1155,10,113,113,226,33075,0.00683296,0.6833,-0.99316704,-99.3167
2025-08-07,erc1155,11,882,882,1764,692451,0.00254747,0.2547,-0.99745253,-99.7453
2025-08-07,erc1155,12,583,1093,1676,444140,0.00377358,0.3774,-0.99622642,-99.6226
2025-08-07,erc1155,13,1227,2886,4113,648943,0.00633800,0.6338,-0.99366200,-99.3662
2025-08-07,erc1155,14,62,62,124,31500,0.00393651,0.3937,-0.99606349,-99.6063
2025-08-07,erc1155,16,1250,1250,2500,626260,0.00399195,0.3992,-0.99600805,-99.6008
2025-08-07,erc1155,17,1171,1061,2232,522584,0.00427108,0.4271,-0.99572892,-99.5729
2025-08-07,erc1155,18,1228,530,1758,706912,0.00248687,0.2487,-0.99751313,-99.7513
2025-08-07,erc1155,19,2109,1010,3119,445200,0.00700584,0.7006,-0.99299416,-99.2994
2025-08-07,erc1155,20,866,4756,5622,619080,0.00908122,0.9081,-0.99091878,-99.0919
2025-08-07,erc1155,22,2265,764,3029,641539,0.00472146,0.4721,-0.99527854,-99.5279
2025-08-07,erc1155,23,536,397,933,741286,0.00125862,0.1259,-0.99874138,-99.8741
2025-08-07,erc1155,24,63,63,126,32550,0.00387097,0.3871,-0.99612903,-99.6129
2025-08-07,erc1155,25,2763,2766,5529,1213275,0.00455709,0.4557,-0.99544291,-99.5443
2025-08-07,erc1155,27,2451,2326,4777,1435061,0.00332878,0.3329,-0.99667122,-99.6671
2025-08-07,erc1155,28,23,23,46,29400,0.00156463,0.1565,-0.99843537,-99.8435
2025-08-07,erc1155,29,7423,11848,19271,1432200,0.01345552,1.3456,-0.98654448,-98.6544
2025-08-07,erc1155,3,353,448,801,165356,0.00484409,0.4844,-0.99515591,-99.5156
2025-08-07,erc1155,4,269,269,538,238409,0.00225663,0.2257,-0.99774337,-99.7743
2025-08-07,erc1155,5,39,39,78,38010,0.00205209,0.2052,-0.99794791,-99.7948
2025-08-07,erc1155,6,306,306,612,445200,0.00137466,0.1375,-0.99862534,-99.8625
2025-08-07,erc1155,7,18,18,36,33663,0.00106942,0.1069,-0.99893058,-99.8931
2025-08-07,erc1155,8,70,70,140,26775,0.00522876,0.5229,-0.99477124,-99.4771
2025-08-07,erc1155,9,280,280,560,308553,0.00181492,0.1815,-0.99818508,-99.8185
2025-08-08,erc1155,10,35,35,70,33075,0.00211640,0.2116,-0.99788360,-99.7884
2025-08-08,erc1155,11,65,65,130,692451,0.00018774,0.0188,-0.99981226,-99.9812
2025-08-08,erc1155,12,1355,3034,4389,444140,0.00988202,0.9882,-0.99011798,-99.0118
2025-08-08,erc1155,13,491,495,986,648943,0.00151939,0.1519,-0.99848061,-99.8481
2025-08-08,erc1155,14,4,4,8,31500,0.00025397,0.0254,-0.99974603,-99.9746
2025-08-08,erc1155,16,236,236,472,626260,0.00075368,0.0754,-0.99924632,-99.9246
2025-08-08,erc1155,17,701,10700,11401,522584,0.02181659,2.1817,-0.97818341,-97.8183
2025-08-08,erc1155,18,3520,753,4273,706912,0.00604460,0.6045,-0.99395540,-99.3955
2025-08-08,erc1155,19,3492,13089,16581,445200,0.03724394,3.7244,-0.96275606,-96.2756
2025-08-08,erc1155,20,275,12519,12794,619080,0.02066615,2.0666,-0.97933385,-97.9334
2025-08-08,erc1155,22,405,1906,2311,641539,0.00360228,0.3602,-0.99639772,-99.6398
2025-08-08,erc1155,23,695,853,1548,741286,0.00208826,0.2088,-0.99791174,-99.7912
2025-08-08,erc1155,24,9,9,18,32550,0.00055300,0.0553,-0.99944700,-99.9447
2025-08-08,erc1155,25,1658,1654,3312,1213275,0.00272980,0.2730,-0.99727020,-99.7270
2025-08-08,erc1155,27,1339,1426,2765,1435061,0.00192675,0.1927,-0.99807325,-99.8073
2025-08-08,erc1155,28,10,10,20,29400,0.00068027,0.0680,-0.99931973,-99.9320
2025-08-08,erc1155,29,40664,11326,51990,1432200,0.03630080,3.6301,-0.96369920,-96.3699
2025-08-08,erc1155,3,1043,1596,2639,165356,0.01595951,1.5960,-0.98404049,-98.4040
2025-08-08,erc1155,4,854,227,1081,238409,0.00453422,0.4534,-0.99546578,-99.5466
2025-08-08,erc1155,5,1,1,2,38010,0.00005262,0.0053,-0.99994738,-99.9947
2025-08-08,erc1155,6,66,66,132,445200,0.00029650,0.0296,-0.99970350,-99.9704
2025-08-08,erc1155,8,7,7,14,26775,0.00052288,0.0523,-0.99947712,-99.9477
2025-08-08,erc1155,9,64,64,128,308553,0.00041484,0.0415,-0.99958516,-99.9585
2025-08-09,erc1155,10,170,170,340,33075,0.01027967,1.0280,-0.98972033,-98.9720
2025-08-09,erc1155,11,378,378,756,692451,0.00109177,0.1092,-0.99890823,-99.8908
2025-08-09,erc1155,12,1266,238,1504,444140,0.00338632,0.3386,-0.99661368,-99.6614
2025-08-09,erc1155,13,589,589,1178,648943,0.00181526,0.1815,-0.99818474,-99.8185
2025-08-09,erc1155,14,44,44,88,31500,0.00279365,0.2794,-0.99720635,-99.7206
2025-08-09,erc1155,16,145,145,290,626260,0.00046307,0.0463,-0.99953693,-99.9537
2025-08-09,erc1155,17,251,351,602,522584,0.00115197,0.1152,-0.99884803,-99.8848
2025-08-09,erc1155,18,693,2685,3378,706912,0.00477853,0.4779,-0.99522147,-99.5221
2025-08-09,erc1155,19,17,538,555,445200,0.00124663,0.1247,-0.99875337,-99.8753
2025-08-09,erc1155,20,202,202,404,619080,0.00065258,0.0653,-0.99934742,-99.9347
2025-08-09,erc1155,22,780,392,1172,641539,0.00182686,0.1827,-0.99817314,-99.8173
2025-08-09,erc1155,23,265,267,532,741286,0.00071767,0.0718,-0.99928233,-99.9282
2025-08-09,erc1155,24,6,6,12,32550,0.00036866,0.0369,-0.99963134,-99.9631
2025-08-09,erc1155,25,661,665,1326,1213275,0.00109291,0.1093,-0.99890709,-99.8907
2025-08-09,erc1155,27,387,425,812,1435061,0.00056583,0.0566,-0.99943417,-99.9434
2025-08-09,erc1155,28,5,5,10,29400,0.00034014,0.0340,-0.99965986,-99.9660
2025-08-09,erc1155,29,4431,9593,14024,1432200,0.00979193,0.9792,-0.99020807,-99.0208
2025-08-09,erc1155,3,259,983,1242,165356,0.00751107,0.7511,-0.99248893,-99.2489
2025-08-09,erc1155,4,152,779,931,238409,0.00390505,0.3905,-0.99609495,-99.6095
2025-08-09,erc1155,5,163,163,326,38010,0.00857669,0.8577,-0.99142331,-99.1423
2025-08-09,erc1155,6,139,139,278,445200,0.00062444,0.0624,-0.99937556,-99.9376
2025-08-09,erc1155,7,12,12,24,33663,0.00071295,0.0713,-0.99928705,-99.9287
2025-08-09,erc1155,8,11,11,22,26775,0.00082166,0.0822,-0.99917834,-99.9178
2025-08-09,erc1155,9,427,427,854,308553,0.00276776,0.2768,-0.99723224,-99.7232
2025-08-10,erc1155,10,3,3,6,33075,0.00018141,0.0181,-0.99981859,-99.9819
2025-08-10,erc1155,11,1420,1420,2840,692451,0.00410137,0.4101,-0.99589863,-99.5899
2025-08-10,erc1155,12,3296,1370,4666,444140,0.01050570,1.0506,-0.98949430,-98.9494
2025-08-10,erc1155,13,471,403,874,648943,0.00134681,0.1347,-0.99865319,-99.8653
2025-08-10,erc1155,14,4,4,8,31500,0.00025397,0.0254,-0.99974603,-99.9746
2025-08-10,erc1155,16,1271,1271,2542,626260,0.00405902,0.4059,-0.99594098,-99.5941
2025-08-10,erc1155,17,3030,1768,4798,522584,0.00918130,0.9181,-0.99081870,-99.0819
2025-08-10,erc1155,18,1659,964,2623,706912,0.00371050,0.3711,-0.99628950,-99.6289
2025-08-10,erc1155,19,463,272,735,445200,0.00165094,0.1651,-0.99834906,-99.8349
2025-08-10,erc1155,20,762,38,800,619080,0.00129224,0.1292,-0.99870776,-99.8708
2025-08-10,erc1155,22,711,682,1393,641539,0.00217134,0.2171,-0.99782866,-99.7829
2025-08-10,erc1155,23,196,88,284,741286,0.00038312,0.0383,-0.99961688,-99.9617
2025-08-10,erc1155,24,74,74,148,32550,0.00454685,0.4547,-0.99545315,-99.5453
2025-08-10,erc1155,25,3856,3737,7593,1213275,0.00625827,0.6258,-0.99374173,-99.3742
2025-08-10,erc1155,27,1790,1190,2980,1435061,0.00207657,0.2077,-0.99792343,-99.7923
2025-08-10,erc1155,28,26,26,52,29400,0.00176871,0.1769,-0.99823129,-99.8231
2025-08-10,erc1155,29,5629,13805,19434,1432200,0.01356933,1.3569,-0.98643067,-98.6431
2025-08-10,erc1155,3,645,372,1017,165356,0.00615037,0.6150,-0.99384963,-99.3850
2025-08-10,erc1155,4,55,55,110,238409,0.00046139,0.0461,-0.99953861,-99.9539
2025-08-10,erc1155,5,24,24,48,38010,0.00126283,0.1263,-0.99873717,-99.8737
2025-08-10,erc1155,6,492,491,983,445200,0.00220800,0.2208,-0.99779200,-99.7792
2025-08-10,erc1155,7,9,9,18,33663,0.00053471,0.0535,-0.99946529,-99.9465
2025-08-10,erc1155,8,1,1,2,26775,0.00007470,0.0075,-0.99992530,-99.9925
2025-08-10,erc1155,9,380,71,451,308553,0.00146166,0.1462,-0.99853834,-99.8538
2025-08-11,erc1155,10,10,10,20,33075,0.00060469,0.0605,-0.99939531,-99.9395
2025-08-11,erc1155,11,72,72,144,692451,0.00020796,0.0208,-0.99979204,-99.9792
2025-08-11,erc1155,12,279,3258,3537,444140,0.00796371,0.7964,-0.99203629,-99.2036
2025-08-11,erc1155,13,1149,693,1842,648943,0.00283846,0.2838,-0.99716154,-99.7162
2025-08-11,erc1155,14,175,175,350,31500,0.01111111,1.1111,-0.98888889,-98.8889
2025-08-11,erc1155,16,108,108,216,626260,0.00034490,0.0345,-0.99965510,-99.9655
2025-08-11,erc1155,17,11515,572,12087,522584,0.02312930,2.3129,-0.97687070,-97.6871
2025-08-11,erc1155,18,1687,1220,2907,706912,0.00411225,0.4112,-0.99588775,-99.5888
2025-08-11,erc1155,19,329,520,849,445200,0.00190701,0.1907,-0.99809299,-99.8093
2025-08-11,erc1155,20,11708,3632,15340,619080,0.02477870,2.4779,-0.97522130,-97.5221
2025-08-11,erc1155,22,1544,1007,2551,641539,0.00397638,0.3976,-0.99602362,-99.6024
2025-08-11,erc1155,23,598,701,1299,741286,0.00175236,0.1752,-0.99824764,-99.8248
2025-08-11,erc1155,24,46,46,92,32550,0.00282642,0.2826,-0.99717358,-99.7174
2025-08-11,erc1155,25,1796,1022,2818,1213275,0.00232264,0.2323,-0.99767736,-99.7677
2025-08-11,erc1155,27,2019,1885,3904,1435061,0.00272044,0.2720,-0.99727956,-99.7280
2025-08-11,erc1155,28,555,555,1110,29400,0.03775510,3.7755,-0.96224490,-96.2245
2025-08-11,erc1155,29,7248,50223,57471,1432200,0.04012778,4.0128,-0.95987222,-95.9872
2025-08-11,erc1155,3,726,770,1496,165356,0.00904715,0.9047,-0.99095285,-99.0953
2025-08-11,erc1155,4,294,272,566,238409,0.00237407,0.2374,-0.99762593,-99.7626
2025-08-11,erc1155,5,37,37,74,38010,0.00194686,0.1947,-0.99805314,-99.8053
2025-08-11,erc1155,6,1,2,3,445200,0.00000674,0.0007,-0.99999326,-99.9993
2025-08-11,erc1155,7,5,5,10,33663,0.00029706,0.0297,-0.99970294,-99.9703
2025-08-11,erc1155,8,15,15,30,26775,0.00112045,0.1120,-0.99887955,-99.8880
2025-08-11,erc1155,9,203,512,715,308553,0.00231727,0.2317,-0.99768273,-99.7683
2025-08-12,erc1155,10,62,62,124,33075,0.00374906,0.3749,-0.99625094,-99.6251
2025-08-12,erc1155,11,752,752,1504,692451,0.00217199,0.2172,-0.99782801,-99.7828
2025-08-12,erc1155,12,640,226,866,444140,0.00194984,0.1950,-0.99805016,-99.8050
2025-08-12,erc1155,13,1028,1410,2438,648943,0.00375688,0.3757,-0.99624312,-99.6243
2025-08-12,erc1155,14,146,146,292,31500,0.00926984,0.9270,-0.99073016,-99.0730
2025-08-12,erc1155,16,668,668,1336,626260,0.00213330,0.2133,-0.99786670,-99.7867
2025-08-12,erc1155,17,2284,215,2499,522584,0.00478201,0.4782,-0.99521799,-99.5218
2025-08-12,erc1155,18,1478,1974,3452,706912,0.00488321,0.4883,-0.99511679,-99.5117
2025-08-12,erc1155,19,327,327,654,445200,0.00146900,0.1469,-0.99853100,-99.8531
2025-08-12,erc1155,20,1150,404,1554,619080,0.00251018,0.2510,-0.99748982,-99.7490
2025-08-12,erc1155,22,790,1718,2508,641539,0.00390935,0.3909,-0.99609065,-99.6091
2025-08-12,erc1155,23,707,712,1419,741286,0.00191424,0.1914,-0.99808576,-99.8086
2025-08-12,erc1155,24,43,43,86,32550,0.00264209,0.2642,-0.99735791,-99.7358
2025-08-12,erc1155,25,1808,2701,4509,1213275,0.00371639,0.3716,-0.99628361,-99.6284
2025-08-12,erc1155,27,1868,2602,4470,1435061,0.00311485,0.3115,-0.99688515,-99.6885
2025-08-12,erc1155,28,10,10,20,29400,0.00068027,0.0680,-0.99931973,-99.9320
2025-08-12,erc1155,29,4462,12979,17441,1432200,0.01217777,1.2178,-0.98782223,-98.7822
2025-08-12,erc1155,3,227,382,609,165356,0.00368296,0.3683,-0.99631704,-99.6317
2025-08-12,erc1155,4,1474,629,2103,238409,0.00882098,0.8821,-0.99117902,-99.1179
2025-08-12,erc1155,5,68,68,136,38010,0.00357801,0.3578,-0.99642199,-99.6422
2025-08-12,erc1155,6,196,196,392,445200,0.00088050,0.0881,-0.99911950,-99.9119
2025-08-12,erc1155,7,33,33,66,33663,0.00196061,0.1961,-0.99803939,-99.8039
2025-08-12,erc1155,8,54,54,108,26775,0.00403361,0.4034,-0.99596639,-99.5966
2025-08-12,erc1155,9,401,202,603,308553,0.00195428,0.1954,-0.99804572,-99.8046
2025-08-13,erc1155,10,38,38,76,33075,0.00229781,0.2298,-0.99770219,-99.7702
2025-08-13,erc1155,11,109,109,218,692451,0.00031482,0.0315,-0.99968518,-99.9685
2025-08-13,erc1155,12,353,792,1145,444140,0.00257802,0.2578,-0.99742198,-99.7422
2025-08-13,erc1155,13,1084,984,2068,648943,0.00318672,0.3187,-0.99681328,-99.6813
2025-08-13,erc1155,14,6,6,12,31500,0.00038095,0.0381,-0.99961905,-99.9619
2025-08-13,erc1155,16,396,396,792,626260,0.00126465,0.1265,-0.99873535,-99.8735
2025-08-13,erc1155,17,1411,806,2217,522584,0.00424238,0.4242,-0.99575762,-99.5758
2025-08-13,erc1155,18,2765,357,3122,706912,0.00441639,0.4416,-0.99558361,-99.5584
2025-08-13,erc1155,19,945,205,1150,445200,0.00258311,0.2583,-0.99741689,-99.7417
2025-08-13,erc1155,20,305,1030,1335,619080,0.00215643,0.2156,-0.99784357,-99.7844
2025-08-13,erc1155,22,2681,466,3147,641539,0.00490539,0.4905,-0.99509461,-99.5095
2025-08-13,erc1155,23,306,203,509,741286,0.00068664,0.0687,-0.99931336,-99.9313
2025-08-13,erc1155,24,10,10,20,32550,0.00061444,0.0614,-0.99938556,-99.9386
2025-08-13,erc1155,25,1080,1079,2159,1213275,0.00177948,0.1779,-0.99822052,-99.8221
2025-08-13,erc1155,27,3442,3397,6839,1435061,0.00476565,0.4766,-0.99523435,-99.5234
2025-08-13,erc1155,28,3,3,6,29400,0.00020408,0.0204,-0.99979592,-99.9796
2025-08-13,erc1155,29,3699,23874,27573,1432200,0.01925220,1.9252,-0.98074780,-98.0748
2025-08-13,erc1155,3,486,3576,4062,165356,0.02456518,2.4565,-0.97543482,-97.5435
2025-08-13,erc1155,4,735,334,1069,238409,0.00448389,0.4484,-0.99551611,-99.5516
2025-08-13,erc1155,5,5,5,10,38010,0.00026309,0.0263,-0.99973691,-99.9737
2025-08-13,erc1155,6,100,100,200,445200,0.00044924,0.0449,-0.99955076,-99.9551
2025-08-13,erc1155,7,24,24,48,33663,0.00142590,0.1426,-0.99857410,-99.8574
2025-08-13,erc1155,8,5,5,10,26775,0.00037348,0.0373,-0.99962652,-99.9627
2025-08-13,erc1155,9,401,383,784,308553,0.00254089,0.2541,-0.99745911,-99.7459
2025-08-14,erc1155,11,1132,1132,2264,692451,0.00326955,0.3270,-0.99673045,-99.6730
2025-08-14,erc1155,12,1151,1151,2302,444140,0.00518305,0.5183,-0.99481695,-99.4817
2025-08-14,erc1155,13,327,569,896,648943,0.00138071,0.1381,-0.99861929,-99.8619
2025-08-14,erc1155,14,12,12,24,31500,0.00076190,0.0762,-0.99923810,-99.9238
2025-08-14,erc1155,16,127,127,254,626260,0.00040558,0.0406,-0.99959442,-99.9594
2025-08-14,erc1155,17,5665,927,6592,522584,0.01261424,1.2614,-0.98738576,-98.7386
2025-08-14,erc1155,18,3005,1555,4560,706912,0.00645059,0.6451,-0.99354941,-99.3549
2025-08-14,erc1155,19,424,1164,1588,445200,0.00356694,0.3567,-0.99643306,-99.6433
2025-08-14,erc1155,20,1052,3645,4697,619080,0.00758706,0.7587,-0.99241294,-99.2413
2025-08-14,erc1155,22,200,2441,2641,641539,0.00411666,0.4117,-0.99588334,-99.5883
2025-08-14,erc1155,23,811,761,1572,741286,0.00212064,0.2121,-0.99787936,-99.7879
2025-08-14,erc1155,24,29,29,58,32550,0.00178187,0.1782,-0.99821813,-99.8218
2025-08-14,erc1155,25,307,208,515,1213275,0.00042447,0.0424,-0.99957553,-99.9576
2025-08-14,erc1155,27,1404,1449,2853,1435061,0.00198807,0.1988,-0.99801193,-99.8012
2025-08-14,erc1155,28,3,3,6,29400,0.00020408,0.0204,-0.99979592,-99.9796
2025-08-14,erc1155,29,9761,20078,29839,1432200,0.02083438,2.0834,-0.97916562,-97.9166
2025-08-14,erc1155,3,82,1201,1283,165356,0.00775902,0.7759,-0.99224098,-99.2241
2025-08-14,erc1155,4,619,665,1284,238409,0.00538570,0.5386,-0.99461430,-99.4614
2025-08-14,erc1155,5,29,29,58,38010,0.00152591,0.1526,-0.99847409,-99.8474
2025-08-14,erc1155,6,560,560,1120,445200,0.00251572,0.2516,-0.99748428,-99.7484
2025-08-14,erc1155,7,13,13,26,33663,0.00077236,0.0772,-0.99922764,-99.9228
2025-08-14,erc1155,8,3,3,6,26775,0.00022409,0.0224,-0.99977591,-99.9776
2025-08-14,erc1155,9,177,394,571,308553,0.00185057,0.1851,-0.99814943,-99.8149
2025-08-15,erc1155,10,433,422,855,33075,0.02585034,2.5850,-0.97414966,-97.4150
2025-08-15,erc1155,11,773,773,1546,692451,0.00223265,0.2233,-0.99776735,-99.7767
2025-08-15,erc1155,12,14355,804,15159,444140,0.03413113,3.4131,-0.96586887,-96.5869
2025-08-15,erc1155,13,1408,1108,2516,648943,0.00387707,0.3877,-0.99612293,-99.6123
2025-08-15,erc1155,14,743,743,1486,31500,0.04717460,4.7175,-0.95282540,-95.2825
2025-08-15,erc1155,16,5305,5305,10610,626260,0.01694185,1.6942,-0.98305815,-98.3058
2025-08-15,erc1155,17,1588,2277,3865,522584,0.00739594,0.7396,-0.99260406,-99.2604
2025-08-15,erc1155,18,17086,1109,18195,706912,0.02573871,2.5739,-0.97426129,-97.4261
2025-08-15,erc1155,19,28257,966,29223,445200,0.06564016,6.5640,-0.93435984,-93.4360
2025-08-15,erc1155,20,1401,5223,6624,619080,0.01069975,1.0700,-0.98930025,-98.9300
2025-08-15,erc1155,22,9178,1678,10856,641539,0.01692181,1.6922,-0.98307819,-98.3078
2025-08-15,erc1155,23,15093,936,16029,741286,0.02162323,2.1623,-0.97837677,-97.8377
2025-08-15,erc1155,24,149,85,234,32550,0.00718894,0.7189,-0.99281106,-99.2811
2025-08-15,erc1155,25,109407,2207,111614,1213275,0.09199398,9.1994,-0.90800602,-90.8006
2025-08-15,erc1155,27,9247,7157,16404,1435061,0.01143087,1.1431,-0.98856913,-98.8569
2025-08-15,erc1155,28,4995,4987,9982,29400,0.33952381,33.9524,-0.66047619,-66.0476
2025-08-15,erc1155,29,14287,258771,273058,1432200,0.19065633,19.0656,-0.80934367,-80.9344
2025-08-15,erc1155,3,3088,1495,4583,165356,0.02771596,2.7716,-0.97228404,-97.2284
2025-08-15,erc1155,4,188,1394,1582,238409,0.00663566,0.6636,-0.99336434,-99.3364
2025-08-15,erc1155,5,92,92,184,38010,0.00484083,0.4841,-0.99515917,-99.5159
2025-08-15,erc1155,6,19955,16421,36376,445200,0.08170710,8.1707,-0.91829290,-91.8293
2025-08-15,erc1155,7,247,246,493,33663,0.01464516,1.4645,-0.98535484,-98.5355
2025-08-15,erc1155,8,119,109,228,26775,0.00851541,0.8515,-0.99148459,-99.1485
2025-08-15,erc1155,9,1417,407,1824,308553,0.00591146,0.5911,-0.99408854,-99.4089
2025-08-16,erc1155,10,129,140,269,33075,0.00813303,0.8133,-0.99186697,-99.1867
2025-08-16,erc1155,11,1687,1687,3374,692451,0.00487255,0.4873,-0.99512745,-99.5127
2025-08-16,erc1155,12,14573,739,15312,444140,0.03447562,3.4476,-0.96552438,-96.5524
2025-08-16,erc1155,13,3491,3791,7282,648943,0.01122132,1.1221,-0.98877868,-98.8779
2025-08-16,erc1155,14,458,458,916,31500,0.02907937,2.9079,-0.97092063,-97.0921
2025-08-16,erc1155,16,3352,3352,6704,626260,0.01070482,1.0705,-0.98929518,-98.9295
2025-08-16,erc1155,17,13707,2009,15716,522584,0.03007363,3.0074,-0.96992637,-96.9926
2025-08-16,erc1155,18,17601,1134,18735,706912,0.02650259,2.6503,-0.97349741,-97.3497
2025-08-16,erc1155,19,25136,8659,33795,445200,0.07590970,7.5910,-0.92409030,-92.4090
2025-08-16,erc1155,20,21794,1834,23628,619080,0.03816631,3.8166,-0.96183369,-96.1834
2025-08-16,erc1155,22,25936,16070,42006,641539,0.06547692,6.5477,-0.93452308,-93.4523
2025-08-16,erc1155,23,81299,1525,82824,741286,0.11173016,11.1730,-0.88826984,-88.8270
2025-08-16,erc1155,24,1403,1467,2870,32550,0.08817204,8.8172,-0.91182796,-91.1828
2025-08-16,erc1155,25,145208,53527,198735,1213275,0.16380046,16.3800,-0.83619954,-83.6200
2025-08-16,erc1155,27,74207,76297,150504,1435061,0.10487638,10.4876,-0.89512362,-89.5124
2025-08-16,erc1155,28,6078,6086,12164,29400,0.41374150,41.3741,-0.58625850,-58.6259
2025-08-16,erc1155,29,45126,413242,458368,1432200,0.32004469,32.0045,-0.67995531,-67.9955
2025-08-16,erc1155,3,8493,4680,13173,165356,0.07966448,7.9664,-0.92033552,-92.0336
2025-08-16,erc1155,4,9878,6380,16258,238409,0.06819373,6.8194,-0.93180627,-93.1806
2025-08-16,erc1155,5,167,167,334,38010,0.00878716,0.8787,-0.99121284,-99.1213
2025-08-16,erc1155,6,39984,43518,83502,445200,0.18756065,18.7561,-0.81243935,-81.2439
2025-08-16,erc1155,7,104,105,209,33663,0.00620860,0.6209,-0.99379140,-99.3791
2025-08-16,erc1155,8,69,79,148,26775,0.00552754,0.5528,-0.99447246,-99.4472
2025-08-16,erc1155,9,8236,2235,10471,308553,0.03393582,3.3936,-0.96606418,-96.6064
2025-08-17,erc1155,10,65,65,130,33075,0.00393046,0.3930,-0.99606954,-99.6070
2025-08-17,erc1155,11,119,119,238,692451,0.00034371,0.0344,-0.99965629,-99.9656
2025-08-17,erc1155,12,450,783,1233,444140,0.00277615,0.2776,-0.99722385,-99.7224
2025-08-17,erc1155,13,297,297,594,648943,0.00091533,0.0915,-0.99908467,-99.9085
2025-08-17,erc1155,14,28,28,56,31500,0.00177778,0.1778,-0.99822222,-99.8222
2025-08-17,erc1155,16,4414,4414,8828,626260,0.01409638,1.4096,-0.98590362,-98.5904
2025-08-17,erc1155,17,2481,751,3232,522584,0.00618465,0.6185,-0.99381535,-99.3815
2025-08-17,erc1155,18,1936,612,2548,706912,0.00360441,0.3604,-0.99639559,-99.6396
2025-08-17,erc1155,19,1393,8562,9955,445200,0.02236074,2.2361,-0.97763926,-97.7639
2025-08-17,erc1155,20,5699,2200,7899,619080,0.01275926,1.2759,-0.98724074,-98.7241
2025-08-17,erc1155,22,1903,14454,16357,641539,0.02549650,2.5497,-0.97450350,-97.4503
2025-08-17,erc1155,23,1668,3664,5332,741286,0.00719291,0.7193,-0.99280709,-99.2807
2025-08-17,erc1155,24,64,64,128,32550,0.00393241,0.3932,-0.99606759,-99.6068
2025-08-17,erc1155,25,9039,27940,36979,1213275,0.03047866,3.0479,-0.96952134,-96.9521
2025-08-17,erc1155,27,2110,2110,4220,1435061,0.00294064,0.2941,-0.99705936,-99.7059
2025-08-17,erc1155,28,549,549,1098,29400,0.03734694,3.7347,-0.96265306,-96.2653
2025-08-17,erc1155,29,4208,4208,8416,1432200,0.00587627,0.5876,-0.99412373,-99.4124
2025-08-17,erc1155,3,958,3771,4729,165356,0.02859890,2.8599,-0.97140110,-97.1401
2025-08-17,erc1155,4,1036,1350,2386,238409,0.01000801,1.0008,-0.98999199,-98.9992
2025-08-17,erc1155,5,77,76,153,38010,0.00402526,0.4025,-0.99597474,-99.5975
2025-08-17,erc1155,6,985,985,1970,445200,0.00442498,0.4425,-0.99557502,-99.5575
2025-08-17,erc1155,7,15,15,30,33663,0.00089119,0.0891,-0.99910881,-99.9109
2025-08-17,erc1155,8,25,25,50,26775,0.00186741,0.1867,-0.99813259,-99.8133
2025-08-17,erc1155,9,314,1224,1538,308553,0.00498456,0.4985,-0.99501544,-99.5015
2025-08-18,erc1155,10,60,60,120,33075,0.00362812,0.3628,-0.99637188,-99.6372
2025-08-18,erc1155,11,412,412,824,692451,0.00118998,0.1190,-0.99881002,-99.8810
2025-08-18,erc1155,12,6534,788,7322,444140,0.01648579,1.6486,-0.98351421,-98.3514
2025-08-18,erc1155,13,2829,2829,5658,648943,0.00871879,0.8719,-0.99128121,-99.1281
2025-08-18,erc1155,14,77,77,154,31500,0.00488889,0.4889,-0.99511111,-99.5111
2025-08-18,erc1155,16,2426,2426,4852,626260,0.00774758,0.7748,-0.99225242,-99.2252
2025-08-18,erc1155,17,913,807,1720,522584,0.00329134,0.3291,-0.99670866,-99.6709
2025-08-18,erc1155,18,2339,1694,4033,706912,0.00570509,0.5705,-0.99429491,-99.4295
2025-08-18,erc1155,19,4975,6955,11930,445200,0.02679695,2.6797,-0.97320305,-97.3203
2025-08-18,erc1155,20,5482,7447,12929,619080,0.02088422,2.0884,-0.97911578,-97.9116
2025-08-18,erc1155,22,1675,1700,3375,641539,0.00526079,0.5261,-0.99473921,-99.4739
2025-08-18,erc1155,23,7450,907,8357,741286,0.01127365,1.1274,-0.98872635,-98.8726
2025-08-18,erc1155,24,114,114,228,32550,0.00700461,0.7005,-0.99299539,-99.2995
2025-08-18,erc1155,25,12587,60492,73079,1213275,0.06023284,6.0233,-0.93976716,-93.9767
2025-08-18,erc1155,27,4555,4555,9110,1435061,0.00634816,0.6348,-0.99365184,-99.3652
2025-08-18,erc1155,28,372,372,744,29400,0.02530612,2.5306,-0.97469388,-97.4694
2025-08-18,erc1155,29,4359,4359,8718,1432200,0.00608714,0.6087,-0.99391286,-99.3913
2025-08-18,erc1155,3,815,1384,2199,165356,0.01329858,1.3299,-0.98670142,-98.6701
2025-08-18,erc1155,4,429,341,770,238409,0.00322974,0.3230,-0.99677026,-99.6770
2025-08-18,erc1155,5,33,34,67,38010,0.00176269,0.1763,-0.99823731,-99.8237
2025-08-18,erc1155,6,5508,5508,11016,445200,0.02474394,2.4744,-0.97525606,-97.5256
2025-08-18,erc1155,7,443,443,886,33663,0.02631970,2.6320,-0.97368030,-97.3680
2025-08-18,erc1155,8,8,8,16,26775,0.00059757,0.0598,-0.99940243,-99.9402
2025-08-18,erc1155,9,1925,2559,4484,308553,0.01453235,1.4532,-0.98546765,-98.5468
2025-08-19,erc1155,10,132,132,264,33075,0.00798186,0.7982,-0.99201814,-99.2018
2025-08-19,erc1155,11,78,78,156,692451,0.00022529,0.0225,-0.99977471,-99.9775
2025-08-19,erc1155,12,1005,1819,2824,444140,0.00635836,0.6358,-0.99364164,-99.3642
2025-08-19,erc1155,13,591,591,1182,648943,0.00182142,0.1821,-0.99817858,-99.8179
2025-08-19,erc1155,14,55,55,110,31500,0.00349206,0.3492,-0.99650794,-99.6508
2025-08-19,erc1155,16,506,506,1012,626260,0.00161594,0.1616,-0.99838406,-99.8384
2025-08-19,erc1155,17,7434,928,8362,522584,0.01600126,1.6001,-0.98399874,-98.3999
2025-08-19,erc1155,18,6528,594,7122,706912,0.01007480,1.0075,-0.98992520,-98.9925
2025-08-19,erc1155,19,688,5834,6522,445200,0.01464960,1.4650,-0.98535040,-98.5350
2025-08-19,erc1155,20,1742,5146,6888,619080,0.01112619,1.1126,-0.98887381,-98.8874
2025-08-19,erc1155,22,415,395,810,641539,0.00126259,0.1263,-0.99873741,-99.8737
2025-08-19,erc1155,23,691,3480,4171,741286,0.00562671,0.5627,-0.99437329,-99.4373
2025-08-19,erc1155,24,53,53,106,32550,0.00325653,0.3257,-0.99674347,-99.6743
2025-08-19,erc1155,25,3612,29776,33388,1213275,0.02751891,2.7519,-0.97248109,-97.2481
2025-08-19,erc1155,27,1197,1197,2394,1435061,0.00166822,0.1668,-0.99833178,-99.8332
2025-08-19,erc1155,28,27,27,54,29400,0.00183673,0.1837,-0.99816327,-99.8163
2025-08-19,erc1155,29,1331,1331,2662,1432200,0.00185868,0.1859,-0.99814132,-99.8141
2025-08-19,erc1155,3,220,237,457,165356,0.00276373,0.2764,-0.99723627,-99.7236
2025-08-19,erc1155,4,157,245,402,238409,0.00168618,0.1686,-0.99831382,-99.8314
2025-08-19,erc1155,5,45,45,90,38010,0.00236780,0.2368,-0.99763220,-99.7632
2025-08-19,erc1155,6,321,321,642,445200,0.00144205,0.1442,-0.99855795,-99.8558
2025-08-19,erc1155,7,65,65,130,33663,0.00386181,0.3862,-0.99613819,-99.6138
2025-08-19,erc1155,8,37,37,74,26775,0.00276377,0.2764,-0.99723623,-99.7236
2025-08-19,erc1155,9,592,1400,1992,308553,0.00645594,0.6456,-0.99354406,-99.3544
2025-08-20,erc1155,10,473,473,946,33075,0.02860166,2.8602,-0.97139834,-97.1398
2025-08-20,erc1155,11,540,540,1080,692451,0.00155968,0.1560,-0.99844032,-99.8440
2025-08-20,erc1155,12,1849,552,2401,444140,0.00540595,0.5406,-0.99459405,-99.4594
2025-08-20,erc1155,13,653,643,1296,648943,0.00199709,0.1997,-0.99800291,-99.8003
2025-08-20,erc1155,14,180,180,360,31500,0.01142857,1.1429,-0.98857143,-98.8571
2025-08-20,erc1155,16,10258,10258,20516,626260,0.03275956,3.2760,-0.96724044,-96.7240
2025-08-20,erc1155,17,631,526,1157,522584,0.00221400,0.2214,-0.99778600,-99.7786
2025-08-20,erc1155,18,4878,1326,6204,706912,0.00877620,0.8776,-0.99122380,-99.1224
2025-08-20,erc1155,19,2599,4312,6911,445200,0.01552336,1.5523,-0.98447664,-98.4477
2025-08-20,erc1155,20,3127,2592,5719,619080,0.00923790,0.9238,-0.99076210,-99.0762
2025-08-20,erc1155,22,2717,728,3445,641539,0.00536990,0.5370,-0.99463010,-99.4630
2025-08-20,erc1155,23,4957,1666,6623,741286,0.00893447,0.8934,-0.99106553,-99.1066
2025-08-20,erc1155,24,61,61,122,32550,0.00374808,0.3748,-0.99625192,-99.6252
2025-08-20,erc1155,25,18245,22266,40511,1213275,0.03338979,3.3390,-0.96661021,-96.6610
2025-08-20,erc1155,27,10526,10501,21027,1435061,0.01465234,1.4652,-0.98534766,-98.5348
2025-08-20,erc1155,28,262,262,524,29400,0.01782313,1.7823,-0.98217687,-98.2177
2025-08-20,erc1155,29,10745,10745,21490,1432200,0.01500489,1.5005,-0.98499511,-98.4995
2025-08-20,erc1155,3,525,525,1050,165356,0.00634994,0.6350,-0.99365006,-99.3650
2025-08-20,erc1155,4,686,686,1372,238409,0.00575482,0.5755,-0.99424518,-99.4245
2025-08-20,erc1155,5,54,54,108,38010,0.00284136,0.2841,-0.99715864,-99.7159
2025-08-20,erc1155,6,19454,2166,21620,445200,0.04856244,4.8562,-0.95143756,-95.1438
2025-08-20,erc1155,7,34,34,68,33663,0.00202002,0.2020,-0.99797998,-99.7980
2025-08-20,erc1155,8,17,17,34,26775,0.00126984,0.1270,-0.99873016,-99.8730
2025-08-20,erc1155,9,1650,1280,2930,308553,0.00949594,0.9496,-0.99050406,-99.0504
2025-08-21,erc1155,10,26,19,45,33075,0.00136054,0.1361,-0.99863946,-99.8639
2025-08-21,erc1155,11,1603,1603,3206,692451,0.00462993,0.4630,-0.99537007,-99.5370
2025-08-21,erc1155,12,4658,226,4884,444140,0.01099653,1.0997,-0.98900347,-98.9003
2025-08-21,erc1155,13,1550,1560,3110,648943,0.00479241,0.4792,-0.99520759,-99.5208
2025-08-21,erc1155,14,84,84,168,31500,0.00533333,0.5333,-0.99466667,-99.4667
2025-08-21,erc1155,16,6839,6839,13678,626260,0.02184077,2.1841,-0.97815923,-97.8159
2025-08-21,erc1155,17,825,1899,2724,522584,0.00521256,0.5213,-0.99478744,-99.4787
2025-08-21,erc1155,18,1349,170,1519,706912,0.00214878,0.2149,-0.99785122,-99.7851
2025-08-21,erc1155,19,1850,2593,4443,445200,0.00997978,0.9980,-0.99002022,-99.0020
2025-08-21,erc1155,20,915,1061,1976,619080,0.00319183,0.3192,-0.99680817,-99.6808
2025-08-21,erc1155,22,3847,3211,7058,641539,0.01100167,1.1002,-0.98899833,-98.8998
2025-08-21,erc1155,23,1301,434,1735,741286,0.00234053,0.2341,-0.99765947,-99.7659
2025-08-21,erc1155,24,57,57,114,32550,0.00350230,0.3502,-0.99649770,-99.6498
2025-08-21,erc1155,25,15663,14401,30064,1213275,0.02477921,2.4779,-0.97522079,-97.5221
2025-08-21,erc1155,27,17602,17627,35229,1435061,0.02454878,2.4549,-0.97545122,-97.5451
2025-08-21,erc1155,28,760,728,1488,29400,0.05061224,5.0612,-0.94938776,-94.9388
2025-08-21,erc1155,29,4190,4187,8377,1432200,0.00584904,0.5849,-0.99415096,-99.4151
2025-08-21,erc1155,3,327,327,654,165356,0.00395510,0.3955,-0.99604490,-99.6045
2025-08-21,erc1155,4,4408,988,5396,238409,0.02263337,2.2633,-0.97736663,-97.7367
2025-08-21,erc1155,5,23,20,43,38010,0.00113128,0.1131,-0.99886872,-99.8869
2025-08-21,erc1155,6,4670,20882,25552,445200,0.05739443,5.7394,-0.94260557,-94.2606
2025-08-21,erc1155,7,249,239,488,33663,0.01449663,1.4497,-0.98550337,-98.5503
2025-08-21,erc1155,8,55,52,107,26775,0.00399627,0.3996,-0.99600373,-99.6004
2025-08-21,erc1155,9,8691,878,9569,308553,0.03101250,3.1013,-0.96898750,-96.8987
2025-08-22,erc1155,10,44,51,95,33075,0.00287226,0.2872,-0.99712774,-99.7128
2025-08-22,erc1155,11,288,288,576,692451,0.00083183,0.0832,-0.99916817,-99.9168
2025-08-22,erc1155,12,948,998,1946,444140,0.00438150,0.4382,-0.99561850,-99.5618
2025-08-22,erc1155,13,2338,2338,4676,648943,0.00720556,0.7206,-0.99279444,-99.2794
2025-08-22,erc1155,14,13,13,26,31500,0.00082540,0.0825,-0.99917460,-99.9175
2025-08-22,erc1155,16,549,549,1098,626260,0.00175327,0.1753,-0.99824673,-99.8247
2025-08-22,erc1155,17,840,2233,3073,522584,0.00588039,0.5880,-0.99411961,-99.4120
2025-08-22,erc1155,18,2433,2125,4558,706912,0.00644776,0.6448,-0.99355224,-99.3552
2025-08-22,erc1155,19,1095,1279,2374,445200,0.00533243,0.5332,-0.99466757,-99.4668
2025-08-22,erc1155,20,1348,668,2016,619080,0.00325645,0.3256,-0.99674355,-99.6744
2025-08-22,erc1155,22,1421,1509,2930,641539,0.00456714,0.4567,-0.99543286,-99.5433
2025-08-22,erc1155,23,2354,2788,5142,741286,0.00693659,0.6937,-0.99306341,-99.3063
2025-08-22,erc1155,24,67,67,134,32550,0.00411674,0.4117,-0.99588326,-99.5883
2025-08-22,erc1155,25,12360,23721,36081,1213275,0.02973852,2.9739,-0.97026148,-97.0261
2025-08-22,erc1155,27,5545,5545,11090,1435061,0.00772789,0.7728,-0.99227211,-99.2272
2025-08-22,erc1155,28,151,183,334,29400,0.01136054,1.1361,-0.98863946,-98.8639
2025-08-22,erc1155,29,4077,4080,8157,1432200,0.00569543,0.5695,-0.99430457,-99.4305
2025-08-22,erc1155,3,566,163,729,165356,0.00440867,0.4409,-0.99559133,-99.5591
2025-08-22,erc1155,4,3076,4666,7742,238409,0.03247361,3.2474,-0.96752639,-96.7526
2025-08-22,erc1155,5,29,32,61,38010,0.00160484,0.1605,-0.99839516,-99.8395
2025-08-22,erc1155,6,2541,641,3182,445200,0.00714735,0.7147,-0.99285265,-99.2853
2025-08-22,erc1155,7,48,58,106,33663,0.00314886,0.3149,-0.99685114,-99.6851
2025-08-22,erc1155,8,1,4,5,26775,0.00018674,0.0187,-0.99981326,-99.9813
2025-08-22,erc1155,9,166,626,792,308553,0.00256682,0.2567,-0.99743318,-99.7433
2025-08-23,erc1155,10,17,17,34,33075,0.00102797,0.1028,-0.99897203,-99.8972
2025-08-23,erc1155,11,16,16,32,692451,0.00004621,0.0046,-0.99995379,-99.9954
2025-08-23,erc1155,12,967,974,1941,444140,0.00437024,0.4370,-0.99562976,-99.5630
2025-08-23,erc1155,13,1877,1877,3754,648943,0.00578479,0.5785,-0.99421521,-99.4215
2025-08-23,erc1155,14,25,25,50,31500,0.00158730,0.1587,-0.99841270,-99.8413
2025-08-23,erc1155,16,2114,2114,4228,626260,0.00675119,0.6751,-0.99324881,-99.3249
2025-08-23,erc1155,17,1264,429,1693,522584,0.00323967,0.3240,-0.99676033,-99.6760
2025-08-23,erc1155,18,785,1353,2138,706912,0.00302442,0.3024,-0.99697558,-99.6976
2025-08-23,erc1155,19,677,199,876,445200,0.00196765,0.1968,-0.99803235,-99.8032
2025-08-23,erc1155,20,546,546,1092,619080,0.00176391,0.1764,-0.99823609,-99.8236
2025-08-23,erc1155,22,427,427,854,641539,0.00133117,0.1331,-0.99866883,-99.8669
2025-08-23,erc1155,23,3907,1945,5852,741286,0.00789439,0.7894,-0.99210561,-99.2106
2025-08-23,erc1155,24,15,15,30,32550,0.00092166,0.0922,-0.99907834,-99.9078
2025-08-23,erc1155,25,7558,20900,28458,1213275,0.02345552,2.3456,-0.97654448,-97.6544
2025-08-23,erc1155,27,2905,2905,5810,1435061,0.00404861,0.4049,-0.99595139,-99.5951
2025-08-23,erc1155,28,77,77,154,29400,0.00523810,0.5238,-0.99476190,-99.4762
2025-08-23,erc1155,29,1883,1883,3766,1432200,0.00262952,0.2630,-0.99737048,-99.7370
2025-08-23,erc1155,3,630,630,1260,165356,0.00761992,0.7620,-0.99238008,-99.2380
2025-08-23,erc1155,4,202,90,292,238409,0.00122479,0.1225,-0.99877521,-99.8775
2025-08-23,erc1155,5,15,15,30,38010,0.00078927,0.0789,-0.99921073,-99.9211
2025-08-23,erc1155,6,780,2680,3460,445200,0.00777179,0.7772,-0.99222821,-99.2228
2025-08-23,erc1155,7,140,136,276,33663,0.00819891,0.8199,-0.99180109,-99.1801
2025-08-23,erc1155,8,12,12,24,26775,0.00089636,0.0896,-0.99910364,-99.9104
2025-08-23,erc1155,9,126,156,282,308553,0.00091394,0.0914,-0.99908606,-99.9086
2025-08-24,erc1155,10,14,14,28,33075,0.00084656,0.0847,-0.99915344,-99.9153
2025-08-24,erc1155,11,4,4,8,692451,0.00001155,0.0012,-0.99998845,-99.9988
2025-08-24,erc1155,12,85,85,170,444140,0.00038276,0.0383,-0.99961724,-99.9617
2025-08-24,erc1155,13,97,97,194,648943,0.00029895,0.0299,-0.99970105,-99.9701
2025-08-24,erc1155,14,2,2,4,31500,0.00012698,0.0127,-0.99987302,-99.9873
2025-08-24,erc1155,16,106,106,212,626260,0.00033852,0.0339,-0.99966148,-99.9661
2025-08-24,erc1155,17,230,289,519,522584,0.00099314,0.0993,-0.99900686,-99.9007
2025-08-24,erc1155,18,1076,1214,2290,706912,0.00323944,0.3239,-0.99676056,-99.6761
2025-08-24,erc1155,19,118,118,236,445200,0.00053010,0.0530,-0.99946990,-99.9470
2025-08-24,erc1155,20,1085,1085,2170,619080,0.00350520,0.3505,-0.99649480,-99.6495
2025-08-24,erc1155,22,305,305,610,641539,0.00095084,0.0951,-0.99904916,-99.9049
2025-08-24,erc1155,23,1354,1887,3241,741286,0.00437213,0.4372,-0.99562787,-99.5628
2025-08-24,erc1155,24,63,63,126,32550,0.00387097,0.3871,-0.99612903,-99.6129
2025-08-24,erc1155,25,3076,16629,19705,1213275,0.01624117,1.6241,-0.98375883,-98.3759
2025-08-24,erc1155,27,1372,1372,2744,1435061,0.00191211,0.1912,-0.99808789,-99.8088
2025-08-24,erc1155,28,54,54,108,29400,0.00367347,0.3673,-0.99632653,-99.6327
2025-08-24,erc1155,29,278,278,556,1432200,0.00038821,0.0388,-0.99961179,-99.9612
2025-08-24,erc1155,3,425,133,558,165356,0.00337454,0.3375,-0.99662546,-99.6625
2025-08-24,erc1155,4,58,170,228,238409,0.00095634,0.0956,-0.99904366,-99.9044
2025-08-24,erc1155,5,14,14,28,38010,0.00073665,0.0737,-0.99926335,-99.9263
2025-08-24,erc1155,6,962,962,1924,445200,0.00432165,0.4322,-0.99567835,-99.5678
2025-08-24,erc1155,7,56,60,116,33663,0.00344592,0.3446,-0.99655408,-99.6554
2025-08-24,erc1155,8,9,9,18,26775,0.00067227,0.0672,-0.99932773,-99.9328
2025-08-24,erc1155,9,1626,41,1667,308553,0.00540264,0.5403,-0.99459736,-99.4597
2025-08-25,erc1155,10,46,46,92,33075,0.00278156,0.2782,-0.99721844,-99.7218
2025-08-25,erc1155,11,81,81,162,692451,0.00023395,0.0234,-0.99976605,-99.9766
2025-08-25,erc1155,12,1978,809,2787,444140,0.00627505,0.6275,-0.99372495,-99.3725
2025-08-25,erc1155,13,157,157,314,648943,0.00048386,0.0484,-0.99951614,-99.9516
2025-08-25,erc1155,14,191,191,382,31500,0.01212698,1.2127,-0.98787302,-98.7873
2025-08-25,erc1155,16,303,303,606,626260,0.00096765,0.0968,-0.99903235,-99.9032
2025-08-25,erc1155,17,728,601,1329,522584,0.00254313,0.2543,-0.99745687,-99.7457
2025-08-25,erc1155,18,3928,21976,25904,706912,0.03664388,3.6644,-0.96335612,-96.3356
2025-08-25,erc1155,19,1319,1319,2638,445200,0.00592543,0.5925,-0.99407457,-99.4075
2025-08-25,erc1155,20,287,259,546,619080,0.00088195,0.0882,-0.99911805,-99.9118
2025-08-25,erc1155,22,1319,1278,2597,641539,0.00404808,0.4048,-0.99595192,-99.5952
2025-08-25,erc1155,23,8506,2843,11349,741286,0.01530988,1.5310,-0.98469012,-98.4690
2025-08-25,erc1155,24,22,22,44,32550,0.00135177,0.1352,-0.99864823,-99.8648
2025-08-25,erc1155,25,4142,5949,10091,1213275,0.00831716,0.8317,-0.99168284,-99.1683
2025-08-25,erc1155,27,3212,3212,6424,1435061,0.00447646,0.4476,-0.99552354,-99.5524
2025-08-25,erc1155,28,181,181,362,29400,0.01231293,1.2313,-0.98768707,-98.7687
2025-08-25,erc1155,29,922,922,1844,1432200,0.00128753,0.1288,-0.99871247,-99.8712
2025-08-25,erc1155,3,652,799,1451,165356,0.00877501,0.8775,-0.99122499,-99.1225
2025-08-25,erc1155,4,370,370,740,238409,0.00310391,0.3104,-0.99689609,-99.6896
2025-08-25,erc1155,5,48,48,96,38010,0.00252565,0.2526,-0.99747435,-99.7474
2025-08-25,erc1155,6,1671,1671,3342,445200,0.00750674,0.7507,-0.99249326,-99.2493
2025-08-25,erc1155,7,66,66,132,33663,0.00392122,0.3921,-0.99607878,-99.6079
2025-08-25,erc1155,8,6,6,12,26775,0.00044818,0.0448,-0.99955182,-99.9552
2025-08-25,erc1155,9,1507,3092,4599,308553,0.01490506,1.4905,-0.98509494,-98.5095
2025-08-26,erc1155,10,98,98,196,33075,0.00592593,0.5926,-0.99407407,-99.4074
2025-08-26,erc1155,11,132,132,264,692451,0.00038125,0.0381,-0.99961875,-99.9619
2025-08-26,erc1155,12,902,929,1831,444140,0.00412257,0.4123,-0.99587743,-99.5877
2025-08-26,erc1155,13,559,559,1118,648943,0.00172280,0.1723,-0.99827720,-99.8277
2025-08-26,erc1155,14,103,103,206,31500,0.00653968,0.6540,-0.99346032,-99.3460
2025-08-26,erc1155,16,1288,1288,2576,626260,0.00411331,0.4113,-0.99588669,-99.5887
2025-08-26,erc1155,17,1123,760,1883,522584,0.00360325,0.3603,-0.99639675,-99.6397
2025-08-26,erc1155,18,5546,5765,11311,706912,0.01600058,1.6001,-0.98399942,-98.3999
2025-08-26,erc1155,19,532,532,1064,445200,0.00238994,0.2390,-0.99761006,-99.7610
2025-08-26,erc1155,20,1349,980,2329,619080,0.00376203,0.3762,-0.99623797,-99.6238
2025-08-26,erc1155,22,1243,593,1836,641539,0.00286187,0.2862,-0.99713813,-99.7138
2025-08-26,erc1155,23,2189,8141,10330,741286,0.01393524,1.3935,-0.98606476,-98.6065
2025-08-26,erc1155,24,210,210,420,32550,0.01290323,1.2903,-0.98709677,-98.7097
2025-08-26,erc1155,25,7399,5401,12800,1213275,0.01054996,1.0550,-0.98945004,-98.9450
2025-08-26,erc1155,27,4408,4408,8816,1435061,0.00614329,0.6143,-0.99385671,-99.3857
2025-08-26,erc1155,28,95,95,190,29400,0.00646259,0.6463,-0.99353741,-99.3537
2025-08-26,erc1155,29,11231,11281,22512,1432200,0.01571848,1.5718,-0.98428152,-98.4282
2025-08-26,erc1155,3,1559,317,1876,165356,0.01134522,1.1345,-0.98865478,-98.8655
2025-08-26,erc1155,4,1156,693,1849,238409,0.00775558,0.7756,-0.99224442,-99.2244
2025-08-26,erc1155,5,205,205,410,38010,0.01078664,1.0787,-0.98921336,-98.9213
2025-08-26,erc1155,6,1537,1537,3074,445200,0.00690476,0.6905,-0.99309524,-99.3095
2025-08-26,erc1155,7,240,240,480,33663,0.01425898,1.4259,-0.98574102,-98.5741
2025-08-26,erc1155,8,50,50,100,26775,0.00373483,0.3735,-0.99626517,-99.6265
2025-08-26,erc1155,9,906,318,1224,308553,0.00396690,0.3967,-0.99603310,-99.6033
2025-08-27,erc1155,10,17,17,34,33075,0.00102797,0.1028,-0.99897203,-99.8972
2025-08-27,erc1155,11,1572,1572,3144,692451,0.00454039,0.4540,-0.99545961,-99.5460
2025-08-27,erc1155,12,2143,1309,3452,444140,0.00777232,0.7772,-0.99222768,-99.2228
2025-08-27,erc1155,13,1238,1238,2476,648943,0.00381544,0.3815,-0.99618456,-99.6185
2025-08-27,erc1155,14,949,949,1898,31500,0.06025397,6.0254,-0.93974603,-93.9746
2025-08-27,erc1155,16,1536,1536,3072,626260,0.00490531,0.4905,-0.99509469,-99.5095
2025-08-27,erc1155,17,1476,805,2281,522584,0.00436485,0.4365,-0.99563515,-99.5635
2025-08-27,erc1155,18,3193,5492,8685,706912,0.01228583,1.2286,-0.98771417,-98.7714
2025-08-27,erc1155,19,807,807,1614,445200,0.00362534,0.3625,-0.99637466,-99.6375
2025-08-27,erc1155,20,2763,2763,5526,619080,0.00892615,0.8926,-0.99107385,-99.1074
2025-08-27,erc1155,22,2112,2112,4224,641539,0.00658417,0.6584,-0.99341583,-99.3416
2025-08-27,erc1155,23,1333,1331,2664,741286,0.00359375,0.3594,-0.99640625,-99.6406
2025-08-27,erc1155,24,207,207,414,32550,0.01271889,1.2719,-0.98728111,-98.7281
2025-08-27,erc1155,25,4805,6811,11616,1213275,0.00957409,0.9574,-0.99042591,-99.0426
2025-08-27,erc1155,27,9333,9333,18666,1435061,0.01300711,1.3007,-0.98699289,-98.6993
2025-08-27,erc1155,28,36,36,72,29400,0.00244898,0.2449,-0.99755102,-99.7551
2025-08-27,erc1155,29,1154,1154,2308,1432200,0.00161151,0.1612,-0.99838849,-99.8388
2025-08-27,erc1155,3,536,615,1151,165356,0.00696074,0.6961,-0.99303926,-99.3039
2025-08-27,erc1155,4,887,887,1774,238409,0.00744099,0.7441,-0.99255901,-99.2559
2025-08-27,erc1155,5,88,88,176,38010,0.00463036,0.4630,-0.99536964,-99.5370
2025-08-27,erc1155,6,1581,1581,3162,445200,0.00710243,0.7102,-0.99289757,-99.2898
2025-08-27,erc1155,7,50,50,100,33663,0.00297062,0.2971,-0.99702938,-99.7029
2025-08-27,erc1155,8,14,14,28,26775,0.00104575,0.1046,-0.99895425,-99.8954
2025-08-27,erc1155,9,897,639,1536,308553,0.00497808,0.4978,-0.99502192,-99.5022
2025-08-28,erc1155,10,16,16,32,33075,0.00096750,0.0967,-0.99903250,-99.9033
2025-08-28,erc1155,11,720,720,1440,692451,0.00207957,0.2080,-0.99792043,-99.7920
2025-08-28,erc1155,12,714,1060,1774,444140,0.00399424,0.3994,-0.99600576,-99.6006
2025-08-28,erc1155,13,3370,3370,6740,648943,0.01038612,1.0386,-0.98961388,-98.9614
2025-08-28,erc1155,14,269,269,538,31500,0.01707937,1.7079,-0.98292063,-98.2921
2025-08-28,erc1155,16,3320,3320,6640,626260,0.01060263,1.0603,-0.98939737,-98.9397
2025-08-28,erc1155,17,199,870,1069,522584,0.00204560,0.2046,-0.99795440,-99.7954
2025-08-28,erc1155,18,2187,5500,7687,706912,0.01087406,1.0874,-0.98912594,-98.9126
2025-08-28,erc1155,19,248,248,496,445200,0.00111411,0.1114,-0.99888589,-99.8886
2025-08-28,erc1155,20,1770,1240,3010,619080,0.00486205,0.4862,-0.99513795,-99.5138
2025-08-28,erc1155,22,302,302,604,641539,0.00094149,0.0941,-0.99905851,-99.9059
2025-08-28,erc1155,23,5757,20304,26061,741286,0.03515647,3.5156,-0.96484353,-96.4844
2025-08-28,erc1155,24,94,94,188,32550,0.00577573,0.5776,-0.99422427,-99.4224
2025-08-28,erc1155,25,3143,3143,6286,1213275,0.00518102,0.5181,-0.99481898,-99.4819
2025-08-28,erc1155,27,8258,8258,16516,1435061,0.01150892,1.1509,-0.98849108,-98.8491
2025-08-28,erc1155,28,196,196,392,29400,0.01333333,1.3333,-0.98666667,-98.6667
2025-08-28,erc1155,29,669,669,1338,1432200,0.00093423,0.0934,-0.99906577,-99.9066
2025-08-28,erc1155,3,87,87,174,165356,0.00105228,0.1052,-0.99894772,-99.8948
2025-08-28,erc1155,4,92,92,184,238409,0.00077178,0.0772,-0.99922822,-99.9228
2025-08-28,erc1155,5,68,68,136,38010,0.00357801,0.3578,-0.99642199,-99.6422
2025-08-28,erc1155,6,151,207,358,445200,0.00080413,0.0804,-0.99919587,-99.9196
2025-08-28,erc1155,7,36,36,72,33663,0.00213885,0.2139,-0.99786115,-99.7861
2025-08-28,erc1155,8,1,1,2,26775,0.00007470,0.0075,-0.99992530,-99.9925
2025-08-28,erc1155,9,5057,12718,17775,308553,0.05760761,5.7608,-0.94239239,-94.2392
2025-08-29,erc1155,10,13,13,26,33075,0.00078609,0.0786,-0.99921391,-99.9214
2025-08-29,erc1155,11,18,18,36,692451,0.00005199,0.0052,-0.99994801,-99.9948
2025-08-29,erc1155,12,1391,1422,2813,444140,0.00633359,0.6334,-0.99366641,-99.3666
2025-08-29,erc1155,13,741,741,1482,648943,0.00228371,0.2284,-0.99771629,-99.7716
2025-08-29,erc1155,14,50,50,100,31500,0.00317460,0.3175,-0.99682540,-99.6825
2025-08-29,erc1155,16,115,115,230,626260,0.00036726,0.0367,-0.99963274,-99.9633
2025-08-29,erc1155,17,1893,1893,3786,522584,0.00724477,0.7245,-0.99275523,-99.2755
2025-08-29,erc1155,18,1893,222,2115,706912,0.00299189,0.2992,-0.99700811,-99.7008
2025-08-29,erc1155,19,850,850,1700,445200,0.00381851,0.3819,-0.99618149,-99.6181
2025-08-29,erc1155,20,3005,14752,17757,619080,0.02868288,2.8683,-0.97131712,-97.1317
2025-08-29,erc1155,22,1766,1804,3570,641539,0.00556474,0.5565,-0.99443526,-99.4435
2025-08-29,erc1155,23,2523,16686,19209,741286,0.02591308,2.5913,-0.97408692,-97.4087
2025-08-29,erc1155,24,14,14,28,32550,0.00086022,0.0860,-0.99913978,-99.9140
2025-08-29,erc1155,25,1669,1669,3338,1213275,0.00275123,0.2751,-0.99724877,-99.7249
2025-08-29,erc1155,27,1940,1940,3880,1435061,0.00270372,0.2704,-0.99729628,-99.7296
2025-08-29,erc1155,28,67,67,134,29400,0.00455782,0.4558,-0.99544218,-99.5442
2025-08-29,erc1155,29,218,331,549,1432200,0.00038333,0.0383,-0.99961667,-99.9617
2025-08-29,erc1155,3,991,988,1979,165356,0.01196812,1.1968,-0.98803188,-98.8032
2025-08-29,erc1155,4,305,318,623,238409,0.00261316,0.2613,-0.99738684,-99.7387
2025-08-29,erc1155,5,17,17,34,38010,0.00089450,0.0895,-0.99910550,-99.9105
2025-08-29,erc1155,6,254,274,528,445200,0.00118598,0.1186,-0.99881402,-99.8814
2025-08-29,erc1155,7,18,18,36,33663,0.00106942,0.1069,-0.99893058,-99.8931
2025-08-29,erc1155,8,42,42,84,26775,0.00313725,0.3137,-0.99686275,-99.6863
2025-08-29,erc1155,9,3181,2794,5975,308553,0.01936458,1.9365,-0.98063542,-98.0635
2025-08-30,erc1155,10,38,38,76,33075,0.00229781,0.2298,-0.99770219,-99.7702
2025-08-30,erc1155,11,341,341,682,692451,0.00098491,0.0985,-0.99901509,-99.9015
2025-08-30,erc1155,12,1177,1177,2354,444140,0.00530013,0.5300,-0.99469987,-99.4700
2025-08-30,erc1155,13,589,589,1178,648943,0.00181526,0.1815,-0.99818474,-99.8185
2025-08-30,erc1155,14,268,247,515,31500,0.01634921,1.6349,-0.98365079,-98.3651
2025-08-30,erc1155,16,2731,2731,5462,626260,0.00872162,0.8722,-0.99127838,-99.1278
2025-08-30,erc1155,17,247,247,494,522584,0.00094530,0.0945,-0.99905470,-99.9055
2025-08-30,erc1155,18,1839,1131,2970,706912,0.00420137,0.4201,-0.99579863,-99.5799
2025-08-30,erc1155,19,91,91,182,445200,0.00040881,0.0409,-0.99959119,-99.9591
2025-08-30,erc1155,20,755,19328,20083,619080,0.03244007,3.2440,-0.96755993,-96.7560
2025-08-30,erc1155,22,2989,9253,12242,641539,0.01908224,1.9082,-0.98091776,-98.0918
2025-08-30,erc1155,23,9666,3778,13444,741286,0.01813605,1.8136,-0.98186395,-98.1864
2025-08-30,erc1155,24,87,87,174,32550,0.00534562,0.5346,-0.99465438,-99.4654
2025-08-30,erc1155,25,5924,7810,13734,1213275,0.01131977,1.1320,-0.98868023,-98.8680
2025-08-30,erc1155,27,1346,1346,2692,1435061,0.00187588,0.1876,-0.99812412,-99.8124
2025-08-30,erc1155,28,26,26,52,29400,0.00176871,0.1769,-0.99823129,-99.8231
2025-08-30,erc1155,29,273,310,583,1432200,0.00040707,0.0407,-0.99959293,-99.9593
2025-08-30,erc1155,3,370,373,743,165356,0.00449334,0.4493,-0.99550666,-99.5507
2025-08-30,erc1155,4,475,5710,6185,238409,0.02594281,2.5943,-0.97405719,-97.4057
2025-08-30,erc1155,5,13,13,26,38010,0.00068403,0.0684,-0.99931597,-99.9316
2025-08-30,erc1155,6,1476,1536,3012,445200,0.00676550,0.6765,-0.99323450,-99.3235
2025-08-30,erc1155,7,29,29,58,33663,0.00172296,0.1723,-0.99827704,-99.8277
2025-08-30,erc1155,9,801,798,1599,308553,0.00518225,0.5182,-0.99481775,-99.4818
2025-08-31,erc1155,10,45,45,90,33075,0.00272109,0.2721,-0.99727891,-99.7279
2025-08-31,erc1155,11,537,537,1074,692451,0.00155101,0.1551,-0.99844899,-99.8449
2025-08-31,erc1155,12,1169,302,1471,444140,0.00331202,0.3312,-0.99668798,-99.6688
2025-08-31,erc1155,13,1386,1386,2772,648943,0.00427156,0.4272,-0.99572844,-99.5728
2025-08-31,erc1155,14,800,821,1621,31500,0.05146032,5.1460,-0.94853968,-94.8540
2025-08-31,erc1155,16,3240,3240,6480,626260,0.01034714,1.0347,-0.98965286,-98.9653
2025-08-31,erc1155,17,1719,592,2311,522584,0.00442226,0.4422,-0.99557774,-99.5578
2025-08-31,erc1155,18,6925,629,7554,706912,0.01068591,1.0686,-0.98931409,-98.9314
2025-08-31,erc1155,19,1679,1679,3358,445200,0.00754268,0.7543,-0.99245732,-99.2457
2025-08-31,erc1155,20,9914,4214,14128,619080,0.02282096,2.2821,-0.97717904,-97.7179
2025-08-31,erc1155,22,8115,2092,10207,641539,0.01591018,1.5910,-0.98408982,-98.4090
2025-08-31,erc1155,23,18336,18024,36360,741286,0.04904989,4.9050,-0.95095011,-95.0950
2025-08-31,erc1155,24,421,421,842,32550,0.02586790,2.5868,-0.97413210,-97.4132
2025-08-31,erc1155,25,44987,19252,64239,1213275,0.05294678,5.2947,-0.94705322,-94.7053
2025-08-31,erc1155,27,7959,7959,15918,1435061,0.01109221,1.1092,-0.98890779,-98.8908
2025-08-31,erc1155,28,1005,1005,2010,29400,0.06836735,6.8367,-0.93163265,-93.1633
2025-08-31,erc1155,29,6849,6849,13698,1432200,0.00956431,0.9564,-0.99043569,-99.0436
2025-08-31,erc1155,3,5070,1441,6511,165356,0.03937565,3.9376,-0.96062435,-96.0624
2025-08-31,erc1155,4,2728,815,3543,238409,0.01486102,1.4861,-0.98513898,-98.5139
2025-08-31,erc1155,5,16,16,32,38010,0.00084188,0.0842,-0.99915812,-99.9158
2025-08-31,erc1155,6,5918,5918,11836,445200,0.02658580,2.6586,-0.97341420,-97.3414
2025-08-31,erc1155,7,31,31,62,33663,0.00184178,0.1842,-0.99815822,-99.8158
2025-08-31,erc1155,8,8,8,16,26775,0.00059757,0.0598,-0.99940243,-99.9402
2025-08-31,erc1155,9,2175,326,2501,308553,0.00810558,0.8106,-0.99189442,-99.1894
2025-09-01,erc1155,10,213,213,426,33075,0.01287982,1.2880,-0.98712018,-98.7120
2025-09-01,erc1155,11,328,328,656,692451,0.00094736,0.0947,-0.99905264,-99.9053
2025-09-01,erc1155,12,3377,1321,4698,444140,0.01057775,1.0578,-0.98942225,-98.9422
2025-09-01,erc1155,13,611,611,1222,648943,0.00188306,0.1883,-0.99811694,-99.8117
2025-09-01,erc1155,14,74,74,148,31500,0.00469841,0.4698,-0.99530159,-99.5302
2025-09-01,erc1155,16,292,292,584,626260,0.00093252,0.0933,-0.99906748,-99.9067
2025-09-01,erc1155,17,1362,475,1837,522584,0.00351522,0.3515,-0.99648478,-99.6485
2025-09-01,erc1155,18,7359,3098,10457,706912,0.01479251,1.4793,-0.98520749,-98.5207
2025-09-01,erc1155,19,444,380,824,445200,0.00185085,0.1851,-0.99814915,-99.8149
2025-09-01,erc1155,20,4779,4494,9273,619080,0.01497868,1.4979,-0.98502132,-98.5021
2025-09-01,erc1155,22,6093,4647,10740,641539,0.01674099,1.6741,-0.98325901,-98.3259
2025-09-01,erc1155,23,4079,3932,8011,741286,0.01080690,1.0807,-0.98919310,-98.9193
2025-09-01,erc1155,24,29,28,57,32550,0.00175115,0.1751,-0.99824885,-99.8249
2025-09-01,erc1155,25,15142,25983,41125,1213275,0.03389586,3.3896,-0.96610414,-96.6104
2025-09-01,erc1155,27,4806,4806,9612,1435061,0.00669797,0.6698,-0.99330203,-99.3302
2025-09-01,erc1155,28,23,23,46,29400,0.00156463,0.1565,-0.99843537,-99.8435
2025-09-01,erc1155,29,2685,2685,5370,1432200,0.00374948,0.3749,-0.99625052,-99.6251
2025-09-01,erc1155,3,322,322,644,165356,0.00389463,0.3895,-0.99610537,-99.6105
2025-09-01,erc1155,4,2569,1251,3820,238409,0.01602289,1.6023,-0.98397711,-98.3977
2025-09-01,erc1155,5,255,255,510,38010,0.01341752,1.3418,-0.98658248,-98.6582
2025-09-01,erc1155,6,165,165,330,445200,0.00074124,0.0741,-0.99925876,-99.9259
2025-09-01,erc1155,7,178,178,356,33663,0.01057541,1.0575,-0.98942459,-98.9425
2025-09-01,erc1155,8,5,5,10,26775,0.00037348,0.0373,-0.99962652,-99.9627
2025-09-01,erc1155,9,466,449,915,308553,0.00296545,0.2965,-0.99703455,-99.7035
2025-09-02,erc1155,10,69,69,138,33075,0.00417234,0.4172,-0.99582766,-99.5828
2025-09-02,erc1155,11,59,59,118,692451,0.00017041,0.0170,-0.99982959,-99.9830
2025-09-02,erc1155,12,1836,2645,4481,444140,0.01008916,1.0089,-0.98991084,-98.9911
2025-09-02,erc1155,13,441,441,882,648943,0.00135913,0.1359,-0.99864087,-99.8641
2025-09-02,erc1155,14,206,206,412,31500,0.01307937,1.3079,-0.98692063,-98.6921
2025-09-02,erc1155,16,291,291,582,626260,0.00092933,0.0929,-0.99907067,-99.9071
2025-09-02,erc1155,17,2298,2232,4530,522584,0.00866846,0.8668,-0.99133154,-99.1332
2025-09-02,erc1155,18,2755,3694,6449,706912,0.00912278,0.9123,-0.99087722,-99.0877
2025-09-02,erc1155,19,1598,1662,3260,445200,0.00732255,0.7323,-0.99267745,-99.2677
2025-09-02,erc1155,20,4581,4846,9427,619080,0.01522743,1.5227,-0.98477257,-98.4773
2025-09-02,erc1155,22,3306,3405,6711,641539,0.01046078,1.0461,-0.98953922,-98.9539
2025-09-02,erc1155,23,5108,7668,12776,741286,0.01723491,1.7235,-0.98276509,-98.2765
2025-09-02,erc1155,24,2,3,5,32550,0.00015361,0.0154,-0.99984639,-99.9846
2025-09-02,erc1155,25,6038,7544,13582,1213275,0.01119449,1.1194,-0.98880551,-98.8806
2025-09-02,erc1155,27,1986,1986,3972,1435061,0.00276783,0.2768,-0.99723217,-99.7232
2025-09-02,erc1155,28,307,307,614,29400,0.02088435,2.0884,-0.97911565,-97.9116
2025-09-02,erc1155,29,1716,1716,3432,1432200,0.00239631,0.2396,-0.99760369,-99.7604
2025-09-02,erc1155,3,931,931,1862,165356,0.01126055,1.1261,-0.98873945,-98.8739
2025-09-02,erc1155,4,3167,1670,4837,238409,0.02028866,2.0289,-0.97971134,-97.9711
2025-09-02,erc1155,5,26,26,52,38010,0.00136806,0.1368,-0.99863194,-99.8632
2025-09-02,erc1155,6,3560,3560,7120,445200,0.01599281,1.5993,-0.98400719,-98.4007
2025-09-02,erc1155,7,37,37,74,33663,0.00219826,0.2198,-0.99780174,-99.7802
2025-09-02,erc1155,8,3,3,6,26775,0.00022409,0.0224,-0.99977591,-99.9776
2025-09-02,erc1155,9,748,765,1513,308553,0.00490353,0.4904,-0.99509647,-99.5096
2025-09-03,erc1155,10,6,6,12,33075,0.00036281,0.0363,-0.99963719,-99.9637
2025-09-03,erc1155,11,85,85,170,692451,0.00024550,0.0246,-0.99975450,-99.9754
2025-09-03,erc1155,12,1138,694,1832,444140,0.00412483,0.4125,-0.99587517,-99.5875
2025-09-03,erc1155,13,891,891,1782,648943,0.00274600,0.2746,-0.99725400,-99.7254
2025-09-03,erc1155,14,158,158,316,31500,0.01003175,1.0032,-0.98996825,-98.9968
2025-09-03,erc1155,16,674,674,1348,626260,0.00215246,0.2152,-0.99784754,-99.7848
2025-09-03,erc1155,17,648,1151,1799,522584,0.00344251,0.3443,-0.99655749,-99.6557
2025-09-03,erc1155,18,668,890,1558,706912,0.00220395,0.2204,-0.99779605,-99.7796
2025-09-03,erc1155,19,661,1240,1901,445200,0.00426999,0.4270,-0.99573001,-99.5730
2025-09-03,erc1155,20,2000,1780,3780,619080,0.00610583,0.6106,-0.99389417,-99.3894
2025-09-03,erc1155,22,2153,2178,4331,641539,0.00675095,0.6751,-0.99324905,-99.3249
2025-09-03,erc1155,23,2224,4284,6508,741286,0.00877934,0.8779,-0.99122066,-99.1221
2025-09-03,erc1155,24,8,8,16,32550,0.00049155,0.0492,-0.99950845,-99.9508
2025-09-03,erc1155,25,5061,5007,10068,1213275,0.00829820,0.8298,-0.99170180,-99.1702
2025-09-03,erc1155,27,3545,3545,7090,1435061,0.00494056,0.4941,-0.99505944,-99.5059
2025-09-03,erc1155,28,63,63,126,29400,0.00428571,0.4286,-0.99571429,-99.5714
2025-09-03,erc1155,29,5788,5788,11576,1432200,0.00808267,0.8083,-0.99191733,-99.1917
2025-09-03,erc1155,3,260,260,520,165356,0.00314473,0.3145,-0.99685527,-99.6855
2025-09-03,erc1155,4,787,1791,2578,238409,0.01081335,1.0813,-0.98918665,-98.9187
2025-09-03,erc1155,5,23,23,46,38010,0.00121021,0.1210,-0.99878979,-99.8790
2025-09-03,erc1155,6,1724,1894,3618,445200,0.00812668,0.8127,-0.99187332,-99.1873
2025-09-03,erc1155,7,23,23,46,33663,0.00136649,0.1366,-0.99863351,-99.8634
2025-09-03,erc1155,8,2,2,4,26775,0.00014939,0.0149,-0.99985061,-99.9851
2025-09-03,erc1155,9,433,278,711,308553,0.00230430,0.2304,-0.99769570,-99.7696
2025-09-04,erc1155,10,27,27,54,33075,0.00163265,0.1633,-0.99836735,-99.8367
2025-09-04,erc1155,11,405,405,810,692451,0.00116976,0.1170,-0.99883024,-99.8830
2025-09-04,erc1155,12,890,1334,2224,444140,0.00500743,0.5007,-0.99499257,-99.4993
2025-09-04,erc1155,13,226,226,452,648943,0.00069652,0.0697,-0.99930348,-99.9303
2025-09-04,erc1155,14,30,30,60,31500,0.00190476,0.1905,-0.99809524,-99.8095
2025-09-04,erc1155,16,197,197,394,626260,0.00062913,0.0629,-0.99937087,-99.9371
2025-09-04,erc1155,17,1036,589,1625,522584,0.00310955,0.3110,-0.99689045,-99.6890
2025-09-04,erc1155,18,13405,12422,25827,706912,0.03653496,3.6535,-0.96346504,-96.3465
2025-09-04,erc1155,19,417,418,835,445200,0.00187556,0.1876,-0.99812444,-99.8124
2025-09-04,erc1155,20,2242,4938,7180,619080,0.01159785,1.1598,-0.98840215,-98.8402
2025-09-04,erc1155,22,317,317,634,641539,0.00098825,0.0988,-0.99901175,-99.9012
2025-09-04,erc1155,23,1909,5542,7451,741286,0.01005145,1.0051,-0.98994855,-98.9949
2025-09-04,erc1155,24,15,15,30,32550,0.00092166,0.0922,-0.99907834,-99.9078
2025-09-04,erc1155,25,8649,9491,18140,1213275,0.01495127,1.4951,-0.98504873,-98.5049
2025-09-04,erc1155,27,3344,3344,6688,1435061,0.00466043,0.4660,-0.99533957,-99.5340
2025-09-04,erc1155,28,61,61,122,29400,0.00414966,0.4150,-0.99585034,-99.5850
2025-09-04,erc1155,29,2497,2497,4994,1432200,0.00348694,0.3487,-0.99651306,-99.6513
2025-09-04,erc1155,3,199,199,398,165356,0.00240693,0.2407,-0.99759307,-99.7593
2025-09-04,erc1155,4,1542,2928,4470,238409,0.01874929,1.8749,-0.98125071,-98.1251
2025-09-04,erc1155,5,33,33,66,38010,0.00173639,0.1736,-0.99826361,-99.8264
2025-09-04,erc1155,6,990,990,1980,445200,0.00444744,0.4447,-0.99555256,-99.5553
2025-09-04,erc1155,7,27,27,54,33663,0.00160414,0.1604,-0.99839586,-99.8396
2025-09-04,erc1155,8,10,10,20,26775,0.00074697,0.0747,-0.99925303,-99.9253
2025-09-04,erc1155,9,6000,4912,10912,308553,0.03536508,3.5365,-0.96463492,-96.4635
2025-09-05,erc1155,10,60,60,120,33075,0.00362812,0.3628,-0.99637188,-99.6372
2025-09-05,erc1155,11,169,169,338,692451,0.00048812,0.0488,-0.99951188,-99.9512
2025-09-05,erc1155,12,676,1485,2161,444140,0.00486558,0.4866,-0.99513442,-99.5134
2025-09-05,erc1155,13,314,314,628,648943,0.00096773,0.0968,-0.99903227,-99.9032
2025-09-05,erc1155,14,142,142,284,31500,0.00901587,0.9016,-0.99098413,-99.0984
2025-09-05,erc1155,16,264,264,528,626260,0.00084310,0.0843,-0.99915690,-99.9157
2025-09-05,erc1155,17,181,629,810,522584,0.00154999,0.1550,-0.99845001,-99.8450
2025-09-05,erc1155,18,4258,4165,8423,706912,0.01191520,1.1915,-0.98808480,-98.8085
2025-09-05,erc1155,19,553,553,1106,445200,0.00248428,0.2484,-0.99751572,-99.7516
2025-09-05,erc1155,20,865,3589,4454,619080,0.00719455,0.7195,-0.99280545,-99.2805
2025-09-05,erc1155,22,669,669,1338,641539,0.00208561,0.2086,-0.99791439,-99.7914
2025-09-05,erc1155,23,739,5049,5788,741286,0.00780805,0.7808,-0.99219195,-99.2192
2025-09-05,erc1155,24,33,33,66,32550,0.00202765,0.2028,-0.99797235,-99.7972
2025-09-05,erc1155,25,4353,4921,9274,1213275,0.00764377,0.7644,-0.99235623,-99.2356
2025-09-05,erc1155,27,2184,2184,4368,1435061,0.00304377,0.3044,-0.99695623,-99.6956
2025-09-05,erc1155,28,11,11,22,29400,0.00074830,0.0748,-0.99925170,-99.9252
2025-09-05,erc1155,29,1444,1444,2888,1432200,0.00201648,0.2016,-0.99798352,-99.7984
2025-09-05,erc1155,3,211,211,422,165356,0.00255207,0.2552,-0.99744793,-99.7448
2025-09-05,erc1155,4,426,2297,2723,238409,0.01142155,1.1422,-0.98857845,-98.8578
2025-09-05,erc1155,5,16,16,32,38010,0.00084188,0.0842,-0.99915812,-99.9158
2025-09-05,erc1155,6,2947,2947,5894,445200,0.01323899,1.3239,-0.98676101,-98.6761
2025-09-05,erc1155,7,18,18,36,33663,0.00106942,0.1069,-0.99893058,-99.8931
2025-09-05,erc1155,8,23,23,46,26775,0.00171802,0.1718,-0.99828198,-99.8282
2025-09-05,erc1155,9,612,612,1224,308553,0.00396690,0.3967,-0.99603310,-99.6033
2025-09-06,erc1155,10,3,3,6,33075,0.00018141,0.0181,-0.99981859,-99.9819
2025-09-06,erc1155,11,3922,3922,7844,692451,0.01132788,1.1328,-0.98867212,-98.8672
2025-09-06,erc1155,12,443,493,936,444140,0.00210744,0.2107,-0.99789256,-99.7893
2025-09-06,erc1155,13,695,695,1390,648943,0.00214194,0.2142,-0.99785806,-99.7858
2025-09-06,erc1155,14,9,9,18,31500,0.00057143,0.0571,-0.99942857,-99.9429
2025-09-06,erc1155,16,727,727,1454,626260,0.00232172,0.2322,-0.99767828,-99.7678
2025-09-06,erc1155,17,345,345,690,522584,0.00132036,0.1320,-0.99867964,-99.8680
2025-09-06,erc1155,18,5540,3505,9045,706912,0.01279509,1.2795,-0.98720491,-98.7205
2025-09-06,erc1155,19,1670,1670,3340,445200,0.00750225,0.7502,-0.99249775,-99.2498
2025-09-06,erc1155,20,1568,2088,3656,619080,0.00590554,0.5906,-0.99409446,-99.4094
2025-09-06,erc1155,22,1021,1021,2042,641539,0.00318297,0.3183,-0.99681703,-99.6817
2025-09-06,erc1155,23,1084,1839,2923,741286,0.00394315,0.3943,-0.99605685,-99.6057
2025-09-06,erc1155,24,21,21,42,32550,0.00129032,0.1290,-0.99870968,-99.8710
2025-09-06,erc1155,25,4370,5513,9883,1213275,0.00814572,0.8146,-0.99185428,-99.1854
2025-09-06,erc1155,27,8775,8775,17550,1435061,0.01222945,1.2229,-0.98777055,-98.7771
2025-09-06,erc1155,29,2783,2783,5566,1432200,0.00388633,0.3886,-0.99611367,-99.6114
2025-09-06,erc1155,3,1640,998,2638,165356,0.01595346,1.5953,-0.98404654,-98.4047
2025-09-06,erc1155,4,1222,424,1646,238409,0.00690410,0.6904,-0.99309590,-99.3096
2025-09-06,erc1155,6,818,818,1636,445200,0.00367475,0.3675,-0.99632525,-99.6325
2025-09-06,erc1155,7,9,9,18,33663,0.00053471,0.0535,-0.99946529,-99.9465
2025-09-06,erc1155,8,5,5,10,26775,0.00037348,0.0373,-0.99962652,-99.9627
2025-09-06,erc1155,9,152,152,304,308553,0.00098524,0.0985,-0.99901476,-99.9015
2025-09-07,erc1155,10,3,3,6,33075,0.00018141,0.0181,-0.99981859,-99.9819
2025-09-07,erc1155,11,231,231,462,692451,0.00066720,0.0667,-0.99933280,-99.9333
2025-09-07,erc1155,12,297,297,594,444140,0.00133742,0.1337,-0.99866258,-99.8663
2025-09-07,erc1155,13,17,17,34,648943,0.00005239,0.0052,-0.99994761,-99.9948
2025-09-07,erc1155,14,203,203,406,31500,0.01288889,1.2889,-0.98711111,-98.7111
2025-09-07,erc1155,16,212,212,424,626260,0.00067704,0.0677,-0.99932296,-99.9323
2025-09-07,erc1155,17,1335,2067,3402,522584,0.00650996,0.6510,-0.99349004,-99.3490
2025-09-07,erc1155,18,2848,2315,5163,706912,0.00730360,0.7304,-0.99269640,-99.2696
2025-09-07,erc1155,19,48,48,96,445200,0.00021563,0.0216,-0.99978437,-99.9784
2025-09-07,erc1155,20,462,458,920,619080,0.00148608,0.1486,-0.99851392,-99.8514
2025-09-07,erc1155,22,369,369,738,641539,0.00115036,0.1150,-0.99884964,-99.8850
2025-09-07,erc1155,23,3957,5118,9075,741286,0.01224224,1.2242,-0.98775776,-98.7758
2025-09-07,erc1155,24,27,27,54,32550,0.00165899,0.1659,-0.99834101,-99.8341
2025-09-07,erc1155,25,16071,9655,25726,1213275,0.02120377,2.1204,-0.97879623,-97.8796
2025-09-07,erc1155,27,4435,4435,8870,1435061,0.00618092,0.6181,-0.99381908,-99.3819
2025-09-07,erc1155,28,10,10,20,29400,0.00068027,0.0680,-0.99931973,-99.9320
2025-09-07,erc1155,29,222,222,444,1432200,0.00031001,0.0310,-0.99968999,-99.9690
2025-09-07,erc1155,3,434,1443,1877,165356,0.01135127,1.1351,-0.98864873,-98.8649
2025-09-07,erc1155,4,747,2246,2993,238409,0.01255406,1.2554,-0.98744594,-98.7446
2025-09-07,erc1155,5,10,10,20,38010,0.00052618,0.0526,-0.99947382,-99.9474
2025-09-07,erc1155,6,907,907,1814,445200,0.00407457,0.4075,-0.99592543,-99.5925
2025-09-07,erc1155,7,16,16,32,33663,0.00095060,0.0951,-0.99904940,-99.9049
2025-09-07,erc1155,9,1957,379,2336,308553,0.00757082,0.7571,-0.99242918,-99.2429
2025-09-08,erc1155,10,220,52,272,33075,0.00822373,0.8224,-0.99177627,-99.1776
2025-09-08,erc1155,11,30,30,60,692451,0.00008665,0.0087,-0.99991335,-99.9913
2025-09-08,erc1155,12,571,934,1505,444140,0.00338857,0.3389,-0.99661143,-99.6611
2025-09-08,erc1155,13,182,182,364,648943,0.00056091,0.0561,-0.99943909,-99.9439
2025-09-08,erc1155,14,63,63,126,31500,0.00400000,0.4000,-0.99600000,-99.6000
2025-09-08,erc1155,16,61,61,122,626260,0.00019481,0.0195,-0.99980519,-99.9805
2025-09-08,erc1155,17,1030,1799,2829,522584,0.00541348,0.5413,-0.99458652,-99.4587
2025-09-08,erc1155,18,3747,8143,11890,706912,0.01681963,1.6820,-0.98318037,-98.3180
2025-09-08,erc1155,19,120,120,240,445200,0.00053908,0.0539,-0.99946092,-99.9461
2025-09-08,erc1155,20,611,615,1226,619080,0.00198036,0.1980,-0.99801964,-99.8020
2025-09-08,erc1155,22,1282,953,2235,641539,0.00348381,0.3484,-0.99651619,-99.6516
2025-09-08,erc1155,23,599,463,1062,741286,0.00143265,0.1433,-0.99856735,-99.8567
2025-09-08,erc1155,24,564,564,1128,32550,0.03465438,3.4654,-0.96534562,-96.5346
2025-09-08,erc1155,25,5138,4693,9831,1213275,0.00810286,0.8103,-0.99189714,-99.1897
2025-09-08,erc1155,27,5837,5837,11674,1435061,0.00813485,0.8135,-0.99186515,-99.1865
2025-09-08,erc1155,28,140,140,280,29400,0.00952381,0.9524,-0.99047619,-99.0476
2025-09-08,erc1155,29,584,584,1168,1432200,0.00081553,0.0816,-0.99918447,-99.9184
2025-09-08,erc1155,3,1465,1333,2798,165356,0.01692107,1.6921,-0.98307893,-98.3079
2025-09-08,erc1155,4,412,201,613,238409,0.00257121,0.2571,-0.99742879,-99.7429
2025-09-08,erc1155,5,77,77,154,38010,0.00405157,0.4052,-0.99594843,-99.5948
2025-09-08,erc1155,6,1218,1218,2436,445200,0.00547170,0.5472,-0.99452830,-99.4528
2025-09-08,erc1155,7,69,38,107,33663,0.00317856,0.3179,-0.99682144,-99.6821
2025-09-08,erc1155,8,8,8,16,26775,0.00059757,0.0598,-0.99940243,-99.9402
2025-09-08,erc1155,9,1193,2712,3905,308553,0.01265585,1.2656,-0.98734415,-98.7344
2025-09-09,erc1155,10,61,229,290,33075,0.00876795,0.8768,-0.99123205,-99.1232
2025-09-09,erc1155,11,96,96,192,692451,0.00027728,0.0277,-0.99972272,-99.9723
2025-09-09,erc1155,12,1393,440,1833,444140,0.00412708,0.4127,-0.99587292,-99.5873
2025-09-09,erc1155,13,19833,10261,30094,648943,0.04637387,4.6374,-0.95362613,-95.3626
2025-09-09,erc1155,14,2,2,4,31500,0.00012698,0.0127,-0.99987302,-99.9873
2025-09-09,erc1155,16,2702,2702,5404,626260,0.00862900,0.8629,-0.99137100,-99.1371
2025-09-09,erc1155,17,2301,2320,4621,522584,0.00884260,0.8843,-0.99115740,-99.1157
2025-09-09,erc1155,18,11572,10942,22514,706912,0.03184838,3.1848,-0.96815162,-96.8152
2025-09-09,erc1155,19,328,1302,1630,445200,0.00366128,0.3661,-0.99633872,-99.6339
2025-09-09,erc1155,20,2557,1929,4486,619080,0.00724624,0.7246,-0.99275376,-99.2754
2025-09-09,erc1155,22,642,642,1284,641539,0.00200144,0.2001,-0.99799856,-99.7999
2025-09-09,erc1155,23,3212,2712,5924,741286,0.00799152,0.7992,-0.99200848,-99.2008
2025-09-09,erc1155,24,55,55,110,32550,0.00337942,0.3379,-0.99662058,-99.6621
2025-09-09,erc1155,25,17516,11137,28653,1213275,0.02361625,2.3616,-0.97638375,-97.6384
2025-09-09,erc1155,27,10007,9607,19614,1435061,0.01366771,1.3668,-0.98633229,-98.6332
2025-09-09,erc1155,28,1355,674,2029,29400,0.06901361,6.9014,-0.93098639,-93.0986
2025-09-09,erc1155,29,1127,1127,2254,1432200,0.00157380,0.1574,-0.99842620,-99.8426
2025-09-09,erc1155,3,1241,797,2038,165356,0.01232492,1.2325,-0.98767508,-98.7675
2025-09-09,erc1155,4,6493,767,7260,238409,0.03045187,3.0452,-0.96954813,-96.9548
2025-09-09,erc1155,5,20,20,40,38010,0.00105235,0.1052,-0.99894765,-99.8948
2025-09-09,erc1155,6,2178,1212,3390,445200,0.00761456,0.7615,-0.99238544,-99.2385
2025-09-09,erc1155,7,171,202,373,33663,0.01108041,1.1080,-0.98891959,-98.8920
2025-09-09,erc1155,8,21,21,42,26775,0.00156863,0.1569,-0.99843137,-99.8431
2025-09-09,erc1155,9,611,257,868,308553,0.00281313,0.2813,-0.99718687,-99.7187
2025-09-10,erc1155,10,610,610,1220,33075,0.03688587,3.6886,-0.96311413,-96.3114
2025-09-10,erc1155,11,77,77,154,692451,0.00022240,0.0222,-0.99977760,-99.9778
2025-09-10,erc1155,12,5134,728,5862,444140,0.01319854,1.3199,-0.98680146,-98.6801
2025-09-10,erc1155,13,12084,21656,33740,648943,0.05199224,5.1992,-0.94800776,-94.8008
2025-09-10,erc1155,14,17,17,34,31500,0.00107937,0.1079,-0.99892063,-99.8921
2025-09-10,erc1155,16,5895,5895,11790,626260,0.01882605,1.8826,-0.98117395,-98.1174
2025-09-10,erc1155,17,4268,1601,5869,522584,0.01123073,1.1231,-0.98876927,-98.8769
2025-09-10,erc1155,18,4158,1737,5895,706912,0.00833909,0.8339,-0.99166091,-99.1661
2025-09-10,erc1155,19,4292,1664,5956,445200,0.01337826,1.3378,-0.98662174,-98.6622
2025-09-10,erc1155,20,7445,1134,8579,619080,0.01385766,1.3858,-0.98614234,-98.6142
2025-09-10,erc1155,22,10753,3037,13790,641539,0.02149519,2.1495,-0.97850481,-97.8505
2025-09-10,erc1155,23,10902,1555,12457,741286,0.01680458,1.6805,-0.98319542,-98.3195
2025-09-10,erc1155,24,75,75,150,32550,0.00460829,0.4608,-0.99539171,-99.5392
2025-09-10,erc1155,25,46736,21840,68576,1213275,0.05652140,5.6521,-0.94347860,-94.3479
2025-09-10,erc1155,27,114030,86790,200820,1435061,0.13993830,13.9938,-0.86006170,-86.0062
2025-09-10,erc1155,28,2097,2778,4875,29400,0.16581633,16.5816,-0.83418367,-83.4184
2025-09-10,erc1155,29,7065,7065,14130,1432200,0.00986594,0.9866,-0.99013406,-99.0134
2025-09-10,erc1155,3,1973,576,2549,165356,0.01541523,1.5415,-0.98458477,-98.4585
2025-09-10,erc1155,4,4902,2745,7647,238409,0.03207513,3.2075,-0.96792487,-96.7925
2025-09-10,erc1155,5,39,34,73,38010,0.00192055,0.1921,-0.99807945,-99.8079
2025-09-10,erc1155,6,5536,4202,9738,445200,0.02187332,2.1873,-0.97812668,-97.8127
2025-09-10,erc1155,7,197,197,394,33663,0.01170425,1.1704,-0.98829575,-98.8296
2025-09-10,erc1155,8,13,13,26,26775,0.00097106,0.0971,-0.99902894,-99.9029
2025-09-10,erc1155,9,2539,1129,3668,308553,0.01188775,1.1888,-0.98811225,-98.8112
2025-09-11,erc1155,10,48,48,96,33075,0.00290249,0.2902,-0.99709751,-99.7098
2025-09-11,erc1155,11,65,65,130,692451,0.00018774,0.0188,-0.99981226,-99.9812
2025-09-11,erc1155,12,2628,747,3375,444140,0.00759896,0.7599,-0.99240104,-99.2401
2025-09-11,erc1155,13,659,659,1318,648943,0.00203100,0.2031,-0.99796900,-99.7969
2025-09-11,erc1155,14,16,16,32,31500,0.00101587,0.1016,-0.99898413,-99.8984
2025-09-11,erc1155,16,103,103,206,626260,0.00032894,0.0329,-0.99967106,-99.9671
2025-09-11,erc1155,17,3211,722,3933,522584,0.00752606,0.7526,-0.99247394,-99.2474
2025-09-11,erc1155,18,1583,775,2358,706912,0.00333563,0.3336,-0.99666437,-99.6664
2025-09-11,erc1155,19,633,939,1572,445200,0.00353100,0.3531,-0.99646900,-99.6469
2025-09-11,erc1155,20,4500,1637,6137,619080,0.00991310,0.9913,-0.99008690,-99.0087
2025-09-11,erc1155,22,1174,1134,2308,641539,0.00359760,0.3598,-0.99640240,-99.6402
2025-09-11,erc1155,23,2658,591,3249,741286,0.00438292,0.4383,-0.99561708,-99.5617
2025-09-11,erc1155,24,31,31,62,32550,0.00190476,0.1905,-0.99809524,-99.8095
2025-09-11,erc1155,25,14729,6947,21676,1213275,0.01786569,1.7866,-0.98213431,-98.2134
2025-09-11,erc1155,27,8860,22767,31627,1435061,0.02203878,2.2039,-0.97796122,-97.7961
2025-09-11,erc1155,28,103,103,206,29400,0.00700680,0.7007,-0.99299320,-99.2993
2025-09-11,erc1155,29,287,287,574,1432200,0.00040078,0.0401,-0.99959922,-99.9599
2025-09-11,erc1155,3,1183,1215,2398,165356,0.01450204,1.4502,-0.98549796,-98.5498
2025-09-11,erc1155,4,1277,200,1477,238409,0.00619524,0.6195,-0.99380476,-99.3805
2025-09-11,erc1155,5,35,40,75,38010,0.00197316,0.1973,-0.99802684,-99.8027
2025-09-11,erc1155,6,292,292,584,445200,0.00131177,0.1312,-0.99868823,-99.8688
2025-09-11,erc1155,7,6,6,12,33663,0.00035647,0.0356,-0.99964353,-99.9644
2025-09-11,erc1155,8,14,14,28,26775,0.00104575,0.1046,-0.99895425,-99.8954
2025-09-11,erc1155,9,2274,1003,3277,308553,0.01062054,1.0621,-0.98937946,-98.9379
2025-09-12,erc1155,10,565,565,1130,33075,0.03416478,3.4165,-0.96583522,-96.5835
2025-09-12,erc1155,11,302,302,604,692451,0.00087226,0.0872,-0.99912774,-99.9128
2025-09-12,erc1155,12,810,1428,2238,444140,0.00503895,0.5039,-0.99496105,-99.4961
2025-09-12,erc1155,13,844,844,1688,648943,0.00260115,0.2601,-0.99739885,-99.7399
2025-09-12,erc1155,14,188,187,375,31500,0.01190476,1.1905,-0.98809524,-98.8095
2025-09-12,erc1155,16,317,317,634,626260,0.00101236,0.1012,-0.99898764,-99.8988
2025-09-12,erc1155,17,1165,110,1275,522584,0.00243980,0.2440,-0.99756020,-99.7560
2025-09-12,erc1155,18,2012,344,2356,706912,0.00333281,0.3333,-0.99666719,-99.6667
2025-09-12,erc1155,19,1034,1197,2231,445200,0.00501123,0.5011,-0.99498877,-99.4989
2025-09-12,erc1155,20,362,1510,1872,619080,0.00302384,0.3024,-0.99697616,-99.6976
2025-09-12,erc1155,22,3364,3699,7063,641539,0.01100946,1.1009,-0.98899054,-98.8991
2025-09-12,erc1155,23,1756,634,2390,741286,0.00322413,0.3224,-0.99677587,-99.6776
2025-09-12,erc1155,24,69,69,138,32550,0.00423963,0.4240,-0.99576037,-99.5760
2025-09-12,erc1155,25,9993,11033,21026,1213275,0.01732995,1.7330,-0.98267005,-98.2670
2025-09-12,erc1155,27,4934,18667,23601,1435061,0.01644599,1.6446,-0.98355401,-98.3554
2025-09-12,erc1155,28,37,37,74,29400,0.00251701,0.2517,-0.99748299,-99.7483
2025-09-12,erc1155,29,930,930,1860,1432200,0.00129870,0.1299,-0.99870130,-99.8701
2025-09-12,erc1155,3,96,57,153,165356,0.00092528,0.0925,-0.99907472,-99.9075
2025-09-12,erc1155,4,826,369,1195,238409,0.00501239,0.5012,-0.99498761,-99.4988
2025-09-12,erc1155,5,33,33,66,38010,0.00173639,0.1736,-0.99826361,-99.8264
2025-09-12,erc1155,6,1237,937,2174,445200,0.00488320,0.4883,-0.99511680,-99.5117
2025-09-12,erc1155,7,54,54,108,33663,0.00320827,0.3208,-0.99679173,-99.6792
2025-09-12,erc1155,8,26,26,52,26775,0.00194211,0.1942,-0.99805789,-99.8058
2025-09-12,erc1155,9,262,780,1042,308553,0.00337705,0.3377,-0.99662295,-99.6623
2025-09-13,erc1155,10,4,4,8,33075,0.00024187,0.0242,-0.99975813,-99.9758
2025-09-13,erc1155,11,71,71,142,692451,0.00020507,0.0205,-0.99979493,-99.9795
2025-09-13,erc1155,12,429,7051,7480,444140,0.01684154,1.6842,-0.98315846,-98.3158
2025-09-13,erc1155,13,96,96,192,648943,0.00029587,0.0296,-0.99970413,-99.9704
2025-09-13,erc1155,14,0,1,1,31500,0.00003175,0.0032,-0.99996825,-99.9968
2025-09-13,erc1155,16,45,45,90,626260,0.00014371,0.0144,-0.99985629,-99.9856
2025-09-13,erc1155,17,492,1387,1879,522584,0.00359559,0.3596,-0.99640441,-99.6404
2025-09-13,erc1155,18,1035,718,1753,706912,0.00247980,0.2480,-0.99752020,-99.7520
2025-09-13,erc1155,19,125,352,477,445200,0.00107143,0.1071,-0.99892857,-99.8929
2025-09-13,erc1155,20,613,8176,8789,619080,0.01419687,1.4197,-0.98580313,-98.5803
2025-09-13,erc1155,22,547,1145,1692,641539,0.00263741,0.2637,-0.99736259,-99.7363
2025-09-13,erc1155,23,2064,1718,3782,741286,0.00510194,0.5102,-0.99489806,-99.4898
2025-09-13,erc1155,24,10,10,20,32550,0.00061444,0.0614,-0.99938556,-99.9386
2025-09-13,erc1155,25,20278,9205,29483,1213275,0.02430034,2.4300,-0.97569966,-97.5700
2025-09-13,erc1155,27,2901,2901,5802,1435061,0.00404303,0.4043,-0.99595697,-99.5957
2025-09-13,erc1155,28,195,181,376,29400,0.01278912,1.2789,-0.98721088,-98.7211
2025-09-13,erc1155,29,412,412,824,1432200,0.00057534,0.0575,-0.99942466,-99.9425
2025-09-13,erc1155,3,598,634,1232,165356,0.00745059,0.7451,-0.99254941,-99.2549
2025-09-13,erc1155,4,301,1188,1489,238409,0.00624557,0.6246,-0.99375443,-99.3754
2025-09-13,erc1155,5,37,37,74,38010,0.00194686,0.1947,-0.99805314,-99.8053
2025-09-13,erc1155,6,364,664,1028,445200,0.00230907,0.2309,-0.99769093,-99.7691
2025-09-13,erc1155,7,39,39,78,33663,0.00231708,0.2317,-0.99768292,-99.7683
2025-09-13,erc1155,8,1,1,2,26775,0.00007470,0.0075,-0.99992530,-99.9925
2025-09-13,erc1155,9,397,1350,1747,308553,0.00566191,0.5662,-0.99433809,-99.4338
2025-09-14,erc1155,10,12,12,24,33075,0.00072562,0.0726,-0.99927438,-99.9274
2025-09-14,erc1155,11,3,3,6,692451,0.00000866,0.0009,-0.99999134,-99.9991
2025-09-14,erc1155,12,258,151,409,444140,0.00092088,0.0921,-0.99907912,-99.9079
2025-09-14,erc1155,13,1057,987,2044,648943,0.00314974,0.3150,-0.99685026,-99.6850
2025-09-14,erc1155,16,195,195,390,626260,0.00062274,0.0623,-0.99937726,-99.9377
2025-09-14,erc1155,17,492,1160,1652,522584,0.00316121,0.3161,-0.99683879,-99.6839
2025-09-14,erc1155,18,933,3681,4614,706912,0.00652698,0.6527,-0.99347302,-99.3473
2025-09-14,erc1155,19,122,122,244,445200,0.00054807,0.0548,-0.99945193,-99.9452
2025-09-14,erc1155,20,407,382,789,619080,0.00127447,0.1274,-0.99872553,-99.8726
2025-09-14,erc1155,22,2167,3233,5400,641539,0.00841726,0.8417,-0.99158274,-99.1583
2025-09-14,erc1155,23,746,1505,2251,741286,0.00303661,0.3037,-0.99696339,-99.6963
2025-09-14,erc1155,25,5780,8741,14521,1213275,0.01196843,1.1968,-0.98803157,-98.8032
2025-09-14,erc1155,27,3566,3566,7132,1435061,0.00496982,0.4970,-0.99503018,-99.5030
2025-09-14,erc1155,28,47,61,108,29400,0.00367347,0.3673,-0.99632653,-99.6327
2025-09-14,erc1155,29,291,291,582,1432200,0.00040637,0.0406,-0.99959363,-99.9594
2025-09-14,erc1155,3,87,93,180,165356,0.00108856,0.1089,-0.99891144,-99.8911
2025-09-14,erc1155,4,74,1374,1448,238409,0.00607360,0.6074,-0.99392640,-99.3926
2025-09-14,erc1155,5,23,23,46,38010,0.00121021,0.1210,-0.99878979,-99.8790
2025-09-14,erc1155,6,599,599,1198,445200,0.00269093,0.2691,-0.99730907,-99.7309
2025-09-14,erc1155,7,35,35,70,33663,0.00207943,0.2079,-0.99792057,-99.7921
2025-09-14,erc1155,8,3,3,6,26775,0.00022409,0.0224,-0.99977591,-99.9776
2025-09-14,erc1155,9,459,72,531,308553,0.00172094,0.1721,-0.99827906,-99.8279
2025-09-15,erc1155,10,27,27,54,33075,0.00163265,0.1633,-0.99836735,-99.8367
2025-09-15,erc1155,11,898,898,1796,692451,0.00259369,0.2594,-0.99740631,-99.7406
2025-09-15,erc1155,12,387,675,1062,444140,0.00239114,0.2391,-0.99760886,-99.7609
2025-09-15,erc1155,13,208,278,486,648943,0.00074891,0.0749,-0.99925109,-99.9251
2025-09-15,erc1155,14,28,28,56,31500,0.00177778,0.1778,-0.99822222,-99.8222
2025-09-15,erc1155,16,926,926,1852,626260,0.00295724,0.2957,-0.99704276,-99.7043
2025-09-15,erc1155,17,863,228,1091,522584,0.00208770,0.2088,-0.99791230,-99.7912
2025-09-15,erc1155,18,2321,1546,3867,706912,0.00547027,0.5470,-0.99452973,-99.4530
2025-09-15,erc1155,19,596,510,1106,445200,0.00248428,0.2484,-0.99751572,-99.7516
2025-09-15,erc1155,20,178,1291,1469,619080,0.00237288,0.2373,-0.99762712,-99.7627
2025-09-15,erc1155,22,1895,14558,16453,641539,0.02564614,2.5646,-0.97435386,-97.4354
2025-09-15,erc1155,23,3304,841,4145,741286,0.00559163,0.5592,-0.99440837,-99.4408
2025-09-15,erc1155,24,17,17,34,32550,0.00104455,0.1045,-0.99895545,-99.8955
2025-09-15,erc1155,25,18690,13588,32278,1213275,0.02660403,2.6604,-0.97339597,-97.3396
2025-09-15,erc1155,27,1480,1480,2960,1435061,0.00206263,0.2063,-0.99793737,-99.7937
2025-09-15,erc1155,28,5,5,10,29400,0.00034014,0.0340,-0.99965986,-99.9660
2025-09-15,erc1155,29,1018,1018,2036,1432200,0.00142159,0.1422,-0.99857841,-99.8578
2025-09-15,erc1155,3,112,2061,2173,165356,0.01314134,1.3141,-0.98685866,-98.6859
2025-09-15,erc1155,4,119,1311,1430,238409,0.00599810,0.5998,-0.99400190,-99.4002
2025-09-15,erc1155,5,10,10,20,38010,0.00052618,0.0526,-0.99947382,-99.9474
2025-09-15,erc1155,6,2945,2945,5890,445200,0.01323001,1.3230,-0.98676999,-98.6770
2025-09-15,erc1155,7,12,12,24,33663,0.00071295,0.0713,-0.99928705,-99.9287
2025-09-15,erc1155,8,7,7,14,26775,0.00052288,0.0523,-0.99947712,-99.9477
2025-09-15,erc1155,9,480,1555,2035,308553,0.00659530,0.6595,-0.99340470,-99.3405
2025-09-16,erc1155,10,481,481,962,33075,0.02908541,2.9085,-0.97091459,-97.0915
2025-09-16,erc1155,11,1359,1359,2718,692451,0.00392519,0.3925,-0.99607481,-99.6075
2025-09-16,erc1155,12,1062,1510,2572,444140,0.00579097,0.5791,-0.99420903,-99.4209
2025-09-16,erc1155,13,1191,1191,2382,648943,0.00367058,0.3671,-0.99632942,-99.6329
2025-09-16,erc1155,16,426,426,852,626260,0.00136046,0.1360,-0.99863954,-99.8640
2025-09-16,erc1155,17,982,2378,3360,522584,0.00642959,0.6430,-0.99357041,-99.3570
2025-09-16,erc1155,18,985,8323,9308,706912,0.01316713,1.3167,-0.98683287,-98.6833
2025-09-16,erc1155,19,78,2664,2742,445200,0.00615903,0.6159,-0.99384097,-99.3841
2025-09-16,erc1155,20,757,760,1517,619080,0.00245041,0.2450,-0.99754959,-99.7550
2025-09-16,erc1155,22,4500,4763,9263,641539,0.01443872,1.4439,-0.98556128,-98.5561
2025-09-16,erc1155,23,1924,2339,4263,741286,0.00575082,0.5751,-0.99424918,-99.4249
2025-09-16,erc1155,24,43,43,86,32550,0.00264209,0.2642,-0.99735791,-99.7358
2025-09-16,erc1155,25,21657,13040,34697,1213275,0.02859780,2.8598,-0.97140220,-97.1402
2025-09-16,erc1155,27,3045,3045,6090,1435061,0.00424372,0.4244,-0.99575628,-99.5756
2025-09-16,erc1155,29,4218,4218,8436,1432200,0.00589024,0.5890,-0.99410976,-99.4110
2025-09-16,erc1155,3,41,41,82,165356,0.00049590,0.0496,-0.99950410,-99.9504
2025-09-16,erc1155,4,383,600,983,238409,0.00412317,0.4123,-0.99587683,-99.5877
2025-09-16,erc1155,5,11,11,22,38010,0.00057880,0.0579,-0.99942120,-99.9421
2025-09-16,erc1155,6,1052,1052,2104,445200,0.00472597,0.4726,-0.99527403,-99.5274
2025-09-16,erc1155,7,432,81,513,33663,0.01523928,1.5239,-0.98476072,-98.4761
2025-09-16,erc1155,8,1,1,2,26775,0.00007470,0.0075,-0.99992530,-99.9925
2025-09-16,erc1155,9,1675,977,2652,308553,0.00859496,0.8595,-0.99140504,-99.1405
2025-09-17,erc1155,10,200,200,400,33075,0.01209373,1.2094,-0.98790627,-98.7906
2025-09-17,erc1155,11,2079,2079,4158,692451,0.00600476,0.6005,-0.99399524,-99.3995
2025-09-17,erc1155,12,3301,42194,45495,444140,0.10243392,10.2434,-0.89756608,-89.7566
2025-09-17,erc1155,13,4457,4455,8912,648943,0.01373310,1.3733,-0.98626690,-98.6267
2025-09-17,erc1155,14,166,166,332,31500,0.01053968,1.0540,-0.98946032,-98.9460
2025-09-17,erc1155,16,4024,4024,8048,626260,0.01285089,1.2851,-0.98714911,-98.7149
2025-09-17,erc1155,17,711,2000,2711,522584,0.00518768,0.5188,-0.99481232,-99.4812
2025-09-17,erc1155,18,2055,1567,3622,706912,0.00512369,0.5124,-0.99487631,-99.4876
2025-09-17,erc1155,19,3262,3262,6524,445200,0.01465409,1.4654,-0.98534591,-98.5346
2025-09-17,erc1155,20,4525,2011,6536,619080,0.01055760,1.0558,-0.98944240,-98.9442
2025-09-17,erc1155,22,6457,4923,11380,641539,0.01773859,1.7739,-0.98226141,-98.2261
2025-09-17,erc1155,23,9744,5063,14807,741286,0.01997475,1.9975,-0.98002525,-98.0025
2025-09-17,erc1155,24,198,198,396,32550,0.01216590,1.2166,-0.98783410,-98.7834
2025-09-17,erc1155,25,48096,52287,100383,1213275,0.08273722,8.2737,-0.91726278,-91.7263
2025-09-17,erc1155,27,41092,36890,77982,1435061,0.05434055,5.4341,-0.94565945,-94.5659
2025-09-17,erc1155,28,317,317,634,29400,0.02156463,2.1565,-0.97843537,-97.8435
2025-09-17,erc1155,29,69253,64233,133486,1432200,0.09320346,9.3203,-0.90679654,-90.6797
2025-09-17,erc1155,3,170,170,340,165356,0.00205617,0.2056,-0.99794383,-99.7944
2025-09-17,erc1155,4,1141,3425,4566,238409,0.01915196,1.9152,-0.98084804,-98.0848
2025-09-17,erc1155,5,13,13,26,38010,0.00068403,0.0684,-0.99931597,-99.9316
2025-09-17,erc1155,6,712,3782,4494,445200,0.01009434,1.0094,-0.98990566,-98.9906
2025-09-17,erc1155,7,59,410,469,33663,0.01393221,1.3932,-0.98606779,-98.6068
2025-09-17,erc1155,8,83,83,166,26775,0.00619981,0.6200,-0.99380019,-99.3800
2025-09-17,erc1155,9,298,1242,1540,308553,0.00499104,0.4991,-0.99500896,-99.5009
2025-09-18,erc1155,10,353,353,706,33075,0.02134543,2.1345,-0.97865457,-97.8655
2025-09-18,erc1155,11,756,756,1512,692451,0.00218355,0.2184,-0.99781645,-99.7816
2025-09-18,erc1155,12,1379,1379,2758,444140,0.00620975,0.6210,-0.99379025,-99.3790
2025-09-18,erc1155,13,3001,3003,6004,648943,0.00925197,0.9252,-0.99074803,-99.0748
2025-09-18,erc1155,14,58,58,116,31500,0.00368254,0.3683,-0.99631746,-99.6317
2025-09-18,erc1155,16,2471,2471,4942,626260,0.00789129,0.7891,-0.99210871,-99.2109
2025-09-18,erc1155,17,1463,4149,5612,522584,0.01073894,1.0739,-0.98926106,-98.9261
2025-09-18,erc1155,18,6419,8363,14782,706912,0.02091066,2.0911,-0.97908934,-97.9089
2025-09-18,erc1155,19,1946,1946,3892,445200,0.00874214,0.8742,-0.99125786,-99.1258
2025-09-18,erc1155,20,3002,3533,6535,619080,0.01055599,1.0556,-0.98944401,-98.9444
2025-09-18,erc1155,22,4953,8650,13603,641539,0.02120370,2.1204,-0.97879630,-97.8796
2025-09-18,erc1155,23,1727,13546,15273,741286,0.02060338,2.0603,-0.97939662,-97.9397
2025-09-18,erc1155,24,237,237,474,32550,0.01456221,1.4562,-0.98543779,-98.5438
2025-09-18,erc1155,25,22114,24421,46535,1213275,0.03835487,3.8355,-0.96164513,-96.1645
2025-09-18,erc1155,27,40344,19144,59488,1435061,0.04145329,4.1453,-0.95854671,-95.8547
2025-09-18,erc1155,28,325,325,650,29400,0.02210884,2.2109,-0.97789116,-97.7891
2025-09-18,erc1155,29,19479,24469,43948,1432200,0.03068566,3.0686,-0.96931434,-96.9314
2025-09-18,erc1155,3,194,194,388,165356,0.00234645,0.2346,-0.99765355,-99.7654
2025-09-18,erc1155,4,9092,8543,17635,238409,0.07396952,7.3970,-0.92603048,-92.6030
2025-09-18,erc1155,5,73,71,144,38010,0.00378848,0.3788,-0.99621152,-99.6212
2025-09-18,erc1155,6,309,309,618,445200,0.00138814,0.1388,-0.99861186,-99.8612
2025-09-18,erc1155,7,114,114,228,33663,0.00677301,0.6773,-0.99322699,-99.3227
2025-09-18,erc1155,8,46,46,92,26775,0.00343604,0.3436,-0.99656396,-99.6564
2025-09-18,erc1155,9,7052,2783,9835,308553,0.03187459,3.1875,-0.96812541,-96.8125
2025-09-19,erc1155,10,290,290,580,33075,0.01753590,1.7536,-0.98246410,-98.2464
2025-09-19,erc1155,11,912,912,1824,692451,0.00263412,0.2634,-0.99736588,-99.7366
2025-09-19,erc1155,12,323,323,646,444140,0.00145450,0.1454,-0.99854550,-99.8546
2025-09-19,erc1155,13,672,672,1344,648943,0.00207106,0.2071,-0.99792894,-99.7929
2025-09-19,erc1155,14,45,45,90,31500,0.00285714,0.2857,-0.99714286,-99.7143
2025-09-19,erc1155,16,256,256,512,626260,0.00081755,0.0818,-0.99918245,-99.9182
2025-09-19,erc1155,17,1499,429,1928,522584,0.00368936,0.3689,-0.99631064,-99.6311
2025-09-19,erc1155,18,9534,14829,24363,706912,0.03446398,3.4464,-0.96553602,-96.5536
2025-09-19,erc1155,19,474,474,948,445200,0.00212938,0.2129,-0.99787062,-99.7871
2025-09-19,erc1155,20,7465,5456,12921,619080,0.02087129,2.0871,-0.97912871,-97.9129
2025-09-19,erc1155,22,3555,1202,4757,641539,0.00741498,0.7415,-0.99258502,-99.2585
2025-09-19,erc1155,23,1617,2627,4244,741286,0.00572519,0.5725,-0.99427481,-99.4275
2025-09-19,erc1155,24,149,149,298,32550,0.00915515,0.9155,-0.99084485,-99.0845
2025-09-19,erc1155,25,10023,23750,33773,1213275,0.02783623,2.7836,-0.97216377,-97.2164
2025-09-19,erc1155,27,13487,21828,35315,1435061,0.02460871,2.4609,-0.97539129,-97.5391
2025-09-19,erc1155,28,45,45,90,29400,0.00306122,0.3061,-0.99693878,-99.6939
2025-09-19,erc1155,29,8013,8043,16056,1432200,0.01121072,1.1211,-0.98878928,-98.8789
2025-09-19,erc1155,3,391,391,782,165356,0.00472919,0.4729,-0.99527081,-99.5271
2025-09-19,erc1155,4,1304,629,1933,238409,0.00810792,0.8108,-0.99189208,-99.1892
2025-09-19,erc1155,5,37,39,76,38010,0.00199947,0.1999,-0.99800053,-99.8001
2025-09-19,erc1155,6,461,461,922,445200,0.00207098,0.2071,-0.99792902,-99.7929
2025-09-19,erc1155,7,62,62,124,33663,0.00368357,0.3684,-0.99631643,-99.6316
2025-09-19,erc1155,8,16,16,32,26775,0.00119514,0.1195,-0.99880486,-99.8805
2025-09-19,erc1155,9,2483,4099,6582,308553,0.02133183,2.1332,-0.97866817,-97.8668
2025-09-20,erc1155,10,12,12,24,33075,0.00072562,0.0726,-0.99927438,-99.9274
2025-09-20,erc1155,11,160,160,320,692451,0.00046213,0.0462,-0.99953787,-99.9538
2025-09-20,erc1155,12,408,3478,3886,444140,0.00874949,0.8749,-0.99125051,-99.1251
2025-09-20,erc1155,13,2518,2518,5036,648943,0.00776031,0.7760,-0.99223969,-99.2240
2025-09-20,erc1155,14,14,14,28,31500,0.00088889,0.0889,-0.99911111,-99.9111
2025-09-20,erc1155,16,60,60,120,626260,0.00019161,0.0192,-0.99980839,-99.9808
2025-09-20,erc1155,17,1472,378,1850,522584,0.00354010,0.3540,-0.99645990,-99.6460
2025-09-20,erc1155,18,4584,4353,8937,706912,0.01264231,1.2642,-0.98735769,-98.7358
2025-09-20,erc1155,19,2031,5270,7301,445200,0.01639937,1.6399,-0.98360063,-98.3601
2025-09-20,erc1155,20,2390,1698,4088,619080,0.00660335,0.6603,-0.99339665,-99.3397
2025-09-20,erc1155,22,3120,1924,5044,641539,0.00786234,0.7862,-0.99213766,-99.2138
2025-09-20,erc1155,23,3537,1472,5009,741286,0.00675718,0.6757,-0.99324282,-99.3243
2025-09-20,erc1155,24,5,5,10,32550,0.00030722,0.0307,-0.99969278,-99.9693
2025-09-20,erc1155,25,9548,14707,24255,1213275,0.01999135,1.9991,-0.98000865,-98.0009
2025-09-20,erc1155,27,9634,14215,23849,1435061,0.01661881,1.6619,-0.98338119,-98.3381
2025-09-20,erc1155,28,1,1,2,29400,0.00006803,0.0068,-0.99993197,-99.9932
2025-09-20,erc1155,29,5371,5371,10742,1432200,0.00750035,0.7500,-0.99249965,-99.2500
2025-09-20,erc1155,3,209,209,418,165356,0.00252788,0.2528,-0.99747212,-99.7472
2025-09-20,erc1155,4,804,189,993,238409,0.00416511,0.4165,-0.99583489,-99.5835
2025-09-20,erc1155,5,34,34,68,38010,0.00178900,0.1789,-0.99821100,-99.8211
2025-09-20,erc1155,6,137,137,274,445200,0.00061545,0.0615,-0.99938455,-99.9385
2025-09-20,erc1155,7,22,22,44,33663,0.00130707,0.1307,-0.99869293,-99.8693
2025-09-20,erc1155,8,6,6,12,26775,0.00044818,0.0448,-0.99955182,-99.9552
2025-09-20,erc1155,9,1656,637,2293,308553,0.00743146,0.7431,-0.99256854,-99.2569
2025-09-21,erc1155,10,38,38,76,33075,0.00229781,0.2298,-0.99770219,-99.7702
2025-09-21,erc1155,11,3928,3928,7856,692451,0.01134521,1.1345,-0.98865479,-98.8655
2025-09-21,erc1155,12,314,1818,2132,444140,0.00480029,0.4800,-0.99519971,-99.5200
2025-09-21,erc1155,13,404,404,808,648943,0.00124510,0.1245,-0.99875490,-99.8755
2025-09-21,erc1155,14,109,109,218,31500,0.00692063,0.6921,-0.99307937,-99.3079
2025-09-21,erc1155,16,1452,1452,2904,626260,0.00463705,0.4637,-0.99536295,-99.5363
2025-09-21,erc1155,17,1890,2288,4178,522584,0.00799489,0.7995,-0.99200511,-99.2005
2025-09-21,erc1155,18,1332,2512,3844,706912,0.00543773,0.5438,-0.99456227,-99.4562
2025-09-21,erc1155,19,119,4357,4476,445200,0.01005391,1.0054,-0.98994609,-98.9946
2025-09-21,erc1155,20,1990,1061,3051,619080,0.00492828,0.4928,-0.99507172,-99.5072
2025-09-21,erc1155,22,1164,668,1832,641539,0.00285563,0.2856,-0.99714437,-99.7144
2025-09-21,erc1155,23,5949,1803,7752,741286,0.01045750,1.0458,-0.98954250,-98.9542
2025-09-21,erc1155,24,113,113,226,32550,0.00694316,0.6943,-0.99305684,-99.3057
2025-09-21,erc1155,25,6037,13962,19999,1213275,0.01648348,1.6483,-0.98351652,-98.3517
2025-09-21,erc1155,27,22116,12057,34173,1435061,0.02381293,2.3813,-0.97618707,-97.6187
2025-09-21,erc1155,28,203,203,406,29400,0.01380952,1.3810,-0.98619048,-98.6190
2025-09-21,erc1155,29,8723,19335,28058,1432200,0.01959084,1.9591,-0.98040916,-98.0409
2025-09-21,erc1155,3,181,181,362,165356,0.00218922,0.2189,-0.99781078,-99.7811
2025-09-21,erc1155,4,375,910,1285,238409,0.00538990,0.5390,-0.99461010,-99.4610
2025-09-21,erc1155,5,105,105,210,38010,0.00552486,0.5525,-0.99447514,-99.4475
2025-09-21,erc1155,6,1196,1196,2392,445200,0.00537287,0.5373,-0.99462713,-99.4627
2025-09-21,erc1155,7,107,107,214,33663,0.00635713,0.6357,-0.99364287,-99.3643
2025-09-21,erc1155,8,3,3,6,26775,0.00022409,0.0224,-0.99977591,-99.9776
2025-09-21,erc1155,9,359,200,559,308553,0.00181168,0.1812,-0.99818832,-99.8188
2025-09-22,erc1155,10,99,99,198,33075,0.00598639,0.5986,-0.99401361,-99.4014
2025-09-22,erc1155,11,146,146,292,692451,0.00042169,0.0422,-0.99957831,-99.9578
2025-09-22,erc1155,12,1006,1006,2012,444140,0.00453010,0.4530,-0.99546990,-99.5470
2025-09-22,erc1155,13,1048,1048,2096,648943,0.00322987,0.3230,-0.99677013,-99.6770
2025-09-22,erc1155,14,59,59,118,31500,0.00374603,0.3746,-0.99625397,-99.6254
2025-09-22,erc1155,16,1520,1520,3040,626260,0.00485421,0.4854,-0.99514579,-99.5146
2025-09-22,erc1155,17,534,534,1068,522584,0.00204369,0.2044,-0.99795631,-99.7956
2025-09-22,erc1155,18,2176,5221,7397,706912,0.01046382,1.0464,-0.98953618,-98.9536
2025-09-22,erc1155,19,362,7654,8016,445200,0.01800539,1.8005,-0.98199461,-98.1995
2025-09-22,erc1155,20,1415,737,2152,619080,0.00347613,0.3476,-0.99652387,-99.6524
2025-09-22,erc1155,22,3218,1742,4960,641539,0.00773141,0.7731,-0.99226859,-99.2269
2025-09-22,erc1155,23,1074,1630,2704,741286,0.00364771,0.3648,-0.99635229,-99.6352
2025-09-22,erc1155,24,67,67,134,32550,0.00411674,0.4117,-0.99588326,-99.5883
2025-09-22,erc1155,25,5459,13285,18744,1213275,0.01544909,1.5449,-0.98455091,-98.4551
2025-09-22,erc1155,27,12073,13272,25345,1435061,0.01766127,1.7661,-0.98233873,-98.2339
2025-09-22,erc1155,28,239,239,478,29400,0.01625850,1.6259,-0.98374150,-98.3741
2025-09-22,erc1155,29,5812,5812,11624,1432200,0.00811618,0.8116,-0.99188382,-99.1884
2025-09-22,erc1155,3,180,178,358,165356,0.00216503,0.2165,-0.99783497,-99.7835
2025-09-22,erc1155,4,1347,882,2229,238409,0.00934948,0.9349,-0.99065052,-99.0651
2025-09-22,erc1155,5,117,117,234,38010,0.00615627,0.6156,-0.99384373,-99.3844
2025-09-22,erc1155,6,654,654,1308,445200,0.00293801,0.2938,-0.99706199,-99.7062
2025-09-22,erc1155,7,122,122,244,33663,0.00724831,0.7248,-0.99275169,-99.2752
2025-09-22,erc1155,8,232,232,464,26775,0.01732960,1.7330,-0.98267040,-98.2670
2025-09-22,erc1155,9,639,798,1437,308553,0.00465722,0.4657,-0.99534278,-99.5343
2025-09-23,erc1155,10,32,32,64,33075,0.00193500,0.1935,-0.99806500,-99.8065
2025-09-23,erc1155,11,816,816,1632,692451,0.00235685,0.2357,-0.99764315,-99.7643
2025-09-23,erc1155,12,252,252,504,444140,0.00113478,0.1135,-0.99886522,-99.8865
2025-09-23,erc1155,13,438,438,876,648943,0.00134989,0.1350,-0.99865011,-99.8650
2025-09-23,erc1155,14,47,47,94,31500,0.00298413,0.2984,-0.99701587,-99.7016
2025-09-23,erc1155,16,1340,1340,2680,626260,0.00427937,0.4279,-0.99572063,-99.5721
2025-09-23,erc1155,17,285,235,520,522584,0.00099506,0.0995,-0.99900494,-99.9005
2025-09-23,erc1155,18,1278,3013,4291,706912,0.00607006,0.6070,-0.99392994,-99.3930
2025-09-23,erc1155,19,315,315,630,445200,0.00141509,0.1415,-0.99858491,-99.8585
2025-09-23,erc1155,20,1066,1066,2132,619080,0.00344382,0.3444,-0.99655618,-99.6556
2025-09-23,erc1155,22,2770,2665,5435,641539,0.00847182,0.8472,-0.99152818,-99.1528
2025-09-23,erc1155,23,1896,1017,2913,741286,0.00392966,0.3930,-0.99607034,-99.6070
2025-09-23,erc1155,24,104,99,203,32550,0.00623656,0.6237,-0.99376344,-99.3763
2025-09-23,erc1155,25,8031,63670,71701,1213275,0.05909707,5.9097,-0.94090293,-94.0903
2025-09-23,erc1155,27,2503,8916,11419,1435061,0.00795715,0.7957,-0.99204285,-99.2043
2025-09-23,erc1155,28,22,22,44,29400,0.00149660,0.1497,-0.99850340,-99.8503
2025-09-23,erc1155,29,3527,6101,9628,1432200,0.00672252,0.6723,-0.99327748,-99.3277
2025-09-23,erc1155,3,136,138,274,165356,0.00165703,0.1657,-0.99834297,-99.8343
2025-09-23,erc1155,4,591,591,1182,238409,0.00495787,0.4958,-0.99504213,-99.5042
2025-09-23,erc1155,5,50,50,100,38010,0.00263089,0.2631,-0.99736911,-99.7369
2025-09-23,erc1155,6,214,214,428,445200,0.00096137,0.0961,-0.99903863,-99.9039
2025-09-23,erc1155,7,10,10,20,33663,0.00059412,0.0594,-0.99940588,-99.9406
2025-09-23,erc1155,8,29,29,58,26775,0.00216620,0.2166,-0.99783380,-99.7834
2025-09-23,erc1155,9,566,443,1009,308553,0.00327010,0.3270,-0.99672990,-99.6730
2025-09-24,erc1155,10,109,109,218,33075,0.00659108,0.6591,-0.99340892,-99.3409
2025-09-24,erc1155,11,517,517,1034,692451,0.00149325,0.1493,-0.99850675,-99.8507
2025-09-24,erc1155,12,1158,2747,3905,444140,0.00879227,0.8792,-0.99120773,-99.1208
2025-09-24,erc1155,13,12,12,24,648943,0.00003698,0.0037,-0.99996302,-99.9963
2025-09-24,erc1155,14,452,452,904,31500,0.02869841,2.8698,-0.97130159,-97.1302
2025-09-24,erc1155,16,1881,1881,3762,626260,0.00600709,0.6007,-0.99399291,-99.3993
2025-09-24,erc1155,17,3002,677,3679,522584,0.00704002,0.7040,-0.99295998,-99.2960
2025-09-24,erc1155,18,750,45546,46296,706912,0.06549047,6.5490,-0.93450953,-93.4510
2025-09-24,erc1155,19,173,1421,1594,445200,0.00358041,0.3580,-0.99641959,-99.6420
2025-09-24,erc1155,20,707,603,1310,619080,0.00211604,0.2116,-0.99788396,-99.7884
2025-09-24,erc1155,22,576,721,1297,641539,0.00202170,0.2022,-0.99797830,-99.7978
2025-09-24,erc1155,23,342,1219,1561,741286,0.00210580,0.2106,-0.99789420,-99.7894
2025-09-24,erc1155,24,4432,1447,5879,32550,0.18061444,18.0614,-0.81938556,-81.9386
2025-09-24,erc1155,25,5438,13509,18947,1213275,0.01561641,1.5616,-0.98438359,-98.4384
2025-09-24,erc1155,27,4271,5016,9287,1435061,0.00647150,0.6472,-0.99352850,-99.3528
2025-09-24,erc1155,28,50,50,100,29400,0.00340136,0.3401,-0.99659864,-99.6599
2025-09-24,erc1155,29,19435,12667,32102,1432200,0.02241447,2.2414,-0.97758553,-97.7586
2025-09-24,erc1155,3,1268,246,1514,165356,0.00915600,0.9156,-0.99084400,-99.0844
2025-09-24,erc1155,4,836,836,1672,238409,0.00701316,0.7013,-0.99298684,-99.2987
2025-09-24,erc1155,5,462,462,924,38010,0.02430939,2.4309,-0.97569061,-97.5691
2025-09-24,erc1155,6,10,10,20,445200,0.00004492,0.0045,-0.99995508,-99.9955
2025-09-24,erc1155,7,118,118,236,33663,0.00701066,0.7011,-0.99298934,-99.2989
2025-09-24,erc1155,8,153,153,306,26775,0.01142857,1.1429,-0.98857143,-98.8571
2025-09-24,erc1155,9,216,339,555,308553,0.00179872,0.1799,-0.99820128,-99.8201
2025-09-25,erc1155,10,30,30,60,33075,0.00181406,0.1814,-0.99818594,-99.8186
2025-09-25,erc1155,11,160,160,320,692451,0.00046213,0.0462,-0.99953787,-99.9538
2025-09-25,erc1155,12,374,374,748,444140,0.00168415,0.1684,-0.99831585,-99.8316
2025-09-25,erc1155,13,178,178,356,648943,0.00054858,0.0549,-0.99945142,-99.9451
2025-09-25,erc1155,14,15,15,30,31500,0.00095238,0.0952,-0.99904762,-99.9048
2025-09-25,erc1155,16,322,322,644,626260,0.00102833,0.1028,-0.99897167,-99.8972
2025-09-25,erc1155,17,728,9481,10209,522584,0.01953562,1.9536,-0.98046438,-98.0464
2025-09-25,erc1155,18,3923,16745,20668,706912,0.02923702,2.9237,-0.97076298,-97.0763
2025-09-25,erc1155,19,174,174,348,445200,0.00078167,0.0782,-0.99921833,-99.9218
2025-09-25,erc1155,20,490,594,1084,619080,0.00175099,0.1751,-0.99824901,-99.8249
2025-09-25,erc1155,22,1296,4722,6018,641539,0.00938057,0.9381,-0.99061943,-99.0619
2025-09-25,erc1155,23,251,2815,3066,741286,0.00413606,0.4136,-0.99586394,-99.5864
2025-09-25,erc1155,24,1399,4389,5788,32550,0.17781874,17.7819,-0.82218126,-82.2181
2025-09-25,erc1155,25,1923,1794,3717,1213275,0.00306361,0.3064,-0.99693639,-99.6936
2025-09-25,erc1155,27,14740,11819,26559,1435061,0.01850723,1.8507,-0.98149277,-98.1493
2025-09-25,erc1155,28,1,1,2,29400,0.00006803,0.0068,-0.99993197,-99.9932
2025-09-25,erc1155,29,3774,6561,10335,1432200,0.00721617,0.7216,-0.99278383,-99.2784
2025-09-25,erc1155,3,41,41,82,165356,0.00049590,0.0496,-0.99950410,-99.9504
2025-09-25,erc1155,4,227,3278,3505,238409,0.01470163,1.4702,-0.98529837,-98.5298
2025-09-25,erc1155,5,18,18,36,38010,0.00094712,0.0947,-0.99905288,-99.9053
2025-09-25,erc1155,6,43,43,86,445200,0.00019317,0.0193,-0.99980683,-99.9807
2025-09-25,erc1155,7,26,26,52,33663,0.00154472,0.1545,-0.99845528,-99.8455
2025-09-25,erc1155,8,4,4,8,26775,0.00029879,0.0299,-0.99970121,-99.9701
2025-09-25,erc1155,9,370,6529,6899,308553,0.02235921,2.2359,-0.97764079,-97.7641
2025-09-26,erc1155,10,281,281,562,33075,0.01699169,1.6992,-0.98300831,-98.3008
2025-09-26,erc1155,11,486,486,972,692451,0.00140371,0.1404,-0.99859629,-99.8596
2025-09-26,erc1155,12,247,247,494,444140,0.00111226,0.1112,-0.99888774,-99.8888
2025-09-26,erc1155,13,104,104,208,648943,0.00032052,0.0321,-0.99967948,-99.9679
2025-09-26,erc1155,14,202,202,404,31500,0.01282540,1.2825,-0.98717460,-98.7175
2025-09-26,erc1155,16,90,90,180,626260,0.00028742,0.0287,-0.99971258,-99.9713
2025-09-26,erc1155,17,874,2951,3825,522584,0.00731940,0.7319,-0.99268060,-99.2681
2025-09-26,erc1155,18,7600,8146,15746,706912,0.02227434,2.2274,-0.97772566,-97.7726
2025-09-26,erc1155,19,412,5477,5889,445200,0.01322776,1.3228,-0.98677224,-98.6772
2025-09-26,erc1155,20,651,393,1044,619080,0.00168637,0.1686,-0.99831363,-99.8314
2025-09-26,erc1155,22,1461,1325,2786,641539,0.00434268,0.4343,-0.99565732,-99.5657
2025-09-26,erc1155,23,1811,21997,23808,741286,0.03211716,3.2117,-0.96788284,-96.7883
2025-09-26,erc1155,24,1136,1136,2272,32550,0.06980031,6.9800,-0.93019969,-93.0200
2025-09-26,erc1155,25,4537,9780,14317,1213275,0.01180029,1.1800,-0.98819971,-98.8200
2025-09-26,erc1155,27,6957,6160,13117,1435061,0.00914038,0.9140,-0.99085962,-99.0860
2025-09-26,erc1155,28,618,618,1236,29400,0.04204082,4.2041,-0.95795918,-95.7959
2025-09-26,erc1155,29,713,10261,10974,1432200,0.00766234,0.7662,-0.99233766,-99.2338
2025-09-26,erc1155,3,243,244,487,165356,0.00294516,0.2945,-0.99705484,-99.7055
2025-09-26,erc1155,4,202,2679,2881,238409,0.01208428,1.2084,-0.98791572,-98.7916
2025-09-26,erc1155,5,240,240,480,38010,0.01262826,1.2628,-0.98737174,-98.7372
2025-09-26,erc1155,6,35,35,70,445200,0.00015723,0.0157,-0.99984277,-99.9843
2025-09-26,erc1155,7,238,238,476,33663,0.01414015,1.4140,-0.98585985,-98.5860
2025-09-26,erc1155,8,212,212,424,26775,0.01583567,1.5836,-0.98416433,-98.4164
2025-09-26,erc1155,9,1050,291,1341,308553,0.00434609,0.4346,-0.99565391,-99.5654
2025-09-27,erc1155,10,52,51,103,33075,0.00311413,0.3114,-0.99688587,-99.6886
2025-09-27,erc1155,11,52,52,104,692451,0.00015019,0.0150,-0.99984981,-99.9850
2025-09-27,erc1155,12,3271,495,3766,444140,0.00847931,0.8479,-0.99152069,-99.1521
2025-09-27,erc1155,13,2494,2494,4988,648943,0.00768635,0.7686,-0.99231365,-99.2314
2025-09-27,erc1155,14,64,64,128,31500,0.00406349,0.4063,-0.99593651,-99.5937
2025-09-27,erc1155,16,844,844,1688,626260,0.00269537,0.2695,-0.99730463,-99.7305
2025-09-27,erc1155,17,3028,12864,15892,522584,0.03041042,3.0410,-0.96958958,-96.9590
2025-09-27,erc1155,18,3395,7804,11199,706912,0.01584214,1.5842,-0.98415786,-98.4158
2025-09-27,erc1155,19,30,4025,4055,445200,0.00910827,0.9108,-0.99089173,-99.0892
2025-09-27,erc1155,20,2265,2066,4331,619080,0.00699586,0.6996,-0.99300414,-99.3004
2025-09-27,erc1155,22,1377,1305,2682,641539,0.00418057,0.4181,-0.99581943,-99.5819
2025-09-27,erc1155,23,2762,37165,39927,741286,0.05386180,5.3862,-0.94613820,-94.6138
2025-09-27,erc1155,24,1206,406,1612,32550,0.04952381,4.9524,-0.95047619,-95.0476
2025-09-27,erc1155,25,2530,9799,12329,1213275,0.01016175,1.0162,-0.98983825,-98.9838
2025-09-27,erc1155,27,5178,3323,8501,1435061,0.00592379,0.5924,-0.99407621,-99.4076
2025-09-27,erc1155,28,203,203,406,29400,0.01380952,1.3810,-0.98619048,-98.6190
2025-09-27,erc1155,29,9249,14233,23482,1432200,0.01639575,1.6396,-0.98360425,-98.3604
2025-09-27,erc1155,3,154,295,449,165356,0.00271535,0.2715,-0.99728465,-99.7285
2025-09-27,erc1155,4,1188,611,1799,238409,0.00754586,0.7546,-0.99245414,-99.2454
2025-09-27,erc1155,5,119,119,238,38010,0.00626151,0.6262,-0.99373849,-99.3738
2025-09-27,erc1155,6,1133,1133,2266,445200,0.00508985,0.5090,-0.99491015,-99.4910
2025-09-27,erc1155,7,73,73,146,33663,0.00433711,0.4337,-0.99566289,-99.5663
2025-09-27,erc1155,8,5,5,10,26775,0.00037348,0.0373,-0.99962652,-99.9627
2025-09-27,erc1155,9,1416,445,1861,308553,0.00603138,0.6031,-0.99396862,-99.3969
2025-09-28,erc1155,10,36,37,73,33075,0.00220711,0.2207,-0.99779289,-99.7793
2025-09-28,erc1155,11,297,297,594,692451,0.00085782,0.0858,-0.99914218,-99.9142
2025-09-28,erc1155,12,1215,2219,3434,444140,0.00773180,0.7732,-0.99226820,-99.2268
2025-09-28,erc1155,13,220,220,440,648943,0.00067803,0.0678,-0.99932197,-99.9322
2025-09-28,erc1155,14,73,73,146,31500,0.00463492,0.4635,-0.99536508,-99.5365
2025-09-28,erc1155,16,40,40,80,626260,0.00012774,0.0128,-0.99987226,-99.9872
2025-09-28,erc1155,17,1800,16723,18523,522584,0.03544502,3.5445,-0.96455498,-96.4555
2025-09-28,erc1155,18,857,265,1122,706912,0.00158718,0.1587,-0.99841282,-99.8413
2025-09-28,erc1155,19,757,757,1514,445200,0.00340072,0.3401,-0.99659928,-99.6599
2025-09-28,erc1155,20,1130,1217,2347,619080,0.00379111,0.3791,-0.99620889,-99.6209
2025-09-28,erc1155,22,658,2999,3657,641539,0.00570035,0.5700,-0.99429965,-99.4300
2025-09-28,erc1155,23,1959,7394,9353,741286,0.01261726,1.2617,-0.98738274,-98.7383
2025-09-28,erc1155,24,63,863,926,32550,0.02844854,2.8449,-0.97155146,-97.1551
2025-09-28,erc1155,25,14747,13887,28634,1213275,0.02360059,2.3601,-0.97639941,-97.6399
2025-09-28,erc1155,27,7038,3436,10474,1435061,0.00729864,0.7299,-0.99270136,-99.2701
2025-09-28,erc1155,29,2598,8139,10737,1432200,0.00749686,0.7497,-0.99250314,-99.2503
2025-09-28,erc1155,3,763,2658,3421,165356,0.02068870,2.0689,-0.97931130,-97.9311
2025-09-28,erc1155,4,371,948,1319,238409,0.00553251,0.5533,-0.99446749,-99.4467
2025-09-28,erc1155,5,14,14,28,38010,0.00073665,0.0737,-0.99926335,-99.9263
2025-09-28,erc1155,6,57,57,114,445200,0.00025606,0.0256,-0.99974394,-99.9744
2025-09-28,erc1155,7,162,162,324,33663,0.00962481,0.9625,-0.99037519,-99.0375
2025-09-28,erc1155,8,2,2,4,26775,0.00014939,0.0149,-0.99985061,-99.9851
2025-09-28,erc1155,9,1062,1473,2535,308553,0.00821577,0.8216,-0.99178423,-99.1784
2025-09-29,erc1155,10,29,29,58,33075,0.00175359,0.1754,-0.99824641,-99.8246
2025-09-29,erc1155,11,2076,2076,4152,692451,0.00599609,0.5996,-0.99400391,-99.4004
2025-09-29,erc1155,12,2415,2415,4830,444140,0.01087495,1.0875,-0.98912505,-98.9125
2025-09-29,erc1155,13,553,553,1106,648943,0.00170431,0.1704,-0.99829569,-99.8296
2025-09-29,erc1155,14,3,3,6,31500,0.00019048,0.0190,-0.99980952,-99.9810
2025-09-29,erc1155,16,1119,1119,2238,626260,0.00357360,0.3574,-0.99642640,-99.6426
2025-09-29,erc1155,17,240,18351,18591,522584,0.03557514,3.5575,-0.96442486,-96.4425
2025-09-29,erc1155,18,1631,6891,8522,706912,0.01205525,1.2055,-0.98794475,-98.7945
2025-09-29,erc1155,19,1089,1649,2738,445200,0.00615004,0.6150,-0.99384996,-99.3850
2025-09-29,erc1155,20,1557,1557,3114,619080,0.00503004,0.5030,-0.99496996,-99.4970
2025-09-29,erc1155,22,2098,1351,3449,641539,0.00537613,0.5376,-0.99462387,-99.4624
2025-09-29,erc1155,23,2169,11293,13462,741286,0.01816033,1.8160,-0.98183967,-98.1840
2025-09-29,erc1155,24,313,131,444,32550,0.01364055,1.3641,-0.98635945,-98.6359
2025-09-29,erc1155,25,4093,14328,18421,1213275,0.01518287,1.5183,-0.98481713,-98.4817
2025-09-29,erc1155,27,6705,6205,12910,1435061,0.00899613,0.8996,-0.99100387,-99.1004
2025-09-29,erc1155,28,29,29,58,29400,0.00197279,0.1973,-0.99802721,-99.8027
2025-09-29,erc1155,29,19126,23386,42512,1432200,0.02968301,2.9683,-0.97031699,-97.0317
2025-09-29,erc1155,3,560,6946,7506,165356,0.04539297,4.5393,-0.95460703,-95.4607
2025-09-29,erc1155,4,472,472,944,238409,0.00395958,0.3960,-0.99604042,-99.6040
2025-09-29,erc1155,5,52,52,104,38010,0.00273612,0.2736,-0.99726388,-99.7264
2025-09-29,erc1155,6,401,401,802,445200,0.00180144,0.1801,-0.99819856,-99.8199
2025-09-29,erc1155,7,63,63,126,33663,0.00374298,0.3743,-0.99625702,-99.6257
2025-09-29,erc1155,8,10,10,20,26775,0.00074697,0.0747,-0.99925303,-99.9253
2025-09-29,erc1155,9,909,3107,4016,308553,0.01301559,1.3016,-0.98698441,-98.6984
2025-09-30,erc1155,10,262,262,524,33075,0.01584278,1.5843,-0.98415722,-98.4157
2025-09-30,erc1155,11,143,143,286,692451,0.00041303,0.0413,-0.99958697,-99.9587
2025-09-30,erc1155,12,241,1781,2022,444140,0.00455262,0.4553,-0.99544738,-99.5447
2025-09-30,erc1155,13,1463,341,1804,648943,0.00277991,0.2780,-0.99722009,-99.7220
2025-09-30,erc1155,14,98,98,196,31500,0.00622222,0.6222,-0.99377778,-99.3778
2025-09-30,erc1155,16,162,162,324,626260,0.00051736,0.0517,-0.99948264,-99.9483
2025-09-30,erc1155,17,529,531,1060,522584,0.00202838,0.2028,-0.99797162,-99.7972
2025-09-30,erc1155,18,4558,8098,12656,706912,0.01790322,1.7903,-0.98209678,-98.2097
2025-09-30,erc1155,19,1006,1355,2361,445200,0.00530323,0.5303,-0.99469677,-99.4697
2025-09-30,erc1155,20,3927,5834,9761,619080,0.01576694,1.5767,-0.98423306,-98.4233
2025-09-30,erc1155,22,2837,2967,5804,641539,0.00904699,0.9047,-0.99095301,-99.0953
2025-09-30,erc1155,23,5378,7162,12540,741286,0.01691655,1.6917,-0.98308345,-98.3083
2025-09-30,erc1155,24,55,237,292,32550,0.00897081,0.8971,-0.99102919,-99.1029
2025-09-30,erc1155,25,6916,11092,18008,1213275,0.01484247,1.4842,-0.98515753,-98.5158
2025-09-30,erc1155,27,5475,23576,29051,1435061,0.02024374,2.0244,-0.97975626,-97.9756
2025-09-30,erc1155,28,49,49,98,29400,0.00333333,0.3333,-0.99666667,-99.6667
2025-09-30,erc1155,29,7453,23331,30784,1432200,0.02149420,2.1494,-0.97850580,-97.8506
2025-09-30,erc1155,3,3378,8764,12142,165356,0.07342945,7.3429,-0.92657055,-92.6571
2025-09-30,erc1155,4,886,886,1772,238409,0.00743261,0.7433,-0.99256739,-99.2567
2025-09-30,erc1155,5,199,157,356,38010,0.00936596,0.9366,-0.99063404,-99.0634
2025-09-30,erc1155,6,25,25,50,445200,0.00011231,0.0112,-0.99988769,-99.9888
2025-09-30,erc1155,7,467,467,934,33663,0.02774560,2.7746,-0.97225440,-97.2254
2025-09-30,erc1155,8,11,11,22,26775,0.00082166,0.0822,-0.99917834,-99.9178
2025-09-30,erc1155,9,3053,4870,7923,308553,0.02567792,2.5678,-0.97432208,-97.4322
2025-10-01,erc1155,10,40,40,80,33075,0.00241875,0.2419,-0.99758125,-99.7581
2025-10-01,erc1155,11,442,442,884,692451,0.00127662,0.1277,-0.99872338,-99.8723
2025-10-01,erc1155,12,4949,4039,8988,444140,0.02023686,2.0237,-0.97976314,-97.9763
2025-10-01,erc1155,13,1022,1022,2044,648943,0.00314974,0.3150,-0.99685026,-99.6850
2025-10-01,erc1155,14,16,16,32,31500,0.00101587,0.1016,-0.99898413,-99.8984
2025-10-01,erc1155,16,3083,3083,6166,626260,0.00984575,0.9846,-0.99015425,-99.0154
2025-10-01,erc1155,17,889,390,1279,522584,0.00244745,0.2447,-0.99755255,-99.7553
2025-10-01,erc1155,18,5375,4146,9521,706912,0.01346844,1.3468,-0.98653156,-98.6532
2025-10-01,erc1155,19,346,346,692,445200,0.00155436,0.1554,-0.99844564,-99.8446
2025-10-01,erc1155,20,7370,4539,11909,619080,0.01923661,1.9237,-0.98076339,-98.0763
2025-10-01,erc1155,22,2948,1404,4352,641539,0.00678369,0.6784,-0.99321631,-99.3216
2025-10-01,erc1155,23,5217,6889,12106,741286,0.01633108,1.6331,-0.98366892,-98.3669
2025-10-01,erc1155,24,36,36,72,32550,0.00221198,0.2212,-0.99778802,-99.7788
2025-10-01,erc1155,25,9822,6521,16343,1213275,0.01347015,1.3470,-0.98652985,-98.6530
2025-10-01,erc1155,27,13016,13297,26313,1435061,0.01833581,1.8336,-0.98166419,-98.1664
2025-10-01,erc1155,28,94,88,182,29400,0.00619048,0.6190,-0.99380952,-99.3810
2025-10-01,erc1155,29,15763,14566,30329,1432200,0.02117651,2.1177,-0.97882349,-97.8823
2025-10-01,erc1155,3,1401,385,1786,165356,0.01080094,1.0801,-0.98919906,-98.9199
2025-10-01,erc1155,4,2454,624,3078,238409,0.01291059,1.2911,-0.98708941,-98.7089
2025-10-01,erc1155,5,14,14,28,38010,0.00073665,0.0737,-0.99926335,-99.9263
2025-10-01,erc1155,6,460,460,920,445200,0.00206649,0.2066,-0.99793351,-99.7934
2025-10-01,erc1155,7,11,11,22,33663,0.00065354,0.0654,-0.99934646,-99.9346
2025-10-01,erc1155,8,35,35,70,26775,0.00261438,0.2614,-0.99738562,-99.7386
2025-10-01,erc1155,9,788,3841,4629,308553,0.01500228,1.5002,-0.98499772,-98.4998
2025-10-02,erc1155,10,53,53,106,33075,0.00320484,0.3205,-0.99679516,-99.6795
2025-10-02,erc1155,11,248,248,496,692451,0.00071630,0.0716,-0.99928370,-99.9284
2025-10-02,erc1155,12,966,3239,4205,444140,0.00946774,0.9468,-0.99053226,-99.0532
2025-10-02,erc1155,13,784,1906,2690,648943,0.00414520,0.4145,-0.99585480,-99.5855
2025-10-02,erc1155,14,78,78,156,31500,0.00495238,0.4952,-0.99504762,-99.5048
2025-10-02,erc1155,16,165,165,330,626260,0.00052694,0.0527,-0.99947306,-99.9473
2025-10-02,erc1155,17,417,636,1053,522584,0.00201499,0.2015,-0.99798501,-99.7985
2025-10-02,erc1155,18,1610,5422,7032,706912,0.00994749,0.9947,-0.99005251,-99.0053
2025-10-02,erc1155,19,787,2205,2992,445200,0.00672058,0.6721,-0.99327942,-99.3279
2025-10-02,erc1155,20,2585,6067,8652,619080,0.01397558,1.3976,-0.98602442,-98.6024
2025-10-02,erc1155,22,821,821,1642,641539,0.00255947,0.2559,-0.99744053,-99.7441
2025-10-02,erc1155,23,1481,1758,3239,741286,0.00436943,0.4369,-0.99563057,-99.5631
2025-10-02,erc1155,24,7,7,14,32550,0.00043011,0.0430,-0.99956989,-99.9570
2025-10-02,erc1155,25,3049,5957,9006,1213275,0.00742288,0.7423,-0.99257712,-99.2577
2025-10-02,erc1155,27,6018,2711,8729,1435061,0.00608267,0.6083,-0.99391733,-99.3917
2025-10-02,erc1155,28,5,11,16,29400,0.00054422,0.0544,-0.99945578,-99.9456
2025-10-02,erc1155,29,8227,9808,18035,1432200,0.01259252,1.2593,-0.98740748,-98.7407
2025-10-02,erc1155,3,1414,1490,2904,165356,0.01756211,1.7562,-0.98243789,-98.2438
2025-10-02,erc1155,4,2249,1262,3511,238409,0.01472679,1.4727,-0.98527321,-98.5273
2025-10-02,erc1155,5,10,10,20,38010,0.00052618,0.0526,-0.99947382,-99.9474
2025-10-02,erc1155,6,55,55,110,445200,0.00024708,0.0247,-0.99975292,-99.9753
2025-10-02,erc1155,7,35,35,70,33663,0.00207943,0.2079,-0.99792057,-99.7921
2025-10-02,erc1155,8,41,41,82,26775,0.00306256,0.3063,-0.99693744,-99.6937
2025-10-02,erc1155,9,298,1770,2068,308553,0.00670225,0.6702,-0.99329775,-99.3298
2025-10-03,erc1155,10,358,358,716,33075,0.02164777,2.1648,-0.97835223,-97.8352
2025-10-03,erc1155,11,979,979,1958,692451,0.00282764,0.2828,-0.99717236,-99.7172
2025-10-03,erc1155,12,727,1227,1954,444140,0.00439951,0.4400,-0.99560049,-99.5600
2025-10-03,erc1155,13,155,155,310,648943,0.00047770,0.0478,-0.99952230,-99.9522
2025-10-03,erc1155,14,13,13,26,31500,0.00082540,0.0825,-0.99917460,-99.9175
2025-10-03,erc1155,16,120,120,240,626260,0.00038323,0.0383,-0.99961677,-99.9617
2025-10-03,erc1155,17,662,1223,1885,522584,0.00360708,0.3607,-0.99639292,-99.6393
2025-10-03,erc1155,18,1359,1359,2718,706912,0.00384489,0.3845,-0.99615511,-99.6155
2025-10-03,erc1155,19,375,375,750,445200,0.00168464,0.1685,-0.99831536,-99.8315
2025-10-03,erc1155,20,3890,4502,8392,619080,0.01355560,1.3556,-0.98644440,-98.6444
2025-10-03,erc1155,22,2787,2787,5574,641539,0.00868848,0.8688,-0.99131152,-99.1312
2025-10-03,erc1155,23,6818,3644,10462,741286,0.01411331,1.4113,-0.98588669,-98.5887
2025-10-03,erc1155,24,226,226,452,32550,0.01388633,1.3886,-0.98611367,-98.6114
2025-10-03,erc1155,25,7697,5869,13566,1213275,0.01118131,1.1181,-0.98881869,-98.8819
2025-10-03,erc1155,27,4850,4124,8974,1435061,0.00625339,0.6253,-0.99374661,-99.3747
2025-10-03,erc1155,28,33,33,66,29400,0.00224490,0.2245,-0.99775510,-99.7755
2025-10-03,erc1155,29,4545,4545,9090,1432200,0.00634688,0.6347,-0.99365312,-99.3653
2025-10-03,erc1155,3,1859,1859,3718,165356,0.02248482,2.2485,-0.97751518,-97.7515
2025-10-03,erc1155,30,1241,18422,19663,30975,0.63480226,63.4802,-0.36519774,-36.5198
2025-10-03,erc1155,4,677,677,1354,238409,0.00567932,0.5679,-0.99432068,-99.4321
2025-10-03,erc1155,5,26,26,52,38010,0.00136806,0.1368,-0.99863194,-99.8632
2025-10-03,erc1155,6,459,459,918,445200,0.00206199,0.2062,-0.99793801,-99.7938
2025-10-03,erc1155,7,479,479,958,33663,0.02845854,2.8459,-0.97154146,-97.1541
2025-10-03,erc1155,8,101,101,202,26775,0.00754435,0.7544,-0.99245565,-99.2456
2025-10-03,erc1155,9,1590,284,1874,308553,0.00607351,0.6074,-0.99392649,-99.3926
2025-10-04,erc1155,10,13,13,26,33075,0.00078609,0.0786,-0.99921391,-99.9214
2025-10-04,erc1155,11,224,224,448,692451,0.00064698,0.0647,-0.99935302,-99.9353
2025-10-04,erc1155,12,241,241,482,444140,0.00108524,0.1085,-0.99891476,-99.8915
2025-10-04,erc1155,13,261,261,522,648943,0.00080438,0.0804,-0.99919562,-99.9196
2025-10-04,erc1155,14,50,50,100,31500,0.00317460,0.3175,-0.99682540,-99.6825
2025-10-04,erc1155,16,743,743,1486,626260,0.00237282,0.2373,-0.99762718,-99.7627
2025-10-04,erc1155,17,5117,1001,6118,522584,0.01170721,1.1707,-0.98829279,-98.8293
2025-10-04,erc1155,18,1514,1514,3028,706912,0.00428342,0.4283,-0.99571658,-99.5717
2025-10-04,erc1155,19,176,176,352,445200,0.00079066,0.0791,-0.99920934,-99.9209
2025-10-04,erc1155,20,2181,1080,3261,619080,0.00526749,0.5267,-0.99473251,-99.4733
2025-10-04,erc1155,22,973,357,1330,641539,0.00207314,0.2073,-0.99792686,-99.7927
2025-10-04,erc1155,23,1496,5412,6908,741286,0.00931894,0.9319,-0.99068106,-99.0681
2025-10-04,erc1155,24,12,12,24,32550,0.00073733,0.0737,-0.99926267,-99.9263
2025-10-04,erc1155,25,13340,21556,34896,1213275,0.02876182,2.8762,-0.97123818,-97.1238
2025-10-04,erc1155,27,33352,9137,42489,1435061,0.02960780,2.9608,-0.97039220,-97.0392
2025-10-04,erc1155,28,54,54,108,29400,0.00367347,0.3673,-0.99632653,-99.6327
2025-10-04,erc1155,29,20495,20495,40990,1432200,0.02862030,2.8620,-0.97137970,-97.1380
2025-10-04,erc1155,3,147,147,294,165356,0.00177798,0.1778,-0.99822202,-99.8222
2025-10-04,erc1155,30,1460,8486,9946,30975,0.32109766,32.1098,-0.67890234,-67.8902
2025-10-04,erc1155,4,280,146,426,238409,0.00178685,0.1787,-0.99821315,-99.8213
2025-10-04,erc1155,5,4,4,8,38010,0.00021047,0.0210,-0.99978953,-99.9790
2025-10-04,erc1155,6,12,12,24,445200,0.00005391,0.0054,-0.99994609,-99.9946
2025-10-04,erc1155,7,12,12,24,33663,0.00071295,0.0713,-0.99928705,-99.9287
2025-10-04,erc1155,8,125,125,250,26775,0.00933707,0.9337,-0.99066293,-99.0663
2025-10-04,erc1155,9,588,588,1176,308553,0.00381134,0.3811,-0.99618866,-99.6189
2025-10-05,erc1155,10,14,14,28,33075,0.00084656,0.0847,-0.99915344,-99.9153
2025-10-05,erc1155,11,2011,2011,4022,692451,0.00580835,0.5808,-0.99419165,-99.4192
2025-10-05,erc1155,12,217,217,434,444140,0.00097717,0.0977,-0.99902283,-99.9023
2025-10-05,erc1155,13,61,61,122,648943,0.00018800,0.0188,-0.99981200,-99.9812
2025-10-05,erc1155,14,35,35,70,31500,0.00222222,0.2222,-0.99777778,-99.7778
2025-10-05,erc1155,16,116,116,232,626260,0.00037045,0.0370,-0.99962955,-99.9630
2025-10-05,erc1155,17,612,7612,8224,522584,0.01573718,1.5737,-0.98426282,-98.4263
2025-10-05,erc1155,18,1000,1000,2000,706912,0.00282921,0.2829,-0.99717079,-99.7171
2025-10-05,erc1155,19,32,32,64,445200,0.00014376,0.0144,-0.99985624,-99.9856
2025-10-05,erc1155,20,3396,3032,6428,619080,0.01038315,1.0383,-0.98961685,-98.9617
2025-10-05,erc1155,22,858,858,1716,641539,0.00267482,0.2675,-0.99732518,-99.7325
2025-10-05,erc1155,23,1137,1083,2220,741286,0.00299480,0.2995,-0.99700520,-99.7005
2025-10-05,erc1155,24,171,171,342,32550,0.01050691,1.0507,-0.98949309,-98.9493
2025-10-05,erc1155,25,1428,3547,4975,1213275,0.00410047,0.4100,-0.99589953,-99.5900
2025-10-05,erc1155,27,1189,1061,2250,1435061,0.00156788,0.1568,-0.99843212,-99.8432
2025-10-05,erc1155,28,206,206,412,29400,0.01401361,1.4014,-0.98598639,-98.5986
2025-10-05,erc1155,29,3556,3555,7111,1432200,0.00496509,0.4965,-0.99503491,-99.5035
2025-10-05,erc1155,3,76,76,152,165356,0.00091923,0.0919,-0.99908077,-99.9081
2025-10-05,erc1155,30,1468,6080,7548,30975,0.24368039,24.3680,-0.75631961,-75.6320
2025-10-05,erc1155,4,348,271,619,238409,0.00259638,0.2596,-0.99740362,-99.7404
2025-10-05,erc1155,5,32,32,64,38010,0.00168377,0.1684,-0.99831623,-99.8316
2025-10-05,erc1155,6,93,93,186,445200,0.00041779,0.0418,-0.99958221,-99.9582
2025-10-05,erc1155,7,45,45,90,33663,0.00267356,0.2674,-0.99732644,-99.7326
2025-10-05,erc1155,8,50,50,100,26775,0.00373483,0.3735,-0.99626517,-99.6265
2025-10-05,erc1155,9,170,170,340,308553,0.00110192,0.1102,-0.99889808,-99.8898
2025-10-06,erc1155,10,237,237,474,33075,0.01433107,1.4331,-0.98566893,-98.5669
2025-10-06,erc1155,11,2,2,4,692451,0.00000578,0.0006,-0.99999422,-99.9994
2025-10-06,erc1155,12,194,194,388,444140,0.00087360,0.0874,-0.99912640,-99.9126
2025-10-06,erc1155,13,572,572,1144,648943,0.00176287,0.1763,-0.99823713,-99.8237
2025-10-06,erc1155,14,1,1,2,31500,0.00006349,0.0063,-0.99993651,-99.9937
2025-10-06,erc1155,16,563,563,1126,626260,0.00179798,0.1798,-0.99820202,-99.8202
2025-10-06,erc1155,17,2743,319,3062,522584,0.00585935,0.5859,-0.99414065,-99.4141
2025-10-06,erc1155,18,956,956,1912,706912,0.00270472,0.2705,-0.99729528,-99.7295
2025-10-06,erc1155,19,166,166,332,445200,0.00074573,0.0746,-0.99925427,-99.9254
2025-10-06,erc1155,20,906,1270,2176,619080,0.00351489,0.3515,-0.99648511,-99.6485
2025-10-06,erc1155,22,513,513,1026,641539,0.00159928,0.1599,-0.99840072,-99.8401
2025-10-06,erc1155,23,4207,229,4436,741286,0.00598420,0.5984,-0.99401580,-99.4016
2025-10-06,erc1155,24,13,13,26,32550,0.00079877,0.0799,-0.99920123,-99.9201
2025-10-06,erc1155,25,9924,2174,12098,1213275,0.00997136,0.9971,-0.99002864,-99.0029
2025-10-06,erc1155,27,4236,4448,8684,1435061,0.00605131,0.6051,-0.99394869,-99.3949
2025-10-06,erc1155,28,6,6,12,29400,0.00040816,0.0408,-0.99959184,-99.9592
2025-10-06,erc1155,29,15934,6485,22419,1432200,0.01565354,1.5654,-0.98434646,-98.4346
2025-10-06,erc1155,3,147,1145,1292,165356,0.00781344,0.7813,-0.99218656,-99.2187
2025-10-06,erc1155,30,4614,2378,6992,30975,0.22573043,22.5730,-0.77426957,-77.4270
2025-10-06,erc1155,4,318,303,621,238409,0.00260477,0.2605,-0.99739523,-99.7395
2025-10-06,erc1155,5,15,15,30,38010,0.00078927,0.0789,-0.99921073,-99.9211
2025-10-06,erc1155,7,83,83,166,33663,0.00493123,0.4931,-0.99506877,-99.5069
2025-10-06,erc1155,8,4,4,8,26775,0.00029879,0.0299,-0.99970121,-99.9701
2025-10-06,erc1155,9,1090,1090,2180,308553,0.00706524,0.7065,-0.99293476,-99.2935
2025-10-07,erc1155,10,52,52,104,33075,0.00314437,0.3144,-0.99685563,-99.6856
2025-10-07,erc1155,11,20,20,40,692451,0.00005777,0.0058,-0.99994223,-99.9942
2025-10-07,erc1155,12,3801,3801,7602,444140,0.01711622,1.7116,-0.98288378,-98.2884
2025-10-07,erc1155,13,976,976,1952,648943,0.00300797,0.3008,-0.99699203,-99.6992
2025-10-07,erc1155,14,5,5,10,31500,0.00031746,0.0317,-0.99968254,-99.9683
2025-10-07,erc1155,16,556,556,1112,626260,0.00177562,0.1776,-0.99822438,-99.8224
2025-10-07,erc1155,17,5962,838,6800,522584,0.01301226,1.3012,-0.98698774,-98.6988
2025-10-07,erc1155,18,3161,754,3915,706912,0.00553817,0.5538,-0.99446183,-99.4462
2025-10-07,erc1155,19,1532,1532,3064,445200,0.00688230,0.6882,-0.99311770,-99.3118
2025-10-07,erc1155,20,2485,496,2981,619080,0.00481521,0.4815,-0.99518479,-99.5185
2025-10-07,erc1155,22,875,875,1750,641539,0.00272782,0.2728,-0.99727218,-99.7272
2025-10-07,erc1155,23,1378,1775,3153,741286,0.00425342,0.4253,-0.99574658,-99.5747
2025-10-07,erc1155,24,46,46,92,32550,0.00282642,0.2826,-0.99717358,-99.7174
2025-10-07,erc1155,25,9661,3862,13523,1213275,0.01114587,1.1146,-0.98885413,-98.8854
2025-10-07,erc1155,27,18410,1850,20260,1435061,0.01411787,1.4118,-0.98588213,-98.5882
2025-10-07,erc1155,28,2,2,4,29400,0.00013605,0.0136,-0.99986395,-99.9864
2025-10-07,erc1155,29,10650,19446,30096,1432200,0.02101382,2.1014,-0.97898618,-97.8986
2025-10-07,erc1155,3,628,628,1256,165356,0.00759573,0.7596,-0.99240427,-99.2404
2025-10-07,erc1155,30,1134,1645,2779,30975,0.08971751,8.9718,-0.91028249,-91.0282
2025-10-07,erc1155,4,1261,667,1928,238409,0.00808694,0.8087,-0.99191306,-99.1913
2025-10-07,erc1155,5,58,58,116,38010,0.00305183,0.3052,-0.99694817,-99.6948
2025-10-07,erc1155,6,75,75,150,445200,0.00033693,0.0337,-0.99966307,-99.9663
2025-10-07,erc1155,7,43,43,86,33663,0.00255473,0.2555,-0.99744527,-99.7445
2025-10-07,erc1155,8,68,68,136,26775,0.00507937,0.5079,-0.99492063,-99.4921
2025-10-07,erc1155,9,1531,635,2166,308553,0.00701986,0.7020,-0.99298014,-99.2980
2025-10-08,erc1155,10,309,309,618,33075,0.01868481,1.8685,-0.98131519,-98.1315
2025-10-08,erc1155,11,75,75,150,692451,0.00021662,0.0217,-0.99978338,-99.9783
2025-10-08,erc1155,12,1366,1366,2732,444140,0.00615121,0.6151,-0.99384879,-99.3849
2025-10-08,erc1155,13,428,428,856,648943,0.00131907,0.1319,-0.99868093,-99.8681
2025-10-08,erc1155,14,59,59,118,31500,0.00374603,0.3746,-0.99625397,-99.6254
2025-10-08,erc1155,16,530,530,1060,626260,0.00169259,0.1693,-0.99830741,-99.8307
2025-10-08,erc1155,17,3067,1003,4070,522584,0.00778822,0.7788,-0.99221178,-99.2212
2025-10-08,erc1155,18,3098,2704,5802,706912,0.00820753,0.8208,-0.99179247,-99.1792
2025-10-08,erc1155,19,39,39,78,445200,0.00017520,0.0175,-0.99982480,-99.9825
2025-10-08,erc1155,20,1799,804,2603,619080,0.00420463,0.4205,-0.99579537,-99.5795
2025-10-08,erc1155,22,185,185,370,641539,0.00057674,0.0577,-0.99942326,-99.9423
2025-10-08,erc1155,23,1887,5522,7409,741286,0.00999479,0.9995,-0.99000521,-99.0005
2025-10-08,erc1155,25,1476,7349,8825,1213275,0.00727370,0.7274,-0.99272630,-99.2726
2025-10-08,erc1155,27,13932,12324,26256,1435061,0.01829609,1.8296,-0.98170391,-98.1704
2025-10-08,erc1155,28,1,1,2,29400,0.00006803,0.0068,-0.99993197,-99.9932
2025-10-08,erc1155,29,12716,11035,23751,1432200,0.01658358,1.6584,-0.98341642,-98.3416
2025-10-08,erc1155,3,320,169,489,165356,0.00295726,0.2957,-0.99704274,-99.7043
2025-10-08,erc1155,30,57,74,131,30975,0.00422922,0.4229,-0.99577078,-99.5771
2025-10-08,erc1155,4,865,929,1794,238409,0.00752488,0.7525,-0.99247512,-99.2475
2025-10-08,erc1155,5,16,17,33,38010,0.00086819,0.0868,-0.99913181,-99.9132
2025-10-08,erc1155,6,5,5,10,445200,0.00002246,0.0022,-0.99997754,-99.9978
2025-10-08,erc1155,7,14,4,18,33663,0.00053471,0.0535,-0.99946529,-99.9465
2025-10-08,erc1155,8,42,42,84,26775,0.00313725,0.3137,-0.99686275,-99.6863
2025-10-08,erc1155,9,343,350,693,308553,0.00224597,0.2246,-0.99775403,-99.7754
2025-10-09,erc1155,10,35,35,70,33075,0.00211640,0.2116,-0.99788360,-99.7884
2025-10-09,erc1155,11,3841,3841,7682,692451,0.01109393,1.1094,-0.98890607,-98.8906
2025-10-09,erc1155,12,1077,1077,2154,444140,0.00484982,0.4850,-0.99515018,-99.5150
2025-10-09,erc1155,13,1769,1769,3538,648943,0.00545194,0.5452,-0.99454806,-99.4548
2025-10-09,erc1155,14,32,32,64,31500,0.00203175,0.2032,-0.99796825,-99.7968
2025-10-09,erc1155,16,2375,2375,4750,626260,0.00758471,0.7585,-0.99241529,-99.2415
2025-10-09,erc1155,17,2393,1554,3947,522584,0.00755285,0.7553,-0.99244715,-99.2447
2025-10-09,erc1155,18,6784,2736,9520,706912,0.01346702,1.3467,-0.98653298,-98.6533
2025-10-09,erc1155,19,1000,1000,2000,445200,0.00449236,0.4492,-0.99550764,-99.5508
2025-10-09,erc1155,20,2918,2233,5151,619080,0.00832041,0.8320,-0.99167959,-99.1680
2025-10-09,erc1155,22,4510,4510,9020,641539,0.01405994,1.4060,-0.98594006,-98.5940
2025-10-09,erc1155,23,762,756,1518,741286,0.00204779,0.2048,-0.99795221,-99.7952
2025-10-09,erc1155,24,693,693,1386,32550,0.04258065,4.2581,-0.95741935,-95.7419
2025-10-09,erc1155,25,3826,4313,8139,1213275,0.00670829,0.6708,-0.99329171,-99.3292
2025-10-09,erc1155,27,16815,7538,24353,1435061,0.01697001,1.6970,-0.98302999,-98.3030
2025-10-09,erc1155,28,35,35,70,29400,0.00238095,0.2381,-0.99761905,-99.7619
2025-10-09,erc1155,29,19666,21818,41484,1432200,0.02896523,2.8965,-0.97103477,-97.1035
2025-10-09,erc1155,3,60,60,120,165356,0.00072571,0.0726,-0.99927429,-99.9274
2025-10-09,erc1155,30,1331,2387,3718,30975,0.12003228,12.0032,-0.87996772,-87.9968
2025-10-09,erc1155,4,1336,490,1826,238409,0.00765911,0.7659,-0.99234089,-99.2341
2025-10-09,erc1155,5,72,72,144,38010,0.00378848,0.3788,-0.99621152,-99.6212
2025-10-09,erc1155,6,2224,2224,4448,445200,0.00999102,0.9991,-0.99000898,-99.0009
2025-10-09,erc1155,7,53,63,116,33663,0.00344592,0.3446,-0.99655408,-99.6554
2025-10-09,erc1155,8,101,101,202,26775,0.00754435,0.7544,-0.99245565,-99.2456
2025-10-09,erc1155,9,1852,1135,2987,308553,0.00968067,0.9681,-0.99031933,-99.0319
2025-10-10,erc1155,10,17,17,34,33075,0.00102797,0.1028,-0.99897203,-99.8972
2025-10-10,erc1155,11,2482,2482,4964,692451,0.00716874,0.7169,-0.99283126,-99.2831
2025-10-10,erc1155,12,296,296,592,444140,0.00133291,0.1333,-0.99866709,-99.8667
2025-10-10,erc1155,13,1756,1756,3512,648943,0.00541188,0.5412,-0.99458812,-99.4588
2025-10-10,erc1155,14,21,21,42,31500,0.00133333,0.1333,-0.99866667,-99.8667
2025-10-10,erc1155,16,2463,2463,4926,626260,0.00786574,0.7866,-0.99213426,-99.2134
2025-10-10,erc1155,17,242,1476,1718,522584,0.00328751,0.3288,-0.99671249,-99.6712
2025-10-10,erc1155,18,1419,3975,5394,706912,0.00763037,0.7630,-0.99236963,-99.2370
2025-10-10,erc1155,19,85,85,170,445200,0.00038185,0.0382,-0.99961815,-99.9618
2025-10-10,erc1155,20,1199,1200,2399,619080,0.00387510,0.3875,-0.99612490,-99.6125
2025-10-10,erc1155,22,880,880,1760,641539,0.00274340,0.2743,-0.99725660,-99.7257
2025-10-10,erc1155,23,761,421,1182,741286,0.00159453,0.1595,-0.99840547,-99.8405
2025-10-10,erc1155,24,62,62,124,32550,0.00380952,0.3810,-0.99619048,-99.6190
2025-10-10,erc1155,25,2570,7061,9631,1213275,0.00793802,0.7938,-0.99206198,-99.2062
2025-10-10,erc1155,27,17042,6100,23142,1435061,0.01612614,1.6126,-0.98387386,-98.3874
2025-10-10,erc1155,28,9,9,18,29400,0.00061224,0.0612,-0.99938776,-99.9388
2025-10-10,erc1155,29,8613,8042,16655,1432200,0.01162896,1.1629,-0.98837104,-98.8371
2025-10-10,erc1155,3,404,319,723,165356,0.00437238,0.4372,-0.99562762,-99.5628
2025-10-10,erc1155,30,515,1462,1977,30975,0.06382567,6.3826,-0.93617433,-93.6174
2025-10-10,erc1155,4,64,64,128,238409,0.00053689,0.0537,-0.99946311,-99.9463
2025-10-10,erc1155,5,34,34,68,38010,0.00178900,0.1789,-0.99821100,-99.8211
2025-10-10,erc1155,6,3514,3514,7028,445200,0.01578616,1.5786,-0.98421384,-98.4214
2025-10-10,erc1155,7,47,47,94,33663,0.00279238,0.2792,-0.99720762,-99.7208
2025-10-10,erc1155,8,29,29,58,26775,0.00216620,0.2166,-0.99783380,-99.7834
2025-10-10,erc1155,9,311,796,1107,308553,0.00358771,0.3588,-0.99641229,-99.6412
2025-10-11,erc1155,10,124,124,248,33075,0.00749811,0.7498,-0.99250189,-99.2502
2025-10-11,erc1155,11,329,329,658,692451,0.00095025,0.0950,-0.99904975,-99.9050
2025-10-11,erc1155,12,1340,1340,2680,444140,0.00603413,0.6034,-0.99396587,-99.3966
2025-10-11,erc1155,13,46,46,92,648943,0.00014177,0.0142,-0.99985823,-99.9858
2025-10-11,erc1155,14,7,7,14,31500,0.00044444,0.0444,-0.99955556,-99.9556
2025-10-11,erc1155,16,271,271,542,626260,0.00086546,0.0865,-0.99913454,-99.9135
2025-10-11,erc1155,17,222,222,444,522584,0.00084962,0.0850,-0.99915038,-99.9150
2025-10-11,erc1155,18,102,102,204,706912,0.00028858,0.0289,-0.99971142,-99.9711
2025-10-11,erc1155,19,834,834,1668,445200,0.00374663,0.3747,-0.99625337,-99.6253
2025-10-11,erc1155,20,567,574,1141,619080,0.00184306,0.1843,-0.99815694,-99.8157
2025-10-11,erc1155,22,2417,2417,4834,641539,0.00753501,0.7535,-0.99246499,-99.2465
2025-10-11,erc1155,23,1355,1654,3009,741286,0.00405916,0.4059,-0.99594084,-99.5941
2025-10-11,erc1155,24,565,565,1130,32550,0.03471582,3.4716,-0.96528418,-96.5284
2025-10-11,erc1155,25,1759,3362,5121,1213275,0.00422081,0.4221,-0.99577919,-99.5779
2025-10-11,erc1155,27,11130,11141,22271,1435061,0.01551920,1.5519,-0.98448080,-98.4481
2025-10-11,erc1155,28,151,151,302,29400,0.01027211,1.0272,-0.98972789,-98.9728
2025-10-11,erc1155,29,7972,8720,16692,1432200,0.01165480,1.1655,-0.98834520,-98.8345
2025-10-11,erc1155,3,270,355,625,165356,0.00377972,0.3780,-0.99622028,-99.6220
2025-10-11,erc1155,30,350,897,1247,30975,0.04025827,4.0258,-0.95974173,-95.9742
2025-10-11,erc1155,4,75,75,150,238409,0.00062917,0.0629,-0.99937083,-99.9371
2025-10-11,erc1155,5,258,258,516,38010,0.01357537,1.3575,-0.98642463,-98.6425
2025-10-11,erc1155,6,13,13,26,445200,0.00005840,0.0058,-0.99994160,-99.9942
2025-10-11,erc1155,7,51,51,102,33663,0.00303003,0.3030,-0.99696997,-99.6970
2025-10-11,erc1155,8,232,232,464,26775,0.01732960,1.7330,-0.98267040,-98.2670
2025-10-11,erc1155,9,352,362,714,308553,0.00231403,0.2314,-0.99768597,-99.7686
2025-10-12,erc1155,10,15,15,30,33075,0.00090703,0.0907,-0.99909297,-99.9093
2025-10-12,erc1155,11,455,455,910,692451,0.00131417,0.1314,-0.99868583,-99.8686
2025-10-12,erc1155,12,2165,2165,4330,444140,0.00974918,0.9749,-0.99025082,-99.0251
2025-10-12,erc1155,13,95,95,190,648943,0.00029278,0.0293,-0.99970722,-99.9707
2025-10-12,erc1155,14,4,4,8,31500,0.00025397,0.0254,-0.99974603,-99.9746
2025-10-12,erc1155,16,4667,4667,9334,626260,0.01490435,1.4904,-0.98509565,-98.5096
2025-10-12,erc1155,17,1745,7180,8925,522584,0.01707859,1.7079,-0.98292141,-98.2921
2025-10-12,erc1155,18,803,5096,5899,706912,0.00834474,0.8345,-0.99165526,-99.1655
2025-10-12,erc1155,19,127,127,254,445200,0.00057053,0.0571,-0.99942947,-99.9429
2025-10-12,erc1155,20,292,207,499,619080,0.00080603,0.0806,-0.99919397,-99.9194
2025-10-12,erc1155,22,237,237,474,641539,0.00073885,0.0739,-0.99926115,-99.9261
2025-10-12,erc1155,23,814,861,1675,741286,0.00225959,0.2260,-0.99774041,-99.7740
2025-10-12,erc1155,24,14,14,28,32550,0.00086022,0.0860,-0.99913978,-99.9140
2025-10-12,erc1155,25,1996,1108,3104,1213275,0.00255836,0.2558,-0.99744164,-99.7442
2025-10-12,erc1155,27,15872,16008,31880,1435061,0.02221508,2.2215,-0.97778492,-97.7785
2025-10-12,erc1155,28,108,108,216,29400,0.00734694,0.7347,-0.99265306,-99.2653
2025-10-12,erc1155,29,3903,3909,7812,1432200,0.00545455,0.5455,-0.99454545,-99.4545
2025-10-12,erc1155,3,4612,3780,8392,165356,0.05075111,5.0751,-0.94924889,-94.9249
2025-10-12,erc1155,30,540,1854,2394,30975,0.07728814,7.7288,-0.92271186,-92.2712
2025-10-12,erc1155,4,50,50,100,238409,0.00041945,0.0419,-0.99958055,-99.9581
2025-10-12,erc1155,5,12,10,22,38010,0.00057880,0.0579,-0.99942120,-99.9421
2025-10-12,erc1155,6,662,662,1324,445200,0.00297394,0.2974,-0.99702606,-99.7026
2025-10-12,erc1155,7,14,14,28,33663,0.00083177,0.0832,-0.99916823,-99.9168
2025-10-12,erc1155,8,4,4,8,26775,0.00029879,0.0299,-0.99970121,-99.9701
2025-10-12,erc1155,9,100,110,210,308553,0.00068060,0.0681,-0.99931940,-99.9319
2025-10-13,erc1155,10,20,20,40,33075,0.00120937,0.1209,-0.99879063,-99.8791
2025-10-13,erc1155,11,1008,1008,2016,692451,0.00291140,0.2911,-0.99708860,-99.7089
2025-10-13,erc1155,12,642,642,1284,444140,0.00289098,0.2891,-0.99710902,-99.7109
2025-10-13,erc1155,13,115,115,230,648943,0.00035442,0.0354,-0.99964558,-99.9646
2025-10-13,erc1155,14,69,69,138,31500,0.00438095,0.4381,-0.99561905,-99.5619
2025-10-13,erc1155,16,1998,1998,3996,626260,0.00638074,0.6381,-0.99361926,-99.3619
2025-10-13,erc1155,17,569,569,1138,522584,0.00217764,0.2178,-0.99782236,-99.7822
2025-10-13,erc1155,18,2185,2185,4370,706912,0.00618182,0.6182,-0.99381818,-99.3818
2025-10-13,erc1155,19,411,411,822,445200,0.00184636,0.1846,-0.99815364,-99.8154
2025-10-13,erc1155,20,3121,5112,8233,619080,0.01329877,1.3299,-0.98670123,-98.6701
2025-10-13,erc1155,22,972,972,1944,641539,0.00303021,0.3030,-0.99696979,-99.6970
2025-10-13,erc1155,23,1836,1836,3672,741286,0.00495355,0.4954,-0.99504645,-99.5046
2025-10-13,erc1155,24,413,413,826,32550,0.02537634,2.5376,-0.97462366,-97.4624
2025-10-13,erc1155,25,4599,5840,10439,1213275,0.00860399,0.8604,-0.99139601,-99.1396
2025-10-13,erc1155,27,29806,14511,44317,1435061,0.03088161,3.0882,-0.96911839,-96.9118
2025-10-13,erc1155,28,158,158,316,29400,0.01074830,1.0748,-0.98925170,-98.9252
2025-10-13,erc1155,29,12395,6141,18536,1432200,0.01294233,1.2942,-0.98705767,-98.7058
2025-10-13,erc1155,3,644,1627,2271,165356,0.01373400,1.3734,-0.98626600,-98.6266
2025-10-13,erc1155,30,128,128,256,30975,0.00826473,0.8265,-0.99173527,-99.1735
2025-10-13,erc1155,4,1014,918,1932,238409,0.00810372,0.8104,-0.99189628,-99.1896
2025-10-13,erc1155,5,67,69,136,38010,0.00357801,0.3578,-0.99642199,-99.6422
2025-10-13,erc1155,6,9,9,18,445200,0.00004043,0.0040,-0.99995957,-99.9960
2025-10-13,erc1155,7,57,57,114,33663,0.00338651,0.3387,-0.99661349,-99.6613
2025-10-13,erc1155,8,29,29,58,26775,0.00216620,0.2166,-0.99783380,-99.7834
2025-10-13,erc1155,9,10639,10639,21278,308553,0.06896060,6.8961,-0.93103940,-93.1039
2025-10-14,erc1155,10,50,50,100,33075,0.00302343,0.3023,-0.99697657,-99.6977
2025-10-14,erc1155,11,354,354,708,692451,0.00102246,0.1022,-0.99897754,-99.8978
2025-10-14,erc1155,12,1535,1535,3070,444140,0.00691223,0.6912,-0.99308777,-99.3088
2025-10-14,erc1155,13,1646,1646,3292,648943,0.00507286,0.5073,-0.99492714,-99.4927
2025-10-14,erc1155,14,61,61,122,31500,0.00387302,0.3873,-0.99612698,-99.6127
2025-10-14,erc1155,16,1114,1114,2228,626260,0.00355763,0.3558,-0.99644237,-99.6442
2025-10-14,erc1155,17,755,746,1501,522584,0.00287227,0.2872,-0.99712773,-99.7128
2025-10-14,erc1155,18,412,412,824,706912,0.00116563,0.1166,-0.99883437,-99.8834
2025-10-14,erc1155,19,603,603,1206,445200,0.00270889,0.2709,-0.99729111,-99.7291
2025-10-14,erc1155,20,2750,2748,5498,619080,0.00888092,0.8881,-0.99111908,-99.1119
2025-10-14,erc1155,22,1535,1535,3070,641539,0.00478537,0.4785,-0.99521463,-99.5215
2025-10-14,erc1155,23,2055,1378,3433,741286,0.00463114,0.4631,-0.99536886,-99.5369
2025-10-14,erc1155,24,23,23,46,32550,0.00141321,0.1413,-0.99858679,-99.8587
2025-10-14,erc1155,25,2950,3665,6615,1213275,0.00545219,0.5452,-0.99454781,-99.4548
2025-10-14,erc1155,27,4614,9139,13753,1435061,0.00958356,0.9584,-0.99041644,-99.0416
2025-10-14,erc1155,28,101,101,202,29400,0.00687075,0.6871,-0.99312925,-99.3129
2025-10-14,erc1155,29,6891,10051,16942,1432200,0.01182935,1.1829,-0.98817065,-98.8171
2025-10-14,erc1155,3,105,105,210,165356,0.00126999,0.1270,-0.99873001,-99.8730
2025-10-14,erc1155,30,122,122,244,30975,0.00787732,0.7877,-0.99212268,-99.2123
2025-10-14,erc1155,4,309,405,714,238409,0.00299485,0.2995,-0.99700515,-99.7005
2025-10-14,erc1155,5,19,19,38,38010,0.00099974,0.1000,-0.99900026,-99.9000
2025-10-14,erc1155,6,332,332,664,445200,0.00149146,0.1491,-0.99850854,-99.8509
2025-10-14,erc1155,7,23,23,46,33663,0.00136649,0.1366,-0.99863351,-99.8634
2025-10-14,erc1155,8,3,3,6,26775,0.00022409,0.0224,-0.99977591,-99.9776
2025-10-14,erc1155,9,925,670,1595,308553,0.00516929,0.5169,-0.99483071,-99.4831
2025-10-15,erc1155,10,12,12,24,33075,0.00072562,0.0726,-0.99927438,-99.9274
2025-10-15,erc1155,11,64,64,128,692451,0.00018485,0.0185,-0.99981515,-99.9815
2025-10-15,erc1155,12,967,967,1934,444140,0.00435448,0.4354,-0.99564552,-99.5646
2025-10-15,erc1155,13,249,249,498,648943,0.00076740,0.0767,-0.99923260,-99.9233
2025-10-15,erc1155,14,2,2,4,31500,0.00012698,0.0127,-0.99987302,-99.9873
2025-10-15,erc1155,16,85,85,170,626260,0.00027145,0.0271,-0.99972855,-99.9729
2025-10-15,erc1155,17,736,745,1481,522584,0.00283399,0.2834,-0.99716601,-99.7166
2025-10-15,erc1155,18,1962,1951,3913,706912,0.00553534,0.5535,-0.99446466,-99.4465
2025-10-15,erc1155,19,304,304,608,445200,0.00136568,0.1366,-0.99863432,-99.8634
2025-10-15,erc1155,20,1135,1519,2654,619080,0.00428701,0.4287,-0.99571299,-99.5713
2025-10-15,erc1155,22,399,399,798,641539,0.00124388,0.1244,-0.99875612,-99.8756
2025-10-15,erc1155,23,1586,843,2429,741286,0.00327674,0.3277,-0.99672326,-99.6723
2025-10-15,erc1155,24,40,40,80,32550,0.00245776,0.2458,-0.99754224,-99.7542
2025-10-15,erc1155,25,2957,2984,5941,1213275,0.00489666,0.4897,-0.99510334,-99.5103
2025-10-15,erc1155,27,21604,4149,25753,1435061,0.01794558,1.7946,-0.98205442,-98.2054
2025-10-15,erc1155,28,29,29,58,29400,0.00197279,0.1973,-0.99802721,-99.8027
2025-10-15,erc1155,29,32780,32111,64891,1432200,0.04530862,4.5309,-0.95469138,-95.4691
2025-10-15,erc1155,3,185,185,370,165356,0.00223760,0.2238,-0.99776240,-99.7762
2025-10-15,erc1155,30,123,103,226,30975,0.00729621,0.7296,-0.99270379,-99.2704
2025-10-15,erc1155,4,113,113,226,238409,0.00094795,0.0948,-0.99905205,-99.9052
2025-10-15,erc1155,5,3,3,6,38010,0.00015785,0.0158,-0.99984215,-99.9842
2025-10-15,erc1155,6,98,98,196,445200,0.00044025,0.0440,-0.99955975,-99.9560
2025-10-15,erc1155,7,143,143,286,33663,0.00849597,0.8496,-0.99150403,-99.1504
2025-10-15,erc1155,8,51,51,102,26775,0.00380952,0.3810,-0.99619048,-99.6190
2025-10-15,erc1155,9,326,490,816,308553,0.00264460,0.2645,-0.99735540,-99.7355
2025-10-16,erc1155,10,64,64,128,33075,0.00386999,0.3870,-0.99613001,-99.6130
2025-10-16,erc1155,11,964,951,1915,692451,0.00276554,0.2766,-0.99723446,-99.7234
2025-10-16,erc1155,12,10561,9554,20115,444140,0.04528977,4.5290,-0.95471023,-95.4710
2025-10-16,erc1155,13,1285,1285,2570,648943,0.00396029,0.3960,-0.99603971,-99.6040
2025-10-16,erc1155,14,213,207,420,31500,0.01333333,1.3333,-0.98666667,-98.6667
2025-10-16,erc1155,16,1521,1521,3042,626260,0.00485741,0.4857,-0.99514259,-99.5143
2025-10-16,erc1155,17,3408,3017,6425,522584,0.01229467,1.2295,-0.98770533,-98.7705
2025-10-16,erc1155,18,3949,1814,5763,706912,0.00815236,0.8152,-0.99184764,-99.1848
2025-10-16,erc1155,19,1829,1804,3633,445200,0.00816038,0.8160,-0.99183962,-99.1840
2025-10-16,erc1155,20,750,6704,7454,619080,0.01204045,1.2040,-0.98795955,-98.7960
2025-10-16,erc1155,22,1199,3975,5174,641539,0.00806498,0.8065,-0.99193502,-99.1935
2025-10-16,erc1155,23,13720,4770,18490,741286,0.02494314,2.4943,-0.97505686,-97.5057
2025-10-16,erc1155,24,95,95,190,32550,0.00583717,0.5837,-0.99416283,-99.4163
2025-10-16,erc1155,25,40079,8727,48806,1213275,0.04022666,4.0227,-0.95977334,-95.9773
2025-10-16,erc1155,27,29163,102408,131571,1435061,0.09168321,9.1683,-0.90831679,-90.8317
2025-10-16,erc1155,28,5,5,10,29400,0.00034014,0.0340,-0.99965986,-99.9660
2025-10-16,erc1155,29,25177,28938,54115,1432200,0.03778453,3.7785,-0.96221547,-96.2215
2025-10-16,erc1155,3,1841,1309,3150,165356,0.01904981,1.9050,-0.98095019,-98.0950
2025-10-16,erc1155,30,188,207,395,30975,0.01275222,1.2752,-0.98724778,-98.7248
2025-10-16,erc1155,4,3100,1670,4770,238409,0.02000763,2.0008,-0.97999237,-97.9992
2025-10-16,erc1155,5,58,98,156,38010,0.00410418,0.4104,-0.99589582,-99.5896
2025-10-16,erc1155,6,13665,13665,27330,445200,0.06138814,6.1388,-0.93861186,-93.8612
2025-10-16,erc1155,7,118,109,227,33663,0.00674331,0.6743,-0.99325669,-99.3257
2025-10-16,erc1155,8,92,92,184,26775,0.00687208,0.6872,-0.99312792,-99.3128
2025-10-16,erc1155,9,3276,2912,6188,308553,0.02005490,2.0055,-0.97994510,-97.9945
2025-10-17,erc1155,10,239,229,468,33075,0.01414966,1.4150,-0.98585034,-98.5850
2025-10-17,erc1155,11,1072,1085,2157,692451,0.00311502,0.3115,-0.99688498,-99.6885
2025-10-17,erc1155,12,3582,4589,8171,444140,0.01839735,1.8397,-0.98160265,-98.1603
2025-10-17,erc1155,13,1812,1812,3624,648943,0.00558447,0.5584,-0.99441553,-99.4416
2025-10-17,erc1155,14,239,109,348,31500,0.01104762,1.1048,-0.98895238,-98.8952
2025-10-17,erc1155,16,3125,3125,6250,626260,0.00997988,0.9980,-0.99002012,-99.0020
2025-10-17,erc1155,17,10811,3464,14275,522584,0.02731618,2.7316,-0.97268382,-97.2684
2025-10-17,erc1155,18,7962,1359,9321,706912,0.01318552,1.3186,-0.98681448,-98.6814
2025-10-17,erc1155,19,1917,1942,3859,445200,0.00866801,0.8668,-0.99133199,-99.1332
2025-10-17,erc1155,20,3306,1942,5248,619080,0.00847710,0.8477,-0.99152290,-99.1523
2025-10-17,erc1155,22,1133,1134,2267,641539,0.00353369,0.3534,-0.99646631,-99.6466
2025-10-17,erc1155,23,13866,4102,17968,741286,0.02423896,2.4239,-0.97576104,-97.5761
2025-10-17,erc1155,24,535,499,1034,32550,0.03176651,3.1767,-0.96823349,-96.8233
2025-10-17,erc1155,25,28292,43228,71520,1213275,0.05894789,5.8948,-0.94105211,-94.1052
2025-10-17,erc1155,27,9921,36778,46699,1435061,0.03254147,3.2541,-0.96745853,-96.7459
2025-10-17,erc1155,28,88,88,176,29400,0.00598639,0.5986,-0.99401361,-99.4014
2025-10-17,erc1155,29,14491,14485,28976,1432200,0.02023181,2.0232,-0.97976819,-97.9768
2025-10-17,erc1155,3,921,1453,2374,165356,0.01435690,1.4357,-0.98564310,-98.5643
2025-10-17,erc1155,30,403,404,807,30975,0.02605327,2.6053,-0.97394673,-97.3947
2025-10-17,erc1155,31,121,14535,14656,29400,0.49850340,49.8503,-0.50149660,-50.1497
2025-10-17,erc1155,4,2381,3405,5786,238409,0.02426922,2.4269,-0.97573078,-97.5731
2025-10-17,erc1155,5,202,203,405,38010,0.01065509,1.0655,-0.98934491,-98.9345
2025-10-17,erc1155,6,1230,1230,2460,445200,0.00552561,0.5526,-0.99447439,-99.4474
2025-10-17,erc1155,7,92,32,124,33663,0.00368357,0.3684,-0.99631643,-99.6316
2025-10-17,erc1155,8,58,49,107,26775,0.00399627,0.3996,-0.99600373,-99.6004
2025-10-17,erc1155,9,2242,3959,6201,308553,0.02009703,2.0097,-0.97990297,-97.9903
2025-10-18,erc1155,10,411,421,832,33075,0.02515495,2.5155,-0.97484505,-97.4845
2025-10-18,erc1155,11,185,185,370,692451,0.00053433,0.0534,-0.99946567,-99.9466
2025-10-18,erc1155,12,1639,1075,2714,444140,0.00611069,0.6111,-0.99388931,-99.3889
2025-10-18,erc1155,13,2497,2497,4994,648943,0.00769559,0.7696,-0.99230441,-99.2304
2025-10-18,erc1155,14,78,214,292,31500,0.00926984,0.9270,-0.99073016,-99.0730
2025-10-18,erc1155,16,3194,3194,6388,626260,0.01020024,1.0200,-0.98979976,-98.9800
2025-10-18,erc1155,17,2562,2316,4878,522584,0.00933438,0.9334,-0.99066562,-99.0666
2025-10-18,erc1155,18,16663,3185,19848,706912,0.02807704,2.8077,-0.97192296,-97.1923
2025-10-18,erc1155,19,2108,863,2971,445200,0.00667341,0.6673,-0.99332659,-99.3327
2025-10-18,erc1155,20,10990,5834,16824,619080,0.02717581,2.7176,-0.97282419,-97.2824
2025-10-18,erc1155,22,1763,1622,3385,641539,0.00527637,0.5276,-0.99472363,-99.4724
2025-10-18,erc1155,23,6831,21775,28606,741286,0.03858969,3.8590,-0.96141031,-96.1410
2025-10-18,erc1155,24,91,125,216,32550,0.00663594,0.6636,-0.99336406,-99.3364
2025-10-18,erc1155,25,11003,4900,15903,1213275,0.01310750,1.3107,-0.98689250,-98.6893
2025-10-18,erc1155,27,17308,16576,33884,1435061,0.02361154,2.3612,-0.97638846,-97.6388
2025-10-18,erc1155,28,22,22,44,29400,0.00149660,0.1497,-0.99850340,-99.8503
2025-10-18,erc1155,29,5665,2312,7977,1432200,0.00556975,0.5570,-0.99443025,-99.4430
2025-10-18,erc1155,3,506,398,904,165356,0.00546699,0.5467,-0.99453301,-99.4533
2025-10-18,erc1155,30,248,248,496,30975,0.01601291,1.6013,-0.98398709,-98.3987
2025-10-18,erc1155,31,255,11292,11547,29400,0.39275510,39.2755,-0.60724490,-60.7245
2025-10-18,erc1155,4,141,89,230,238409,0.00096473,0.0965,-0.99903527,-99.9035
2025-10-18,erc1155,5,17,17,34,38010,0.00089450,0.0895,-0.99910550,-99.9105
2025-10-18,erc1155,6,227,227,454,445200,0.00101977,0.1020,-0.99898023,-99.8980
2025-10-18,erc1155,7,174,243,417,33663,0.01238749,1.2387,-0.98761251,-98.7613
2025-10-18,erc1155,8,176,123,299,26775,0.01116713,1.1167,-0.98883287,-98.8833
2025-10-18,erc1155,9,1593,1470,3063,308553,0.00992698,0.9927,-0.99007302,-99.0073
2025-10-19,erc1155,10,329,183,512,33075,0.01547997,1.5480,-0.98452003,-98.4520
2025-10-19,erc1155,11,622,622,1244,692451,0.00179652,0.1797,-0.99820348,-99.8203
2025-10-19,erc1155,12,880,1444,2324,444140,0.00523258,0.5233,-0.99476742,-99.4767
2025-10-19,erc1155,13,901,901,1802,648943,0.00277682,0.2777,-0.99722318,-99.7223
2025-10-19,erc1155,14,18,18,36,31500,0.00114286,0.1143,-0.99885714,-99.8857
2025-10-19,erc1155,16,406,406,812,626260,0.00129659,0.1297,-0.99870341,-99.8703
2025-10-19,erc1155,17,786,122,908,522584,0.00173752,0.1738,-0.99826248,-99.8262
2025-10-19,erc1155,18,1123,1331,2454,706912,0.00347144,0.3471,-0.99652856,-99.6529
2025-10-19,erc1155,19,1317,1317,2634,445200,0.00591644,0.5916,-0.99408356,-99.4084
2025-10-19,erc1155,20,1548,5280,6828,619080,0.01102927,1.1029,-0.98897073,-98.8971
2025-10-19,erc1155,22,1165,1302,2467,641539,0.00384544,0.3845,-0.99615456,-99.6155
2025-10-19,erc1155,23,1025,280,1305,741286,0.00176045,0.1760,-0.99823955,-99.8240
2025-10-19,erc1155,24,57,59,116,32550,0.00356375,0.3564,-0.99643625,-99.6436
2025-10-19,erc1155,25,4742,6198,10940,1213275,0.00901692,0.9017,-0.99098308,-99.0983
2025-10-19,erc1155,27,4719,3784,8503,1435061,0.00592518,0.5925,-0.99407482,-99.4075
2025-10-19,erc1155,28,21,21,42,29400,0.00142857,0.1429,-0.99857143,-99.8571
2025-10-19,erc1155,29,5247,3184,8431,1432200,0.00588675,0.5887,-0.99411325,-99.4113
2025-10-19,erc1155,3,1161,304,1465,165356,0.00885967,0.8860,-0.99114033,-99.1140
2025-10-19,erc1155,30,1493,178,1671,30975,0.05394673,5.3947,-0.94605327,-94.6053
2025-10-19,erc1155,31,84,2712,2796,29400,0.09510204,9.5102,-0.90489796,-90.4898
2025-10-19,erc1155,4,696,128,824,238409,0.00345625,0.3456,-0.99654375,-99.6544
2025-10-19,erc1155,5,18,18,36,38010,0.00094712,0.0947,-0.99905288,-99.9053
2025-10-19,erc1155,6,421,421,842,445200,0.00189128,0.1891,-0.99810872,-99.8109
2025-10-19,erc1155,7,9,9,18,33663,0.00053471,0.0535,-0.99946529,-99.9465
2025-10-19,erc1155,8,5,67,72,26775,0.00268908,0.2689,-0.99731092,-99.7311
2025-10-19,erc1155,9,344,281,625,308553,0.00202558,0.2026,-0.99797442,-99.7974
2025-10-20,erc1155,10,35,181,216,33075,0.00653061,0.6531,-0.99346939,-99.3469
2025-10-20,erc1155,11,292,292,584,692451,0.00084338,0.0843,-0.99915662,-99.9157
2025-10-20,erc1155,12,1036,1036,2072,444140,0.00466520,0.4665,-0.99533480,-99.5335
2025-10-20,erc1155,13,272,272,544,648943,0.00083829,0.0838,-0.99916171,-99.9162
2025-10-20,erc1155,14,67,67,134,31500,0.00425397,0.4254,-0.99574603,-99.5746
2025-10-20,erc1155,16,228,228,456,626260,0.00072813,0.0728,-0.99927187,-99.9272
2025-10-20,erc1155,17,906,795,1701,522584,0.00325498,0.3255,-0.99674502,-99.6745
2025-10-20,erc1155,18,7107,525,7632,706912,0.01079625,1.0796,-0.98920375,-98.9204
2025-10-20,erc1155,19,295,295,590,445200,0.00132525,0.1325,-0.99867475,-99.8675
2025-10-20,erc1155,20,801,3600,4401,619080,0.00710894,0.7109,-0.99289106,-99.2891
2025-10-20,erc1155,22,434,438,872,641539,0.00135923,0.1359,-0.99864077,-99.8641
2025-10-20,erc1155,23,2481,8361,10842,741286,0.01462593,1.4626,-0.98537407,-98.5374
2025-10-20,erc1155,24,104,104,208,32550,0.00639017,0.6390,-0.99360983,-99.3610
2025-10-20,erc1155,25,4509,4747,9256,1213275,0.00762894,0.7629,-0.99237106,-99.2371
2025-10-20,erc1155,27,2209,2209,4418,1435061,0.00307861,0.3079,-0.99692139,-99.6921
2025-10-20,erc1155,28,7,7,14,29400,0.00047619,0.0476,-0.99952381,-99.9524
2025-10-20,erc1155,29,1938,4716,6654,1432200,0.00464600,0.4646,-0.99535400,-99.5354
2025-10-20,erc1155,3,193,1158,1351,165356,0.00817025,0.8170,-0.99182975,-99.1830
2025-10-20,erc1155,30,180,1495,1675,30975,0.05407587,5.4076,-0.94592413,-94.5924
2025-10-20,erc1155,31,264,1585,1849,29400,0.06289116,6.2891,-0.93710884,-93.7109
2025-10-20,erc1155,4,472,858,1330,238409,0.00557865,0.5579,-0.99442135,-99.4421
2025-10-20,erc1155,5,89,89,178,38010,0.00468298,0.4683,-0.99531702,-99.5317
2025-10-20,erc1155,6,130,130,260,445200,0.00058401,0.0584,-0.99941599,-99.9416
2025-10-20,erc1155,7,57,55,112,33663,0.00332710,0.3327,-0.99667290,-99.6673
2025-10-20,erc1155,8,1,1,2,26775,0.00007470,0.0075,-0.99992530,-99.9925
2025-10-20,erc1155,9,528,466,994,308553,0.00322149,0.3221,-0.99677851,-99.6779
2025-10-21,erc1155,10,8,1,9,33075,0.00027211,0.0272,-0.99972789,-99.9728
2025-10-21,erc1155,11,269,269,538,692451,0.00077695,0.0777,-0.99922305,-99.9223
2025-10-21,erc1155,12,2272,146,2418,444140,0.00544423,0.5444,-0.99455577,-99.4556
2025-10-21,erc1155,13,134,114,248,648943,0.00038216,0.0382,-0.99961784,-99.9618
2025-10-21,erc1155,14,7,6,13,31500,0.00041270,0.0413,-0.99958730,-99.9587
2025-10-21,erc1155,16,227,227,454,626260,0.00072494,0.0725,-0.99927506,-99.9275
2025-10-21,erc1155,17,1353,968,2321,522584,0.00444139,0.4441,-0.99555861,-99.5559
2025-10-21,erc1155,18,967,2800,3767,706912,0.00532881,0.5329,-0.99467119,-99.4671
2025-10-21,erc1155,19,62,62,124,445200,0.00027853,0.0279,-0.99972147,-99.9721
2025-10-21,erc1155,20,567,389,956,619080,0.00154423,0.1544,-0.99845577,-99.8456
2025-10-21,erc1155,22,975,871,1846,641539,0.00287746,0.2877,-0.99712254,-99.7123
2025-10-21,erc1155,23,3392,457,3849,741286,0.00519233,0.5192,-0.99480767,-99.4808
2025-10-21,erc1155,24,39,39,78,32550,0.00239631,0.2396,-0.99760369,-99.7604
2025-10-21,erc1155,25,5218,6215,11433,1213275,0.00942326,0.9423,-0.99057674,-99.0577
2025-10-21,erc1155,27,2327,2953,5280,1435061,0.00367929,0.3679,-0.99632071,-99.6321
2025-10-21,erc1155,28,6,6,12,29400,0.00040816,0.0408,-0.99959184,-99.9592
2025-10-21,erc1155,29,3635,5331,8966,1432200,0.00626030,0.6260,-0.99373970,-99.3740
2025-10-21,erc1155,3,246,182,428,165356,0.00258835,0.2588,-0.99741165,-99.7412
2025-10-21,erc1155,30,183,183,366,30975,0.01181598,1.1816,-0.98818402,-98.8184
2025-10-21,erc1155,31,121,121,242,29400,0.00823129,0.8231,-0.99176871,-99.1769
2025-10-21,erc1155,4,70,252,322,238409,0.00135062,0.1351,-0.99864938,-99.8649
2025-10-21,erc1155,5,8,0,8,38010,0.00021047,0.0210,-0.99978953,-99.9790
2025-10-21,erc1155,6,146,146,292,445200,0.00065588,0.0656,-0.99934412,-99.9344
2025-10-21,erc1155,7,45,27,72,33663,0.00213885,0.2139,-0.99786115,-99.7861
2025-10-21,erc1155,8,4,4,8,26775,0.00029879,0.0299,-0.99970121,-99.9701
2025-10-21,erc1155,9,291,443,734,308553,0.00237885,0.2379,-0.99762115,-99.7621
2025-10-22,erc1155,10,30,37,67,33075,0.00202570,0.2026,-0.99797430,-99.7974
2025-10-22,erc1155,11,146,146,292,692451,0.00042169,0.0422,-0.99957831,-99.9578
2025-10-22,erc1155,12,1174,3300,4474,444140,0.01007340,1.0073,-0.98992660,-98.9927
2025-10-22,erc1155,13,779,799,1578,648943,0.00243165,0.2432,-0.99756835,-99.7568
2025-10-22,erc1155,14,442,443,885,31500,0.02809524,2.8095,-0.97190476,-97.1905
2025-10-22,erc1155,16,318,318,636,626260,0.00101555,0.1016,-0.99898445,-99.8984
2025-10-22,erc1155,17,3579,1400,4979,522584,0.00952765,0.9528,-0.99047235,-99.0472
2025-10-22,erc1155,18,7376,8864,16240,706912,0.02297316,2.2973,-0.97702684,-97.7027
2025-10-22,erc1155,19,1473,1473,2946,445200,0.00661725,0.6617,-0.99338275,-99.3383
2025-10-22,erc1155,20,1439,1617,3056,619080,0.00493636,0.4936,-0.99506364,-99.5064
2025-10-22,erc1155,22,1457,1561,3018,641539,0.00470431,0.4704,-0.99529569,-99.5296
2025-10-22,erc1155,23,2020,3097,5117,741286,0.00690287,0.6903,-0.99309713,-99.3097
2025-10-22,erc1155,24,44,44,88,32550,0.00270353,0.2704,-0.99729647,-99.7296
2025-10-22,erc1155,25,10719,20443,31162,1213275,0.02568420,2.5684,-0.97431580,-97.4316
2025-10-22,erc1155,27,5461,5483,10944,1435061,0.00762616,0.7626,-0.99237384,-99.2374
2025-10-22,erc1155,28,128,128,256,29400,0.00870748,0.8707,-0.99129252,-99.1293
2025-10-22,erc1155,29,5128,6078,11206,1432200,0.00782433,0.7824,-0.99217567,-99.2176
2025-10-22,erc1155,3,1552,1616,3168,165356,0.01915866,1.9159,-0.98084134,-98.0841
2025-10-22,erc1155,30,433,433,866,30975,0.02795803,2.7958,-0.97204197,-97.2042
2025-10-22,erc1155,31,40,40,80,29400,0.00272109,0.2721,-0.99727891,-99.7279
2025-10-22,erc1155,4,663,663,1326,238409,0.00556187,0.5562,-0.99443813,-99.4438
2025-10-22,erc1155,5,49,57,106,38010,0.00278874,0.2789,-0.99721126,-99.7211
2025-10-22,erc1155,6,268,268,536,445200,0.00120395,0.1204,-0.99879605,-99.8796
2025-10-22,erc1155,7,49,69,118,33663,0.00350533,0.3505,-0.99649467,-99.6495
2025-10-22,erc1155,8,47,47,94,26775,0.00351074,0.3511,-0.99648926,-99.6489
2025-10-22,erc1155,9,1362,1410,2772,308553,0.00898387,0.8984,-0.99101613,-99.1016
2025-10-23,erc1155,10,18,18,36,33075,0.00108844,0.1088,-0.99891156,-99.8912
2025-10-23,erc1155,11,82,82,164,692451,0.00023684,0.0237,-0.99976316,-99.9763
2025-10-23,erc1155,12,1869,884,2753,444140,0.00619850,0.6198,-0.99380150,-99.3802
2025-10-23,erc1155,13,574,574,1148,648943,0.00176903,0.1769,-0.99823097,-99.8231
2025-10-23,erc1155,14,2,2,4,31500,0.00012698,0.0127,-0.99987302,-99.9873
2025-10-23,erc1155,16,546,546,1092,626260,0.00174368,0.1744,-0.99825632,-99.8256
2025-10-23,erc1155,17,657,5551,6208,522584,0.01187943,1.1879,-0.98812057,-98.8121
2025-10-23,erc1155,18,18482,25267,43749,706912,0.06188748,6.1887,-0.93811252,-93.8113
2025-10-23,erc1155,19,522,1767,2289,445200,0.00514151,0.5142,-0.99485849,-99.4858
2025-10-23,erc1155,20,398,398,796,619080,0.00128578,0.1286,-0.99871422,-99.8714
2025-10-23,erc1155,22,9236,9236,18472,641539,0.02879326,2.8793,-0.97120674,-97.1207
2025-10-23,erc1155,23,668,2461,3129,741286,0.00422104,0.4221,-0.99577896,-99.5779
2025-10-23,erc1155,24,42,42,84,32550,0.00258065,0.2581,-0.99741935,-99.7419
2025-10-23,erc1155,25,8825,8336,17161,1213275,0.01414436,1.4144,-0.98585564,-98.5856
2025-10-23,erc1155,27,6998,6448,13446,1435061,0.00936964,0.9370,-0.99063036,-99.0630
2025-10-23,erc1155,28,13,13,26,29400,0.00088435,0.0884,-0.99911565,-99.9116
2025-10-23,erc1155,29,1570,1570,3140,1432200,0.00219243,0.2192,-0.99780757,-99.7808
2025-10-23,erc1155,3,97,97,194,165356,0.00117323,0.1173,-0.99882677,-99.8827
2025-10-23,erc1155,30,74,74,148,30975,0.00477805,0.4778,-0.99522195,-99.5222
2025-10-23,erc1155,31,51,51,102,29400,0.00346939,0.3469,-0.99653061,-99.6531
2025-10-23,erc1155,4,579,1862,2441,238409,0.01023871,1.0239,-0.98976129,-98.9761
2025-10-23,erc1155,5,22,22,44,38010,0.00115759,0.1158,-0.99884241,-99.8842
2025-10-23,erc1155,6,305,305,610,445200,0.00137017,0.1370,-0.99862983,-99.8630
2025-10-23,erc1155,7,14,14,28,33663,0.00083177,0.0832,-0.99916823,-99.9168
2025-10-23,erc1155,8,9,9,18,26775,0.00067227,0.0672,-0.99932773,-99.9328
2025-10-23,erc1155,9,798,492,1290,308553,0.00418081,0.4181,-0.99581919,-99.5819
2025-10-24,erc1155,10,50,46,96,33075,0.00290249,0.2902,-0.99709751,-99.7098
2025-10-24,erc1155,11,205,205,410,692451,0.00059210,0.0592,-0.99940790,-99.9408
2025-10-24,erc1155,12,513,1495,2008,444140,0.00452110,0.4521,-0.99547890,-99.5479
2025-10-24,erc1155,13,201,201,402,648943,0.00061947,0.0619,-0.99938053,-99.9381
2025-10-24,erc1155,14,9,9,18,31500,0.00057143,0.0571,-0.99942857,-99.9429
2025-10-24,erc1155,16,1121,1121,2242,626260,0.00357998,0.3580,-0.99642002,-99.6420
2025-10-24,erc1155,17,1936,993,2929,522584,0.00560484,0.5605,-0.99439516,-99.4395
2025-10-24,erc1155,18,7490,9602,17092,706912,0.02417840,2.4178,-0.97582160,-97.5822
2025-10-24,erc1155,19,2635,1081,3716,445200,0.00834681,0.8347,-0.99165319,-99.1653
2025-10-24,erc1155,20,812,794,1606,619080,0.00259417,0.2594,-0.99740583,-99.7406
2025-10-24,erc1155,22,6169,2579,8748,641539,0.01363596,1.3636,-0.98636404,-98.6364
2025-10-24,erc1155,23,1397,1068,2465,741286,0.00332530,0.3325,-0.99667470,-99.6675
2025-10-24,erc1155,24,71,71,142,32550,0.00436252,0.4363,-0.99563748,-99.5637
2025-10-24,erc1155,25,7466,10937,18403,1213275,0.01516804,1.5168,-0.98483196,-98.4832
2025-10-24,erc1155,27,4331,4881,9212,1435061,0.00641924,0.6419,-0.99358076,-99.3581
2025-10-24,erc1155,28,69,69,138,29400,0.00469388,0.4694,-0.99530612,-99.5306
2025-10-24,erc1155,29,2344,2344,4688,1432200,0.00327329,0.3273,-0.99672671,-99.6727
2025-10-24,erc1155,3,469,469,938,165356,0.00567261,0.5673,-0.99432739,-99.4327
2025-10-24,erc1155,30,136,99,235,30975,0.00758676,0.7587,-0.99241324,-99.2413
2025-10-24,erc1155,31,687,159,846,29400,0.02877551,2.8776,-0.97122449,-97.1224
2025-10-24,erc1155,4,434,2547,2981,238409,0.01250372,1.2504,-0.98749628,-98.7496
2025-10-24,erc1155,5,25,23,48,38010,0.00126283,0.1263,-0.99873717,-99.8737
2025-10-24,erc1155,6,202,202,404,445200,0.00090746,0.0907,-0.99909254,-99.9093
2025-10-24,erc1155,7,6,6,12,33663,0.00035647,0.0356,-0.99964353,-99.9644
2025-10-24,erc1155,8,3,3,6,26775,0.00022409,0.0224,-0.99977591,-99.9776
2025-10-24,erc1155,9,468,625,1093,308553,0.00354234,0.3542,-0.99645766,-99.6458
2025-10-25,erc1155,10,10,14,24,33075,0.00072562,0.0726,-0.99927438,-99.9274
2025-10-25,erc1155,11,745,745,1490,692451,0.00215178,0.2152,-0.99784822,-99.7848
2025-10-25,erc1155,12,5277,458,5735,444140,0.01291260,1.2913,-0.98708740,-98.7087
2025-10-25,erc1155,13,16,16,32,648943,0.00004931,0.0049,-0.99995069,-99.9951
2025-10-25,erc1155,14,20,20,40,31500,0.00126984,0.1270,-0.99873016,-99.8730
2025-10-25,erc1155,16,44,44,88,626260,0.00014052,0.0141,-0.99985948,-99.9859
2025-10-25,erc1155,17,152,1096,1248,522584,0.00238813,0.2388,-0.99761187,-99.7612
2025-10-25,erc1155,18,8115,6715,14830,706912,0.02097857,2.0979,-0.97902143,-97.9021
2025-10-25,erc1155,19,534,2088,2622,445200,0.00588949,0.5889,-0.99411051,-99.4111
2025-10-25,erc1155,20,953,970,1923,619080,0.00310622,0.3106,-0.99689378,-99.6894
2025-10-25,erc1155,22,2805,6394,9199,641539,0.01433896,1.4339,-0.98566104,-98.5661
2025-10-25,erc1155,23,1825,1715,3540,741286,0.00477548,0.4775,-0.99522452,-99.5225
2025-10-25,erc1155,24,53,53,106,32550,0.00325653,0.3257,-0.99674347,-99.6743
2025-10-25,erc1155,25,5997,12692,18689,1213275,0.01540376,1.5404,-0.98459624,-98.4596
2025-10-25,erc1155,27,6823,6783,13606,1435061,0.00948113,0.9481,-0.99051887,-99.0519
2025-10-25,erc1155,28,1,1,2,29400,0.00006803,0.0068,-0.99993197,-99.9932
2025-10-25,erc1155,29,1360,1360,2720,1432200,0.00189918,0.1899,-0.99810082,-99.8101
2025-10-25,erc1155,3,34,34,68,165356,0.00041123,0.0411,-0.99958877,-99.9589
2025-10-25,erc1155,30,7,44,51,30975,0.00164649,0.1646,-0.99835351,-99.8354
2025-10-25,erc1155,31,63,591,654,29400,0.02224490,2.2245,-0.97775510,-97.7755
2025-10-25,erc1155,4,778,1167,1945,238409,0.00815825,0.8158,-0.99184175,-99.1842
2025-10-25,erc1155,5,19,21,40,38010,0.00105235,0.1052,-0.99894765,-99.8948
2025-10-25,erc1155,6,272,272,544,445200,0.00122192,0.1222,-0.99877808,-99.8778
2025-10-25,erc1155,7,51,51,102,33663,0.00303003,0.3030,-0.99696997,-99.6970
2025-10-25,erc1155,8,27,27,54,26775,0.00201681,0.2017,-0.99798319,-99.7983
2025-10-25,erc1155,9,625,773,1398,308553,0.00453083,0.4531,-0.99546917,-99.5469
2025-10-26,erc1155,10,35,35,70,33075,0.00211640,0.2116,-0.99788360,-99.7884
2025-10-26,erc1155,11,30,30,60,692451,0.00008665,0.0087,-0.99991335,-99.9913
2025-10-26,erc1155,12,1466,6288,7754,444140,0.01745846,1.7458,-0.98254154,-98.2542
2025-10-26,erc1155,13,475,475,950,648943,0.00146392,0.1464,-0.99853608,-99.8536
2025-10-26,erc1155,14,54,54,108,31500,0.00342857,0.3429,-0.99657143,-99.6571
2025-10-26,erc1155,16,273,273,546,626260,0.00087184,0.0872,-0.99912816,-99.9128
2025-10-26,erc1155,17,2865,1199,4064,522584,0.00777674,0.7777,-0.99222326,-99.2223
2025-10-26,erc1155,18,4008,10870,14878,706912,0.02104647,2.1046,-0.97895353,-97.8954
2025-10-26,erc1155,19,293,293,586,445200,0.00131626,0.1316,-0.99868374,-99.8684
2025-10-26,erc1155,20,211,212,423,619080,0.00068327,0.0683,-0.99931673,-99.9317
2025-10-26,erc1155,22,693,694,1387,641539,0.00216199,0.2162,-0.99783801,-99.7838
2025-10-26,erc1155,23,1943,2502,4445,741286,0.00599634,0.5996,-0.99400366,-99.4004
2025-10-26,erc1155,24,10,10,20,32550,0.00061444,0.0614,-0.99938556,-99.9386
2025-10-26,erc1155,25,1655,2082,3737,1213275,0.00308009,0.3080,-0.99691991,-99.6920
2025-10-26,erc1155,27,1557,1597,3154,1435061,0.00219782,0.2198,-0.99780218,-99.7802
2025-10-26,erc1155,29,2313,2313,4626,1432200,0.00323000,0.3230,-0.99677000,-99.6770
2025-10-26,erc1155,3,504,504,1008,165356,0.00609594,0.6096,-0.99390406,-99.3904
2025-10-26,erc1155,30,67,67,134,30975,0.00432607,0.4326,-0.99567393,-99.5674
2025-10-26,erc1155,4,284,284,568,238409,0.00238246,0.2382,-0.99761754,-99.7618
2025-10-26,erc1155,5,6,6,12,38010,0.00031571,0.0316,-0.99968429,-99.9684
2025-10-26,erc1155,6,81,81,162,445200,0.00036388,0.0364,-0.99963612,-99.9636
2025-10-26,erc1155,7,10,10,20,33663,0.00059412,0.0594,-0.99940588,-99.9406
2025-10-26,erc1155,8,5,5,10,26775,0.00037348,0.0373,-0.99962652,-99.9627
2025-10-26,erc1155,9,87,88,175,308553,0.00056716,0.0567,-0.99943284,-99.9433
2025-10-27,erc1155,10,33,33,66,33075,0.00199546,0.1995,-0.99800454,-99.8005
2025-10-27,erc1155,11,2233,2233,4466,692451,0.00644955,0.6450,-0.99355045,-99.3550
2025-10-27,erc1155,12,527,527,1054,444140,0.00237313,0.2373,-0.99762687,-99.7627
2025-10-27,erc1155,13,96,96,192,648943,0.00029587,0.0296,-0.99970413,-99.9704
2025-10-27,erc1155,14,35,35,70,31500,0.00222222,0.2222,-0.99777778,-99.7778
2025-10-27,erc1155,16,135,135,270,626260,0.00043113,0.0431,-0.99956887,-99.9569
2025-10-27,erc1155,17,4569,2545,7114,522584,0.01361312,1.3613,-0.98638688,-98.6387
2025-10-27,erc1155,18,12644,7134,19778,706912,0.02797802,2.7978,-0.97202198,-97.2022
2025-10-27,erc1155,19,227,227,454,445200,0.00101977,0.1020,-0.99898023,-99.8980
2025-10-27,erc1155,20,501,501,1002,619080,0.00161853,0.1619,-0.99838147,-99.8381
2025-10-27,erc1155,22,2702,2701,5403,641539,0.00842194,0.8422,-0.99157806,-99.1578
2025-10-27,erc1155,23,444,444,888,741286,0.00119792,0.1198,-0.99880208,-99.8802
2025-10-27,erc1155,24,11,11,22,32550,0.00067588,0.0676,-0.99932412,-99.9324
2025-10-27,erc1155,25,4798,4643,9441,1213275,0.00778142,0.7781,-0.99221858,-99.2219
2025-10-27,erc1155,27,3294,2698,5992,1435061,0.00417543,0.4175,-0.99582457,-99.5825
2025-10-27,erc1155,28,60,60,120,29400,0.00408163,0.4082,-0.99591837,-99.5918
2025-10-27,erc1155,29,1007,1007,2014,1432200,0.00140623,0.1406,-0.99859377,-99.8594
2025-10-27,erc1155,3,60,60,120,165356,0.00072571,0.0726,-0.99927429,-99.9274
2025-10-27,erc1155,30,14,14,28,30975,0.00090395,0.0904,-0.99909605,-99.9096
2025-10-27,erc1155,31,22,22,44,29400,0.00149660,0.1497,-0.99850340,-99.8503
2025-10-27,erc1155,4,2262,3354,5616,238409,0.02355616,2.3556,-0.97644384,-97.6444
2025-10-27,erc1155,5,33,33,66,38010,0.00173639,0.1736,-0.99826361,-99.8264
2025-10-27,erc1155,6,110,110,220,445200,0.00049416,0.0494,-0.99950584,-99.9506
2025-10-27,erc1155,7,12,12,24,33663,0.00071295,0.0713,-0.99928705,-99.9287
2025-10-27,erc1155,8,20,20,40,26775,0.00149393,0.1494,-0.99850607,-99.8506
2025-10-27,erc1155,9,618,1811,2429,308553,0.00787223,0.7872,-0.99212777,-99.2128
2025-10-28,erc1155,10,13,13,26,33075,0.00078609,0.0786,-0.99921391,-99.9214
2025-10-28,erc1155,11,140,140,280,692451,0.00040436,0.0404,-0.99959564,-99.9596
2025-10-28,erc1155,12,3342,3342,6684,444140,0.01504931,1.5049,-0.98495069,-98.4951
2025-10-28,erc1155,13,900,900,1800,648943,0.00277374,0.2774,-0.99722626,-99.7226
2025-10-28,erc1155,14,78,78,156,31500,0.00495238,0.4952,-0.99504762,-99.5048
2025-10-28,erc1155,16,918,918,1836,626260,0.00293169,0.2932,-0.99706831,-99.7068
2025-10-28,erc1155,17,6389,12186,18575,522584,0.03554452,3.5545,-0.96445548,-96.4455
2025-10-28,erc1155,18,11080,17864,28944,706912,0.04094428,4.0944,-0.95905572,-95.9056
2025-10-28,erc1155,19,1074,1074,2148,445200,0.00482480,0.4825,-0.99517520,-99.5175
2025-10-28,erc1155,20,668,668,1336,619080,0.00215804,0.2158,-0.99784196,-99.7842
2025-10-28,erc1155,22,605,606,1211,641539,0.00188765,0.1888,-0.99811235,-99.8112
2025-10-28,erc1155,23,2869,1061,3930,741286,0.00530160,0.5302,-0.99469840,-99.4698
2025-10-28,erc1155,24,16,16,32,32550,0.00098310,0.0983,-0.99901690,-99.9017
2025-10-28,erc1155,25,14740,14895,29635,1213275,0.02442562,2.4426,-0.97557438,-97.5574
2025-10-28,erc1155,27,12541,13733,26274,1435061,0.01830863,1.8309,-0.98169137,-98.1691
2025-10-28,erc1155,28,13,12,25,29400,0.00085034,0.0850,-0.99914966,-99.9150
2025-10-28,erc1155,29,2459,2439,4898,1432200,0.00341991,0.3420,-0.99658009,-99.6580
2025-10-28,erc1155,3,573,573,1146,165356,0.00693050,0.6931,-0.99306950,-99.3069
2025-10-28,erc1155,30,32,32,64,30975,0.00206618,0.2066,-0.99793382,-99.7934
2025-10-28,erc1155,31,195,195,390,29400,0.01326531,1.3265,-0.98673469,-98.6735
2025-10-28,erc1155,4,1103,917,2020,238409,0.00847283,0.8473,-0.99152717,-99.1527
2025-10-28,erc1155,5,17,17,34,38010,0.00089450,0.0895,-0.99910550,-99.9105
2025-10-28,erc1155,6,46,46,92,445200,0.00020665,0.0207,-0.99979335,-99.9793
2025-10-28,erc1155,7,22,20,42,33663,0.00124766,0.1248,-0.99875234,-99.8752
2025-10-28,erc1155,8,21,21,42,26775,0.00156863,0.1569,-0.99843137,-99.8431
2025-10-28,erc1155,9,1155,614,1769,308553,0.00573321,0.5733,-0.99426679,-99.4267
2025-10-29,erc1155,10,44,44,88,33075,0.00266062,0.2661,-0.99733938,-99.7339
2025-10-29,erc1155,11,464,464,928,692451,0.00134017,0.1340,-0.99865983,-99.8660
2025-10-29,erc1155,12,931,931,1862,444140,0.00419237,0.4192,-0.99580763,-99.5808
2025-10-29,erc1155,13,728,728,1456,648943,0.00224365,0.2244,-0.99775635,-99.7756
2025-10-29,erc1155,14,51,51,102,31500,0.00323810,0.3238,-0.99676190,-99.6762
2025-10-29,erc1155,16,538,538,1076,626260,0.00171814,0.1718,-0.99828186,-99.8282
2025-10-29,erc1155,17,1628,8386,10014,522584,0.01916247,1.9162,-0.98083753,-98.0838
2025-10-29,erc1155,18,8291,16583,24874,706912,0.03518684,3.5187,-0.96481316,-96.4813
2025-10-29,erc1155,19,9813,9813,19626,445200,0.04408356,4.4084,-0.95591644,-95.5916
2025-10-29,erc1155,20,1388,1388,2776,619080,0.00448407,0.4484,-0.99551593,-99.5516
2025-10-29,erc1155,22,5428,5428,10856,641539,0.01692181,1.6922,-0.98307819,-98.3078
2025-10-29,erc1155,23,2345,4152,6497,741286,0.00876450,0.8764,-0.99123550,-99.1236
2025-10-29,erc1155,24,60,60,120,32550,0.00368664,0.3687,-0.99631336,-99.6313
2025-10-29,erc1155,25,9309,9309,18618,1213275,0.01534524,1.5345,-0.98465476,-98.4655
2025-10-29,erc1155,27,15098,15246,30344,1435061,0.02114475,2.1145,-0.97885525,-97.8855
2025-10-29,erc1155,28,175,176,351,29400,0.01193878,1.1939,-0.98806122,-98.8061
2025-10-29,erc1155,29,2307,2327,4634,1432200,0.00323558,0.3236,-0.99676442,-99.6764
2025-10-29,erc1155,3,399,179,578,165356,0.00349549,0.3495,-0.99650451,-99.6505
2025-10-29,erc1155,30,1,1,2,30975,0.00006457,0.0065,-0.99993543,-99.9935
2025-10-29,erc1155,31,2,2,4,29400,0.00013605,0.0136,-0.99986395,-99.9864
2025-10-29,erc1155,4,622,808,1430,238409,0.00599810,0.5998,-0.99400190,-99.4002
2025-10-29,erc1155,5,1,1,2,38010,0.00005262,0.0053,-0.99994738,-99.9947
2025-10-29,erc1155,6,673,673,1346,445200,0.00302336,0.3023,-0.99697664,-99.6977
2025-10-29,erc1155,7,36,38,74,33663,0.00219826,0.2198,-0.99780174,-99.7802
2025-10-29,erc1155,8,40,40,80,26775,0.00298786,0.2988,-0.99701214,-99.7012
2025-10-29,erc1155,9,848,1223,2071,308553,0.00671197,0.6712,-0.99328803,-99.3288
2025-10-30,erc1155,10,4,4,8,33075,0.00024187,0.0242,-0.99975813,-99.9758
2025-10-30,erc1155,11,25,25,50,692451,0.00007221,0.0072,-0.99992779,-99.9928
2025-10-30,erc1155,12,2255,2255,4510,444140,0.01015446,1.0154,-0.98984554,-98.9846
2025-10-30,erc1155,13,1621,1621,3242,648943,0.00499582,0.4996,-0.99500418,-99.5004
2025-10-30,erc1155,16,2331,2331,4662,626260,0.00744419,0.7444,-0.99255581,-99.2556
2025-10-30,erc1155,17,502,13400,13902,522584,0.02660242,2.6602,-0.97339758,-97.3398
2025-10-30,erc1155,18,8454,9809,18263,706912,0.02583490,2.5835,-0.97416510,-97.4165
2025-10-30,erc1155,19,558,558,1116,445200,0.00250674,0.2507,-0.99749326,-99.7493
2025-10-30,erc1155,20,3122,3122,6244,619080,0.01008593,1.0086,-0.98991407,-98.9914
2025-10-30,erc1155,22,86,81,167,641539,0.00026031,0.0260,-0.99973969,-99.9740
2025-10-30,erc1155,23,1204,1205,2409,741286,0.00324976,0.3250,-0.99675024,-99.6750
2025-10-30,erc1155,24,44,44,88,32550,0.00270353,0.2704,-0.99729647,-99.7296
2025-10-30,erc1155,25,722,722,1444,1213275,0.00119017,0.1190,-0.99880983,-99.8810
2025-10-30,erc1155,27,1090,1242,2332,1435061,0.00162502,0.1625,-0.99837498,-99.8375
2025-10-30,erc1155,28,1,1,2,29400,0.00006803,0.0068,-0.99993197,-99.9932
2025-10-30,erc1155,29,717,717,1434,1432200,0.00100126,0.1001,-0.99899874,-99.8999
2025-10-30,erc1155,3,92,312,404,165356,0.00244321,0.2443,-0.99755679,-99.7557
2025-10-30,erc1155,30,50,50,100,30975,0.00322841,0.3228,-0.99677159,-99.6772
2025-10-30,erc1155,4,130,130,260,238409,0.00109056,0.1091,-0.99890944,-99.8909
2025-10-30,erc1155,5,4,4,8,38010,0.00021047,0.0210,-0.99978953,-99.9790
2025-10-30,erc1155,6,48,48,96,445200,0.00021563,0.0216,-0.99978437,-99.9784
2025-10-30,erc1155,7,2,2,4,33663,0.00011882,0.0119,-0.99988118,-99.9881
2025-10-30,erc1155,8,1,1,2,26775,0.00007470,0.0075,-0.99992530,-99.9925
2025-10-30,erc1155,9,352,518,870,308553,0.00281961,0.2820,-0.99718039,-99.7180
2025-10-31,erc1155,10,43,43,86,33075,0.00260015,0.2600,-0.99739985,-99.7400
2025-10-31,erc1155,11,126,126,252,692451,0.00036392,0.0364,-0.99963608,-99.9636
2025-10-31,erc1155,12,792,776,1568,444140,0.00353042,0.3530,-0.99646958,-99.6470
2025-10-31,erc1155,13,1589,1589,3178,648943,0.00489719,0.4897,-0.99510281,-99.5103
2025-10-31,erc1155,14,90,90,180,31500,0.00571429,0.5714,-0.99428571,-99.4286
2025-10-31,erc1155,16,6019,6019,12038,626260,0.01922205,1.9222,-0.98077795,-98.0778
2025-10-31,erc1155,17,3171,1933,5104,522584,0.00976685,0.9767,-0.99023315,-99.0233
2025-10-31,erc1155,18,4559,2384,6943,706912,0.00982159,0.9822,-0.99017841,-99.0178
2025-10-31,erc1155,19,309,309,618,445200,0.00138814,0.1388,-0.99861186,-99.8612
2025-10-31,erc1155,20,2078,2078,4156,619080,0.00671319,0.6713,-0.99328681,-99.3287
2025-10-31,erc1155,22,2176,2181,4357,641539,0.00679148,0.6791,-0.99320852,-99.3209
2025-10-31,erc1155,23,3933,1254,5187,741286,0.00699730,0.6997,-0.99300270,-99.3003
2025-10-31,erc1155,24,55,55,110,32550,0.00337942,0.3379,-0.99662058,-99.6621
2025-10-31,erc1155,25,8112,4709,12821,1213275,0.01056727,1.0567,-0.98943273,-98.9433
2025-10-31,erc1155,27,5485,5610,11095,1435061,0.00773138,0.7731,-0.99226862,-99.2269
2025-10-31,erc1155,28,266,266,532,29400,0.01809524,1.8095,-0.98190476,-98.1905
2025-10-31,erc1155,29,25444,25444,50888,1432200,0.03553135,3.5531,-0.96446865,-96.4469
2025-10-31,erc1155,3,511,511,1022,165356,0.00618060,0.6181,-0.99381940,-99.3819
2025-10-31,erc1155,30,280,280,560,30975,0.01807910,1.8079,-0.98192090,-98.1921
2025-10-31,erc1155,31,72,72,144,29400,0.00489796,0.4898,-0.99510204,-99.5102
2025-10-31,erc1155,4,218,218,436,238409,0.00182879,0.1829,-0.99817121,-99.8171
2025-10-31,erc1155,5,23,23,46,38010,0.00121021,0.1210,-0.99878979,-99.8790
2025-10-31,erc1155,6,2525,2525,5050,445200,0.01134322,1.1343,-0.98865678,-98.8657
2025-10-31,erc1155,7,197,197,394,33663,0.01170425,1.1704,-0.98829575,-98.8296
2025-10-31,erc1155,8,57,57,114,26775,0.00425770,0.4258,-0.99574230,-99.5742
2025-10-31,erc1155,9,392,392,784,308553,0.00254089,0.2541,-0.99745911,-99.7459
2025-11-01,erc1155,10,1,1,2,33075,0.00006047,0.0060,-0.99993953,-99.9940
2025-11-01,erc1155,11,90,90,180,692451,0.00025995,0.0260,-0.99974005,-99.9740
2025-11-01,erc1155,12,2360,2376,4736,444140,0.01066330,1.0663,-0.98933670,-98.9337
2025-11-01,erc1155,13,773,773,1546,648943,0.00238234,0.2382,-0.99761766,-99.7618
2025-11-01,erc1155,14,20,20,40,31500,0.00126984,0.1270,-0.99873016,-99.8730
2025-11-01,erc1155,16,883,883,1766,626260,0.00281992,0.2820,-0.99718008,-99.7180
2025-11-01,erc1155,17,4904,4522,9426,522584,0.01803729,1.8037,-0.98196271,-98.1963
2025-11-01,erc1155,18,9594,9463,19057,706912,0.02695809,2.6958,-0.97304191,-97.3042
2025-11-01,erc1155,19,251,251,502,445200,0.00112758,0.1128,-0.99887242,-99.8872
2025-11-01,erc1155,20,1127,1126,2253,619080,0.00363927,0.3639,-0.99636073,-99.6361
2025-11-01,erc1155,22,2044,2035,4079,641539,0.00635815,0.6358,-0.99364185,-99.3642
2025-11-01,erc1155,23,1946,4625,6571,741286,0.00886432,0.8864,-0.99113568,-99.1136
2025-11-01,erc1155,24,15,15,30,32550,0.00092166,0.0922,-0.99907834,-99.9078
2025-11-01,erc1155,25,9429,12832,22261,1213275,0.01834786,1.8348,-0.98165214,-98.1652
2025-11-01,erc1155,27,1833,1833,3666,1435061,0.00255460,0.2555,-0.99744540,-99.7445
2025-11-01,erc1155,29,4254,4254,8508,1432200,0.00594051,0.5941,-0.99405949,-99.4059
2025-11-01,erc1155,3,301,301,602,165356,0.00364063,0.3641,-0.99635937,-99.6359
2025-11-01,erc1155,30,176,176,352,30975,0.01136400,1.1364,-0.98863600,-98.8636
2025-11-01,erc1155,31,137,137,274,29400,0.00931973,0.9320,-0.99068027,-99.0680
2025-11-01,erc1155,4,410,410,820,238409,0.00343947,0.3439,-0.99656053,-99.6561
2025-11-01,erc1155,5,10,10,20,38010,0.00052618,0.0526,-0.99947382,-99.9474
2025-11-01,erc1155,6,35,35,70,445200,0.00015723,0.0157,-0.99984277,-99.9843
2025-11-01,erc1155,7,5,5,10,33663,0.00029706,0.0297,-0.99970294,-99.9703
2025-11-01,erc1155,8,8,8,16,26775,0.00059757,0.0598,-0.99940243,-99.9402
2025-11-01,erc1155,9,895,895,1790,308553,0.00580127,0.5801,-0.99419873,-99.4199
2025-11-02,erc1155,10,11,11,22,33075,0.00066515,0.0665,-0.99933485,-99.9335
2025-11-02,erc1155,11,115,115,230,692451,0.00033215,0.0332,-0.99966785,-99.9668
2025-11-02,erc1155,12,1409,1409,2818,444140,0.00634485,0.6345,-0.99365515,-99.3655
2025-11-02,erc1155,13,438,438,876,648943,0.00134989,0.1350,-0.99865011,-99.8650
2025-11-02,erc1155,14,1,1,2,31500,0.00006349,0.0063,-0.99993651,-99.9937
2025-11-02,erc1155,16,1887,1887,3774,626260,0.00602625,0.6026,-0.99397375,-99.3974
2025-11-02,erc1155,17,8736,8685,17421,522584,0.03333627,3.3336,-0.96666373,-96.6664
2025-11-02,erc1155,18,1114,3174,4288,706912,0.00606582,0.6066,-0.99393418,-99.3934
2025-11-02,erc1155,19,1128,1128,2256,445200,0.00506739,0.5067,-0.99493261,-99.4933
2025-11-02,erc1155,20,372,373,745,619080,0.00120340,0.1203,-0.99879660,-99.8797
2025-11-02,erc1155,22,1237,1246,2483,641539,0.00387038,0.3870,-0.99612962,-99.6130
2025-11-02,erc1155,23,222,222,444,741286,0.00059896,0.0599,-0.99940104,-99.9401
2025-11-02,erc1155,24,300,300,600,32550,0.01843318,1.8433,-0.98156682,-98.1567
2025-11-02,erc1155,25,5991,5991,11982,1213275,0.00987575,0.9876,-0.99012425,-99.0124
2025-11-02,erc1155,27,2429,2429,4858,1435061,0.00338522,0.3385,-0.99661478,-99.6615
2025-11-02,erc1155,29,1687,1687,3374,1432200,0.00235582,0.2356,-0.99764418,-99.7644
2025-11-02,erc1155,3,479,478,957,165356,0.00578751,0.5788,-0.99421249,-99.4212
2025-11-02,erc1155,30,20,20,40,30975,0.00129136,0.1291,-0.99870864,-99.8709
2025-11-02,erc1155,31,2,2,4,29400,0.00013605,0.0136,-0.99986395,-99.9864
2025-11-02,erc1155,4,3599,180,3779,238409,0.01585091,1.5851,-0.98414909,-98.4149
2025-11-02,erc1155,5,42,42,84,38010,0.00220994,0.2210,-0.99779006,-99.7790
2025-11-02,erc1155,6,246,246,492,445200,0.00110512,0.1105,-0.99889488,-99.8895
2025-11-02,erc1155,7,5,5,10,33663,0.00029706,0.0297,-0.99970294,-99.9703
2025-11-02,erc1155,8,200,191,391,26775,0.01460317,1.4603,-0.98539683,-98.5397
2025-11-02,erc1155,9,1809,1809,3618,308553,0.01172570,1.1726,-0.98827430,-98.8274
2025-11-03,erc1155,10,13,13,26,33075,0.00078609,0.0786,-0.99921391,-99.9214
2025-11-03,erc1155,11,177,177,354,692451,0.00051123,0.0511,-0.99948877,-99.9489
2025-11-03,erc1155,12,2641,1828,4469,444140,0.01006214,1.0062,-0.98993786,-98.9938
2025-11-03,erc1155,13,126,126,252,648943,0.00038832,0.0388,-0.99961168,-99.9612
2025-11-03,erc1155,14,61,61,122,31500,0.00387302,0.3873,-0.99612698,-99.6127
2025-11-03,erc1155,16,802,802,1604,626260,0.00256124,0.2561,-0.99743876,-99.7439
2025-11-03,erc1155,17,5666,3706,9372,522584,0.01793396,1.7934,-0.98206604,-98.2066
2025-11-03,erc1155,18,1582,1288,2870,706912,0.00405991,0.4060,-0.99594009,-99.5940
2025-11-03,erc1155,19,78,78,156,445200,0.00035040,0.0350,-0.99964960,-99.9650
2025-11-03,erc1155,20,987,987,1974,619080,0.00318860,0.3189,-0.99681140,-99.6811
2025-11-03,erc1155,22,1742,1742,3484,641539,0.00543069,0.5431,-0.99456931,-99.4569
2025-11-03,erc1155,23,7289,1127,8416,741286,0.01135324,1.1353,-0.98864676,-98.8647
2025-11-03,erc1155,24,21,21,42,32550,0.00129032,0.1290,-0.99870968,-99.8710
2025-11-03,erc1155,25,7498,7197,14695,1213275,0.01211185,1.2112,-0.98788815,-98.7888
2025-11-03,erc1155,27,3474,3474,6948,1435061,0.00484161,0.4842,-0.99515839,-99.5158
2025-11-03,erc1155,28,6,6,12,29400,0.00040816,0.0408,-0.99959184,-99.9592
2025-11-03,erc1155,29,5679,5253,10932,1432200,0.00763301,0.7633,-0.99236699,-99.2367
2025-11-03,erc1155,3,316,317,633,165356,0.00382810,0.3828,-0.99617190,-99.6172
2025-11-03,erc1155,30,179,179,358,30975,0.01155771,1.1558,-0.98844229,-98.8442
2025-11-03,erc1155,31,25,25,50,29400,0.00170068,0.1701,-0.99829932,-99.8299
2025-11-03,erc1155,4,1201,4278,5479,238409,0.02298151,2.2982,-0.97701849,-97.7018
2025-11-03,erc1155,5,16,16,32,38010,0.00084188,0.0842,-0.99915812,-99.9158
2025-11-03,erc1155,6,3,3,6,445200,0.00001348,0.0013,-0.99998652,-99.9987
2025-11-03,erc1155,7,41,41,82,33663,0.00243591,0.2436,-0.99756409,-99.7564
2025-11-03,erc1155,8,4,13,17,26775,0.00063492,0.0635,-0.99936508,-99.9365
2025-11-03,erc1155,9,331,331,662,308553,0.00214550,0.2145,-0.99785450,-99.7855
2025-11-04,erc1155,10,24,24,48,33075,0.00145125,0.1451,-0.99854875,-99.8549
2025-11-04,erc1155,11,379,379,758,692451,0.00109466,0.1095,-0.99890534,-99.8905
2025-11-04,erc1155,12,1071,1884,2955,444140,0.00665331,0.6653,-0.99334669,-99.3347
2025-11-04,erc1155,13,308,308,616,648943,0.00094924,0.0949,-0.99905076,-99.9051
2025-11-04,erc1155,14,18,18,36,31500,0.00114286,0.1143,-0.99885714,-99.8857
2025-11-04,erc1155,16,270,270,540,626260,0.00086226,0.0862,-0.99913774,-99.9138
2025-11-04,erc1155,17,1227,4919,6146,522584,0.01176079,1.1761,-0.98823921,-98.8239
2025-11-04,erc1155,18,2474,2689,5163,706912,0.00730360,0.7304,-0.99269640,-99.2696
2025-11-04,erc1155,19,935,935,1870,445200,0.00420036,0.4200,-0.99579964,-99.5800
2025-11-04,erc1155,20,424,424,848,619080,0.00136977,0.1370,-0.99863023,-99.8630
2025-11-04,erc1155,22,474,474,948,641539,0.00147770,0.1478,-0.99852230,-99.8522
2025-11-04,erc1155,23,1083,7245,8328,741286,0.01123453,1.1235,-0.98876547,-98.8765
2025-11-04,erc1155,24,125,125,250,32550,0.00768049,0.7680,-0.99231951,-99.2320
2025-11-04,erc1155,25,1696,1997,3693,1213275,0.00304383,0.3044,-0.99695617,-99.6956
2025-11-04,erc1155,27,2042,2042,4084,1435061,0.00284587,0.2846,-0.99715413,-99.7154
2025-11-04,erc1155,28,10,10,20,29400,0.00068027,0.0680,-0.99931973,-99.9320
2025-11-04,erc1155,29,1941,2367,4308,1432200,0.00300796,0.3008,-0.99699204,-99.6992
2025-11-04,erc1155,3,122,122,244,165356,0.00147560,0.1476,-0.99852440,-99.8524
2025-11-04,erc1155,30,38,38,76,30975,0.00245359,0.2454,-0.99754641,-99.7546
2025-11-04,erc1155,4,1360,1702,3062,238409,0.01284347,1.2843,-0.98715653,-98.7157
2025-11-04,erc1155,5,109,109,218,38010,0.00573533,0.5735,-0.99426467,-99.4265
2025-11-04,erc1155,6,707,707,1414,445200,0.00317610,0.3176,-0.99682390,-99.6824
2025-11-04,erc1155,7,13,13,26,33663,0.00077236,0.0772,-0.99922764,-99.9228
2025-11-04,erc1155,8,3,3,6,26775,0.00022409,0.0224,-0.99977591,-99.9776
2025-11-04,erc1155,9,1466,712,2178,308553,0.00705875,0.7059,-0.99294125,-99.2941
2025-11-05,erc1155,10,73,73,146,33075,0.00441421,0.4414,-0.99558579,-99.5586
2025-11-05,erc1155,11,493,493,986,692451,0.00142393,0.1424,-0.99857607,-99.8576
2025-11-05,erc1155,12,1011,1011,2022,444140,0.00455262,0.4553,-0.99544738,-99.5447
2025-11-05,erc1155,13,363,363,726,648943,0.00111874,0.1119,-0.99888126,-99.8881
2025-11-05,erc1155,14,1,1,2,31500,0.00006349,0.0063,-0.99993651,-99.9937
2025-11-05,erc1155,16,173,173,346,626260,0.00055249,0.0552,-0.99944751,-99.9448
2025-11-05,erc1155,17,1625,1664,3289,522584,0.00629373,0.6294,-0.99370627,-99.3706
2025-11-05,erc1155,18,2211,2498,4709,706912,0.00666137,0.6661,-0.99333863,-99.3339
2025-11-05,erc1155,19,151,151,302,445200,0.00067835,0.0678,-0.99932165,-99.9322
2025-11-05,erc1155,20,1058,1058,2116,619080,0.00341798,0.3418,-0.99658202,-99.6582
2025-11-05,erc1155,22,1036,1036,2072,641539,0.00322973,0.3230,-0.99677027,-99.6770
2025-11-05,erc1155,23,3782,3782,7564,741286,0.01020389,1.0204,-0.98979611,-98.9796
2025-11-05,erc1155,24,24,24,48,32550,0.00147465,0.1475,-0.99852535,-99.8525
2025-11-05,erc1155,25,2167,2167,4334,1213275,0.00357215,0.3572,-0.99642785,-99.6428
2025-11-05,erc1155,27,4310,4310,8620,1435061,0.00600671,0.6007,-0.99399329,-99.3993
2025-11-05,erc1155,28,12,12,24,29400,0.00081633,0.0816,-0.99918367,-99.9184
2025-11-05,erc1155,29,5659,5659,11318,1432200,0.00790253,0.7903,-0.99209747,-99.2097
2025-11-05,erc1155,3,56,56,112,165356,0.00067733,0.0677,-0.99932267,-99.9323
2025-11-05,erc1155,30,41,41,82,30975,0.00264730,0.2647,-0.99735270,-99.7353
2025-11-05,erc1155,31,11,11,22,29400,0.00074830,0.0748,-0.99925170,-99.9252
2025-11-05,erc1155,4,481,481,962,238409,0.00403508,0.4035,-0.99596492,-99.5965
2025-11-05,erc1155,5,11,11,22,38010,0.00057880,0.0579,-0.99942120,-99.9421
2025-11-05,erc1155,6,314,314,628,445200,0.00141060,0.1411,-0.99858940,-99.8589
2025-11-05,erc1155,7,37,37,74,33663,0.00219826,0.2198,-0.99780174,-99.7802
2025-11-05,erc1155,8,34,34,68,26775,0.00253968,0.2540,-0.99746032,-99.7460
2025-11-05,erc1155,9,1408,2012,3420,308553,0.01108400,1.1084,-0.98891600,-98.8916
2025-11-06,erc1155,10,55,55,110,33075,0.00332577,0.3326,-0.99667423,-99.6674
2025-11-06,erc1155,11,282,282,564,692451,0.00081450,0.0814,-0.99918550,-99.9186
2025-11-06,erc1155,12,799,799,1598,444140,0.00359796,0.3598,-0.99640204,-99.6402
2025-11-06,erc1155,13,163,163,326,648943,0.00050236,0.0502,-0.99949764,-99.9498
2025-11-06,erc1155,14,13,13,26,31500,0.00082540,0.0825,-0.99917460,-99.9175
2025-11-06,erc1155,16,126,126,252,626260,0.00040239,0.0402,-0.99959761,-99.9598
2025-11-06,erc1155,17,1283,1283,2566,522584,0.00491022,0.4910,-0.99508978,-99.5090
2025-11-06,erc1155,18,6844,5841,12685,706912,0.01794424,1.7944,-0.98205576,-98.2056
2025-11-06,erc1155,19,435,435,870,445200,0.00195418,0.1954,-0.99804582,-99.8046
2025-11-06,erc1155,20,1250,1053,2303,619080,0.00372004,0.3720,-0.99627996,-99.6280
2025-11-06,erc1155,22,387,387,774,641539,0.00120647,0.1206,-0.99879353,-99.8794
2025-11-06,erc1155,23,640,640,1280,741286,0.00172673,0.1727,-0.99827327,-99.8273
2025-11-06,erc1155,24,93,83,176,32550,0.00540707,0.5407,-0.99459293,-99.4593
2025-11-06,erc1155,25,1742,1735,3477,1213275,0.00286580,0.2866,-0.99713420,-99.7134
2025-11-06,erc1155,27,3224,3224,6448,1435061,0.00449319,0.4493,-0.99550681,-99.5507
2025-11-06,erc1155,28,53,53,106,29400,0.00360544,0.3605,-0.99639456,-99.6395
2025-11-06,erc1155,29,2878,2878,5756,1432200,0.00401899,0.4019,-0.99598101,-99.5981
2025-11-06,erc1155,3,125,125,250,165356,0.00151189,0.1512,-0.99848811,-99.8488
2025-11-06,erc1155,30,48,38,86,30975,0.00277643,0.2776,-0.99722357,-99.7224
2025-11-06,erc1155,31,29,29,58,29400,0.00197279,0.1973,-0.99802721,-99.8027
2025-11-06,erc1155,4,853,853,1706,238409,0.00715577,0.7156,-0.99284423,-99.2844
2025-11-06,erc1155,5,4,4,8,38010,0.00021047,0.0210,-0.99978953,-99.9790
2025-11-06,erc1155,6,92,92,184,445200,0.00041330,0.0413,-0.99958670,-99.9587
2025-11-06,erc1155,7,7,7,14,33663,0.00041589,0.0416,-0.99958411,-99.9584
2025-11-06,erc1155,8,2,2,4,26775,0.00014939,0.0149,-0.99985061,-99.9851
2025-11-06,erc1155,9,2481,2631,5112,308553,0.01656766,1.6568,-0.98343234,-98.3432
2025-11-07,erc1155,10,24,24,48,33075,0.00145125,0.1451,-0.99854875,-99.8549
2025-11-07,erc1155,11,382,382,764,692451,0.00110333,0.1103,-0.99889667,-99.8897
2025-11-07,erc1155,12,9902,2787,12689,444140,0.02856982,2.8570,-0.97143018,-97.1430
2025-11-07,erc1155,13,1141,1141,2282,648943,0.00351649,0.3516,-0.99648351,-99.6484
2025-11-07,erc1155,14,114,114,228,31500,0.00723810,0.7238,-0.99276190,-99.2762
2025-11-07,erc1155,16,12599,12599,25198,626260,0.04023568,4.0236,-0.95976432,-95.9764
2025-11-07,erc1155,17,3175,377,3552,522584,0.00679699,0.6797,-0.99320301,-99.3203
2025-11-07,erc1155,18,5891,2597,8488,706912,0.01200715,1.2007,-0.98799285,-98.7993
2025-11-07,erc1155,19,4070,3990,8060,445200,0.01810422,1.8104,-0.98189578,-98.1896
2025-11-07,erc1155,20,12033,7565,19598,619080,0.03165665,3.1657,-0.96834335,-96.8343
2025-11-07,erc1155,22,4576,4576,9152,641539,0.01426570,1.4266,-0.98573430,-98.5734
2025-11-07,erc1155,23,8901,4599,13500,741286,0.01821159,1.8212,-0.98178841,-98.1788
2025-11-07,erc1155,24,13,23,36,32550,0.00110599,0.1106,-0.99889401,-99.8894
2025-11-07,erc1155,25,30649,3416,34065,1213275,0.02807690,2.8077,-0.97192310,-97.1923
2025-11-07,erc1155,27,13578,13534,27112,1435061,0.01889258,1.8893,-0.98110742,-98.1107
2025-11-07,erc1155,28,233,233,466,29400,0.01585034,1.5850,-0.98414966,-98.4150
2025-11-07,erc1155,29,6797,6168,12965,1432200,0.00905251,0.9053,-0.99094749,-99.0947
2025-11-07,erc1155,3,338,333,671,165356,0.00405791,0.4058,-0.99594209,-99.5942
2025-11-07,erc1155,30,537,547,1084,30975,0.03499596,3.4996,-0.96500404,-96.5004
2025-11-07,erc1155,31,650,650,1300,29400,0.04421769,4.4218,-0.95578231,-95.5782
2025-11-07,erc1155,32,564,100564,101128,1474515,0.06858391,6.8584,-0.93141609,-93.1416
2025-11-07,erc1155,4,1619,1529,3148,238409,0.01320420,1.3204,-0.98679580,-98.6796
2025-11-07,erc1155,5,19,19,38,38010,0.00099974,0.1000,-0.99900026,-99.9000
2025-11-07,erc1155,6,6196,6196,12392,445200,0.02783468,2.7835,-0.97216532,-97.2165
2025-11-07,erc1155,7,8,8,16,33663,0.00047530,0.0475,-0.99952470,-99.9525
2025-11-07,erc1155,8,9,9,18,26775,0.00067227,0.0672,-0.99932773,-99.9328
2025-11-07,erc1155,9,10427,211,10638,308553,0.03447706,3.4477,-0.96552294,-96.5523
2025-11-08,erc1155,10,1,1,2,33075,0.00006047,0.0060,-0.99993953,-99.9940
2025-11-08,erc1155,11,51,51,102,692451,0.00014730,0.0147,-0.99985270,-99.9853
2025-11-08,erc1155,12,438,7553,7991,444140,0.01799207,1.7992,-0.98200793,-98.2008
2025-11-08,erc1155,13,12,12,24,648943,0.00003698,0.0037,-0.99996302,-99.9963
2025-11-08,erc1155,14,27,27,54,31500,0.00171429,0.1714,-0.99828571,-99.8286
2025-11-08,erc1155,16,79,79,158,626260,0.00025229,0.0252,-0.99974771,-99.9748
2025-11-08,erc1155,17,4885,1375,6260,522584,0.01197894,1.1979,-0.98802106,-98.8021
2025-11-08,erc1155,18,990,2642,3632,706912,0.00513784,0.5138,-0.99486216,-99.4862
2025-11-08,erc1155,19,1012,1092,2104,445200,0.00472597,0.4726,-0.99527403,-99.5274
2025-11-08,erc1155,20,434,5099,5533,619080,0.00893746,0.8937,-0.99106254,-99.1063
2025-11-08,erc1155,22,221,221,442,641539,0.00068897,0.0689,-0.99931103,-99.9311
2025-11-08,erc1155,23,3338,5189,8527,741286,0.01150298,1.1503,-0.98849702,-98.8497
2025-11-08,erc1155,24,11,11,22,32550,0.00067588,0.0676,-0.99932412,-99.9324
2025-11-08,erc1155,25,2685,29925,32610,1213275,0.02687767,2.6878,-0.97312233,-97.3122
2025-11-08,erc1155,27,3099,3143,6242,1435061,0.00434964,0.4350,-0.99565036,-99.5650
2025-11-08,erc1155,28,60,60,120,29400,0.00408163,0.4082,-0.99591837,-99.5918
2025-11-08,erc1155,29,2441,3070,5511,1432200,0.00384793,0.3848,-0.99615207,-99.6152
2025-11-08,erc1155,3,184,174,358,165356,0.00216503,0.2165,-0.99783497,-99.7835
2025-11-08,erc1155,30,12,12,24,30975,0.00077482,0.0775,-0.99922518,-99.9225
2025-11-08,erc1155,31,146,146,292,29400,0.00993197,0.9932,-0.99006803,-99.0068
2025-11-08,erc1155,4,289,336,625,238409,0.00262155,0.2622,-0.99737845,-99.7378
2025-11-08,erc1155,5,11,9,20,38010,0.00052618,0.0526,-0.99947382,-99.9474
2025-11-08,erc1155,6,4,4,8,445200,0.00001797,0.0018,-0.99998203,-99.9982
2025-11-08,erc1155,7,5,5,10,33663,0.00029706,0.0297,-0.99970294,-99.9703
2025-11-08,erc1155,8,48,48,96,26775,0.00358543,0.3585,-0.99641457,-99.6415
2025-11-08,erc1155,9,309,772,1081,308553,0.00350345,0.3503,-0.99649655,-99.6497
2025-11-09,erc1155,10,50,24,74,33075,0.00223734,0.2237,-0.99776266,-99.7763
2025-11-09,erc1155,11,1,1,2,692451,0.00000289,0.0003,-0.99999711,-99.9997
2025-11-09,erc1155,12,1579,1553,3132,444140,0.00705183,0.7052,-0.99294817,-99.2948
2025-11-09,erc1155,13,31,31,62,648943,0.00009554,0.0096,-0.99990446,-99.9904
2025-11-09,erc1155,14,66,66,132,31500,0.00419048,0.4190,-0.99580952,-99.5810
2025-11-09,erc1155,16,649,649,1298,626260,0.00207262,0.2073,-0.99792738,-99.7927
2025-11-09,erc1155,17,2336,3279,5615,522584,0.01074468,1.0745,-0.98925532,-98.9255
2025-11-09,erc1155,18,1056,3429,4485,706912,0.00634450,0.6344,-0.99365550,-99.3656
2025-11-09,erc1155,19,199,199,398,445200,0.00089398,0.0894,-0.99910602,-99.9106
2025-11-09,erc1155,20,1584,850,2434,619080,0.00393164,0.3932,-0.99606836,-99.6068
2025-11-09,erc1155,22,367,367,734,641539,0.00114412,0.1144,-0.99885588,-99.8856
2025-11-09,erc1155,23,2200,3890,6090,741286,0.00821545,0.8215,-0.99178455,-99.1785
2025-11-09,erc1155,24,83,83,166,32550,0.00509985,0.5100,-0.99490015,-99.4900
2025-11-09,erc1155,25,2388,2065,4453,1213275,0.00367023,0.3670,-0.99632977,-99.6330
2025-11-09,erc1155,27,1274,1274,2548,1435061,0.00177553,0.1776,-0.99822447,-99.8224
2025-11-09,erc1155,28,61,61,122,29400,0.00414966,0.4150,-0.99585034,-99.5850
2025-11-09,erc1155,29,1056,1056,2112,1432200,0.00147465,0.1475,-0.99852535,-99.8525
2025-11-09,erc1155,3,310,172,482,165356,0.00291492,0.2915,-0.99708508,-99.7085
2025-11-09,erc1155,30,552,379,931,30975,0.03005650,3.0056,-0.96994350,-96.9944
2025-11-09,erc1155,31,68,0,68,29400,0.00231293,0.2313,-0.99768707,-99.7687
2025-11-09,erc1155,4,169,170,339,238409,0.00142193,0.1422,-0.99857807,-99.8578
2025-11-09,erc1155,5,35,25,60,38010,0.00157853,0.1579,-0.99842147,-99.8421
2025-11-09,erc1155,6,16,16,32,445200,0.00007188,0.0072,-0.99992812,-99.9928
2025-11-09,erc1155,7,118,31,149,33663,0.00442622,0.4426,-0.99557378,-99.5574
2025-11-09,erc1155,8,32,22,54,26775,0.00201681,0.2017,-0.99798319,-99.7983
2025-11-09,erc1155,9,462,998,1460,308553,0.00473176,0.4732,-0.99526824,-99.5268
2025-11-10,erc1155,10,49,75,124,33075,0.00374906,0.3749,-0.99625094,-99.6251
2025-11-10,erc1155,11,67,67,134,692451,0.00019352,0.0194,-0.99980648,-99.9806
2025-11-10,erc1155,12,1497,1392,2889,444140,0.00650471,0.6505,-0.99349529,-99.3495
2025-11-10,erc1155,13,681,681,1362,648943,0.00209880,0.2099,-0.99790120,-99.7901
2025-11-10,erc1155,14,30,30,60,31500,0.00190476,0.1905,-0.99809524,-99.8095
2025-11-10,erc1155,16,3902,3902,7804,626260,0.01246128,1.2461,-0.98753872,-98.7539
2025-11-10,erc1155,17,3314,7328,10642,522584,0.02036419,2.0364,-0.97963581,-97.9636
2025-11-10,erc1155,18,3008,712,3720,706912,0.00526232,0.5262,-0.99473768,-99.4738
2025-11-10,erc1155,19,430,430,860,445200,0.00193172,0.1932,-0.99806828,-99.8068
2025-11-10,erc1155,20,2013,2747,4760,619080,0.00768883,0.7689,-0.99231117,-99.2311
2025-11-10,erc1155,22,8628,8628,17256,641539,0.02689782,2.6898,-0.97310218,-97.3102
2025-11-10,erc1155,23,16804,1480,18284,741286,0.02466524,2.4665,-0.97533476,-97.5335
2025-11-10,erc1155,24,78,78,156,32550,0.00479263,0.4793,-0.99520737,-99.5207
2025-11-10,erc1155,25,6504,1994,8498,1213275,0.00700418,0.7004,-0.99299582,-99.2996
2025-11-10,erc1155,27,1799,1799,3598,1435061,0.00250721,0.2507,-0.99749279,-99.7493
2025-11-10,erc1155,28,2,2,4,29400,0.00013605,0.0136,-0.99986395,-99.9864
2025-11-10,erc1155,29,7894,7894,15788,1432200,0.01102360,1.1024,-0.98897640,-98.8976
2025-11-10,erc1155,3,66,219,285,165356,0.00172355,0.1724,-0.99827645,-99.8276
2025-11-10,erc1155,30,274,447,721,30975,0.02327684,2.3277,-0.97672316,-97.6723
2025-11-10,erc1155,31,2167,2235,4402,29400,0.14972789,14.9728,-0.85027211,-85.0272
2025-11-10,erc1155,32,5282,155282,160564,1474515,0.10889275,10.8893,-0.89110725,-89.1107
2025-11-10,erc1155,4,854,654,1508,238409,0.00632526,0.6325,-0.99367474,-99.3675
2025-11-10,erc1155,5,14,26,40,38010,0.00105235,0.1052,-0.99894765,-99.8948
2025-11-10,erc1155,6,3195,3195,6390,445200,0.01435310,1.4353,-0.98564690,-98.5647
2025-11-10,erc1155,7,10,97,107,33663,0.00317856,0.3179,-0.99682144,-99.6821
2025-11-10,erc1155,8,13,23,36,26775,0.00134454,0.1345,-0.99865546,-99.8655
2025-11-10,erc1155,9,2489,1339,3828,308553,0.01240630,1.2406,-0.98759370,-98.7594
2025-11-11,erc1155,10,70,64,134,33075,0.00405140,0.4051,-0.99594860,-99.5949
2025-11-11,erc1155,11,2370,2370,4740,692451,0.00684525,0.6845,-0.99315475,-99.3155
2025-11-11,erc1155,12,513,644,1157,444140,0.00260503,0.2605,-0.99739497,-99.7395
2025-11-11,erc1155,13,77,77,154,648943,0.00023731,0.0237,-0.99976269,-99.9763
2025-11-11,erc1155,14,27,27,54,31500,0.00171429,0.1714,-0.99828571,-99.8286
2025-11-11,erc1155,16,1658,1658,3316,626260,0.00529493,0.5295,-0.99470507,-99.4705
2025-11-11,erc1155,17,1178,1820,2998,522584,0.00573688,0.5737,-0.99426312,-99.4263
2025-11-11,erc1155,18,5990,3065,9055,706912,0.01280923,1.2809,-0.98719077,-98.7191
2025-11-11,erc1155,19,1243,273,1516,445200,0.00340521,0.3405,-0.99659479,-99.6595
2025-11-11,erc1155,20,827,736,1563,619080,0.00252471,0.2525,-0.99747529,-99.7475
2025-11-11,erc1155,22,6445,5902,12347,641539,0.01924591,1.9246,-0.98075409,-98.0754
2025-11-11,erc1155,23,2738,17836,20574,741286,0.02775447,2.7754,-0.97224553,-97.2246
2025-11-11,erc1155,24,30,30,60,32550,0.00184332,0.1843,-0.99815668,-99.8157
2025-11-11,erc1155,25,4097,6067,10164,1213275,0.00837733,0.8377,-0.99162267,-99.1623
2025-11-11,erc1155,27,727,653,1380,1435061,0.00096163,0.0962,-0.99903837,-99.9038
2025-11-11,erc1155,28,2,2,4,29400,0.00013605,0.0136,-0.99986395,-99.9864
2025-11-11,erc1155,29,4990,4990,9980,1432200,0.00696830,0.6968,-0.99303170,-99.3032
2025-11-11,erc1155,3,609,524,1133,165356,0.00685188,0.6852,-0.99314812,-99.3148
2025-11-11,erc1155,30,57,36,93,30975,0.00300242,0.3002,-0.99699758,-99.6998
2025-11-11,erc1155,31,3,3,6,29400,0.00020408,0.0204,-0.99979592,-99.9796
2025-11-11,erc1155,32,3814,3814,7628,1474515,0.00517323,0.5173,-0.99482677,-99.4827
2025-11-11,erc1155,4,722,381,1103,238409,0.00462650,0.4627,-0.99537350,-99.5373
2025-11-11,erc1155,5,46,14,60,38010,0.00157853,0.1579,-0.99842147,-99.8421
2025-11-11,erc1155,6,5710,5710,11420,445200,0.02565139,2.5651,-0.97434861,-97.4349
2025-11-11,erc1155,7,43,40,83,33663,0.00246562,0.2466,-0.99753438,-99.7534
2025-11-11,erc1155,8,55,35,90,26775,0.00336134,0.3361,-0.99663866,-99.6639
2025-11-11,erc1155,9,1371,522,1893,308553,0.00613509,0.6135,-0.99386491,-99.3865
2025-11-12,erc1155,10,12,18,30,33075,0.00090703,0.0907,-0.99909297,-99.9093
2025-11-12,erc1155,11,494,494,988,692451,0.00142682,0.1427,-0.99857318,-99.8573
2025-11-12,erc1155,12,851,398,1249,444140,0.00281218,0.2812,-0.99718782,-99.7188
2025-11-12,erc1155,13,317,317,634,648943,0.00097697,0.0977,-0.99902303,-99.9023
2025-11-12,erc1155,14,7,7,14,31500,0.00044444,0.0444,-0.99955556,-99.9556
2025-11-12,erc1155,16,127,127,254,626260,0.00040558,0.0406,-0.99959442,-99.9594
2025-11-12,erc1155,17,901,1336,2237,522584,0.00428065,0.4281,-0.99571935,-99.5719
2025-11-12,erc1155,18,3068,6400,9468,706912,0.01339346,1.3393,-0.98660654,-98.6607
2025-11-12,erc1155,19,289,1259,1548,445200,0.00347709,0.3477,-0.99652291,-99.6523
2025-11-12,erc1155,20,303,306,609,619080,0.00098372,0.0984,-0.99901628,-99.9016
2025-11-12,erc1155,22,446,989,1435,641539,0.00223681,0.2237,-0.99776319,-99.7763
2025-11-12,erc1155,23,1318,1822,3140,741286,0.00423588,0.4236,-0.99576412,-99.5764
2025-11-12,erc1155,24,10,10,20,32550,0.00061444,0.0614,-0.99938556,-99.9386
2025-11-12,erc1155,25,2872,5734,8606,1213275,0.00709320,0.7093,-0.99290680,-99.2907
2025-11-12,erc1155,27,959,1033,1992,1435061,0.00138809,0.1388,-0.99861191,-99.8612
2025-11-12,erc1155,28,19,19,38,29400,0.00129252,0.1293,-0.99870748,-99.8707
2025-11-12,erc1155,29,358,358,716,1432200,0.00049993,0.0500,-0.99950007,-99.9500
2025-11-12,erc1155,3,185,262,447,165356,0.00270326,0.2703,-0.99729674,-99.7297
2025-11-12,erc1155,30,20,41,61,30975,0.00196933,0.1969,-0.99803067,-99.8031
2025-11-12,erc1155,31,14,14,28,29400,0.00095238,0.0952,-0.99904762,-99.9048
2025-11-12,erc1155,32,220,220,440,1474515,0.00029840,0.0298,-0.99970160,-99.9702
2025-11-12,erc1155,4,134,711,845,238409,0.00354433,0.3544,-0.99645567,-99.6456
2025-11-12,erc1155,5,7,39,46,38010,0.00121021,0.1210,-0.99878979,-99.8790
2025-11-12,erc1155,6,174,174,348,445200,0.00078167,0.0782,-0.99921833,-99.9218
2025-11-12,erc1155,7,13,16,29,33663,0.00086148,0.0861,-0.99913852,-99.9139
2025-11-12,erc1155,8,2,22,24,26775,0.00089636,0.0896,-0.99910364,-99.9104
2025-11-12,erc1155,9,792,3482,4274,308553,0.01385175,1.3852,-0.98614825,-98.6148
2025-11-13,erc1155,10,75,75,150,33075,0.00453515,0.4535,-0.99546485,-99.5465
2025-11-13,erc1155,11,339,339,678,692451,0.00097913,0.0979,-0.99902087,-99.9021
2025-11-13,erc1155,12,1011,1464,2475,444140,0.00557257,0.5573,-0.99442743,-99.4427
2025-11-13,erc1155,13,847,847,1694,648943,0.00261040,0.2610,-0.99738960,-99.7390
2025-11-13,erc1155,14,2,2,4,31500,0.00012698,0.0127,-0.99987302,-99.9873
2025-11-13,erc1155,16,1186,1186,2372,626260,0.00378756,0.3788,-0.99621244,-99.6212
2025-11-13,erc1155,17,874,1149,2023,522584,0.00387115,0.3871,-0.99612885,-99.6129
2025-11-13,erc1155,18,2407,4606,7013,706912,0.00992061,0.9921,-0.99007939,-99.0079
2025-11-13,erc1155,19,93,93,186,445200,0.00041779,0.0418,-0.99958221,-99.9582
2025-11-13,erc1155,20,914,1002,1916,619080,0.00309492,0.3095,-0.99690508,-99.6905
2025-11-13,erc1155,22,93,93,186,641539,0.00028993,0.0290,-0.99971007,-99.9710
2025-11-13,erc1155,23,1038,1521,2559,741286,0.00345211,0.3452,-0.99654789,-99.6548
2025-11-13,erc1155,24,10,10,20,32550,0.00061444,0.0614,-0.99938556,-99.9386
2025-11-13,erc1155,25,1486,1487,2973,1213275,0.00245039,0.2450,-0.99754961,-99.7550
2025-11-13,erc1155,27,6540,6540,13080,1435061,0.00911460,0.9115,-0.99088540,-99.0885
2025-11-13,erc1155,28,1,1,2,29400,0.00006803,0.0068,-0.99993197,-99.9932
2025-11-13,erc1155,29,8385,8385,16770,1432200,0.01170926,1.1709,-0.98829074,-98.8291
2025-11-13,erc1155,3,149,157,306,165356,0.00185055,0.1851,-0.99814945,-99.8149
2025-11-13,erc1155,30,237,237,474,30975,0.01530266,1.5303,-0.98469734,-98.4697
2025-11-13,erc1155,31,7,7,14,29400,0.00047619,0.0476,-0.99952381,-99.9524
2025-11-13,erc1155,32,172,172,344,1474515,0.00023330,0.0233,-0.99976670,-99.9767
2025-11-13,erc1155,4,1192,1198,2390,238409,0.01002479,1.0025,-0.98997521,-98.9975
2025-11-13,erc1155,5,5,5,10,38010,0.00026309,0.0263,-0.99973691,-99.9737
2025-11-13,erc1155,6,2016,2016,4032,445200,0.00905660,0.9057,-0.99094340,-99.0943
2025-11-13,erc1155,7,17,17,34,33663,0.00101001,0.1010,-0.99898999,-99.8990
2025-11-13,erc1155,8,2,2,4,26775,0.00014939,0.0149,-0.99985061,-99.9851
2025-11-13,erc1155,9,1409,9935,11344,308553,0.03676516,3.6765,-0.96323484,-96.3235
2025-11-14,erc1155,10,211,211,422,33075,0.01275888,1.2759,-0.98724112,-98.7241
2025-11-14,erc1155,11,665,665,1330,692451,0.00192071,0.1921,-0.99807929,-99.8079
2025-11-14,erc1155,12,1169,1169,2338,444140,0.00526411,0.5264,-0.99473589,-99.4736
2025-11-14,erc1155,13,7355,7355,14710,648943,0.02266763,2.2668,-0.97733237,-97.7332
2025-11-14,erc1155,14,114,114,228,31500,0.00723810,0.7238,-0.99276190,-99.2762
2025-11-14,erc1155,16,508,508,1016,626260,0.00162233,0.1622,-0.99837767,-99.8378
2025-11-14,erc1155,17,1893,1890,3783,522584,0.00723903,0.7239,-0.99276097,-99.2761
2025-11-14,erc1155,18,3503,3498,7001,706912,0.00990364,0.9904,-0.99009636,-99.0096
2025-11-14,erc1155,19,1653,1653,3306,445200,0.00742588,0.7426,-0.99257412,-99.2574
2025-11-14,erc1155,20,2584,2584,5168,619080,0.00834787,0.8348,-0.99165213,-99.1652
2025-11-14,erc1155,22,1041,1041,2082,641539,0.00324532,0.3245,-0.99675468,-99.6755
2025-11-14,erc1155,23,1671,1671,3342,741286,0.00450838,0.4508,-0.99549162,-99.5492
2025-11-14,erc1155,24,102,102,204,32550,0.00626728,0.6267,-0.99373272,-99.3733
2025-11-14,erc1155,25,8175,8159,16334,1213275,0.01346274,1.3463,-0.98653726,-98.6537
2025-11-14,erc1155,27,16393,16393,32786,1435061,0.02284642,2.2846,-0.97715358,-97.7154
2025-11-14,erc1155,28,226,226,452,29400,0.01537415,1.5374,-0.98462585,-98.4626
2025-11-14,erc1155,29,14186,14186,28372,1432200,0.01981008,1.9810,-0.98018992,-98.0190
2025-11-14,erc1155,3,884,767,1651,165356,0.00998452,0.9985,-0.99001548,-99.0015
2025-11-14,erc1155,30,217,217,434,30975,0.01401130,1.4011,-0.98598870,-98.5989
2025-11-14,erc1155,31,1052,1052,2104,29400,0.07156463,7.1565,-0.92843537,-92.8435
2025-11-14,erc1155,32,1075,1075,2150,1474515,0.00145811,0.1458,-0.99854189,-99.8542
2025-11-14,erc1155,4,1351,1351,2702,238409,0.01133346,1.1333,-0.98866654,-98.8667
2025-11-14,erc1155,5,69,69,138,38010,0.00363062,0.3631,-0.99636938,-99.6369
2025-11-14,erc1155,6,20712,19911,40623,445200,0.09124663,9.1247,-0.90875337,-90.8753
2025-11-14,erc1155,7,88,88,176,33663,0.00522829,0.5228,-0.99477171,-99.4772
2025-11-14,erc1155,8,65,65,130,26775,0.00485528,0.4855,-0.99514472,-99.5145
2025-11-14,erc1155,9,3311,3283,6594,308553,0.02137072,2.1371,-0.97862928,-97.8629
2025-11-15,erc1155,10,6,6,12,33075,0.00036281,0.0363,-0.99963719,-99.9637
2025-11-15,erc1155,11,381,364,745,692451,0.00107589,0.1076,-0.99892411,-99.8924
2025-11-15,erc1155,12,1603,1603,3206,444140,0.00721844,0.7218,-0.99278156,-99.2782
2025-11-15,erc1155,13,2396,2396,4792,648943,0.00738432,0.7384,-0.99261568,-99.2616
2025-11-15,erc1155,14,3,3,6,31500,0.00019048,0.0190,-0.99980952,-99.9810
2025-11-15,erc1155,16,616,616,1232,626260,0.00196723,0.1967,-0.99803277,-99.8033
2025-11-15,erc1155,17,1685,1331,3016,522584,0.00577132,0.5771,-0.99422868,-99.4229
2025-11-15,erc1155,18,464,469,933,706912,0.00131982,0.1320,-0.99868018,-99.8680
2025-11-15,erc1155,19,432,432,864,445200,0.00194070,0.1941,-0.99805930,-99.8059
2025-11-15,erc1155,20,2529,1621,4150,619080,0.00670350,0.6703,-0.99329650,-99.3297
2025-11-15,erc1155,22,1403,1403,2806,641539,0.00437386,0.4374,-0.99562614,-99.5626
2025-11-15,erc1155,23,1965,1965,3930,741286,0.00530160,0.5302,-0.99469840,-99.4698
2025-11-15,erc1155,24,41,41,82,32550,0.00251920,0.2519,-0.99748080,-99.7481
2025-11-15,erc1155,25,8745,2536,11281,1213275,0.00929797,0.9298,-0.99070203,-99.0702
2025-11-15,erc1155,27,11161,8135,19296,1435061,0.01344612,1.3446,-0.98655388,-98.6554
2025-11-15,erc1155,28,2,2,4,29400,0.00013605,0.0136,-0.99986395,-99.9864
2025-11-15,erc1155,29,7961,7961,15922,1432200,0.01111716,1.1117,-0.98888284,-98.8883
2025-11-15,erc1155,3,344,461,805,165356,0.00486828,0.4868,-0.99513172,-99.5132
2025-11-15,erc1155,30,20,20,40,30975,0.00129136,0.1291,-0.99870864,-99.8709
2025-11-15,erc1155,31,37,37,74,29400,0.00251701,0.2517,-0.99748299,-99.7483
2025-11-15,erc1155,32,100,100,200,1474515,0.00013564,0.0136,-0.99986436,-99.9864
2025-11-15,erc1155,4,2663,1416,4079,238409,0.01710925,1.7109,-0.98289075,-98.2891
2025-11-15,erc1155,5,80,79,159,38010,0.00418311,0.4183,-0.99581689,-99.5817
2025-11-15,erc1155,6,3333,4134,7467,445200,0.01677224,1.6772,-0.98322776,-98.3228
2025-11-15,erc1155,7,55,55,110,33663,0.00326768,0.3268,-0.99673232,-99.6732
2025-11-15,erc1155,8,21,21,42,26775,0.00156863,0.1569,-0.99843137,-99.8431
2025-11-15,erc1155,9,1135,1012,2147,308553,0.00695829,0.6958,-0.99304171,-99.3042
2025-11-16,erc1155,10,191,191,382,33075,0.01154951,1.1550,-0.98845049,-98.8450
2025-11-16,erc1155,11,184,201,385,692451,0.00055600,0.0556,-0.99944400,-99.9444
2025-11-16,erc1155,12,2920,2757,5677,444140,0.01278201,1.2782,-0.98721799,-98.7218
2025-11-16,erc1155,13,1237,1237,2474,648943,0.00381235,0.3812,-0.99618765,-99.6188
2025-11-16,erc1155,14,28,28,56,31500,0.00177778,0.1778,-0.99822222,-99.8222
2025-11-16,erc1155,16,2358,2358,4716,626260,0.00753042,0.7530,-0.99246958,-99.2470
2025-11-16,erc1155,17,5909,6261,12170,522584,0.02328812,2.3288,-0.97671188,-97.6712
2025-11-16,erc1155,18,5842,4934,10776,706912,0.01524376,1.5244,-0.98475624,-98.4756
2025-11-16,erc1155,19,2126,2126,4252,445200,0.00955076,0.9551,-0.99044924,-99.0449
2025-11-16,erc1155,20,3903,2286,6189,619080,0.00999709,0.9997,-0.99000291,-99.0003
2025-11-16,erc1155,22,1524,1524,3048,641539,0.00475108,0.4751,-0.99524892,-99.5249
2025-11-16,erc1155,23,996,996,1992,741286,0.00268722,0.2687,-0.99731278,-99.7313
2025-11-16,erc1155,24,79,79,158,32550,0.00485407,0.4854,-0.99514593,-99.5146
2025-11-16,erc1155,25,8100,14061,22161,1213275,0.01826544,1.8265,-0.98173456,-98.1735
2025-11-16,erc1155,27,18497,21249,39746,1435061,0.02769638,2.7696,-0.97230362,-97.2304
2025-11-16,erc1155,28,54,54,108,29400,0.00367347,0.3673,-0.99632653,-99.6327
2025-11-16,erc1155,29,9929,9929,19858,1432200,0.01386538,1.3865,-0.98613462,-98.6135
2025-11-16,erc1155,3,2925,1844,4769,165356,0.02884080,2.8841,-0.97115920,-97.1159
2025-11-16,erc1155,30,435,435,870,30975,0.02808717,2.8087,-0.97191283,-97.1913
2025-11-16,erc1155,31,28,28,56,29400,0.00190476,0.1905,-0.99809524,-99.8095
2025-11-16,erc1155,32,10,10,20,1474515,0.00001356,0.0014,-0.99998644,-99.9986
2025-11-16,erc1155,4,2077,2351,4428,238409,0.01857312,1.8573,-0.98142688,-98.1427
2025-11-16,erc1155,5,16,17,33,38010,0.00086819,0.0868,-0.99913181,-99.9132
2025-11-16,erc1155,6,4298,4298,8596,445200,0.01930818,1.9308,-0.98069182,-98.0692
2025-11-16,erc1155,7,75,75,150,33663,0.00445593,0.4456,-0.99554407,-99.5544
2025-11-16,erc1155,8,65,65,130,26775,0.00485528,0.4855,-0.99514472,-99.5145
2025-11-16,erc1155,9,5128,5270,10398,308553,0.03369923,3.3699,-0.96630077,-96.6301
2025-11-17,erc1155,10,27,3,30,33075,0.00090703,0.0907,-0.99909297,-99.9093
2025-11-17,erc1155,11,3116,3116,6232,692451,0.00899991,0.9000,-0.99100009,-99.1000
2025-11-17,erc1155,12,331,494,825,444140,0.00185752,0.1858,-0.99814248,-99.8142
2025-11-17,erc1155,13,4362,4362,8724,648943,0.01344340,1.3443,-0.98655660,-98.6557
2025-11-17,erc1155,14,21,21,42,31500,0.00133333,0.1333,-0.99866667,-99.8667
2025-11-17,erc1155,16,4250,4250,8500,626260,0.01357264,1.3573,-0.98642736,-98.6427
2025-11-17,erc1155,17,860,268,1128,522584,0.00215850,0.2159,-0.99784150,-99.7841
2025-11-17,erc1155,18,1207,2114,3321,706912,0.00469790,0.4698,-0.99530210,-99.5302
2025-11-17,erc1155,19,1735,1735,3470,445200,0.00779425,0.7794,-0.99220575,-99.2206
2025-11-17,erc1155,20,4732,4418,9150,619080,0.01478000,1.4780,-0.98522000,-98.5220
2025-11-17,erc1155,22,2290,2290,4580,641539,0.00713908,0.7139,-0.99286092,-99.2861
2025-11-17,erc1155,23,2247,2247,4494,741286,0.00606244,0.6062,-0.99393756,-99.3938
2025-11-17,erc1155,24,26,26,52,32550,0.00159754,0.1598,-0.99840246,-99.8402
2025-11-17,erc1155,25,8949,5998,14947,1213275,0.01231955,1.2320,-0.98768045,-98.7680
2025-11-17,erc1155,27,8740,3557,12297,1435061,0.00856897,0.8569,-0.99143103,-99.1431
2025-11-17,erc1155,28,1,1,2,29400,0.00006803,0.0068,-0.99993197,-99.9932
2025-11-17,erc1155,29,5741,5741,11482,1432200,0.00801704,0.8017,-0.99198296,-99.1983
2025-11-17,erc1155,3,558,1195,1753,165356,0.01060137,1.0601,-0.98939863,-98.9399
2025-11-17,erc1155,30,21,21,42,30975,0.00135593,0.1356,-0.99864407,-99.8644
2025-11-17,erc1155,31,101,101,202,29400,0.00687075,0.6871,-0.99312925,-99.3129
2025-11-17,erc1155,32,155,25155,25310,1474515,0.01716497,1.7165,-0.98283503,-98.2835
2025-11-17,erc1155,4,454,1011,1465,238409,0.00614490,0.6145,-0.99385510,-99.3855
2025-11-17,erc1155,5,6,6,12,38010,0.00031571,0.0316,-0.99968429,-99.9684
2025-11-17,erc1155,6,465,365,830,445200,0.00186433,0.1864,-0.99813567,-99.8136
2025-11-17,erc1155,7,114,65,179,33663,0.00531741,0.5317,-0.99468259,-99.4683
2025-11-17,erc1155,8,38,38,76,26775,0.00283847,0.2838,-0.99716153,-99.7162
2025-11-17,erc1155,9,1103,1112,2215,308553,0.00717867,0.7179,-0.99282133,-99.2821
2025-11-18,erc1155,10,7,31,38,33075,0.00114890,0.1149,-0.99885110,-99.8851
2025-11-18,erc1155,11,252,252,504,692451,0.00072785,0.0728,-0.99927215,-99.9272
2025-11-18,erc1155,12,1371,1361,2732,444140,0.00615121,0.6151,-0.99384879,-99.3849
2025-11-18,erc1155,13,1847,1847,3694,648943,0.00569233,0.5692,-0.99430767,-99.4308
2025-11-18,erc1155,14,12,12,24,31500,0.00076190,0.0762,-0.99923810,-99.9238
2025-11-18,erc1155,16,1062,1062,2124,626260,0.00339156,0.3392,-0.99660844,-99.6608
2025-11-18,erc1155,17,2033,2571,4604,522584,0.00881007,0.8810,-0.99118993,-99.1190
2025-11-18,erc1155,18,730,727,1457,706912,0.00206108,0.2061,-0.99793892,-99.7939
2025-11-18,erc1155,19,2707,2707,5414,445200,0.01216083,1.2161,-0.98783917,-98.7839
2025-11-18,erc1155,20,5200,7989,13189,619080,0.02130419,2.1304,-0.97869581,-97.8696
2025-11-18,erc1155,22,1677,1676,3353,641539,0.00522649,0.5226,-0.99477351,-99.4774
2025-11-18,erc1155,23,1550,1550,3100,741286,0.00418192,0.4182,-0.99581808,-99.5818
2025-11-18,erc1155,24,39,39,78,32550,0.00239631,0.2396,-0.99760369,-99.7604
2025-11-18,erc1155,25,4140,7236,11376,1213275,0.00937627,0.9376,-0.99062373,-99.0624
2025-11-18,erc1155,27,7311,12745,20056,1435061,0.01397571,1.3976,-0.98602429,-98.6024
2025-11-18,erc1155,28,10,10,20,29400,0.00068027,0.0680,-0.99931973,-99.9320
2025-11-18,erc1155,29,3990,3975,7965,1432200,0.00556137,0.5561,-0.99443863,-99.4439
2025-11-18,erc1155,3,616,969,1585,165356,0.00958538,0.9585,-0.99041462,-99.0415
2025-11-18,erc1155,30,189,189,378,30975,0.01220339,1.2203,-0.98779661,-98.7797
2025-11-18,erc1155,31,1,1,2,29400,0.00006803,0.0068,-0.99993197,-99.9932
2025-11-18,erc1155,32,100,100,200,1474515,0.00013564,0.0136,-0.99986436,-99.9864
2025-11-18,erc1155,4,1408,1808,3216,238409,0.01348942,1.3489,-0.98651058,-98.6511
2025-11-18,erc1155,5,21,21,42,38010,0.00110497,0.1105,-0.99889503,-99.8895
2025-11-18,erc1155,6,1238,1338,2576,445200,0.00578616,0.5786,-0.99421384,-99.4214
2025-11-18,erc1155,7,66,115,181,33663,0.00537682,0.5377,-0.99462318,-99.4623
2025-11-18,erc1155,8,3,3,6,26775,0.00022409,0.0224,-0.99977591,-99.9776
2025-11-18,erc1155,9,1678,1578,3256,308553,0.01055248,1.0552,-0.98944752,-98.9448
2025-11-19,erc1155,10,24,24,48,33075,0.00145125,0.1451,-0.99854875,-99.8549
2025-11-19,erc1155,11,352,352,704,692451,0.00101668,0.1017,-0.99898332,-99.8983
2025-11-19,erc1155,12,13169,4075,17244,444140,0.03882560,3.8826,-0.96117440,-96.1174
2025-11-19,erc1155,13,2725,2724,5449,648943,0.00839673,0.8397,-0.99160327,-99.1603
2025-11-19,erc1155,14,5,5,10,31500,0.00031746,0.0317,-0.99968254,-99.9683
2025-11-19,erc1155,16,298,298,596,626260,0.00095168,0.0952,-0.99904832,-99.9048
2025-11-19,erc1155,17,2772,596,3368,522584,0.00644490,0.6445,-0.99355510,-99.3555
2025-11-19,erc1155,18,1007,926,1933,706912,0.00273443,0.2734,-0.99726557,-99.7266
2025-11-19,erc1155,19,524,490,1014,445200,0.00227763,0.2278,-0.99772237,-99.7722
2025-11-19,erc1155,20,4072,793,4865,619080,0.00785844,0.7858,-0.99214156,-99.2142
2025-11-19,erc1155,22,4721,4722,9443,641539,0.01471929,1.4719,-0.98528071,-98.5281
2025-11-19,erc1155,23,3355,3355,6710,741286,0.00905184,0.9052,-0.99094816,-99.0948
2025-11-19,erc1155,24,34,34,68,32550,0.00208909,0.2089,-0.99791091,-99.7911
2025-11-19,erc1155,25,7645,7452,15097,1213275,0.01244318,1.2443,-0.98755682,-98.7557
2025-11-19,erc1155,27,14408,14431,28839,1435061,0.02009601,2.0096,-0.97990399,-97.9904
2025-11-19,erc1155,28,109,109,218,29400,0.00741497,0.7415,-0.99258503,-99.2585
2025-11-19,erc1155,29,4673,4688,9361,1432200,0.00653610,0.6536,-0.99346390,-99.3464
2025-11-19,erc1155,3,389,220,609,165356,0.00368296,0.3683,-0.99631704,-99.6317
2025-11-19,erc1155,30,319,319,638,30975,0.02059726,2.0597,-0.97940274,-97.9403
2025-11-19,erc1155,31,14,14,28,29400,0.00095238,0.0952,-0.99904762,-99.9048
2025-11-19,erc1155,32,250,250,500,1474515,0.00033909,0.0339,-0.99966091,-99.9661
2025-11-19,erc1155,4,1899,213,2112,238409,0.00885873,0.8859,-0.99114127,-99.1141
2025-11-19,erc1155,5,6,6,12,38010,0.00031571,0.0316,-0.99968429,-99.9684
2025-11-19,erc1155,6,1938,1938,3876,445200,0.00870620,0.8706,-0.99129380,-99.1294
2025-11-19,erc1155,7,15,14,29,33663,0.00086148,0.0861,-0.99913852,-99.9139
2025-11-19,erc1155,8,18,18,36,26775,0.00134454,0.1345,-0.99865546,-99.8655
2025-11-19,erc1155,9,4072,578,4650,308553,0.01507034,1.5070,-0.98492966,-98.4930
2025-11-20,erc1155,10,134,125,259,33075,0.00783069,0.7831,-0.99216931,-99.2169
2025-11-20,erc1155,11,195,195,390,692451,0.00056322,0.0563,-0.99943678,-99.9437
2025-11-20,erc1155,12,2114,10794,12908,444140,0.02906291,2.9063,-0.97093709,-97.0937
2025-11-20,erc1155,13,3938,3939,7877,648943,0.01213820,1.2138,-0.98786180,-98.7862
2025-11-20,erc1155,14,195,151,346,31500,0.01098413,1.0984,-0.98901587,-98.9016
2025-11-20,erc1155,16,1691,1691,3382,626260,0.00540031,0.5400,-0.99459969,-99.4600
2025-11-20,erc1155,17,4608,2720,7328,522584,0.01402263,1.4023,-0.98597737,-98.5977
2025-11-20,erc1155,18,4224,3393,7617,706912,0.01077503,1.0775,-0.98922497,-98.9225
2025-11-20,erc1155,19,2175,2209,4384,445200,0.00984726,0.9847,-0.99015274,-99.0153
2025-11-20,erc1155,20,4765,6162,10927,619080,0.01765038,1.7650,-0.98234962,-98.2350
2025-11-20,erc1155,22,2372,2372,4744,641539,0.00739472,0.7395,-0.99260528,-99.2605
2025-11-20,erc1155,23,1275,1054,2329,741286,0.00314184,0.3142,-0.99685816,-99.6858
2025-11-20,erc1155,24,261,146,407,32550,0.01250384,1.2504,-0.98749616,-98.7496
2025-11-20,erc1155,25,9914,7180,17094,1213275,0.01408914,1.4089,-0.98591086,-98.5911
2025-11-20,erc1155,27,31140,28025,59165,1435061,0.04122821,4.1228,-0.95877179,-95.8772
2025-11-20,erc1155,28,12,12,24,29400,0.00081633,0.0816,-0.99918367,-99.9184
2025-11-20,erc1155,29,4207,4207,8414,1432200,0.00587488,0.5875,-0.99412512,-99.4125
2025-11-20,erc1155,3,5685,3260,8945,165356,0.05409541,5.4095,-0.94590459,-94.5905
2025-11-20,erc1155,30,84,84,168,30975,0.00542373,0.5424,-0.99457627,-99.4576
2025-11-20,erc1155,31,7,7,14,29400,0.00047619,0.0476,-0.99952381,-99.9524
2025-11-20,erc1155,32,55,55,110,1474515,0.00007460,0.0075,-0.99992540,-99.9925
2025-11-20,erc1155,4,2833,4535,7368,238409,0.03090487,3.0905,-0.96909513,-96.9095
2025-11-20,erc1155,5,37,37,74,38010,0.00194686,0.1947,-0.99805314,-99.8053
2025-11-20,erc1155,6,8069,8069,16138,445200,0.03624888,3.6249,-0.96375112,-96.3751
2025-11-20,erc1155,7,118,119,237,33663,0.00704037,0.7040,-0.99295963,-99.2960
2025-11-20,erc1155,8,114,97,211,26775,0.00788049,0.7880,-0.99211951,-99.2120
2025-11-20,erc1155,9,6439,4674,11113,308553,0.03601650,3.6017,-0.96398350,-96.3983
2025-11-21,erc1155,10,26,35,61,33075,0.00184429,0.1844,-0.99815571,-99.8156
2025-11-21,erc1155,11,20,20,40,692451,0.00005777,0.0058,-0.99994223,-99.9942
2025-11-21,erc1155,12,3185,2157,5342,444140,0.01202774,1.2028,-0.98797226,-98.7972
2025-11-21,erc1155,13,13943,13943,27886,648943,0.04297142,4.2971,-0.95702858,-95.7029
2025-11-21,erc1155,14,6,50,56,31500,0.00177778,0.1778,-0.99822222,-99.8222
2025-11-21,erc1155,16,3377,3377,6754,626260,0.01078466,1.0785,-0.98921534,-98.9215
2025-11-21,erc1155,17,9109,6572,15681,522584,0.03000666,3.0007,-0.96999334,-96.9993
2025-11-21,erc1155,18,847,1763,2610,706912,0.00369211,0.3692,-0.99630789,-99.6308
2025-11-21,erc1155,19,322,322,644,445200,0.00144654,0.1447,-0.99855346,-99.8553
2025-11-21,erc1155,20,6240,4316,10556,619080,0.01705111,1.7051,-0.98294889,-98.2949
2025-11-21,erc1155,22,7278,7278,14556,641539,0.02268919,2.2689,-0.97731081,-97.7311
2025-11-21,erc1155,23,899,1120,2019,741286,0.00272365,0.2724,-0.99727635,-99.7276
2025-11-21,erc1155,24,75,190,265,32550,0.00814132,0.8141,-0.99185868,-99.1859
2025-11-21,erc1155,25,13739,7633,21372,1213275,0.01761513,1.7615,-0.98238487,-98.2385
2025-11-21,erc1155,27,20340,18167,38507,1435061,0.02683301,2.6833,-0.97316699,-97.3167
2025-11-21,erc1155,28,127,127,254,29400,0.00863946,0.8639,-0.99136054,-99.1361
2025-11-21,erc1155,29,2898,1826,4724,1432200,0.00329842,0.3298,-0.99670158,-99.6702
2025-11-21,erc1155,3,825,330,1155,165356,0.00698493,0.6985,-0.99301507,-99.3015
2025-11-21,erc1155,30,25,25,50,30975,0.00161421,0.1614,-0.99838579,-99.8386
2025-11-21,erc1155,31,208,208,416,29400,0.01414966,1.4150,-0.98585034,-98.5850
2025-11-21,erc1155,32,14,14,28,1474515,0.00001899,0.0019,-0.99998101,-99.9981
2025-11-21,erc1155,4,4350,4290,8640,238409,0.03624024,3.6240,-0.96375976,-96.3760
2025-11-21,erc1155,5,3,3,6,38010,0.00015785,0.0158,-0.99984215,-99.9842
2025-11-21,erc1155,6,7831,7831,15662,445200,0.03517969,3.5180,-0.96482031,-96.4820
2025-11-21,erc1155,7,13,13,26,33663,0.00077236,0.0772,-0.99922764,-99.9228
2025-11-21,erc1155,8,38,55,93,26775,0.00347339,0.3473,-0.99652661,-99.6527
2025-11-21,erc1155,9,1511,1539,3050,308553,0.00988485,0.9885,-0.99011515,-99.0115
2025-11-22,erc1155,10,30,30,60,33075,0.00181406,0.1814,-0.99818594,-99.8186
2025-11-22,erc1155,11,285,285,570,692451,0.00082316,0.0823,-0.99917684,-99.9177
2025-11-22,erc1155,12,1261,2617,3878,444140,0.00873148,0.8731,-0.99126852,-99.1269
2025-11-22,erc1155,13,439,439,878,648943,0.00135297,0.1353,-0.99864703,-99.8647
2025-11-22,erc1155,14,67,67,134,31500,0.00425397,0.4254,-0.99574603,-99.5746
2025-11-22,erc1155,16,102,102,204,626260,0.00032574,0.0326,-0.99967426,-99.9674
2025-11-22,erc1155,17,4186,792,4978,522584,0.00952574,0.9526,-0.99047426,-99.0474
2025-11-22,erc1155,18,830,438,1268,706912,0.00179372,0.1794,-0.99820628,-99.8206
2025-11-22,erc1155,19,28,28,56,445200,0.00012579,0.0126,-0.99987421,-99.9874
2025-11-22,erc1155,20,3257,510,3767,619080,0.00608484,0.6085,-0.99391516,-99.3915
2025-11-22,erc1155,22,351,351,702,641539,0.00109424,0.1094,-0.99890576,-99.8906
2025-11-22,erc1155,23,1262,1262,2524,741286,0.00340489,0.3405,-0.99659511,-99.6595
2025-11-22,erc1155,24,222,222,444,32550,0.01364055,1.3641,-0.98635945,-98.6359
2025-11-22,erc1155,25,8178,14412,22590,1213275,0.01861903,1.8619,-0.98138097,-98.1381
2025-11-22,erc1155,27,8760,8349,17109,1435061,0.01192214,1.1922,-0.98807786,-98.8078
2025-11-22,erc1155,28,8,8,16,29400,0.00054422,0.0544,-0.99945578,-99.9456
2025-11-22,erc1155,29,1212,2284,3496,1432200,0.00244100,0.2441,-0.99755900,-99.7559
2025-11-22,erc1155,3,775,1270,2045,165356,0.01236726,1.2367,-0.98763274,-98.7633
2025-11-22,erc1155,30,128,128,256,30975,0.00826473,0.8265,-0.99173527,-99.1735
2025-11-22,erc1155,31,19,19,38,29400,0.00129252,0.1293,-0.99870748,-99.8707
2025-11-22,erc1155,32,59,59,118,1474515,0.00008003,0.0080,-0.99991997,-99.9920
2025-11-22,erc1155,4,2427,836,3263,238409,0.01368656,1.3687,-0.98631344,-98.6313
2025-11-22,erc1155,5,26,26,52,38010,0.00136806,0.1368,-0.99863194,-99.8632
2025-11-22,erc1155,6,380,380,760,445200,0.00170710,0.1707,-0.99829290,-99.8293
2025-11-22,erc1155,7,58,58,116,33663,0.00344592,0.3446,-0.99655408,-99.6554
2025-11-22,erc1155,8,13,13,26,26775,0.00097106,0.0971,-0.99902894,-99.9029
2025-11-22,erc1155,9,7471,949,8420,308553,0.02728867,2.7289,-0.97271133,-97.2711
2025-11-23,erc1155,10,10,10,20,33075,0.00060469,0.0605,-0.99939531,-99.9395
2025-11-23,erc1155,11,56,56,112,692451,0.00016174,0.0162,-0.99983826,-99.9838
2025-11-23,erc1155,12,1216,1312,2528,444140,0.00569190,0.5692,-0.99430810,-99.4308
2025-11-23,erc1155,13,1481,1481,2962,648943,0.00456435,0.4564,-0.99543565,-99.5436
2025-11-23,erc1155,14,3,3,6,31500,0.00019048,0.0190,-0.99980952,-99.9810
2025-11-23,erc1155,16,36,36,72,626260,0.00011497,0.0115,-0.99988503,-99.9885
2025-11-23,erc1155,17,1790,2372,4162,522584,0.00796427,0.7964,-0.99203573,-99.2036
2025-11-23,erc1155,18,3176,3341,6517,706912,0.00921897,0.9219,-0.99078103,-99.0781
2025-11-23,erc1155,19,221,221,442,445200,0.00099281,0.0993,-0.99900719,-99.9007
2025-11-23,erc1155,20,1586,1233,2819,619080,0.00455353,0.4554,-0.99544647,-99.5446
2025-11-23,erc1155,22,190,190,380,641539,0.00059233,0.0592,-0.99940767,-99.9408
2025-11-23,erc1155,23,166,166,332,741286,0.00044787,0.0448,-0.99955213,-99.9552
2025-11-23,erc1155,24,24,24,48,32550,0.00147465,0.1475,-0.99852535,-99.8525
2025-11-23,erc1155,25,1941,4859,6800,1213275,0.00560467,0.5605,-0.99439533,-99.4395
2025-11-23,erc1155,27,23878,18729,42607,1435061,0.02969003,2.9690,-0.97030997,-97.0310
2025-11-23,erc1155,28,1,1,2,29400,0.00006803,0.0068,-0.99993197,-99.9932
2025-11-23,erc1155,29,15361,14722,30083,1432200,0.02100475,2.1005,-0.97899525,-97.8995
2025-11-23,erc1155,3,2388,1015,3403,165356,0.02057984,2.0580,-0.97942016,-97.9420
2025-11-23,erc1155,30,1,1,2,30975,0.00006457,0.0065,-0.99993543,-99.9935
2025-11-23,erc1155,31,102,102,204,29400,0.00693878,0.6939,-0.99306122,-99.3061
2025-11-23,erc1155,4,598,2249,2847,238409,0.01194166,1.1942,-0.98805834,-98.8058
2025-11-23,erc1155,5,24,24,48,38010,0.00126283,0.1263,-0.99873717,-99.8737
2025-11-23,erc1155,6,12697,1070,13767,445200,0.03092318,3.0923,-0.96907682,-96.9077
2025-11-23,erc1155,7,30,29,59,33663,0.00175267,0.1753,-0.99824733,-99.8247
2025-11-23,erc1155,8,14,14,28,26775,0.00104575,0.1046,-0.99895425,-99.8954
2025-11-23,erc1155,9,2996,841,3837,308553,0.01243546,1.2435,-0.98756454,-98.7565
2025-11-24,erc1155,10,170,20,190,33075,0.00574452,0.5745,-0.99425548,-99.4255
2025-11-24,erc1155,11,131,131,262,692451,0.00037837,0.0378,-0.99962163,-99.9622
2025-11-24,erc1155,12,2617,2617,5234,444140,0.01178457,1.1785,-0.98821543,-98.8215
2025-11-24,erc1155,13,815,815,1630,648943,0.00251178,0.2512,-0.99748822,-99.7488
2025-11-24,erc1155,14,2,2,4,31500,0.00012698,0.0127,-0.99987302,-99.9873
2025-11-24,erc1155,16,6602,6602,13204,626260,0.02108389,2.1084,-0.97891611,-97.8916
2025-11-24,erc1155,17,4282,499,4781,522584,0.00914877,0.9149,-0.99085123,-99.0851
2025-11-24,erc1155,18,3834,3664,7498,706912,0.01060670,1.0607,-0.98939330,-98.9393
2025-11-24,erc1155,19,112,112,224,445200,0.00050314,0.0503,-0.99949686,-99.9497
2025-11-24,erc1155,20,5727,2858,8585,619080,0.01386735,1.3867,-0.98613265,-98.6133
2025-11-24,erc1155,22,1525,1525,3050,641539,0.00475419,0.4754,-0.99524581,-99.5246
2025-11-24,erc1155,23,1801,1801,3602,741286,0.00485912,0.4859,-0.99514088,-99.5141
2025-11-24,erc1155,24,261,112,373,32550,0.01145929,1.1459,-0.98854071,-98.8541
2025-11-24,erc1155,25,7539,6166,13705,1213275,0.01129587,1.1296,-0.98870413,-98.8704
2025-11-24,erc1155,27,30486,23153,53639,1435061,0.03737751,3.7378,-0.96262249,-96.2622
2025-11-24,erc1155,28,155,83,238,29400,0.00809524,0.8095,-0.99190476,-99.1905
2025-11-24,erc1155,29,1548,2187,3735,1432200,0.00260788,0.2608,-0.99739212,-99.7392
2025-11-24,erc1155,3,1199,1481,2680,165356,0.01620746,1.6207,-0.98379254,-98.3793
2025-11-24,erc1155,30,18,18,36,30975,0.00116223,0.1162,-0.99883777,-99.8838
2025-11-24,erc1155,31,152,12,164,29400,0.00557823,0.5578,-0.99442177,-99.4422
2025-11-24,erc1155,32,123,123,246,1474515,0.00016683,0.0167,-0.99983317,-99.9833
2025-11-24,erc1155,4,4660,2746,7406,238409,0.03106426,3.1064,-0.96893574,-96.8936
2025-11-24,erc1155,5,55,55,110,38010,0.00289398,0.2894,-0.99710602,-99.7106
2025-11-24,erc1155,6,7756,15883,23639,445200,0.05309748,5.3097,-0.94690252,-94.6903
2025-11-24,erc1155,7,152,26,178,33663,0.00528770,0.5288,-0.99471230,-99.4712
2025-11-24,erc1155,8,102,102,204,26775,0.00761905,0.7619,-0.99238095,-99.2381
2025-11-24,erc1155,9,1910,805,2715,308553,0.00879914,0.8799,-0.99120086,-99.1201
2025-11-25,erc1155,10,373,503,876,33075,0.02648526,2.6485,-0.97351474,-97.3515
2025-11-25,erc1155,11,62,62,124,692451,0.00017907,0.0179,-0.99982093,-99.9821
2025-11-25,erc1155,12,862,862,1724,444140,0.00388166,0.3882,-0.99611834,-99.6118
2025-11-25,erc1155,13,1851,1851,3702,648943,0.00570466,0.5705,-0.99429534,-99.4295
2025-11-25,erc1155,14,50,50,100,31500,0.00317460,0.3175,-0.99682540,-99.6825
2025-11-25,erc1155,16,8234,8234,16468,626260,0.02629579,2.6296,-0.97370421,-97.3704
2025-11-25,erc1155,17,1326,10318,11644,522584,0.02228159,2.2282,-0.97771841,-97.7718
2025-11-25,erc1155,18,3249,3178,6427,706912,0.00909165,0.9092,-0.99090835,-99.0908
2025-11-25,erc1155,19,571,571,1142,445200,0.00256514,0.2565,-0.99743486,-99.7435
2025-11-25,erc1155,20,2277,4433,6710,619080,0.01083866,1.0839,-0.98916134,-98.9161
2025-11-25,erc1155,22,4472,4096,8568,641539,0.01335538,1.3355,-0.98664462,-98.6645
2025-11-25,erc1155,23,9539,8605,18144,741286,0.02447638,2.4476,-0.97552362,-97.5524
2025-11-25,erc1155,24,464,613,1077,32550,0.03308756,3.3088,-0.96691244,-96.6912
2025-11-25,erc1155,25,9931,4854,14785,1213275,0.01218603,1.2186,-0.98781397,-98.7814
2025-11-25,erc1155,27,20239,20392,40631,1435061,0.02831308,2.8313,-0.97168692,-97.1687
2025-11-25,erc1155,28,11,83,94,29400,0.00319728,0.3197,-0.99680272,-99.6803
2025-11-25,erc1155,29,11447,11447,22894,1432200,0.01598520,1.5985,-0.98401480,-98.4015
2025-11-25,erc1155,3,606,431,1037,165356,0.00627132,0.6271,-0.99372868,-99.3729
2025-11-25,erc1155,30,209,209,418,30975,0.01349475,1.3495,-0.98650525,-98.6505
2025-11-25,erc1155,31,7,147,154,29400,0.00523810,0.5238,-0.99476190,-99.4762
2025-11-25,erc1155,32,80,80,160,1474515,0.00010851,0.0109,-0.99989149,-99.9891
2025-11-25,erc1155,4,5084,2229,7313,238409,0.03067418,3.0674,-0.96932582,-96.9326
2025-11-25,erc1155,5,71,55,126,38010,0.00331492,0.3315,-0.99668508,-99.6685
2025-11-25,erc1155,6,2622,6001,8623,445200,0.01936882,1.9369,-0.98063118,-98.0631
2025-11-25,erc1155,7,59,186,245,33663,0.00727802,0.7278,-0.99272198,-99.2722
2025-11-25,erc1155,8,46,46,92,26775,0.00343604,0.3436,-0.99656396,-99.6564
2025-11-25,erc1155,9,2531,1118,3649,308553,0.01182617,1.1826,-0.98817383,-98.8174
2025-11-26,erc1155,10,10,30,40,33075,0.00120937,0.1209,-0.99879063,-99.8791
2025-11-26,erc1155,11,104,104,208,692451,0.00030038,0.0300,-0.99969962,-99.9700
2025-11-26,erc1155,12,247,247,494,444140,0.00111226,0.1112,-0.99888774,-99.8888
2025-11-26,erc1155,13,323,323,646,648943,0.00099546,0.0995,-0.99900454,-99.9005
2025-11-26,erc1155,14,12,12,24,31500,0.00076190,0.0762,-0.99923810,-99.9238
2025-11-26,erc1155,16,95,95,190,626260,0.00030339,0.0303,-0.99969661,-99.9697
2025-11-26,erc1155,17,2003,1569,3572,522584,0.00683526,0.6835,-0.99316474,-99.3165
2025-11-26,erc1155,18,2301,2381,4682,706912,0.00662317,0.6623,-0.99337683,-99.3377
2025-11-26,erc1155,19,201,201,402,445200,0.00090296,0.0903,-0.99909704,-99.9097
2025-11-26,erc1155,20,728,3951,4679,619080,0.00755799,0.7558,-0.99244201,-99.2442
2025-11-26,erc1155,22,1170,1546,2716,641539,0.00423357,0.4234,-0.99576643,-99.5766
2025-11-26,erc1155,23,1532,2466,3998,741286,0.00539333,0.5393,-0.99460667,-99.4607
2025-11-26,erc1155,24,12,2,14,32550,0.00043011,0.0430,-0.99956989,-99.9570
2025-11-26,erc1155,25,2055,7737,9792,1213275,0.00807072,0.8071,-0.99192928,-99.1929
2025-11-26,erc1155,27,7591,9244,16835,1435061,0.01173121,1.1731,-0.98826879,-98.8269
2025-11-26,erc1155,28,40,40,80,29400,0.00272109,0.2721,-0.99727891,-99.7279
2025-11-26,erc1155,29,1128,1128,2256,1432200,0.00157520,0.1575,-0.99842480,-99.8425
2025-11-26,erc1155,3,279,338,617,165356,0.00373134,0.3731,-0.99626866,-99.6269
2025-11-26,erc1155,30,1840,1500,3340,30975,0.10782889,10.7829,-0.89217111,-89.2171
2025-11-26,erc1155,31,10,10,20,29400,0.00068027,0.0680,-0.99931973,-99.9320
2025-11-26,erc1155,32,55,55,110,1474515,0.00007460,0.0075,-0.99992540,-99.9925
2025-11-26,erc1155,4,592,1320,1912,238409,0.00801983,0.8020,-0.99198017,-99.1980
2025-11-26,erc1155,5,8,22,30,38010,0.00078927,0.0789,-0.99921073,-99.9211
2025-11-26,erc1155,6,2622,2743,5365,445200,0.01205076,1.2051,-0.98794924,-98.7949
2025-11-26,erc1155,7,13,13,26,33663,0.00077236,0.0772,-0.99922764,-99.9228
2025-11-26,erc1155,8,15,15,30,26775,0.00112045,0.1120,-0.99887955,-99.8880
2025-11-26,erc1155,9,1762,539,2301,308553,0.00745739,0.7457,-0.99254261,-99.2543
2025-11-27,erc1155,10,16,16,32,33075,0.00096750,0.0967,-0.99903250,-99.9033
2025-11-27,erc1155,12,339,339,678,444140,0.00152655,0.1527,-0.99847345,-99.8473
2025-11-27,erc1155,13,199,199,398,648943,0.00061331,0.0613,-0.99938669,-99.9387
2025-11-27,erc1155,14,1,1,2,31500,0.00006349,0.0063,-0.99993651,-99.9937
2025-11-27,erc1155,16,111,111,222,626260,0.00035449,0.0354,-0.99964551,-99.9646
2025-11-27,erc1155,17,1882,3280,5162,522584,0.00987784,0.9878,-0.99012216,-99.0122
2025-11-27,erc1155,18,1976,1976,3952,706912,0.00559051,0.5591,-0.99440949,-99.4409
2025-11-27,erc1155,19,204,204,408,445200,0.00091644,0.0916,-0.99908356,-99.9084
2025-11-27,erc1155,20,3115,7069,10184,619080,0.01645022,1.6450,-0.98354978,-98.3550
2025-11-27,erc1155,22,180,180,360,641539,0.00056115,0.0561,-0.99943885,-99.9439
2025-11-27,erc1155,23,392,392,784,741286,0.00105762,0.1058,-0.99894238,-99.8942
2025-11-27,erc1155,24,19,29,48,32550,0.00147465,0.1475,-0.99852535,-99.8525
2025-11-27,erc1155,25,6471,5434,11905,1213275,0.00981228,0.9812,-0.99018772,-99.0188
2025-11-27,erc1155,27,7575,17834,25409,1435061,0.01770587,1.7706,-0.98229413,-98.2294
2025-11-27,erc1155,28,1,1,2,29400,0.00006803,0.0068,-0.99993197,-99.9932
2025-11-27,erc1155,29,7909,7909,15818,1432200,0.01104455,1.1045,-0.98895545,-98.8955
2025-11-27,erc1155,3,27,143,170,165356,0.00102808,0.1028,-0.99897192,-99.8972
2025-11-27,erc1155,30,151,491,642,30975,0.02072639,2.0726,-0.97927361,-97.9274
2025-11-27,erc1155,31,2,2,4,29400,0.00013605,0.0136,-0.99986395,-99.9864
2025-11-27,erc1155,4,2232,5377,7609,238409,0.03191574,3.1916,-0.96808426,-96.8084
2025-11-27,erc1155,5,10,12,22,38010,0.00057880,0.0579,-0.99942120,-99.9421
2025-11-27,erc1155,6,2210,2210,4420,445200,0.00992812,0.9928,-0.99007188,-99.0072
2025-11-27,erc1155,7,13,13,26,33663,0.00077236,0.0772,-0.99922764,-99.9228
2025-11-27,erc1155,8,12,12,24,26775,0.00089636,0.0896,-0.99910364,-99.9104
2025-11-27,erc1155,9,6021,7177,13198,308553,0.04277385,4.2774,-0.95722615,-95.7226
2025-11-28,erc1155,10,23,23,46,33075,0.00139078,0.1391,-0.99860922,-99.8609
2025-11-28,erc1155,11,2810,2810,5620,692451,0.00811610,0.8116,-0.99188390,-99.1884
2025-11-28,erc1155,12,690,690,1380,444140,0.00310713,0.3107,-0.99689287,-99.6893
2025-11-28,erc1155,13,1083,1082,2165,648943,0.00333619,0.3336,-0.99666381,-99.6664
2025-11-28,erc1155,14,6,6,12,31500,0.00038095,0.0381,-0.99961905,-99.9619
2025-11-28,erc1155,16,187,187,374,626260,0.00059720,0.0597,-0.99940280,-99.9403
2025-11-28,erc1155,17,593,639,1232,522584,0.00235752,0.2358,-0.99764248,-99.7642
2025-11-28,erc1155,18,2309,1080,3389,706912,0.00479409,0.4794,-0.99520591,-99.5206
2025-11-28,erc1155,19,323,323,646,445200,0.00145103,0.1451,-0.99854897,-99.8549
2025-11-28,erc1155,20,558,1050,1608,619080,0.00259740,0.2597,-0.99740260,-99.7403
2025-11-28,erc1155,22,6104,6104,12208,641539,0.01902924,1.9029,-0.98097076,-98.0971
2025-11-28,erc1155,23,2144,2144,4288,741286,0.00578454,0.5785,-0.99421546,-99.4215
2025-11-28,erc1155,24,75,75,150,32550,0.00460829,0.4608,-0.99539171,-99.5392
2025-11-28,erc1155,25,9729,7691,17420,1213275,0.01435783,1.4358,-0.98564217,-98.5642
2025-11-28,erc1155,27,23089,27318,50407,1435061,0.03512534,3.5125,-0.96487466,-96.4875
2025-11-28,erc1155,28,1,1,2,29400,0.00006803,0.0068,-0.99993197,-99.9932
2025-11-28,erc1155,29,4662,4662,9324,1432200,0.00651026,0.6510,-0.99348974,-99.3490
2025-11-28,erc1155,3,1000,151,1151,165356,0.00696074,0.6961,-0.99303926,-99.3039
2025-11-28,erc1155,30,123,123,246,30975,0.00794189,0.7942,-0.99205811,-99.2058
2025-11-28,erc1155,31,25,25,50,29400,0.00170068,0.1701,-0.99829932,-99.8299
2025-11-28,erc1155,32,279,25279,25558,1474515,0.01733316,1.7333,-0.98266684,-98.2667
2025-11-28,erc1155,4,3249,1909,5158,238409,0.02163509,2.1635,-0.97836491,-97.8365
2025-11-28,erc1155,5,37,37,74,38010,0.00194686,0.1947,-0.99805314,-99.8053
2025-11-28,erc1155,6,7414,7414,14828,445200,0.03330638,3.3306,-0.96669362,-96.6694
2025-11-28,erc1155,7,8,8,16,33663,0.00047530,0.0475,-0.99952470,-99.9525
2025-11-28,erc1155,8,6,6,12,26775,0.00044818,0.0448,-0.99955182,-99.9552
2025-11-28,erc1155,9,1564,3902,5466,308553,0.01771495,1.7715,-0.98228505,-98.2285
2025-11-29,erc1155,10,51,51,102,33075,0.00308390,0.3084,-0.99691610,-99.6916
2025-11-29,erc1155,11,635,635,1270,692451,0.00183406,0.1834,-0.99816594,-99.8166
2025-11-29,erc1155,12,382,382,764,444140,0.00172018,0.1720,-0.99827982,-99.8280
2025-11-29,erc1155,13,287,288,575,648943,0.00088606,0.0886,-0.99911394,-99.9114
2025-11-29,erc1155,14,15,15,30,31500,0.00095238,0.0952,-0.99904762,-99.9048
2025-11-29,erc1155,16,642,642,1284,626260,0.00205027,0.2050,-0.99794973,-99.7950
2025-11-29,erc1155,17,480,832,1312,522584,0.00251060,0.2511,-0.99748940,-99.7489
2025-11-29,erc1155,18,1330,2336,3666,706912,0.00518594,0.5186,-0.99481406,-99.4814
2025-11-29,erc1155,19,638,638,1276,445200,0.00286613,0.2866,-0.99713387,-99.7134
2025-11-29,erc1155,20,412,331,743,619080,0.00120017,0.1200,-0.99879983,-99.8800
2025-11-29,erc1155,22,977,977,1954,641539,0.00304580,0.3046,-0.99695420,-99.6954
2025-11-29,erc1155,23,242,242,484,741286,0.00065292,0.0653,-0.99934708,-99.9347
2025-11-29,erc1155,24,26,26,52,32550,0.00159754,0.1598,-0.99840246,-99.8402
2025-11-29,erc1155,25,3584,7377,10961,1213275,0.00903423,0.9034,-0.99096577,-99.0966
2025-11-29,erc1155,27,3256,4851,8107,1435061,0.00564924,0.5649,-0.99435076,-99.4351
2025-11-29,erc1155,28,31,31,62,29400,0.00210884,0.2109,-0.99789116,-99.7891
2025-11-29,erc1155,29,2018,2018,4036,1432200,0.00281804,0.2818,-0.99718196,-99.7182
2025-11-29,erc1155,3,1581,1103,2684,165356,0.01623165,1.6232,-0.98376835,-98.3768
2025-11-29,erc1155,30,122,122,244,30975,0.00787732,0.7877,-0.99212268,-99.2123
2025-11-29,erc1155,31,27,27,54,29400,0.00183673,0.1837,-0.99816327,-99.8163
2025-11-29,erc1155,4,101,2257,2358,238409,0.00989057,0.9891,-0.99010943,-99.0109
2025-11-29,erc1155,5,34,34,68,38010,0.00178900,0.1789,-0.99821100,-99.8211
2025-11-29,erc1155,6,1222,1222,2444,445200,0.00548967,0.5490,-0.99451033,-99.4510
2025-11-29,erc1155,7,4,4,8,33663,0.00023765,0.0238,-0.99976235,-99.9762
2025-11-29,erc1155,9,3673,5108,8781,308553,0.02845864,2.8459,-0.97154136,-97.1541
2025-11-30,erc1155,10,14,14,28,33075,0.00084656,0.0847,-0.99915344,-99.9153
2025-11-30,erc1155,11,2884,2884,5768,692451,0.00832983,0.8330,-0.99167017,-99.1670
2025-11-30,erc1155,12,180,180,360,444140,0.00081056,0.0811,-0.99918944,-99.9189
2025-11-30,erc1155,13,2541,2541,5082,648943,0.00783120,0.7831,-0.99216880,-99.2169
2025-11-30,erc1155,14,3,3,6,31500,0.00019048,0.0190,-0.99980952,-99.9810
2025-11-30,erc1155,16,1150,1150,2300,626260,0.00367260,0.3673,-0.99632740,-99.6327
2025-11-30,erc1155,17,1077,3978,5055,522584,0.00967309,0.9673,-0.99032691,-99.0327
2025-11-30,erc1155,18,694,1305,1999,706912,0.00282779,0.2828,-0.99717221,-99.7172
2025-11-30,erc1155,19,42,42,84,445200,0.00018868,0.0189,-0.99981132,-99.9811
2025-11-30,erc1155,20,164,245,409,619080,0.00066066,0.0661,-0.99933934,-99.9339
2025-11-30,erc1155,22,701,701,1402,641539,0.00218537,0.2185,-0.99781463,-99.7815
2025-11-30,erc1155,23,157,157,314,741286,0.00042359,0.0424,-0.99957641,-99.9576
2025-11-30,erc1155,24,10,10,20,32550,0.00061444,0.0614,-0.99938556,-99.9386
2025-11-30,erc1155,25,3435,3485,6920,1213275,0.00570357,0.5704,-0.99429643,-99.4296
2025-11-30,erc1155,27,2871,3143,6014,1435061,0.00419076,0.4191,-0.99580924,-99.5809
2025-11-30,erc1155,28,12,12,24,29400,0.00081633,0.0816,-0.99918367,-99.9184
2025-11-30,erc1155,29,539,539,1078,1432200,0.00075269,0.0753,-0.99924731,-99.9247
2025-11-30,erc1155,3,97,5200,5297,165356,0.03203391,3.2034,-0.96796609,-96.7966
2025-11-30,erc1155,30,928,928,1856,30975,0.05991929,5.9919,-0.94008071,-94.0081
2025-11-30,erc1155,31,12,12,24,29400,0.00081633,0.0816,-0.99918367,-99.9184
2025-11-30,erc1155,32,560,437,997,1474515,0.00067615,0.0676,-0.99932385,-99.9324
2025-11-30,erc1155,4,22,102,124,238409,0.00052011,0.0520,-0.99947989,-99.9480
2025-11-30,erc1155,5,15,15,30,38010,0.00078927,0.0789,-0.99921073,-99.9211
2025-11-30,erc1155,6,551,551,1102,445200,0.00247529,0.2475,-0.99752471,-99.7525
2025-11-30,erc1155,7,3,3,6,33663,0.00017824,0.0178,-0.99982176,-99.9822
2025-11-30,erc1155,8,2,2,4,26775,0.00014939,0.0149,-0.99985061,-99.9851
2025-11-30,erc1155,9,567,11325,11892,308553,0.03854119,3.8541,-0.96145881,-96.1459
2025-12-01,erc1155,10,61,61,122,33075,0.00368859,0.3689,-0.99631141,-99.6311
2025-12-01,erc1155,11,280,280,560,692451,0.00080872,0.0809,-0.99919128,-99.9191
2025-12-01,erc1155,12,617,617,1234,444140,0.00277840,0.2778,-0.99722160,-99.7222
2025-12-01,erc1155,13,2015,2015,4030,648943,0.00621010,0.6210,-0.99378990,-99.3790
2025-12-01,erc1155,14,8,8,16,31500,0.00050794,0.0508,-0.99949206,-99.9492
2025-12-01,erc1155,16,4,4,8,626260,0.00001277,0.0013,-0.99998723,-99.9987
2025-12-01,erc1155,17,1827,1373,3200,522584,0.00612342,0.6123,-0.99387658,-99.3877
2025-12-01,erc1155,18,1805,1805,3610,706912,0.00510672,0.5107,-0.99489328,-99.4893
2025-12-01,erc1155,19,106,106,212,445200,0.00047619,0.0476,-0.99952381,-99.9524
2025-12-01,erc1155,20,1377,496,1873,619080,0.00302546,0.3025,-0.99697454,-99.6975
2025-12-01,erc1155,22,495,490,985,641539,0.00153537,0.1535,-0.99846463,-99.8465
2025-12-01,erc1155,23,226,226,452,741286,0.00060975,0.0610,-0.99939025,-99.9390
2025-12-01,erc1155,24,67,67,134,32550,0.00411674,0.4117,-0.99588326,-99.5883
2025-12-01,erc1155,25,5276,4609,9885,1213275,0.00814737,0.8147,-0.99185263,-99.1853
2025-12-01,erc1155,27,10844,10176,21020,1435061,0.01464746,1.4647,-0.98535254,-98.5353
2025-12-01,erc1155,28,10,10,20,29400,0.00068027,0.0680,-0.99931973,-99.9320
2025-12-01,erc1155,29,3444,3444,6888,1432200,0.00480938,0.4809,-0.99519062,-99.5191
2025-12-01,erc1155,3,3750,153,3903,165356,0.02360362,2.3604,-0.97639638,-97.6396
2025-12-01,erc1155,30,310,278,588,30975,0.01898305,1.8983,-0.98101695,-98.1017
2025-12-01,erc1155,31,5,5,10,29400,0.00034014,0.0340,-0.99965986,-99.9660
2025-12-01,erc1155,32,0,123,123,1474515,0.00008342,0.0083,-0.99991658,-99.9917
2025-12-01,erc1155,4,235,235,470,238409,0.00197140,0.1971,-0.99802860,-99.8029
2025-12-01,erc1155,5,28,28,56,38010,0.00147330,0.1473,-0.99852670,-99.8527
2025-12-01,erc1155,6,332,332,664,445200,0.00149146,0.1491,-0.99850854,-99.8509
2025-12-01,erc1155,7,21,21,42,33663,0.00124766,0.1248,-0.99875234,-99.8752
2025-12-01,erc1155,8,32,32,64,26775,0.00239029,0.2390,-0.99760971,-99.7610
2025-12-01,erc1155,9,1267,2858,4125,308553,0.01336885,1.3369,-0.98663115,-98.6631
2025-12-04,erc1155,10,83,83,166,33075,0.00501890,0.5019,-0.99498110,-99.4981
2025-12-04,erc1155,11,1668,1629,3297,692451,0.00476135,0.4761,-0.99523865,-99.5239
2025-12-04,erc1155,12,3771,3771,7542,444140,0.01698113,1.6981,-0.98301887,-98.3019
2025-12-04,erc1155,13,772,772,1544,648943,0.00237925,0.2379,-0.99762075,-99.7621
2025-12-04,erc1155,14,13,13,26,31500,0.00082540,0.0825,-0.99917460,-99.9175
2025-12-04,erc1155,16,963,963,1926,626260,0.00307540,0.3075,-0.99692460,-99.6925
2025-12-04,erc1155,17,5063,5517,10580,522584,0.02024555,2.0246,-0.97975445,-97.9754
2025-12-04,erc1155,18,1595,1473,3068,706912,0.00434000,0.4340,-0.99566000,-99.5660
2025-12-04,erc1155,19,755,755,1510,445200,0.00339173,0.3392,-0.99660827,-99.6608
2025-12-04,erc1155,20,5643,4841,10484,619080,0.01693481,1.6935,-0.98306519,-98.3065
2025-12-04,erc1155,22,3042,3047,6089,641539,0.00949124,0.9491,-0.99050876,-99.0509
2025-12-04,erc1155,23,1676,1676,3352,741286,0.00452187,0.4522,-0.99547813,-99.5478
2025-12-04,erc1155,24,23,23,46,32550,0.00141321,0.1413,-0.99858679,-99.8587
2025-12-04,erc1155,25,17134,8788,25922,1213275,0.02136531,2.1365,-0.97863469,-97.8635
2025-12-04,erc1155,27,8749,9319,18068,1435061,0.01259041,1.2590,-0.98740959,-98.7410
2025-12-04,erc1155,28,22,22,44,29400,0.00149660,0.1497,-0.99850340,-99.8503
2025-12-04,erc1155,29,6980,6980,13960,1432200,0.00974724,0.9747,-0.99025276,-99.0253
2025-12-04,erc1155,3,9947,12524,22471,165356,0.13589468,13.5895,-0.86410532,-86.4105
2025-12-04,erc1155,30,85,117,202,30975,0.00652139,0.6521,-0.99347861,-99.3479
2025-12-04,erc1155,31,1,1,2,29400,0.00006803,0.0068,-0.99993197,-99.9932
2025-12-04,erc1155,32,1,1,2,1474515,0.00000136,0.0001,-0.99999864,-99.9999
2025-12-04,erc1155,4,2275,1577,3852,238409,0.01615711,1.6157,-0.98384289,-98.3843
2025-12-04,erc1155,5,22,22,44,38010,0.00115759,0.1158,-0.99884241,-99.8842
2025-12-04,erc1155,6,954,954,1908,445200,0.00428571,0.4286,-0.99571429,-99.5714
2025-12-04,erc1155,7,33,33,66,33663,0.00196061,0.1961,-0.99803939,-99.8039
2025-12-04,erc1155,8,24,24,48,26775,0.00179272,0.1793,-0.99820728,-99.8207
2025-12-04,erc1155,9,2452,2562,5014,308553,0.01625004,1.6250,-0.98374996,-98.3750
2025-12-05,erc1155,10,57,57,114,33075,0.00344671,0.3447,-0.99655329,-99.6553
2025-12-05,erc1155,11,1300,1339,2639,692451,0.00381110,0.3811,-0.99618890,-99.6189
2025-12-05,erc1155,12,7673,2961,10634,444140,0.02394290,2.3943,-0.97605710,-97.6057
2025-12-05,erc1155,13,17256,17256,34512,648943,0.05318187,5.3182,-0.94681813,-94.6818
2025-12-05,erc1155,14,23,23,46,31500,0.00146032,0.1460,-0.99853968,-99.8540
2025-12-05,erc1155,16,13255,13255,26510,626260,0.04233066,4.2331,-0.95766934,-95.7669
2025-12-05,erc1155,17,4442,1978,6420,522584,0.01228511,1.2285,-0.98771489,-98.7715
2025-12-05,erc1155,18,15577,15176,30753,706912,0.04350329,4.3503,-0.95649671,-95.6497
2025-12-05,erc1155,19,11305,11305,22610,445200,0.05078616,5.0786,-0.94921384,-94.9214
2025-12-05,erc1155,20,6514,4670,11184,619080,0.01806552,1.8066,-0.98193448,-98.1934
2025-12-05,erc1155,22,7006,7006,14012,641539,0.02184123,2.1841,-0.97815877,-97.8159
2025-12-05,erc1155,23,3244,3244,6488,741286,0.00875236,0.8752,-0.99124764,-99.1248
2025-12-05,erc1155,24,111,111,222,32550,0.00682028,0.6820,-0.99317972,-99.3180
2025-12-05,erc1155,25,30381,29028,59409,1213275,0.04896582,4.8966,-0.95103418,-95.1034
2025-12-05,erc1155,27,31047,28929,59976,1435061,0.04179335,4.1793,-0.95820665,-95.8207
2025-12-05,erc1155,28,43,43,86,29400,0.00292517,0.2925,-0.99707483,-99.7075
2025-12-05,erc1155,29,18539,18539,37078,1432200,0.02588884,2.5889,-0.97411116,-97.4111
2025-12-05,erc1155,3,3276,2026,5302,165356,0.03206415,3.2064,-0.96793585,-96.7936
2025-12-05,erc1155,30,73,73,146,30975,0.00471348,0.4713,-0.99528652,-99.5287
2025-12-05,erc1155,31,160,160,320,29400,0.01088435,1.0884,-0.98911565,-98.9116
2025-12-05,erc1155,32,68,5068,5136,1474515,0.00348318,0.3483,-0.99651682,-99.6517
2025-12-05,erc1155,4,2077,2492,4569,238409,0.01916454,1.9165,-0.98083546,-98.0835
2025-12-05,erc1155,5,71,71,142,38010,0.00373586,0.3736,-0.99626414,-99.6264
2025-12-05,erc1155,6,12344,12344,24688,445200,0.05545373,5.5454,-0.94454627,-94.4546
2025-12-05,erc1155,7,89,89,178,33663,0.00528770,0.5288,-0.99471230,-99.4712
2025-12-05,erc1155,8,293,293,586,26775,0.02188609,2.1886,-0.97811391,-97.8114
2025-12-05,erc1155,9,15941,11960,27901,308553,0.09042531,9.0425,-0.90957469,-90.9575
2025-12-06,erc1155,10,3,3,6,33075,0.00018141,0.0181,-0.99981859,-99.9819
2025-12-06,erc1155,11,2000,2000,4000,692451,0.00577658,0.5777,-0.99422342,-99.4223
2025-12-06,erc1155,12,1347,5236,6583,444140,0.01482190,1.4822,-0.98517810,-98.5178
2025-12-06,erc1155,13,396,396,792,648943,0.00122045,0.1220,-0.99877955,-99.8780
2025-12-06,erc1155,14,3,3,6,31500,0.00019048,0.0190,-0.99980952,-99.9810
2025-12-06,erc1155,16,1481,1481,2962,626260,0.00472966,0.4730,-0.99527034,-99.5270
2025-12-06,erc1155,17,979,1778,2757,522584,0.00527571,0.5276,-0.99472429,-99.4724
2025-12-06,erc1155,18,1735,2258,3993,706912,0.00564851,0.5649,-0.99435149,-99.4351
2025-12-06,erc1155,19,2322,2322,4644,445200,0.01043127,1.0431,-0.98956873,-98.9569
2025-12-06,erc1155,20,2686,473,3159,619080,0.00510273,0.5103,-0.99489727,-99.4897
2025-12-06,erc1155,22,431,431,862,641539,0.00134364,0.1344,-0.99865636,-99.8656
2025-12-06,erc1155,23,432,432,864,741286,0.00116554,0.1166,-0.99883446,-99.8834
2025-12-06,erc1155,24,112,112,224,32550,0.00688172,0.6882,-0.99311828,-99.3118
2025-12-06,erc1155,25,9242,12400,21642,1213275,0.01783767,1.7838,-0.98216233,-98.2162
2025-12-06,erc1155,27,5918,7991,13909,1435061,0.00969227,0.9692,-0.99030773,-99.0308
2025-12-06,erc1155,29,394,394,788,1432200,0.00055020,0.0550,-0.99944980,-99.9450
2025-12-06,erc1155,3,1142,1528,2670,165356,0.01614698,1.6147,-0.98385302,-98.3853
2025-12-06,erc1155,30,32,32,64,30975,0.00206618,0.2066,-0.99793382,-99.7934
2025-12-06,erc1155,31,50,50,100,29400,0.00340136,0.3401,-0.99659864,-99.6599
2025-12-06,erc1155,32,749,749,1498,1474515,0.00101593,0.1016,-0.99898407,-99.8984
2025-12-06,erc1155,4,119,402,521,238409,0.00218532,0.2185,-0.99781468,-99.7815
2025-12-06,erc1155,5,26,26,52,38010,0.00136806,0.1368,-0.99863194,-99.8632
2025-12-06,erc1155,6,120,120,240,445200,0.00053908,0.0539,-0.99946092,-99.9461
2025-12-06,erc1155,7,13,13,26,33663,0.00077236,0.0772,-0.99922764,-99.9228
2025-12-06,erc1155,8,2,2,4,26775,0.00014939,0.0149,-0.99985061,-99.9851
2025-12-06,erc1155,9,1316,2964,4280,308553,0.01387120,1.3871,-0.98612880,-98.6129
2025-12-07,erc1155,10,3,3,6,33075,0.00018141,0.0181,-0.99981859,-99.9819
2025-12-07,erc1155,11,200,200,400,692451,0.00057766,0.0578,-0.99942234,-99.9422
2025-12-07,erc1155,12,351,1174,1525,444140,0.00343360,0.3434,-0.99656640,-99.6566
2025-12-07,erc1155,13,199,199,398,648943,0.00061331,0.0613,-0.99938669,-99.9387
2025-12-07,erc1155,16,428,428,856,626260,0.00136684,0.1367,-0.99863316,-99.8633
2025-12-07,erc1155,17,2559,468,3027,522584,0.00579237,0.5792,-0.99420763,-99.4208
2025-12-07,erc1155,18,5197,2368,7565,706912,0.01070147,1.0701,-0.98929853,-98.9299
2025-12-07,erc1155,19,69,69,138,445200,0.00030997,0.0310,-0.99969003,-99.9690
2025-12-07,erc1155,20,1361,6688,8049,619080,0.01300155,1.3002,-0.98699845,-98.6998
2025-12-07,erc1155,22,151,151,302,641539,0.00047074,0.0471,-0.99952926,-99.9529
2025-12-07,erc1155,23,57,57,114,741286,0.00015379,0.0154,-0.99984621,-99.9846
2025-12-07,erc1155,25,813,8021,8834,1213275,0.00728112,0.7281,-0.99271888,-99.2719
2025-12-07,erc1155,27,3992,3762,7754,1435061,0.00540325,0.5403,-0.99459675,-99.4597
2025-12-07,erc1155,29,466,466,932,1432200,0.00065075,0.0651,-0.99934925,-99.9349
2025-12-07,erc1155,3,69,219,288,165356,0.00174170,0.1742,-0.99825830,-99.8258
2025-12-07,erc1155,30,256,256,512,30975,0.01652946,1.6529,-0.98347054,-98.3471
2025-12-07,erc1155,32,102,102,204,1474515,0.00013835,0.0138,-0.99986165,-99.9862
2025-12-07,erc1155,4,132,88,220,238409,0.00092278,0.0923,-0.99907722,-99.9077
2025-12-07,erc1155,5,2,2,4,38010,0.00010524,0.0105,-0.99989476,-99.9895
2025-12-07,erc1155,6,440,440,880,445200,0.00197664,0.1977,-0.99802336,-99.8023
2025-12-07,erc1155,7,5,5,10,33663,0.00029706,0.0297,-0.99970294,-99.9703
2025-12-07,erc1155,8,7,7,14,26775,0.00052288,0.0523,-0.99947712,-99.9477
2025-12-07,erc1155,9,332,1193,1525,308553,0.00494242,0.4942,-0.99505758,-99.5058
2025-12-08,erc1155,10,29,29,58,33075,0.00175359,0.1754,-0.99824641,-99.8246
2025-12-08,erc1155,11,1240,1240,2480,692451,0.00358148,0.3581,-0.99641852,-99.6419
2025-12-08,erc1155,12,2529,2505,5034,444140,0.01133426,1.1334,-0.98866574,-98.8666
2025-12-08,erc1155,13,806,806,1612,648943,0.00248404,0.2484,-0.99751596,-99.7516
2025-12-08,erc1155,14,22,22,44,31500,0.00139683,0.1397,-0.99860317,-99.8603
2025-12-08,erc1155,16,9534,9534,19068,626260,0.03044742,3.0447,-0.96955258,-96.9553
2025-12-08,erc1155,17,671,4150,4821,522584,0.00922531,0.9225,-0.99077469,-99.0775
2025-12-08,erc1155,18,11187,3799,14986,706912,0.02119924,2.1199,-0.97880076,-97.8801
2025-12-08,erc1155,19,1122,1122,2244,445200,0.00504043,0.5040,-0.99495957,-99.4960
2025-12-08,erc1155,20,1956,1120,3076,619080,0.00496866,0.4969,-0.99503134,-99.5031
2025-12-08,erc1155,22,1354,1354,2708,641539,0.00422110,0.4221,-0.99577890,-99.5779
2025-12-08,erc1155,23,644,644,1288,741286,0.00173752,0.1738,-0.99826248,-99.8262
2025-12-08,erc1155,24,9,9,18,32550,0.00055300,0.0553,-0.99944700,-99.9447
2025-12-08,erc1155,25,7913,4807,12720,1213275,0.01048402,1.0484,-0.98951598,-98.9516
2025-12-08,erc1155,27,7154,7547,14701,1435061,0.01024416,1.0244,-0.98975584,-98.9756
2025-12-08,erc1155,29,3351,3351,6702,1432200,0.00467951,0.4680,-0.99532049,-99.5320
2025-12-08,erc1155,3,402,1834,2236,165356,0.01352234,1.3522,-0.98647766,-98.6478
2025-12-08,erc1155,30,18,18,36,30975,0.00116223,0.1162,-0.99883777,-99.8838
2025-12-08,erc1155,31,458,458,916,29400,0.03115646,3.1156,-0.96884354,-96.8844
2025-12-08,erc1155,32,57,57,114,1474515,0.00007731,0.0077,-0.99992269,-99.9923
2025-12-08,erc1155,4,244,169,413,238409,0.00173232,0.1732,-0.99826768,-99.8268
2025-12-08,erc1155,5,12,12,24,38010,0.00063141,0.0631,-0.99936859,-99.9369
2025-12-08,erc1155,6,4339,4339,8678,445200,0.01949236,1.9492,-0.98050764,-98.0508
2025-12-08,erc1155,7,12,12,24,33663,0.00071295,0.0713,-0.99928705,-99.9287
2025-12-08,erc1155,8,12,12,24,26775,0.00089636,0.0896,-0.99910364,-99.9104
2025-12-08,erc1155,9,755,2179,2934,308553,0.00950890,0.9509,-0.99049110,-99.0491
2025-12-09,erc1155,10,3,3,6,33075,0.00018141,0.0181,-0.99981859,-99.9819
2025-12-09,erc1155,11,389,389,778,692451,0.00112355,0.1124,-0.99887645,-99.8876
2025-12-09,erc1155,12,278,292,570,444140,0.00128338,0.1283,-0.99871662,-99.8717
2025-12-09,erc1155,13,261,261,522,648943,0.00080438,0.0804,-0.99919562,-99.9196
2025-12-09,erc1155,14,3,3,6,31500,0.00019048,0.0190,-0.99980952,-99.9810
2025-12-09,erc1155,16,62,62,124,626260,0.00019800,0.0198,-0.99980200,-99.9802
2025-12-09,erc1155,17,262,504,766,522584,0.00146579,0.1466,-0.99853421,-99.8534
2025-12-09,erc1155,18,2428,7634,10062,706912,0.01423374,1.4234,-0.98576626,-98.5766
2025-12-09,erc1155,19,888,888,1776,445200,0.00398922,0.3989,-0.99601078,-99.6011
2025-12-09,erc1155,20,1509,2351,3860,619080,0.00623506,0.6235,-0.99376494,-99.3765
2025-12-09,erc1155,22,227,227,454,641539,0.00070767,0.0708,-0.99929233,-99.9292
2025-12-09,erc1155,23,604,604,1208,741286,0.00162960,0.1630,-0.99837040,-99.8370
2025-12-09,erc1155,24,64,64,128,32550,0.00393241,0.3932,-0.99606759,-99.6068
2025-12-09,erc1155,25,1915,5021,6936,1213275,0.00571676,0.5717,-0.99428324,-99.4283
2025-12-09,erc1155,27,862,862,1724,1435061,0.00120134,0.1201,-0.99879866,-99.8799
2025-12-09,erc1155,29,370,370,740,1432200,0.00051669,0.0517,-0.99948331,-99.9483
2025-12-09,erc1155,3,552,506,1058,165356,0.00639832,0.6398,-0.99360168,-99.3602
2025-12-09,erc1155,30,15,15,30,30975,0.00096852,0.0969,-0.99903148,-99.9031
2025-12-09,erc1155,31,5,5,10,29400,0.00034014,0.0340,-0.99965986,-99.9660
2025-12-09,erc1155,32,144,144,288,1474515,0.00019532,0.0195,-0.99980468,-99.9805
2025-12-09,erc1155,4,246,336,582,238409,0.00244118,0.2441,-0.99755882,-99.7559
2025-12-09,erc1155,5,9,9,18,38010,0.00047356,0.0474,-0.99952644,-99.9526
2025-12-09,erc1155,6,54,54,108,445200,0.00024259,0.0243,-0.99975741,-99.9757
2025-12-09,erc1155,7,25,25,50,33663,0.00148531,0.1485,-0.99851469,-99.8515
2025-12-09,erc1155,8,2,2,4,26775,0.00014939,0.0149,-0.99985061,-99.9851
2025-12-09,erc1155,9,2035,840,2875,308553,0.00931769,0.9318,-0.99068231,-99.0682
2025-12-10,erc1155,10,34,13,47,33075,0.00142101,0.1421,-0.99857899,-99.8579
2025-12-10,erc1155,11,36,36,72,692451,0.00010398,0.0104,-0.99989602,-99.9896
2025-12-10,erc1155,12,409,419,828,444140,0.00186428,0.1864,-0.99813572,-99.8136
2025-12-10,erc1155,13,4421,4421,8842,648943,0.01362523,1.3625,-0.98637477,-98.6375
2025-12-10,erc1155,14,10,10,20,31500,0.00063492,0.0635,-0.99936508,-99.9365
2025-12-10,erc1155,16,3099,3099,6198,626260,0.00989685,0.9897,-0.99010315,-99.0103
2025-12-10,erc1155,17,556,586,1142,522584,0.00218529,0.2185,-0.99781471,-99.7815
2025-12-10,erc1155,18,12107,16438,28545,706912,0.04037985,4.0380,-0.95962015,-95.9620
2025-12-10,erc1155,19,224,224,448,445200,0.00100629,0.1006,-0.99899371,-99.8994
2025-12-10,erc1155,20,1003,1410,2413,619080,0.00389772,0.3898,-0.99610228,-99.6102
2025-12-10,erc1155,22,338,338,676,641539,0.00105372,0.1054,-0.99894628,-99.8946
2025-12-10,erc1155,23,181,181,362,741286,0.00048834,0.0488,-0.99951166,-99.9512
2025-12-10,erc1155,24,48,48,96,32550,0.00294931,0.2949,-0.99705069,-99.7051
2025-12-10,erc1155,25,6566,2894,9460,1213275,0.00779708,0.7797,-0.99220292,-99.2203
2025-12-10,erc1155,27,3121,3121,6242,1435061,0.00434964,0.4350,-0.99565036,-99.5650
2025-12-10,erc1155,29,1142,1142,2284,1432200,0.00159475,0.1595,-0.99840525,-99.8405
2025-12-10,erc1155,3,742,1051,1793,165356,0.01084327,1.0843,-0.98915673,-98.9157
2025-12-10,erc1155,30,146,130,276,30975,0.00891041,0.8910,-0.99108959,-99.1090
2025-12-10,erc1155,31,106,106,212,29400,0.00721088,0.7211,-0.99278912,-99.2789
2025-12-10,erc1155,32,162,162,324,1474515,0.00021973,0.0220,-0.99978027,-99.9780
2025-12-10,erc1155,4,660,689,1349,238409,0.00565834,0.5658,-0.99434166,-99.4342
2025-12-10,erc1155,5,16,16,32,38010,0.00084188,0.0842,-0.99915812,-99.9158
2025-12-10,erc1155,6,2934,2934,5868,445200,0.01318059,1.3181,-0.98681941,-98.6819
2025-12-10,erc1155,7,8,8,16,33663,0.00047530,0.0475,-0.99952470,-99.9525
2025-12-10,erc1155,8,24,24,48,26775,0.00179272,0.1793,-0.99820728,-99.8207
2025-12-10,erc1155,9,3528,2496,6024,308553,0.01952339,1.9523,-0.98047661,-98.0477
2025-12-11,erc1155,10,150,88,238,33075,0.00719577,0.7196,-0.99280423,-99.2804
2025-12-11,erc1155,11,16,16,32,692451,0.00004621,0.0046,-0.99995379,-99.9954
2025-12-11,erc1155,12,168,164,332,444140,0.00074751,0.0748,-0.99925249,-99.9252
2025-12-11,erc1155,13,405,405,810,648943,0.00124818,0.1248,-0.99875182,-99.8752
2025-12-11,erc1155,14,3,3,6,31500,0.00019048,0.0190,-0.99980952,-99.9810
2025-12-11,erc1155,16,921,921,1842,626260,0.00294127,0.2941,-0.99705873,-99.7059
2025-12-11,erc1155,17,517,367,884,522584,0.00169159,0.1692,-0.99830841,-99.8308
2025-12-11,erc1155,18,379,1059,1438,706912,0.00203420,0.2034,-0.99796580,-99.7966
2025-12-11,erc1155,19,205,205,410,445200,0.00092093,0.0921,-0.99907907,-99.9079
2025-12-11,erc1155,20,659,633,1292,619080,0.00208697,0.2087,-0.99791303,-99.7913
2025-12-11,erc1155,22,1,1,2,641539,0.00000312,0.0003,-0.99999688,-99.9997
2025-12-11,erc1155,23,285,285,570,741286,0.00076893,0.0769,-0.99923107,-99.9231
2025-12-11,erc1155,24,51,51,102,32550,0.00313364,0.3134,-0.99686636,-99.6866
2025-12-11,erc1155,25,960,4572,5532,1213275,0.00455956,0.4560,-0.99544044,-99.5440
2025-12-11,erc1155,27,7678,4129,11807,1435061,0.00822752,0.8228,-0.99177248,-99.1772
2025-12-11,erc1155,28,3,3,6,29400,0.00020408,0.0204,-0.99979592,-99.9796
2025-12-11,erc1155,29,1278,1275,2553,1432200,0.00178257,0.1783,-0.99821743,-99.8217
2025-12-11,erc1155,3,116,92,208,165356,0.00125789,0.1258,-0.99874211,-99.8742
2025-12-11,erc1155,30,55,71,126,30975,0.00406780,0.4068,-0.99593220,-99.5932
2025-12-11,erc1155,31,1,1,2,29400,0.00006803,0.0068,-0.99993197,-99.9932
2025-12-11,erc1155,32,15,15,30,1474515,0.00002035,0.0020,-0.99997965,-99.9980
2025-12-11,erc1155,4,227,227,454,238409,0.00190429,0.1904,-0.99809571,-99.8096
2025-12-11,erc1155,6,647,647,1294,445200,0.00290656,0.2907,-0.99709344,-99.7093
2025-12-11,erc1155,7,17,17,34,33663,0.00101001,0.1010,-0.99898999,-99.8990
2025-12-11,erc1155,9,639,2920,3559,308553,0.01153449,1.1534,-0.98846551,-98.8466
2025-12-12,erc1155,10,49,132,181,33075,0.00547241,0.5472,-0.99452759,-99.4528
2025-12-12,erc1155,11,11123,11123,22246,692451,0.03212646,3.2126,-0.96787354,-96.7874
2025-12-12,erc1155,12,2332,2336,4668,444140,0.01051020,1.0510,-0.98948980,-98.9490
2025-12-12,erc1155,13,840,840,1680,648943,0.00258883,0.2589,-0.99741117,-99.7411
2025-12-12,erc1155,14,2,2,4,31500,0.00012698,0.0127,-0.99987302,-99.9873
2025-12-12,erc1155,16,6092,6092,12184,626260,0.01945518,1.9455,-0.98054482,-98.0545
2025-12-12,erc1155,17,845,1000,1845,522584,0.00353053,0.3531,-0.99646947,-99.6469
2025-12-12,erc1155,18,1775,1775,3550,706912,0.00502184,0.5022,-0.99497816,-99.4978
2025-12-12,erc1155,19,1015,1015,2030,445200,0.00455975,0.4560,-0.99544025,-99.5440
2025-12-12,erc1155,20,2152,2178,4330,619080,0.00699425,0.6994,-0.99300575,-99.3006
2025-12-12,erc1155,22,1074,1074,2148,641539,0.00334820,0.3348,-0.99665180,-99.6652
2025-12-12,erc1155,23,803,803,1606,741286,0.00216651,0.2167,-0.99783349,-99.7833
2025-12-12,erc1155,24,130,130,260,32550,0.00798771,0.7988,-0.99201229,-99.2012
2025-12-12,erc1155,25,4122,4182,8304,1213275,0.00684429,0.6844,-0.99315571,-99.3156
2025-12-12,erc1155,27,6071,9620,15691,1435061,0.01093403,1.0934,-0.98906597,-98.9066
2025-12-12,erc1155,28,10,10,20,29400,0.00068027,0.0680,-0.99931973,-99.9320
2025-12-12,erc1155,29,5642,5645,11287,1432200,0.00788088,0.7881,-0.99211912,-99.2119
2025-12-12,erc1155,3,177,240,417,165356,0.00252183,0.2522,-0.99747817,-99.7478
2025-12-12,erc1155,30,1267,1267,2534,30975,0.08180791,8.1808,-0.91819209,-91.8192
2025-12-12,erc1155,31,531,531,1062,29400,0.03612245,3.6122,-0.96387755,-96.3878
2025-12-12,erc1155,32,252,252,504,1474515,0.00034181,0.0342,-0.99965819,-99.9658
2025-12-12,erc1155,4,455,455,910,238409,0.00381697,0.3817,-0.99618303,-99.6183
2025-12-12,erc1155,5,63,63,126,38010,0.00331492,0.3315,-0.99668508,-99.6685
2025-12-12,erc1155,6,2087,2087,4174,445200,0.00937556,0.9376,-0.99062444,-99.0624
2025-12-12,erc1155,7,24,24,48,33663,0.00142590,0.1426,-0.99857410,-99.8574
2025-12-12,erc1155,8,99,93,192,26775,0.00717087,0.7171,-0.99282913,-99.2829
2025-12-12,erc1155,9,793,1148,1941,308553,0.00629065,0.6291,-0.99370935,-99.3709
2025-12-13,erc1155,10,14,14,28,33075,0.00084656,0.0847,-0.99915344,-99.9153
2025-12-13,erc1155,11,25,25,50,692451,0.00007221,0.0072,-0.99992779,-99.9928
2025-12-13,erc1155,12,615,615,1230,444140,0.00276940,0.2769,-0.99723060,-99.7231
2025-12-13,erc1155,13,494,494,988,648943,0.00152248,0.1522,-0.99847752,-99.8478
2025-12-13,erc1155,14,10,10,20,31500,0.00063492,0.0635,-0.99936508,-99.9365
2025-12-13,erc1155,16,157,157,314,626260,0.00050139,0.0501,-0.99949861,-99.9499
2025-12-13,erc1155,17,247,247,494,522584,0.00094530,0.0945,-0.99905470,-99.9055
2025-12-13,erc1155,18,929,929,1858,706912,0.00262833,0.2628,-0.99737167,-99.7372
2025-12-13,erc1155,19,781,781,1562,445200,0.00350854,0.3509,-0.99649146,-99.6491
2025-12-13,erc1155,20,400,400,800,619080,0.00129224,0.1292,-0.99870776,-99.8708
2025-12-13,erc1155,22,293,293,586,641539,0.00091343,0.0913,-0.99908657,-99.9087
2025-12-13,erc1155,23,109,109,218,741286,0.00029408,0.0294,-0.99970592,-99.9706
2025-12-13,erc1155,24,29,29,58,32550,0.00178187,0.1782,-0.99821813,-99.8218
2025-12-13,erc1155,25,865,865,1730,1213275,0.00142589,0.1426,-0.99857411,-99.8574
2025-12-13,erc1155,27,1607,1607,3214,1435061,0.00223963,0.2240,-0.99776037,-99.7760
2025-12-13,erc1155,28,1,1,2,29400,0.00006803,0.0068,-0.99993197,-99.9932
2025-12-13,erc1155,29,444,444,888,1432200,0.00062003,0.0620,-0.99937997,-99.9380
2025-12-13,erc1155,3,803,803,1606,165356,0.00971238,0.9712,-0.99028762,-99.0288
2025-12-13,erc1155,30,2,2,4,30975,0.00012914,0.0129,-0.99987086,-99.9871
2025-12-13,erc1155,31,100,100,200,29400,0.00680272,0.6803,-0.99319728,-99.3197
2025-12-13,erc1155,32,10,10,20,1474515,0.00001356,0.0014,-0.99998644,-99.9986
2025-12-13,erc1155,4,414,414,828,238409,0.00347302,0.3473,-0.99652698,-99.6527
2025-12-13,erc1155,5,25,25,50,38010,0.00131544,0.1315,-0.99868456,-99.8685
2025-12-13,erc1155,6,564,564,1128,445200,0.00253369,0.2534,-0.99746631,-99.7466
2025-12-13,erc1155,7,27,27,54,33663,0.00160414,0.1604,-0.99839586,-99.8396
2025-12-13,erc1155,8,88,94,182,26775,0.00679739,0.6797,-0.99320261,-99.3203
2025-12-13,erc1155,9,873,873,1746,308553,0.00565867,0.5659,-0.99434133,-99.4341
2025-12-14,erc1155,10,123,123,246,33075,0.00743764,0.7438,-0.99256236,-99.2562
2025-12-14,erc1155,11,2131,2131,4262,692451,0.00615495,0.6155,-0.99384505,-99.3845
2025-12-14,erc1155,12,951,951,1902,444140,0.00428243,0.4282,-0.99571757,-99.5718
2025-12-14,erc1155,13,365,365,730,648943,0.00112491,0.1125,-0.99887509,-99.8875
2025-12-14,erc1155,16,1518,1518,3036,626260,0.00484783,0.4848,-0.99515217,-99.5152
2025-12-14,erc1155,17,3017,3017,6034,522584,0.01154647,1.1546,-0.98845353,-98.8454
2025-12-14,erc1155,18,3294,3294,6588,706912,0.00931941,0.9319,-0.99068059,-99.0681
2025-12-14,erc1155,19,304,304,608,445200,0.00136568,0.1366,-0.99863432,-99.8634
2025-12-14,erc1155,20,17396,17396,34792,619080,0.05619952,5.6200,-0.94380048,-94.3800
2025-12-14,erc1155,22,225,225,450,641539,0.00070144,0.0701,-0.99929856,-99.9299
2025-12-14,erc1155,23,159,159,318,741286,0.00042898,0.0429,-0.99957102,-99.9571
2025-12-14,erc1155,24,3,3,6,32550,0.00018433,0.0184,-0.99981567,-99.9816
2025-12-14,erc1155,25,2819,2819,5638,1213275,0.00464693,0.4647,-0.99535307,-99.5353
2025-12-14,erc1155,27,2810,2810,5620,1435061,0.00391621,0.3916,-0.99608379,-99.6084
2025-12-14,erc1155,28,87,87,174,29400,0.00591837,0.5918,-0.99408163,-99.4082
2025-12-14,erc1155,29,2680,2680,5360,1432200,0.00374249,0.3742,-0.99625751,-99.6258
2025-12-14,erc1155,3,496,496,992,165356,0.00599918,0.5999,-0.99400082,-99.4001
2025-12-14,erc1155,30,70,70,140,30975,0.00451977,0.4520,-0.99548023,-99.5480
2025-12-14,erc1155,31,195,195,390,29400,0.01326531,1.3265,-0.98673469,-98.6735
2025-12-14,erc1155,32,495,495,990,1474515,0.00067141,0.0671,-0.99932859,-99.9329
2025-12-14,erc1155,4,5634,5634,11268,238409,0.04726332,4.7263,-0.95273668,-95.2737
2025-12-14,erc1155,5,16,16,32,38010,0.00084188,0.0842,-0.99915812,-99.9158
2025-12-14,erc1155,6,575,575,1150,445200,0.00258311,0.2583,-0.99741689,-99.7417
2025-12-14,erc1155,7,2,2,4,33663,0.00011882,0.0119,-0.99988118,-99.9881
2025-12-14,erc1155,8,52,52,104,26775,0.00388422,0.3884,-0.99611578,-99.6116
2025-12-14,erc1155,9,2550,2550,5100,308553,0.01652876,1.6529,-0.98347124,-98.3471
2025-12-15,erc1155,10,9,9,18,33075,0.00054422,0.0544,-0.99945578,-99.9456
2025-12-15,erc1155,11,3570,3570,7140,692451,0.01031120,1.0311,-0.98968880,-98.9689
2025-12-15,erc1155,12,605,605,1210,444140,0.00272437,0.2724,-0.99727563,-99.7276
2025-12-15,erc1155,13,3987,3987,7974,648943,0.01228767,1.2288,-0.98771233,-98.7712
2025-12-15,erc1155,14,12,12,24,31500,0.00076190,0.0762,-0.99923810,-99.9238
2025-12-15,erc1155,16,5244,5244,10488,626260,0.01674704,1.6747,-0.98325296,-98.3253
2025-12-15,erc1155,17,9459,2114,11573,522584,0.02214572,2.2146,-0.97785428,-97.7854
2025-12-15,erc1155,18,6075,669,6744,706912,0.00954008,0.9540,-0.99045992,-99.0460
2025-12-15,erc1155,19,350,350,700,445200,0.00157233,0.1572,-0.99842767,-99.8428
2025-12-15,erc1155,20,13661,3241,16902,619080,0.02730180,2.7302,-0.97269820,-97.2698
2025-12-15,erc1155,22,1905,1905,3810,641539,0.00593884,0.5939,-0.99406116,-99.4061
2025-12-15,erc1155,23,953,953,1906,741286,0.00257121,0.2571,-0.99742879,-99.7429
2025-12-15,erc1155,24,14,14,28,32550,0.00086022,0.0860,-0.99913978,-99.9140
2025-12-15,erc1155,25,11023,8846,19869,1213275,0.01637634,1.6376,-0.98362366,-98.3624
2025-12-15,erc1155,27,10212,10212,20424,1435061,0.01423215,1.4232,-0.98576785,-98.5768
2025-12-15,erc1155,29,3402,3402,6804,1432200,0.00475073,0.4751,-0.99524927,-99.5249
2025-12-15,erc1155,3,218,164,382,165356,0.00231017,0.2310,-0.99768983,-99.7690
2025-12-15,erc1155,30,179,179,358,30975,0.01155771,1.1558,-0.98844229,-98.8442
2025-12-15,erc1155,31,106,106,212,29400,0.00721088,0.7211,-0.99278912,-99.2789
2025-12-15,erc1155,32,5,5,10,1474515,0.00000678,0.0007,-0.99999322,-99.9993
2025-12-15,erc1155,4,2936,1643,4579,238409,0.01920649,1.9206,-0.98079351,-98.0794
2025-12-15,erc1155,5,15,15,30,38010,0.00078927,0.0789,-0.99921073,-99.9211
2025-12-15,erc1155,6,3668,3668,7336,445200,0.01647799,1.6478,-0.98352201,-98.3522
2025-12-15,erc1155,7,17,15,32,33663,0.00095060,0.0951,-0.99904940,-99.9049
2025-12-15,erc1155,8,99,99,198,26775,0.00739496,0.7395,-0.99260504,-99.2605
2025-12-15,erc1155,9,3426,1215,4641,308553,0.01504118,1.5041,-0.98495882,-98.4959
2025-12-16,erc1155,10,13,13,26,33075,0.00078609,0.0786,-0.99921391,-99.9214
2025-12-16,erc1155,11,2005,2005,4010,692451,0.00579102,0.5791,-0.99420898,-99.4209
2025-12-16,erc1155,12,586,586,1172,444140,0.00263881,0.2639,-0.99736119,-99.7361
2025-12-16,erc1155,13,3431,3431,6862,648943,0.01057412,1.0574,-0.98942588,-98.9426
2025-12-16,erc1155,14,50,50,100,31500,0.00317460,0.3175,-0.99682540,-99.6825
2025-12-16,erc1155,16,611,611,1222,626260,0.00195127,0.1951,-0.99804873,-99.8049
2025-12-16,erc1155,17,6398,12297,18695,522584,0.03577415,3.5774,-0.96422585,-96.4226
2025-12-16,erc1155,18,21024,6660,27684,706912,0.03916188,3.9162,-0.96083812,-96.0838
2025-12-16,erc1155,19,181,181,362,445200,0.00081312,0.0813,-0.99918688,-99.9187
2025-12-16,erc1155,20,1003,8182,9185,619080,0.01483653,1.4837,-0.98516347,-98.5163
2025-12-16,erc1155,22,220,220,440,641539,0.00068585,0.0686,-0.99931415,-99.9314
2025-12-16,erc1155,23,100,100,200,741286,0.00026980,0.0270,-0.99973020,-99.9730
2025-12-16,erc1155,24,39,39,78,32550,0.00239631,0.2396,-0.99760369,-99.7604
2025-12-16,erc1155,25,5932,8109,14041,1213275,0.01157281,1.1573,-0.98842719,-98.8427
2025-12-16,erc1155,27,6988,6988,13976,1435061,0.00973896,0.9739,-0.99026104,-99.0261
2025-12-16,erc1155,29,326,326,652,1432200,0.00045524,0.0455,-0.99954476,-99.9545
2025-12-16,erc1155,3,468,522,990,165356,0.00598708,0.5987,-0.99401292,-99.4013
2025-12-16,erc1155,30,10,10,20,30975,0.00064568,0.0646,-0.99935432,-99.9354
2025-12-16,erc1155,31,2,2,4,29400,0.00013605,0.0136,-0.99986395,-99.9864
2025-12-16,erc1155,32,1168,1168,2336,1474515,0.00158425,0.1584,-0.99841575,-99.8416
2025-12-16,erc1155,4,1488,2781,4269,238409,0.01790620,1.7906,-0.98209380,-98.2094
2025-12-16,erc1155,5,13,13,26,38010,0.00068403,0.0684,-0.99931597,-99.9316
2025-12-16,erc1155,6,19,11,30,445200,0.00006739,0.0067,-0.99993261,-99.9933
2025-12-16,erc1155,7,11,13,24,33663,0.00071295,0.0713,-0.99928705,-99.9287
2025-12-16,erc1155,8,19,19,38,26775,0.00141923,0.1419,-0.99858077,-99.8581
2025-12-16,erc1155,9,3735,5109,8844,308553,0.02866282,2.8663,-0.97133718,-97.1337
2025-12-17,erc1155,10,63,63,126,33075,0.00380952,0.3810,-0.99619048,-99.6190
2025-12-17,erc1155,11,6107,6107,12214,692451,0.01763879,1.7639,-0.98236121,-98.2361
2025-12-17,erc1155,12,5843,5674,11517,444140,0.02593101,2.5931,-0.97406899,-97.4069
2025-12-17,erc1155,13,3028,2977,6005,648943,0.00925351,0.9254,-0.99074649,-99.0746
2025-12-17,erc1155,14,14,14,28,31500,0.00088889,0.0889,-0.99911111,-99.9111
2025-12-17,erc1155,16,1264,1264,2528,626260,0.00403666,0.4037,-0.99596334,-99.5963
2025-12-17,erc1155,17,5841,7144,12985,522584,0.02484768,2.4848,-0.97515232,-97.5152
2025-12-17,erc1155,18,10587,28468,39055,706912,0.05524733,5.5247,-0.94475267,-94.4753
2025-12-17,erc1155,19,1481,116,1597,445200,0.00358715,0.3587,-0.99641285,-99.6413
2025-12-17,erc1155,20,6657,9809,16466,619080,0.02659753,2.6598,-0.97340247,-97.3402
2025-12-17,erc1155,22,3251,2226,5477,641539,0.00853728,0.8537,-0.99146272,-99.1463
2025-12-17,erc1155,23,1393,225,1618,741286,0.00218269,0.2183,-0.99781731,-99.7817
2025-12-17,erc1155,24,55,55,110,32550,0.00337942,0.3379,-0.99662058,-99.6621
2025-12-17,erc1155,25,13940,12735,26675,1213275,0.02198595,2.1986,-0.97801405,-97.8014
2025-12-17,erc1155,27,22329,20917,43246,1435061,0.03013530,3.0135,-0.96986470,-96.9865
2025-12-17,erc1155,28,100,100,200,29400,0.00680272,0.6803,-0.99319728,-99.3197
2025-12-17,erc1155,29,3340,3340,6680,1432200,0.00466415,0.4664,-0.99533585,-99.5336
2025-12-17,erc1155,3,337,77,414,165356,0.00250369,0.2504,-0.99749631,-99.7496
2025-12-17,erc1155,30,47,47,94,30975,0.00303471,0.3035,-0.99696529,-99.6965
2025-12-17,erc1155,31,14,14,28,29400,0.00095238,0.0952,-0.99904762,-99.9048
2025-12-17,erc1155,32,1045,1045,2090,1474515,0.00141742,0.1417,-0.99858258,-99.8583
2025-12-17,erc1155,4,1320,972,2292,238409,0.00961373,0.9614,-0.99038627,-99.0386
2025-12-17,erc1155,5,37,37,74,38010,0.00194686,0.1947,-0.99805314,-99.8053
2025-12-17,erc1155,6,2346,2022,4368,445200,0.00981132,0.9811,-0.99018868,-99.0189
2025-12-17,erc1155,7,28,28,56,33663,0.00166355,0.1664,-0.99833645,-99.8336
2025-12-17,erc1155,8,21,21,42,26775,0.00156863,0.1569,-0.99843137,-99.8431
2025-12-17,erc1155,9,790,1504,2294,308553,0.00743470,0.7435,-0.99256530,-99.2565
2025-12-18,erc1155,10,30,30,60,33075,0.00181406,0.1814,-0.99818594,-99.8186
2025-12-18,erc1155,11,20262,20262,40524,692451,0.05852255,5.8523,-0.94147745,-94.1477
2025-12-18,erc1155,12,15847,7711,23558,444140,0.05304183,5.3042,-0.94695817,-94.6958
2025-12-18,erc1155,13,33837,28647,62484,648943,0.09628581,9.6286,-0.90371419,-90.3714
2025-12-18,erc1155,14,109,109,218,31500,0.00692063,0.6921,-0.99307937,-99.3079
2025-12-18,erc1155,16,31618,31618,63236,626260,0.10097404,10.0974,-0.89902596,-89.9026
2025-12-18,erc1155,17,14256,9374,23630,522584,0.04521761,4.5218,-0.95478239,-95.4782
2025-12-18,erc1155,18,20038,18247,38285,706912,0.05415808,5.4158,-0.94584192,-94.5842
2025-12-18,erc1155,19,12559,13924,26483,445200,0.05948562,5.9486,-0.94051438,-94.0514
2025-12-18,erc1155,20,8070,7007,15077,619080,0.02435388,2.4354,-0.97564612,-97.5646
2025-12-18,erc1155,22,19107,20132,39239,641539,0.06116386,6.1164,-0.93883614,-93.8836
2025-12-18,erc1155,23,17052,8487,25539,741286,0.03445229,3.4452,-0.96554771,-96.5548
2025-12-18,erc1155,24,31,31,62,32550,0.00190476,0.1905,-0.99809524,-99.8095
2025-12-18,erc1155,25,10066,11271,21337,1213275,0.01758629,1.7586,-0.98241371,-98.2414
2025-12-18,erc1155,27,23402,24814,48216,1435061,0.03359857,3.3599,-0.96640143,-96.6401
2025-12-18,erc1155,28,38,38,76,29400,0.00258503,0.2585,-0.99741497,-99.7415
2025-12-18,erc1155,29,1729,1729,3458,1432200,0.00241447,0.2414,-0.99758553,-99.7586
2025-12-18,erc1155,3,8449,608,9057,165356,0.05477273,5.4773,-0.94522727,-94.5227
2025-12-18,erc1155,30,187,187,374,30975,0.01207425,1.2074,-0.98792575,-98.7926
2025-12-18,erc1155,31,15,15,30,29400,0.00102041,0.1020,-0.99897959,-99.8980
2025-12-18,erc1155,32,1713,2713,4426,1474515,0.00300166,0.3002,-0.99699834,-99.6998
2025-12-18,erc1155,4,7098,929,8027,238409,0.03366903,3.3669,-0.96633097,-96.6331
2025-12-18,erc1155,5,30,30,60,38010,0.00157853,0.1579,-0.99842147,-99.8421
2025-12-18,erc1155,6,13750,14073,27823,445200,0.06249551,6.2496,-0.93750449,-93.7504
2025-12-18,erc1155,7,94,94,188,33663,0.00558477,0.5585,-0.99441523,-99.4415
2025-12-18,erc1155,8,15,15,30,26775,0.00112045,0.1120,-0.99887955,-99.8880
2025-12-18,erc1155,9,2192,2202,4394,308553,0.01424067,1.4241,-0.98575933,-98.5759
2025-12-19,erc1155,10,3,3,6,33075,0.00018141,0.0181,-0.99981859,-99.9819
2025-12-19,erc1155,11,1118,1118,2236,692451,0.00322911,0.3229,-0.99677089,-99.6771
2025-12-19,erc1155,12,4337,9642,13979,444140,0.03147431,3.1474,-0.96852569,-96.8526
2025-12-19,erc1155,13,3070,3070,6140,648943,0.00946154,0.9462,-0.99053846,-99.0538
2025-12-19,erc1155,14,81,81,162,31500,0.00514286,0.5143,-0.99485714,-99.4857
2025-12-19,erc1155,16,372,372,744,626260,0.00118800,0.1188,-0.99881200,-99.8812
2025-12-19,erc1155,17,1739,3325,5064,522584,0.00969031,0.9690,-0.99030969,-99.0310
2025-12-19,erc1155,18,1972,5432,7404,706912,0.01047372,1.0474,-0.98952628,-98.9526
2025-12-19,erc1155,19,505,505,1010,445200,0.00226864,0.2269,-0.99773136,-99.7731
2025-12-19,erc1155,20,12858,13829,26687,619080,0.04310751,4.3108,-0.95689249,-95.6892
2025-12-19,erc1155,22,1354,1354,2708,641539,0.00422110,0.4221,-0.99577890,-99.5779
2025-12-19,erc1155,23,1833,11566,13399,741286,0.01807534,1.8075,-0.98192466,-98.1925
2025-12-19,erc1155,24,59,59,118,32550,0.00362519,0.3625,-0.99637481,-99.6375
2025-12-19,erc1155,25,1978,1978,3956,1213275,0.00326060,0.3261,-0.99673940,-99.6739
2025-12-19,erc1155,27,9117,9117,18234,1435061,0.01270608,1.2706,-0.98729392,-98.7294
2025-12-19,erc1155,28,2,2,4,29400,0.00013605,0.0136,-0.99986395,-99.9864
2025-12-19,erc1155,29,1504,1504,3008,1432200,0.00210027,0.2100,-0.99789973,-99.7900
2025-12-19,erc1155,3,950,1208,2158,165356,0.01305063,1.3051,-0.98694937,-98.6949
2025-12-19,erc1155,30,1068,1068,2136,30975,0.06895884,6.8959,-0.93104116,-93.1041
2025-12-19,erc1155,31,10,10,20,29400,0.00068027,0.0680,-0.99931973,-99.9320
2025-12-19,erc1155,32,38,38,76,1474515,0.00005154,0.0052,-0.99994846,-99.9948
2025-12-19,erc1155,4,2948,2840,5788,238409,0.02427761,2.4278,-0.97572239,-97.5722
2025-12-19,erc1155,5,20,20,40,38010,0.00105235,0.1052,-0.99894765,-99.8948
2025-12-19,erc1155,6,1439,1440,2879,445200,0.00646676,0.6467,-0.99353324,-99.3533
2025-12-19,erc1155,7,11,11,22,33663,0.00065354,0.0654,-0.99934646,-99.9346
2025-12-19,erc1155,8,4,4,8,26775,0.00029879,0.0299,-0.99970121,-99.9701
2025-12-19,erc1155,9,571,684,1255,308553,0.00406737,0.4067,-0.99593263,-99.5933
2025-12-20,erc1155,10,79,79,158,33075,0.00477702,0.4777,-0.99522298,-99.5223
2025-12-20,erc1155,11,10214,10214,20428,692451,0.02950100,2.9501,-0.97049900,-97.0499
2025-12-20,erc1155,12,2989,1568,4557,444140,0.01026028,1.0260,-0.98973972,-98.9740
2025-12-20,erc1155,13,5725,5611,11336,648943,0.01746841,1.7468,-0.98253159,-98.2532
2025-12-20,erc1155,14,11,11,22,31500,0.00069841,0.0698,-0.99930159,-99.9302
2025-12-20,erc1155,16,1079,1079,2158,626260,0.00344585,0.3446,-0.99655415,-99.6554
2025-12-20,erc1155,17,9142,10105,19247,522584,0.03683044,3.6830,-0.96316956,-96.3170
2025-12-20,erc1155,18,1089,964,2053,706912,0.00290418,0.2904,-0.99709582,-99.7096
2025-12-20,erc1155,19,1080,1080,2160,445200,0.00485175,0.4852,-0.99514825,-99.5148
2025-12-20,erc1155,20,1897,1809,3706,619080,0.00598630,0.5986,-0.99401370,-99.4014
2025-12-20,erc1155,22,4477,3360,7837,641539,0.01221594,1.2216,-0.98778406,-98.7784
2025-12-20,erc1155,23,1919,834,2753,741286,0.00371382,0.3714,-0.99628618,-99.6286
2025-12-20,erc1155,24,124,124,248,32550,0.00761905,0.7619,-0.99238095,-99.2381
2025-12-20,erc1155,25,4347,4347,8694,1213275,0.00716573,0.7166,-0.99283427,-99.2834
2025-12-20,erc1155,27,11027,10426,21453,1435061,0.01494919,1.4949,-0.98505081,-98.5051
2025-12-20,erc1155,28,63,63,126,29400,0.00428571,0.4286,-0.99571429,-99.5714
2025-12-20,erc1155,29,1673,1673,3346,1432200,0.00233627,0.2336,-0.99766373,-99.7664
2025-12-20,erc1155,3,168,168,336,165356,0.00203198,0.2032,-0.99796802,-99.7968
2025-12-20,erc1155,31,14,14,28,29400,0.00095238,0.0952,-0.99904762,-99.9048
2025-12-20,erc1155,32,2000,2000,4000,1474515,0.00271276,0.2713,-0.99728724,-99.7287
2025-12-20,erc1155,4,2834,3118,5952,238409,0.02496550,2.4966,-0.97503450,-97.5034
2025-12-20,erc1155,5,27,27,54,38010,0.00142068,0.1421,-0.99857932,-99.8579
2025-12-20,erc1155,6,8687,8687,17374,445200,0.03902516,3.9025,-0.96097484,-96.0975
2025-12-20,erc1155,7,23,23,46,33663,0.00136649,0.1366,-0.99863351,-99.8634
2025-12-20,erc1155,8,25,20,45,26775,0.00168067,0.1681,-0.99831933,-99.8319
2025-12-20,erc1155,9,1267,904,2171,308553,0.00703607,0.7036,-0.99296393,-99.2964
2025-12-21,erc1155,10,6,6,12,33075,0.00036281,0.0363,-0.99963719,-99.9637
2025-12-21,erc1155,11,2348,2348,4696,692451,0.00678171,0.6782,-0.99321829,-99.3218
2025-12-21,erc1155,12,1680,2557,4237,444140,0.00953978,0.9540,-0.99046022,-99.0460
2025-12-21,erc1155,13,2516,2630,5146,648943,0.00792982,0.7930,-0.99207018,-99.2070
2025-12-21,erc1155,14,7,7,14,31500,0.00044444,0.0444,-0.99955556,-99.9556
2025-12-21,erc1155,16,253,253,506,626260,0.00080797,0.0808,-0.99919203,-99.9192
2025-12-21,erc1155,17,8363,4932,13295,522584,0.02544089,2.5441,-0.97455911,-97.4559
2025-12-21,erc1155,18,4005,2263,6268,706912,0.00886673,0.8867,-0.99113327,-99.1133
2025-12-21,erc1155,19,235,235,470,445200,0.00105571,0.1056,-0.99894429,-99.8944
2025-12-21,erc1155,20,4288,2612,6900,619080,0.01114557,1.1146,-0.98885443,-98.8854
2025-12-21,erc1155,22,7033,8150,15183,641539,0.02366653,2.3667,-0.97633347,-97.6333
2025-12-21,erc1155,23,2388,2264,4652,741286,0.00627558,0.6276,-0.99372442,-99.3724
2025-12-21,erc1155,24,19,19,38,32550,0.00116743,0.1167,-0.99883257,-99.8833
2025-12-21,erc1155,25,1444,1444,2888,1213275,0.00238033,0.2380,-0.99761967,-99.7620
2025-12-21,erc1155,27,3141,3742,6883,1435061,0.00479631,0.4796,-0.99520369,-99.5204
2025-12-21,erc1155,28,25,25,50,29400,0.00170068,0.1701,-0.99829932,-99.8299
2025-12-21,erc1155,29,1047,1047,2094,1432200,0.00146209,0.1462,-0.99853791,-99.8538
2025-12-21,erc1155,3,1667,3691,5358,165356,0.03240282,3.2403,-0.96759718,-96.7597
2025-12-21,erc1155,30,51,51,102,30975,0.00329298,0.3293,-0.99670702,-99.6707
2025-12-21,erc1155,31,242,242,484,29400,0.01646259,1.6463,-0.98353741,-98.3537
2025-12-21,erc1155,32,35,35,70,1474515,0.00004747,0.0047,-0.99995253,-99.9953
2025-12-21,erc1155,4,420,3017,3437,238409,0.01441640,1.4416,-0.98558360,-98.5584
2025-12-21,erc1155,5,11,11,22,38010,0.00057880,0.0579,-0.99942120,-99.9421
2025-12-21,erc1155,6,4196,3499,7695,445200,0.01728437,1.7284,-0.98271563,-98.2716
2025-12-21,erc1155,7,43,38,81,33663,0.00240620,0.2406,-0.99759380,-99.7594
2025-12-21,erc1155,8,3,8,11,26775,0.00041083,0.0411,-0.99958917,-99.9589
2025-12-21,erc1155,9,648,779,1427,308553,0.00462481,0.4625,-0.99537519,-99.5375
2025-12-22,erc1155,10,64,64,128,33075,0.00386999,0.3870,-0.99613001,-99.6130
2025-12-22,erc1155,11,1670,1670,3340,692451,0.00482345,0.4823,-0.99517655,-99.5177
2025-12-22,erc1155,12,4128,2874,7002,444140,0.01576530,1.5765,-0.98423470,-98.4235
2025-12-22,erc1155,13,5302,5302,10604,648943,0.01634042,1.6340,-0.98365958,-98.3660
2025-12-22,erc1155,14,16,16,32,31500,0.00101587,0.1016,-0.99898413,-99.8984
2025-12-22,erc1155,16,9414,9414,18828,626260,0.03006419,3.0064,-0.96993581,-96.9936
2025-12-22,erc1155,17,16603,5986,22589,522584,0.04322559,4.3226,-0.95677441,-95.6774
2025-12-22,erc1155,18,41335,4728,46063,706912,0.06516087,6.5161,-0.93483913,-93.4839
2025-12-22,erc1155,19,290,290,580,445200,0.00130279,0.1303,-0.99869721,-99.8697
2025-12-22,erc1155,20,9281,6912,16193,619080,0.02615655,2.6157,-0.97384345,-97.3843
2025-12-22,erc1155,22,1470,1450,2920,641539,0.00455155,0.4552,-0.99544845,-99.5448
2025-12-22,erc1155,23,17216,14976,32192,741286,0.04342723,4.3427,-0.95657277,-95.6573
2025-12-22,erc1155,24,10,10,20,32550,0.00061444,0.0614,-0.99938556,-99.9386
2025-12-22,erc1155,25,22005,22005,44010,1213275,0.03627372,3.6274,-0.96372628,-96.3726
2025-12-22,erc1155,27,34222,20122,54344,1435061,0.03786877,3.7869,-0.96213123,-96.2131
2025-12-22,erc1155,28,111,111,222,29400,0.00755102,0.7551,-0.99244898,-99.2449
2025-12-22,erc1155,29,984,984,1968,1432200,0.00137411,0.1374,-0.99862589,-99.8626
2025-12-22,erc1155,3,1630,837,2467,165356,0.01491933,1.4919,-0.98508067,-98.5081
2025-12-22,erc1155,30,43,43,86,30975,0.00277643,0.2776,-0.99722357,-99.7224
2025-12-22,erc1155,31,7,7,14,29400,0.00047619,0.0476,-0.99952381,-99.9524
2025-12-22,erc1155,32,547,547,1094,1474515,0.00074194,0.0742,-0.99925806,-99.9258
2025-12-22,erc1155,4,454,3935,4389,238409,0.01840954,1.8410,-0.98159046,-98.1590
2025-12-22,erc1155,5,17,17,34,38010,0.00089450,0.0895,-0.99910550,-99.9105
2025-12-22,erc1155,6,3193,3808,7001,445200,0.01572552,1.5726,-0.98427448,-98.4274
2025-12-22,erc1155,7,21,26,47,33663,0.00139619,0.1396,-0.99860381,-99.8604
2025-12-22,erc1155,8,50,50,100,26775,0.00373483,0.3735,-0.99626517,-99.6265
2025-12-22,erc1155,9,2424,1009,3433,308553,0.01112613,1.1126,-0.98887387,-98.8874
2025-12-23,erc1155,10,9,9,18,33075,0.00054422,0.0544,-0.99945578,-99.9456
2025-12-23,erc1155,11,1925,1925,3850,692451,0.00555996,0.5560,-0.99444004,-99.4440
2025-12-23,erc1155,12,3560,4965,8525,444140,0.01919440,1.9194,-0.98080560,-98.0806
2025-12-23,erc1155,13,3288,3288,6576,648943,0.01013340,1.0133,-0.98986660,-98.9867
2025-12-23,erc1155,14,22,22,44,31500,0.00139683,0.1397,-0.99860317,-99.8603
2025-12-23,erc1155,16,3669,3669,7338,626260,0.01171718,1.1717,-0.98828282,-98.8283
2025-12-23,erc1155,17,2556,13921,16477,522584,0.03152986,3.1530,-0.96847014,-96.8470
2025-12-23,erc1155,18,3301,16442,19743,706912,0.02792851,2.7929,-0.97207149,-97.2071
2025-12-23,erc1155,19,540,540,1080,445200,0.00242588,0.2426,-0.99757412,-99.7574
2025-12-23,erc1155,20,9475,12183,21658,619080,0.03498417,3.4984,-0.96501583,-96.5016
2025-12-23,erc1155,22,3059,3079,6138,641539,0.00956762,0.9568,-0.99043238,-99.0432
2025-12-23,erc1155,23,2747,5270,8017,741286,0.01081499,1.0815,-0.98918501,-98.9185
2025-12-23,erc1155,24,40,40,80,32550,0.00245776,0.2458,-0.99754224,-99.7542
2025-12-23,erc1155,25,1141,1141,2282,1213275,0.00188086,0.1881,-0.99811914,-99.8119
2025-12-23,erc1155,27,7142,16252,23394,1435061,0.01630175,1.6302,-0.98369825,-98.3698
2025-12-23,erc1155,29,1352,1352,2704,1432200,0.00188800,0.1888,-0.99811200,-99.8112
2025-12-23,erc1155,3,1026,2195,3221,165356,0.01947918,1.9479,-0.98052082,-98.0521
2025-12-23,erc1155,30,110,110,220,30975,0.00710250,0.7103,-0.99289750,-99.2897
2025-12-23,erc1155,31,5,5,10,29400,0.00034014,0.0340,-0.99965986,-99.9660
2025-12-23,erc1155,32,9,9,18,1474515,0.00001221,0.0012,-0.99998779,-99.9988
2025-12-23,erc1155,4,295,558,853,238409,0.00357789,0.3578,-0.99642211,-99.6422
2025-12-23,erc1155,5,38,38,76,38010,0.00199947,0.1999,-0.99800053,-99.8001
2025-12-23,erc1155,6,654,736,1390,445200,0.00312219,0.3122,-0.99687781,-99.6878
2025-12-23,erc1155,7,24,24,48,33663,0.00142590,0.1426,-0.99857410,-99.8574
2025-12-23,erc1155,8,22,22,44,26775,0.00164332,0.1643,-0.99835668,-99.8357
2025-12-23,erc1155,9,1101,2748,3849,308553,0.01247436,1.2474,-0.98752564,-98.7526
2025-12-24,erc1155,10,79,79,158,33075,0.00477702,0.4777,-0.99522298,-99.5223
2025-12-24,erc1155,11,1601,1601,3202,692451,0.00462415,0.4624,-0.99537585,-99.5376
2025-12-24,erc1155,12,5247,2140,7387,444140,0.01663214,1.6632,-0.98336786,-98.3368
2025-12-24,erc1155,13,6252,7586,13838,648943,0.02132391,2.1324,-0.97867609,-97.8676
2025-12-24,erc1155,14,236,236,472,31500,0.01498413,1.4984,-0.98501587,-98.5016
2025-12-24,erc1155,16,3698,3698,7396,626260,0.01180979,1.1810,-0.98819021,-98.8190
2025-12-24,erc1155,17,19927,5077,25004,522584,0.04784685,4.7847,-0.95215315,-95.2153
2025-12-24,erc1155,18,17170,25528,42698,706912,0.06040073,6.0401,-0.93959927,-93.9599
2025-12-24,erc1155,19,1556,960,2516,445200,0.00565139,0.5651,-0.99434861,-99.4349
2025-12-24,erc1155,20,4556,4606,9162,619080,0.01479938,1.4799,-0.98520062,-98.5201
2025-12-24,erc1155,22,11240,11240,22480,641539,0.03504074,3.5041,-0.96495926,-96.4959
2025-12-24,erc1155,23,14890,13058,27948,741286,0.03770205,3.7702,-0.96229795,-96.2298
2025-12-24,erc1155,24,92,92,184,32550,0.00565284,0.5653,-0.99434716,-99.4347
2025-12-24,erc1155,25,14939,14229,29168,1213275,0.02404072,2.4041,-0.97595928,-97.5959
2025-12-24,erc1155,27,27394,32384,59778,1435061,0.04165537,4.1655,-0.95834463,-95.8345
2025-12-24,erc1155,28,12,12,24,29400,0.00081633,0.0816,-0.99918367,-99.9184
2025-12-24,erc1155,29,17961,17961,35922,1432200,0.02508169,2.5082,-0.97491831,-97.4918
2025-12-24,erc1155,3,801,403,1204,165356,0.00728126,0.7281,-0.99271874,-99.2719
2025-12-24,erc1155,30,75,75,150,30975,0.00484262,0.4843,-0.99515738,-99.5157
2025-12-24,erc1155,31,1053,1053,2106,29400,0.07163265,7.1633,-0.92836735,-92.8367
2025-12-24,erc1155,32,1769,1769,3538,1474515,0.00239943,0.2399,-0.99760057,-99.7601
2025-12-24,erc1155,4,3362,3362,6724,238409,0.02820363,2.8204,-0.97179637,-97.1796
2025-12-24,erc1155,5,22,22,44,38010,0.00115759,0.1158,-0.99884241,-99.8842
2025-12-24,erc1155,6,2841,2841,5682,445200,0.01276280,1.2763,-0.98723720,-98.7237
2025-12-24,erc1155,7,37,37,74,33663,0.00219826,0.2198,-0.99780174,-99.7802
2025-12-24,erc1155,8,8,8,16,26775,0.00059757,0.0598,-0.99940243,-99.9402
2025-12-24,erc1155,9,12687,2223,14910,308553,0.04832233,4.8322,-0.95167767,-95.1678
2025-12-25,erc1155,10,86,86,172,33075,0.00520030,0.5200,-0.99479970,-99.4800
2025-12-25,erc1155,11,1350,1350,2700,692451,0.00389919,0.3899,-0.99610081,-99.6101
2025-12-25,erc1155,12,2929,6196,9125,444140,0.02054532,2.0545,-0.97945468,-97.9455
2025-12-25,erc1155,13,1001,1000,2001,648943,0.00308348,0.3083,-0.99691652,-99.6917
2025-12-25,erc1155,14,75,75,150,31500,0.00476190,0.4762,-0.99523810,-99.5238
2025-12-25,erc1155,16,898,898,1796,626260,0.00286782,0.2868,-0.99713218,-99.7132
2025-12-25,erc1155,17,685,8179,8864,522584,0.01696187,1.6962,-0.98303813,-98.3038
2025-12-25,erc1155,18,13221,7879,21100,706912,0.02984813,2.9848,-0.97015187,-97.0152
2025-12-25,erc1155,19,583,1179,1762,445200,0.00395777,0.3958,-0.99604223,-99.6042
2025-12-25,erc1155,20,1421,2977,4398,619080,0.00710409,0.7104,-0.99289591,-99.2896
2025-12-25,erc1155,22,4151,2080,6231,641539,0.00971258,0.9713,-0.99028742,-99.0287
2025-12-25,erc1155,23,303,3061,3364,741286,0.00453806,0.4538,-0.99546194,-99.5462
2025-12-25,erc1155,24,68,68,136,32550,0.00417819,0.4178,-0.99582181,-99.5822
2025-12-25,erc1155,25,2245,2954,5199,1213275,0.00428510,0.4285,-0.99571490,-99.5715
2025-12-25,erc1155,27,7939,7924,15863,1435061,0.01105389,1.1054,-0.98894611,-98.8946
2025-12-25,erc1155,28,2,2,4,29400,0.00013605,0.0136,-0.99986395,-99.9864
2025-12-25,erc1155,29,2149,2149,4298,1432200,0.00300098,0.3001,-0.99699902,-99.6999
2025-12-25,erc1155,3,433,826,1259,165356,0.00761388,0.7614,-0.99238612,-99.2386
2025-12-25,erc1155,30,5,5,10,30975,0.00032284,0.0323,-0.99967716,-99.9677
2025-12-25,erc1155,31,4,4,8,29400,0.00027211,0.0272,-0.99972789,-99.9728
2025-12-25,erc1155,32,98,98,196,1474515,0.00013293,0.0133,-0.99986707,-99.9867
2025-12-25,erc1155,4,346,346,692,238409,0.00290257,0.2903,-0.99709743,-99.7097
2025-12-25,erc1155,5,9,9,18,38010,0.00047356,0.0474,-0.99952644,-99.9526
2025-12-25,erc1155,6,313,313,626,445200,0.00140611,0.1406,-0.99859389,-99.8594
2025-12-25,erc1155,7,74,74,148,33663,0.00439652,0.4397,-0.99560348,-99.5603
2025-12-25,erc1155,8,9,9,18,26775,0.00067227,0.0672,-0.99932773,-99.9328
2025-12-25,erc1155,9,968,6429,7397,308553,0.02397319,2.3973,-0.97602681,-97.6027
2025-12-26,erc1155,10,364,364,728,33075,0.02201058,2.2011,-0.97798942,-97.7989
2025-12-26,erc1155,11,389,389,778,692451,0.00112355,0.1124,-0.99887645,-99.8876
2025-12-26,erc1155,12,1373,3069,4442,444140,0.01000135,1.0001,-0.98999865,-98.9999
2025-12-26,erc1155,13,2369,2370,4739,648943,0.00730264,0.7303,-0.99269736,-99.2697
2025-12-26,erc1155,14,33,33,66,31500,0.00209524,0.2095,-0.99790476,-99.7905
2025-12-26,erc1155,16,1933,1933,3866,626260,0.00617315,0.6173,-0.99382685,-99.3827
2025-12-26,erc1155,17,4252,793,5045,522584,0.00965395,0.9654,-0.99034605,-99.0346
2025-12-26,erc1155,18,14749,18806,33555,706912,0.04746701,4.7467,-0.95253299,-95.2533
2025-12-26,erc1155,19,1848,1848,3696,445200,0.00830189,0.8302,-0.99169811,-99.1698
2025-12-26,erc1155,20,8106,4085,12191,619080,0.01969212,1.9692,-0.98030788,-98.0308
2025-12-26,erc1155,22,1596,3667,5263,641539,0.00820371,0.8204,-0.99179629,-99.1796
2025-12-26,erc1155,23,2567,2567,5134,741286,0.00692580,0.6926,-0.99307420,-99.3074
2025-12-26,erc1155,24,219,219,438,32550,0.01345622,1.3456,-0.98654378,-98.6544
2025-12-26,erc1155,25,5142,5143,10285,1213275,0.00847706,0.8477,-0.99152294,-99.1523
2025-12-26,erc1155,27,12517,12532,25049,1435061,0.01745501,1.7455,-0.98254499,-98.2545
2025-12-26,erc1155,28,10,10,20,29400,0.00068027,0.0680,-0.99931973,-99.9320
2025-12-26,erc1155,29,894,894,1788,1432200,0.00124843,0.1248,-0.99875157,-99.8752
2025-12-26,erc1155,3,1014,1019,2033,165356,0.01229469,1.2295,-0.98770531,-98.7705
2025-12-26,erc1155,30,364,364,728,30975,0.02350282,2.3503,-0.97649718,-97.6497
2025-12-26,erc1155,31,41,41,82,29400,0.00278912,0.2789,-0.99721088,-99.7211
2025-12-26,erc1155,32,140,140,280,1474515,0.00018989,0.0190,-0.99981011,-99.9810
2025-12-26,erc1155,4,627,627,1254,238409,0.00525987,0.5260,-0.99474013,-99.4740
2025-12-26,erc1155,5,86,86,172,38010,0.00452512,0.4525,-0.99547488,-99.5475
2025-12-26,erc1155,6,1103,1103,2206,445200,0.00495508,0.4955,-0.99504492,-99.5045
2025-12-26,erc1155,7,176,176,352,33663,0.01045658,1.0457,-0.98954342,-98.9543
2025-12-26,erc1155,8,142,142,284,26775,0.01060691,1.0607,-0.98939309,-98.9393
2025-12-26,erc1155,9,930,933,1863,308553,0.00603786,0.6038,-0.99396214,-99.3962
2025-12-27,erc1155,10,53,53,106,33075,0.00320484,0.3205,-0.99679516,-99.6795
2025-12-27,erc1155,11,117,117,234,692451,0.00033793,0.0338,-0.99966207,-99.9662
2025-12-27,erc1155,12,184,184,368,444140,0.00082857,0.0829,-0.99917143,-99.9171
2025-12-27,erc1155,13,1562,370,1932,648943,0.00297715,0.2977,-0.99702285,-99.7023
2025-12-27,erc1155,14,1,1,2,31500,0.00006349,0.0063,-0.99993651,-99.9937
2025-12-27,erc1155,16,2432,2309,4741,626260,0.00757034,0.7570,-0.99242966,-99.2430
2025-12-27,erc1155,17,1940,4036,5976,522584,0.01143548,1.1435,-0.98856452,-98.8565
2025-12-27,erc1155,18,2154,6531,8685,706912,0.01228583,1.2286,-0.98771417,-98.7714
2025-12-27,erc1155,19,344,344,688,445200,0.00154537,0.1545,-0.99845463,-99.8455
2025-12-27,erc1155,20,1247,5260,6507,619080,0.01051076,1.0511,-0.98948924,-98.9489
2025-12-27,erc1155,22,360,360,720,641539,0.00112230,0.1122,-0.99887770,-99.8878
2025-12-27,erc1155,23,632,632,1264,741286,0.00170514,0.1705,-0.99829486,-99.8295
2025-12-27,erc1155,24,42,42,84,32550,0.00258065,0.2581,-0.99741935,-99.7419
2025-12-27,erc1155,25,228,228,456,1213275,0.00037584,0.0376,-0.99962416,-99.9624
2025-12-27,erc1155,27,1299,1299,2598,1435061,0.00181038,0.1810,-0.99818962,-99.8190
2025-12-27,erc1155,28,9,9,18,29400,0.00061224,0.0612,-0.99938776,-99.9388
2025-12-27,erc1155,29,58,58,116,1432200,0.00008099,0.0081,-0.99991901,-99.9919
2025-12-27,erc1155,3,52,21,73,165356,0.00044147,0.0441,-0.99955853,-99.9559
2025-12-27,erc1155,30,35,35,70,30975,0.00225989,0.2260,-0.99774011,-99.7740
2025-12-27,erc1155,32,141,141,282,1474515,0.00019125,0.0191,-0.99980875,-99.9809
2025-12-27,erc1155,4,36,24,60,238409,0.00025167,0.0252,-0.99974833,-99.9748
2025-12-27,erc1155,5,66,66,132,38010,0.00347277,0.3473,-0.99652723,-99.6527
2025-12-27,erc1155,6,353,353,706,445200,0.00158580,0.1586,-0.99841420,-99.8414
2025-12-27,erc1155,7,124,124,248,33663,0.00736714,0.7367,-0.99263286,-99.2633
2025-12-27,erc1155,8,2,2,4,26775,0.00014939,0.0149,-0.99985061,-99.9851
2025-12-27,erc1155,9,187,159,346,308553,0.00112136,0.1121,-0.99887864,-99.8879
2025-12-28,erc1155,10,293,293,586,33075,0.01771731,1.7717,-0.98228269,-98.2283
2025-12-28,erc1155,11,1973,1973,3946,692451,0.00569860,0.5699,-0.99430140,-99.4301
2025-12-28,erc1155,12,130,130,260,444140,0.00058540,0.0585,-0.99941460,-99.9415
2025-12-28,erc1155,13,1729,2921,4650,648943,0.00716550,0.7165,-0.99283450,-99.2835
2025-12-28,erc1155,14,27,27,54,31500,0.00171429,0.1714,-0.99828571,-99.8286
2025-12-28,erc1155,16,108,231,339,626260,0.00054131,0.0541,-0.99945869,-99.9459
2025-12-28,erc1155,17,1395,2624,4019,522584,0.00769063,0.7691,-0.99230937,-99.2309
2025-12-28,erc1155,18,14102,10400,24502,706912,0.03466061,3.4661,-0.96533939,-96.5339
2025-12-28,erc1155,19,1013,1013,2026,445200,0.00455076,0.4551,-0.99544924,-99.5449
2025-12-28,erc1155,20,1943,1922,3865,619080,0.00624313,0.6243,-0.99375687,-99.3757
2025-12-28,erc1155,22,189,189,378,641539,0.00058921,0.0589,-0.99941079,-99.9411
2025-12-28,erc1155,23,810,810,1620,741286,0.00218539,0.2185,-0.99781461,-99.7815
2025-12-28,erc1155,24,80,80,160,32550,0.00491551,0.4916,-0.99508449,-99.5084
2025-12-28,erc1155,25,1826,1826,3652,1213275,0.00301003,0.3010,-0.99698997,-99.6990
2025-12-28,erc1155,27,981,981,1962,1435061,0.00136719,0.1367,-0.99863281,-99.8633
2025-12-28,erc1155,28,5,5,10,29400,0.00034014,0.0340,-0.99965986,-99.9660
2025-12-28,erc1155,29,469,469,938,1432200,0.00065494,0.0655,-0.99934506,-99.9345
2025-12-28,erc1155,3,1100,1131,2231,165356,0.01349210,1.3492,-0.98650790,-98.6508
2025-12-28,erc1155,30,17,17,34,30975,0.00109766,0.1098,-0.99890234,-99.8902
2025-12-28,erc1155,31,12,12,24,29400,0.00081633,0.0816,-0.99918367,-99.9184
2025-12-28,erc1155,32,100,100,200,1474515,0.00013564,0.0136,-0.99986436,-99.9864
2025-12-28,erc1155,4,2001,517,2518,238409,0.01056168,1.0562,-0.98943832,-98.9438
2025-12-28,erc1155,5,37,37,74,38010,0.00194686,0.1947,-0.99805314,-99.8053
2025-12-28,erc1155,6,1234,624,1858,445200,0.00417341,0.4173,-0.99582659,-99.5827
2025-12-28,erc1155,7,118,118,236,33663,0.00701066,0.7011,-0.99298934,-99.2989
2025-12-28,erc1155,8,10,10,20,26775,0.00074697,0.0747,-0.99925303,-99.9253
2025-12-28,erc1155,9,689,4114,4803,308553,0.01556621,1.5566,-0.98443379,-98.4434
2025-12-29,erc1155,10,2,2,4,33075,0.00012094,0.0121,-0.99987906,-99.9879
2025-12-29,erc1155,11,161,161,322,692451,0.00046501,0.0465,-0.99953499,-99.9535
2025-12-29,erc1155,12,660,659,1319,444140,0.00296978,0.2970,-0.99703022,-99.7030
2025-12-29,erc1155,13,3993,3977,7970,648943,0.01228151,1.2282,-0.98771849,-98.7718
2025-12-29,erc1155,14,10,10,20,31500,0.00063492,0.0635,-0.99936508,-99.9365
2025-12-29,erc1155,16,786,786,1572,626260,0.00251014,0.2510,-0.99748986,-99.7490
2025-12-29,erc1155,17,1765,932,2697,522584,0.00516089,0.5161,-0.99483911,-99.4839
2025-12-29,erc1155,18,10342,9393,19735,706912,0.02791719,2.7917,-0.97208281,-97.2083
2025-12-29,erc1155,19,932,932,1864,445200,0.00418688,0.4187,-0.99581312,-99.5813
2025-12-29,erc1155,20,6490,1376,7866,619080,0.01270595,1.2706,-0.98729405,-98.7294
2025-12-29,erc1155,22,1790,1790,3580,641539,0.00558033,0.5580,-0.99441967,-99.4420
2025-12-29,erc1155,23,2551,1248,3799,741286,0.00512488,0.5125,-0.99487512,-99.4875
2025-12-29,erc1155,24,46,46,92,32550,0.00282642,0.2826,-0.99717358,-99.7174
2025-12-29,erc1155,25,12336,12336,24672,1213275,0.02033504,2.0335,-0.97966496,-97.9665
2025-12-29,erc1155,27,14528,14528,29056,1435061,0.02024722,2.0247,-0.97975278,-97.9753
2025-12-29,erc1155,28,45,45,90,29400,0.00306122,0.3061,-0.99693878,-99.6939
2025-12-29,erc1155,29,1884,1884,3768,1432200,0.00263092,0.2631,-0.99736908,-99.7369
2025-12-29,erc1155,3,2699,611,3310,165356,0.02001742,2.0017,-0.97998258,-97.9983
2025-12-29,erc1155,30,96,86,182,30975,0.00587571,0.5876,-0.99412429,-99.4124
2025-12-29,erc1155,31,350,350,700,29400,0.02380952,2.3810,-0.97619048,-97.6190
2025-12-29,erc1155,32,1555,1555,3110,1474515,0.00210917,0.2109,-0.99789083,-99.7891
2025-12-29,erc1155,4,1139,1909,3048,238409,0.01278475,1.2785,-0.98721525,-98.7215
2025-12-29,erc1155,5,9,9,18,38010,0.00047356,0.0474,-0.99952644,-99.9526
2025-12-29,erc1155,6,3658,4276,7934,445200,0.01782120,1.7821,-0.98217880,-98.2179
2025-12-29,erc1155,7,51,51,102,33663,0.00303003,0.3030,-0.99696997,-99.6970
2025-12-29,erc1155,8,10,7,17,26775,0.00063492,0.0635,-0.99936508,-99.9365
2025-12-29,erc1155,9,1461,3064,4525,308553,0.01466523,1.4665,-0.98533477,-98.5335
2025-12-30,erc1155,10,56,56,112,33075,0.00338624,0.3386,-0.99661376,-99.6614
2025-12-30,erc1155,11,1486,1486,2972,692451,0.00429200,0.4292,-0.99570800,-99.5708
2025-12-30,erc1155,12,1066,882,1948,444140,0.00438600,0.4386,-0.99561400,-99.5614
2025-12-30,erc1155,13,6087,4384,10471,648943,0.01613547,1.6135,-0.98386453,-98.3865
2025-12-30,erc1155,14,51,51,102,31500,0.00323810,0.3238,-0.99676190,-99.6762
2025-12-30,erc1155,16,543,543,1086,626260,0.00173410,0.1734,-0.99826590,-99.8266
2025-12-30,erc1155,17,2696,2215,4911,522584,0.00939753,0.9398,-0.99060247,-99.0602
2025-12-30,erc1155,18,13338,13562,26900,706912,0.03805283,3.8053,-0.96194717,-96.1947
2025-12-30,erc1155,19,555,518,1073,445200,0.00241015,0.2410,-0.99758985,-99.7590
2025-12-30,erc1155,20,9178,7463,16641,619080,0.02688021,2.6880,-0.97311979,-97.3120
2025-12-30,erc1155,22,6282,6246,12528,641539,0.01952804,1.9528,-0.98047196,-98.0472
2025-12-30,erc1155,23,1695,2813,4508,741286,0.00608132,0.6081,-0.99391868,-99.3919
2025-12-30,erc1155,24,54,54,108,32550,0.00331797,0.3318,-0.99668203,-99.6682
2025-12-30,erc1155,25,4877,4877,9754,1213275,0.00803940,0.8039,-0.99196060,-99.1961
2025-12-30,erc1155,27,26128,22178,48306,1435061,0.03366129,3.3661,-0.96633871,-96.6339
2025-12-30,erc1155,28,116,116,232,29400,0.00789116,0.7891,-0.99210884,-99.2109
2025-12-30,erc1155,29,5146,5146,10292,1432200,0.00718615,0.7186,-0.99281385,-99.2814
2025-12-30,erc1155,3,455,2235,2690,165356,0.01626793,1.6268,-0.98373207,-98.3732
2025-12-30,erc1155,30,126,136,262,30975,0.00845843,0.8458,-0.99154157,-99.1542
2025-12-30,erc1155,32,6246,6246,12492,1474515,0.00847194,0.8472,-0.99152806,-99.1528
2025-12-30,erc1155,4,8862,1489,10351,238409,0.04341699,4.3417,-0.95658301,-95.6583
2025-12-30,erc1155,5,68,68,136,38010,0.00357801,0.3578,-0.99642199,-99.6422
2025-12-30,erc1155,6,6701,3647,10348,445200,0.02324349,2.3243,-0.97675651,-97.6757
2025-12-30,erc1155,7,41,41,82,33663,0.00243591,0.2436,-0.99756409,-99.7564
2025-12-30,erc1155,8,23,26,49,26775,0.00183007,0.1830,-0.99816993,-99.8170
2025-12-30,erc1155,9,8999,1612,10611,308553,0.03438955,3.4390,-0.96561045,-96.5610
2025-12-31,erc1155,10,54,54,108,33075,0.00326531,0.3265,-0.99673469,-99.6735
2025-12-31,erc1155,11,841,841,1682,692451,0.00242905,0.2429,-0.99757095,-99.7571
2025-12-31,erc1155,12,1786,1699,3485,444140,0.00784662,0.7847,-0.99215338,-99.2153
2025-12-31,erc1155,13,5889,7608,13497,648943,0.02079844,2.0798,-0.97920156,-97.9202
2025-12-31,erc1155,16,508,508,1016,626260,0.00162233,0.1622,-0.99837767,-99.8378
2025-12-31,erc1155,17,3125,696,3821,522584,0.00731174,0.7312,-0.99268826,-99.2688
2025-12-31,erc1155,18,12299,5231,17530,706912,0.02479799,2.4798,-0.97520201,-97.5202
2025-12-31,erc1155,19,1570,1607,3177,445200,0.00713612,0.7136,-0.99286388,-99.2864
2025-12-31,erc1155,20,8395,4603,12998,619080,0.02099567,2.0996,-0.97900433,-97.9004
2025-12-31,erc1155,22,2169,2205,4374,641539,0.00681798,0.6818,-0.99318202,-99.3182
2025-12-31,erc1155,23,1502,577,2079,741286,0.00280459,0.2805,-0.99719541,-99.7195
2025-12-31,erc1155,25,3543,3543,7086,1213275,0.00584039,0.5840,-0.99415961,-99.4160
2025-12-31,erc1155,27,3249,6650,9899,1435061,0.00689796,0.6898,-0.99310204,-99.3102
2025-12-31,erc1155,29,961,961,1922,1432200,0.00134199,0.1342,-0.99865801,-99.8658
2025-12-31,erc1155,3,730,1038,1768,165356,0.01069208,1.0692,-0.98930792,-98.9308
2025-12-31,erc1155,32,905,905,1810,1474515,0.00122752,0.1228,-0.99877248,-99.8772
2025-12-31,erc1155,4,1137,9221,10358,238409,0.04344635,4.3446,-0.95655365,-95.6554
2025-12-31,erc1155,5,352,352,704,38010,0.01852144,1.8521,-0.98147856,-98.1479
2025-12-31,erc1155,6,2546,5600,8146,445200,0.01829739,1.8297,-0.98170261,-98.1703
2025-12-31,erc1155,7,7,7,14,33663,0.00041589,0.0416,-0.99958411,-99.9584
2025-12-31,erc1155,8,48,48,96,26775,0.00358543,0.3585,-0.99641457,-99.6415
2025-12-31,erc1155,9,2344,9169,11513,308553,0.03731288,3.7313,-0.96268712,-96.2687
2026-01-01,erc1155,10,33,33,66,33075,0.00199546,0.1995,-0.99800454,-99.8005
2026-01-01,erc1155,11,400,400,800,692451,0.00115532,0.1155,-0.99884468,-99.8845
2026-01-01,erc1155,12,950,796,1746,444140,0.00393119,0.3931,-0.99606881,-99.6069
2026-01-01,erc1155,13,3154,2920,6074,648943,0.00935984,0.9360,-0.99064016,-99.0640
2026-01-01,erc1155,14,20,20,40,31500,0.00126984,0.1270,-0.99873016,-99.8730
2026-01-01,erc1155,16,1507,1507,3014,626260,0.00481270,0.4813,-0.99518730,-99.5187
2026-01-01,erc1155,17,4280,4944,9224,522584,0.01765075,1.7651,-0.98234925,-98.2349
2026-01-01,erc1155,18,2796,2185,4981,706912,0.00704614,0.7046,-0.99295386,-99.2954
2026-01-01,erc1155,19,475,474,949,445200,0.00213163,0.2132,-0.99786837,-99.7868
2026-01-01,erc1155,20,1241,4628,5869,619080,0.00948020,0.9480,-0.99051980,-99.0520
2026-01-01,erc1155,22,2930,2929,5859,641539,0.00913273,0.9133,-0.99086727,-99.0867
2026-01-01,erc1155,23,2797,3907,6704,741286,0.00904374,0.9044,-0.99095626,-99.0956
2026-01-01,erc1155,24,23,23,46,32550,0.00141321,0.1413,-0.99858679,-99.8587
2026-01-01,erc1155,25,2156,2156,4312,1213275,0.00355402,0.3554,-0.99644598,-99.6446
2026-01-01,erc1155,27,5716,6265,11981,1435061,0.00834877,0.8349,-0.99165123,-99.1651
2026-01-01,erc1155,28,12,12,24,29400,0.00081633,0.0816,-0.99918367,-99.9184
2026-01-01,erc1155,29,469,469,938,1432200,0.00065494,0.0655,-0.99934506,-99.9345
2026-01-01,erc1155,3,393,393,786,165356,0.00475338,0.4753,-0.99524662,-99.5247
2026-01-01,erc1155,30,21,21,42,30975,0.00135593,0.1356,-0.99864407,-99.8644
2026-01-01,erc1155,32,10,10,20,1474515,0.00001356,0.0014,-0.99998644,-99.9986
2026-01-01,erc1155,4,340,354,694,238409,0.00291096,0.2911,-0.99708904,-99.7089
2026-01-01,erc1155,5,22,22,44,38010,0.00115759,0.1158,-0.99884241,-99.8842
2026-01-01,erc1155,6,2463,1312,3775,445200,0.00847934,0.8479,-0.99152066,-99.1521
2026-01-01,erc1155,7,18,18,36,33663,0.00106942,0.1069,-0.99893058,-99.8931
2026-01-01,erc1155,8,4,4,8,26775,0.00029879,0.0299,-0.99970121,-99.9701
2026-01-01,erc1155,9,5194,2281,7475,308553,0.02422598,2.4226,-0.97577402,-97.5774
2026-01-02,erc1155,10,18,18,36,33075,0.00108844,0.1088,-0.99891156,-99.8912
2026-01-02,erc1155,11,244,244,488,692451,0.00070474,0.0705,-0.99929526,-99.9295
2026-01-02,erc1155,12,1551,771,2322,444140,0.00522808,0.5228,-0.99477192,-99.4772
2026-01-02,erc1155,13,2490,1557,4047,648943,0.00623630,0.6236,-0.99376370,-99.3764
2026-01-02,erc1155,14,14,14,28,31500,0.00088889,0.0889,-0.99911111,-99.9111
2026-01-02,erc1155,16,1135,1103,2238,626260,0.00357360,0.3574,-0.99642640,-99.6426
2026-01-02,erc1155,17,3710,482,4192,522584,0.00802168,0.8022,-0.99197832,-99.1978
2026-01-02,erc1155,18,6960,574,7534,706912,0.01065762,1.0658,-0.98934238,-98.9342
2026-01-02,erc1155,19,853,854,1707,445200,0.00383423,0.3834,-0.99616577,-99.6166
2026-01-02,erc1155,20,898,1692,2590,619080,0.00418363,0.4184,-0.99581637,-99.5816
2026-01-02,erc1155,22,2725,2629,5354,641539,0.00834556,0.8346,-0.99165444,-99.1654
2026-01-02,erc1155,23,13475,1493,14968,741286,0.02019194,2.0192,-0.97980806,-97.9808
2026-01-02,erc1155,25,2200,2200,4400,1213275,0.00362655,0.3627,-0.99637345,-99.6373
2026-01-02,erc1155,27,23469,17008,40477,1435061,0.02820577,2.8206,-0.97179423,-97.1794
2026-01-02,erc1155,29,1688,1688,3376,1432200,0.00235721,0.2357,-0.99764279,-99.7643
2026-01-02,erc1155,3,412,412,824,165356,0.00498319,0.4983,-0.99501681,-99.5017
2026-01-02,erc1155,32,100,100,200,1474515,0.00013564,0.0136,-0.99986436,-99.9864
2026-01-02,erc1155,4,837,813,1650,238409,0.00692088,0.6921,-0.99307912,-99.3079
2026-01-02,erc1155,5,120,120,240,38010,0.00631413,0.6314,-0.99368587,-99.3686
2026-01-02,erc1155,6,912,846,1758,445200,0.00394879,0.3949,-0.99605121,-99.6051
2026-01-02,erc1155,7,22,22,44,33663,0.00130707,0.1307,-0.99869293,-99.8693
2026-01-02,erc1155,8,79,79,158,26775,0.00590103,0.5901,-0.99409897,-99.4099
2026-01-02,erc1155,9,2102,1531,3633,308553,0.01177431,1.1774,-0.98822569,-98.8226
2026-01-03,erc1155,11,78,25,103,692451,0.00014875,0.0149,-0.99985125,-99.9851
2026-01-03,erc1155,12,501,110,611,444140,0.00137569,0.1376,-0.99862431,-99.8624
2026-01-03,erc1155,13,580,1015,1595,648943,0.00245784,0.2458,-0.99754216,-99.7542
2026-01-03,erc1155,14,5,5,10,31500,0.00031746,0.0317,-0.99968254,-99.9683
2026-01-03,erc1155,16,50,82,132,626260,0.00021078,0.0211,-0.99978922,-99.9789
2026-01-03,erc1155,17,260,0,260,522584,0.00049753,0.0498,-0.99950247,-99.9502
2026-01-03,erc1155,18,186,35,221,706912,0.00031263,0.0313,-0.99968737,-99.9687
2026-01-03,erc1155,20,193,41,234,619080,0.00037798,0.0378,-0.99962202,-99.9622
2026-01-03,erc1155,22,12,109,121,641539,0.00018861,0.0189,-0.99981139,-99.9811
2026-01-03,erc1155,23,12,0,12,741286,0.00001619,0.0016,-0.99998381,-99.9984
2026-01-03,erc1155,24,3,3,6,32550,0.00018433,0.0184,-0.99981567,-99.9816
2026-01-03,erc1155,25,524,523,1047,1213275,0.00086295,0.0863,-0.99913705,-99.9137
2026-01-03,erc1155,27,300,2020,2320,1435061,0.00161666,0.1617,-0.99838334,-99.8383
2026-01-03,erc1155,3,46,3,49,165356,0.00029633,0.0296,-0.99970367,-99.9704
2026-01-03,erc1155,30,62,62,124,30975,0.00400323,0.4003,-0.99599677,-99.5997
2026-01-03,erc1155,4,357,41,398,238409,0.00166940,0.1669,-0.99833060,-99.8331
2026-01-03,erc1155,5,8,8,16,38010,0.00042094,0.0421,-0.99957906,-99.9579
2026-01-03,erc1155,6,43,81,124,445200,0.00027853,0.0279,-0.99972147,-99.9721
2026-01-03,erc1155,7,1,1,2,33663,0.00005941,0.0059,-0.99994059,-99.9941
2026-01-03,erc1155,9,46,0,46,308553,0.00014908,0.0149,-0.99985092,-99.9851
2026-01-04,erc1155,10,20,20,40,33075,0.00120937,0.1209,-0.99879063,-99.8791
2026-01-04,erc1155,11,1019,1072,2091,692451,0.00301971,0.3020,-0.99698029,-99.6980
2026-01-04,erc1155,12,3442,1258,4700,444140,0.01058225,1.0582,-0.98941775,-98.9418
2026-01-04,erc1155,13,3235,2230,5465,648943,0.00842139,0.8421,-0.99157861,-99.1579
2026-01-04,erc1155,14,6,6,12,31500,0.00038095,0.0381,-0.99961905,-99.9619
2026-01-04,erc1155,16,1367,1367,2734,626260,0.00436560,0.4366,-0.99563440,-99.5634
2026-01-04,erc1155,17,1798,749,2547,522584,0.00487386,0.4874,-0.99512614,-99.5126
2026-01-04,erc1155,18,5282,1650,6932,706912,0.00980603,0.9806,-0.99019397,-99.0194
2026-01-04,erc1155,19,2028,2028,4056,445200,0.00911051,0.9111,-0.99088949,-99.0889
2026-01-04,erc1155,20,2231,2312,4543,619080,0.00733831,0.7338,-0.99266169,-99.2662
2026-01-04,erc1155,22,1093,1093,2186,641539,0.00340743,0.3407,-0.99659257,-99.6593
2026-01-04,erc1155,23,836,7529,8365,741286,0.01128444,1.1284,-0.98871556,-98.8716
2026-01-04,erc1155,24,24,24,48,32550,0.00147465,0.1475,-0.99852535,-99.8525
2026-01-04,erc1155,25,3731,3732,7463,1213275,0.00615112,0.6151,-0.99384888,-99.3849
2026-01-04,erc1155,27,11956,13925,25881,1435061,0.01803477,1.8035,-0.98196523,-98.1965
2026-01-04,erc1155,28,4,4,8,29400,0.00027211,0.0272,-0.99972789,-99.9728
2026-01-04,erc1155,29,6867,6867,13734,1432200,0.00958944,0.9589,-0.99041056,-99.0411
2026-01-04,erc1155,3,439,482,921,165356,0.00556980,0.5570,-0.99443020,-99.4430
2026-01-04,erc1155,30,105,105,210,30975,0.00677966,0.6780,-0.99322034,-99.3220
2026-01-04,erc1155,31,16,16,32,29400,0.00108844,0.1088,-0.99891156,-99.8912
2026-01-04,erc1155,32,11777,11777,23554,1474515,0.01597407,1.5974,-0.98402593,-98.4026
2026-01-04,erc1155,4,1336,832,2168,238409,0.00909362,0.9094,-0.99090638,-99.0906
2026-01-04,erc1155,5,46,46,92,38010,0.00242042,0.2420,-0.99757958,-99.7580
2026-01-04,erc1155,6,1397,1425,2822,445200,0.00633872,0.6339,-0.99366128,-99.3661
2026-01-04,erc1155,7,23,23,46,33663,0.00136649,0.1366,-0.99863351,-99.8634
2026-01-04,erc1155,8,6,6,12,26775,0.00044818,0.0448,-0.99955182,-99.9552
2026-01-04,erc1155,9,913,2232,3145,308553,0.01019274,1.0193,-0.98980726,-98.9807
2026-01-05,erc1155,11,981,981,1962,692451,0.00283341,0.2833,-0.99716659,-99.7167
2026-01-05,erc1155,12,182,762,944,444140,0.00212546,0.2125,-0.99787454,-99.7875
2026-01-05,erc1155,13,763,763,1526,648943,0.00235152,0.2352,-0.99764848,-99.7648
2026-01-05,erc1155,17,356,64,420,522584,0.00080370,0.0804,-0.99919630,-99.9196
2026-01-05,erc1155,18,216,152,368,706912,0.00052057,0.0521,-0.99947943,-99.9479
2026-01-05,erc1155,19,180,180,360,445200,0.00080863,0.0809,-0.99919137,-99.9191
2026-01-05,erc1155,20,553,231,784,619080,0.00126640,0.1266,-0.99873360,-99.8734
2026-01-05,erc1155,22,22,22,44,641539,0.00006859,0.0069,-0.99993141,-99.9931
2026-01-05,erc1155,23,280,291,571,741286,0.00077028,0.0770,-0.99922972,-99.9230
2026-01-05,erc1155,24,4,4,8,32550,0.00024578,0.0246,-0.99975422,-99.9754
2026-01-05,erc1155,25,138,138,276,1213275,0.00022748,0.0227,-0.99977252,-99.9773
2026-01-05,erc1155,27,87,87,174,1435061,0.00012125,0.0121,-0.99987875,-99.9879
2026-01-05,erc1155,29,218,218,436,1432200,0.00030443,0.0304,-0.99969557,-99.9696
2026-01-05,erc1155,3,56,17,73,165356,0.00044147,0.0441,-0.99955853,-99.9559
2026-01-05,erc1155,30,7,7,14,30975,0.00045198,0.0452,-0.99954802,-99.9548
2026-01-05,erc1155,4,29,452,481,238409,0.00201754,0.2018,-0.99798246,-99.7982
2026-01-05,erc1155,6,258,258,516,445200,0.00115903,0.1159,-0.99884097,-99.8841
2026-01-05,erc1155,7,11,11,22,33663,0.00065354,0.0654,-0.99934646,-99.9346
2026-01-05,erc1155,8,5,5,10,26775,0.00037348,0.0373,-0.99962652,-99.9627
2026-01-05,erc1155,9,117,20,137,308553,0.00044401,0.0444,-0.99955599,-99.9556
2026-01-10,erc1155,10,13,13,26,33075,0.00078609,0.0786,-0.99921391,-99.9214
2026-01-10,erc1155,11,629,629,1258,692451,0.00181674,0.1817,-0.99818326,-99.8183
2026-01-10,erc1155,12,114,600,714,444140,0.00160760,0.1608,-0.99839240,-99.8392
2026-01-10,erc1155,13,81,81,162,648943,0.00024964,0.0250,-0.99975036,-99.9750
2026-01-10,erc1155,14,11,11,22,31500,0.00069841,0.0698,-0.99930159,-99.9302
2026-01-10,erc1155,16,50,50,100,626260,0.00015968,0.0160,-0.99984032,-99.9840
2026-01-10,erc1155,17,101,579,680,522584,0.00130123,0.1301,-0.99869877,-99.8699
2026-01-10,erc1155,18,67,3534,3601,706912,0.00509399,0.5094,-0.99490601,-99.4906
2026-01-10,erc1155,19,54,54,108,445200,0.00024259,0.0243,-0.99975741,-99.9757
2026-01-10,erc1155,20,35,1068,1103,619080,0.00178168,0.1782,-0.99821832,-99.8218
2026-01-10,erc1155,22,197,197,394,641539,0.00061415,0.0614,-0.99938585,-99.9386
2026-01-10,erc1155,23,93,93,186,741286,0.00025092,0.0251,-0.99974908,-99.9749
2026-01-10,erc1155,24,43,43,86,32550,0.00264209,0.2642,-0.99735791,-99.7358
2026-01-10,erc1155,25,253,253,506,1213275,0.00041705,0.0417,-0.99958295,-99.9583
2026-01-10,erc1155,27,163,163,326,1435061,0.00022717,0.0227,-0.99977283,-99.9773
2026-01-10,erc1155,29,284,284,568,1432200,0.00039659,0.0397,-0.99960341,-99.9603
2026-01-10,erc1155,3,24,63,87,165356,0.00052614,0.0526,-0.99947386,-99.9474
2026-01-10,erc1155,32,500,500,1000,1474515,0.00067819,0.0678,-0.99932181,-99.9322
2026-01-10,erc1155,4,836,584,1420,238409,0.00595615,0.5956,-0.99404385,-99.4044
2026-01-10,erc1155,5,22,22,44,38010,0.00115759,0.1158,-0.99884241,-99.8842
2026-01-10,erc1155,6,42,42,84,445200,0.00018868,0.0189,-0.99981132,-99.9811
2026-01-10,erc1155,7,5,5,10,33663,0.00029706,0.0297,-0.99970294,-99.9703
2026-01-10,erc1155,9,37,134,171,308553,0.00055420,0.0554,-0.99944580,-99.9446
2026-01-11,erc1155,11,4750,4740,9490,692451,0.01370494,1.3705,-0.98629506,-98.6295
2026-01-11,erc1155,12,689,59,748,444140,0.00168415,0.1684,-0.99831585,-99.8316
2026-01-11,erc1155,13,3402,94,3496,648943,0.00538722,0.5387,-0.99461278,-99.4613
2026-01-11,erc1155,14,1,1,2,31500,0.00006349,0.0063,-0.99993651,-99.9937
2026-01-11,erc1155,16,920,920,1840,626260,0.00293808,0.2938,-0.99706192,-99.7062
2026-01-11,erc1155,17,39,197,236,522584,0.00045160,0.0452,-0.99954840,-99.9548
2026-01-11,erc1155,18,162,64,226,706912,0.00031970,0.0320,-0.99968030,-99.9680
2026-01-11,erc1155,20,33,185,218,619080,0.00035214,0.0352,-0.99964786,-99.9648
2026-01-11,erc1155,22,5,5,10,641539,0.00001559,0.0016,-0.99998441,-99.9984
2026-01-11,erc1155,23,436,308,744,741286,0.00100366,0.1004,-0.99899634,-99.8996
2026-01-11,erc1155,25,132,132,264,1213275,0.00021759,0.0218,-0.99978241,-99.9782
2026-01-11,erc1155,27,3790,1966,5756,1435061,0.00401098,0.4011,-0.99598902,-99.5989
2026-01-11,erc1155,28,50,50,100,29400,0.00340136,0.3401,-0.99659864,-99.6599
2026-01-11,erc1155,29,4095,4095,8190,1432200,0.00571848,0.5718,-0.99428152,-99.4282
2026-01-11,erc1155,3,609,609,1218,165356,0.00736593,0.7366,-0.99263407,-99.2634
2026-01-11,erc1155,4,152,540,692,238409,0.00290257,0.2903,-0.99709743,-99.7097
2026-01-11,erc1155,6,5507,220,5727,445200,0.01286388,1.2864,-0.98713612,-98.7136
2026-01-11,erc1155,7,10,10,20,33663,0.00059412,0.0594,-0.99940588,-99.9406
2026-01-11,erc1155,8,10,10,20,26775,0.00074697,0.0747,-0.99925303,-99.9253
2026-01-11,erc1155,9,24,6,30,308553,0.00009723,0.0097,-0.99990277,-99.9903
2026-01-12,erc1155,11,0,10,10,692451,0.00001444,0.0014,-0.99998556,-99.9986
2026-01-12,erc1155,12,5,20,25,444140,0.00005629,0.0056,-0.99994371,-99.9944
2026-01-12,erc1155,13,0,3,3,648943,0.00000462,0.0005,-0.99999538,-99.9995
2026-01-12,erc1155,17,10,51,61,522584,0.00011673,0.0117,-0.99988327,-99.9883
2026-01-12,erc1155,18,190,2705,2895,706912,0.00409528,0.4095,-0.99590472,-99.5905
2026-01-12,erc1155,20,15,66,81,619080,0.00013084,0.0131,-0.99986916,-99.9869
2026-01-12,erc1155,22,95,95,190,641539,0.00029616,0.0296,-0.99970384,-99.9704
2026-01-12,erc1155,23,3,6,9,741286,0.00001214,0.0012,-0.99998786,-99.9988
2026-01-12,erc1155,25,101,100,201,1213275,0.00016567,0.0166,-0.99983433,-99.9834
2026-01-12,erc1155,27,7,2330,2337,1435061,0.00162850,0.1629,-0.99837150,-99.8371
2026-01-12,erc1155,4,8,220,228,238409,0.00095634,0.0956,-0.99904366,-99.9044
2026-01-12,erc1155,6,0,58,58,445200,0.00013028,0.0130,-0.99986972,-99.9870
2026-01-12,erc1155,9,6,24,30,308553,0.00009723,0.0097,-0.99990277,-99.9903
2026-01-13,erc1155,11,360,360,720,692451,0.00103978,0.1040,-0.99896022,-99.8960
2026-01-13,erc1155,12,233,618,851,444140,0.00191606,0.1916,-0.99808394,-99.8084
2026-01-13,erc1155,13,428,825,1253,648943,0.00193083,0.1931,-0.99806917,-99.8069
2026-01-13,erc1155,14,7,7,14,31500,0.00044444,0.0444,-0.99955556,-99.9556
2026-01-13,erc1155,16,1422,1420,2842,626260,0.00453805,0.4538,-0.99546195,-99.5462
2026-01-13,erc1155,17,21,157,178,522584,0.00034062,0.0341,-0.99965938,-99.9659
2026-01-13,erc1155,18,3225,5830,9055,706912,0.01280923,1.2809,-0.98719077,-98.7191
2026-01-13,erc1155,19,102,102,204,445200,0.00045822,0.0458,-0.99954178,-99.9542
2026-01-13,erc1155,20,1073,410,1483,619080,0.00239549,0.2395,-0.99760451,-99.7605
2026-01-13,erc1155,22,260,260,520,641539,0.00081055,0.0811,-0.99918945,-99.9189
2026-01-13,erc1155,23,127,252,379,741286,0.00051127,0.0511,-0.99948873,-99.9489
2026-01-13,erc1155,25,535,536,1071,1213275,0.00088273,0.0883,-0.99911727,-99.9117
2026-01-13,erc1155,27,814,3075,3889,1435061,0.00270999,0.2710,-0.99729001,-99.7290
2026-01-13,erc1155,28,2,2,4,29400,0.00013605,0.0136,-0.99986395,-99.9864
2026-01-13,erc1155,29,508,508,1016,1432200,0.00070940,0.0709,-0.99929060,-99.9291
2026-01-13,erc1155,3,14,14,28,165356,0.00016933,0.0169,-0.99983067,-99.9831
2026-01-13,erc1155,4,83,157,240,238409,0.00100667,0.1007,-0.99899333,-99.8993
2026-01-13,erc1155,5,5,5,10,38010,0.00026309,0.0263,-0.99973691,-99.9737
2026-01-13,erc1155,6,1220,598,1818,445200,0.00408356,0.4084,-0.99591644,-99.5916
2026-01-13,erc1155,7,14,14,28,33663,0.00083177,0.0832,-0.99916823,-99.9168
2026-01-13,erc1155,9,148,87,235,308553,0.00076162,0.0762,-0.99923838,-99.9238
2026-01-14,erc1155,10,30,30,60,33075,0.00181406,0.1814,-0.99818594,-99.8186
2026-01-14,erc1155,11,346,346,692,692451,0.00099935,0.0999,-0.99900065,-99.9001
2026-01-14,erc1155,12,2696,443,3139,444140,0.00706759,0.7068,-0.99293241,-99.2932
2026-01-14,erc1155,13,3273,5315,8588,648943,0.01323383,1.3234,-0.98676617,-98.6766
2026-01-14,erc1155,14,41,41,82,31500,0.00260317,0.2603,-0.99739683,-99.7397
2026-01-14,erc1155,16,748,260,1008,626260,0.00160956,0.1610,-0.99839044,-99.8390
2026-01-14,erc1155,17,2182,1146,3328,522584,0.00636835,0.6368,-0.99363165,-99.3632
2026-01-14,erc1155,18,6931,8870,15801,706912,0.02235215,2.2352,-0.97764785,-97.7648
2026-01-14,erc1155,19,604,604,1208,445200,0.00271339,0.2713,-0.99728661,-99.7287
2026-01-14,erc1155,20,996,3509,4505,619080,0.00727693,0.7277,-0.99272307,-99.2723
2026-01-14,erc1155,22,265,224,489,641539,0.00076223,0.0762,-0.99923777,-99.9238
2026-01-14,erc1155,23,1024,1024,2048,741286,0.00276277,0.2763,-0.99723723,-99.7237
2026-01-14,erc1155,24,10,10,20,32550,0.00061444,0.0614,-0.99938556,-99.9386
2026-01-14,erc1155,25,1423,1423,2846,1213275,0.00234572,0.2346,-0.99765428,-99.7654
2026-01-14,erc1155,27,1632,1644,3276,1435061,0.00228283,0.2283,-0.99771717,-99.7717
2026-01-14,erc1155,29,1184,1184,2368,1432200,0.00165340,0.1653,-0.99834660,-99.8347
2026-01-14,erc1155,3,273,243,516,165356,0.00312054,0.3121,-0.99687946,-99.6879
2026-01-14,erc1155,30,48,48,96,30975,0.00309927,0.3099,-0.99690073,-99.6901
2026-01-14,erc1155,31,18,18,36,29400,0.00122449,0.1224,-0.99877551,-99.8776
2026-01-14,erc1155,32,586,5586,6172,1474515,0.00418578,0.4186,-0.99581422,-99.5814
2026-01-14,erc1155,4,156,156,312,238409,0.00130868,0.1309,-0.99869132,-99.8691
2026-01-14,erc1155,5,15,15,30,38010,0.00078927,0.0789,-0.99921073,-99.9211
2026-01-14,erc1155,6,3548,2070,5618,445200,0.01261905,1.2619,-0.98738095,-98.7381
2026-01-14,erc1155,7,8,8,16,33663,0.00047530,0.0475,-0.99952470,-99.9525
2026-01-14,erc1155,8,61,61,122,26775,0.00455649,0.4556,-0.99544351,-99.5444
2026-01-14,erc1155,9,290,320,610,308553,0.00197697,0.1977,-0.99802303,-99.8023
2026-01-15,erc1155,12,225,1097,1322,444140,0.00297654,0.2977,-0.99702346,-99.7023
2026-01-15,erc1155,13,0,866,866,648943,0.00133448,0.1334,-0.99866552,-99.8666
2026-01-15,erc1155,14,10,10,20,31500,0.00063492,0.0635,-0.99936508,-99.9365
2026-01-15,erc1155,16,60,550,610,626260,0.00097404,0.0974,-0.99902596,-99.9026
2026-01-15,erc1155,17,12,76,88,522584,0.00016839,0.0168,-0.99983161,-99.9832
2026-01-15,erc1155,18,2103,1092,3195,706912,0.00451966,0.4520,-0.99548034,-99.5480
2026-01-15,erc1155,19,34,34,68,445200,0.00015274,0.0153,-0.99984726,-99.9847
2026-01-15,erc1155,20,36,220,256,619080,0.00041352,0.0414,-0.99958648,-99.9586
2026-01-15,erc1155,22,68,101,169,641539,0.00026343,0.0263,-0.99973657,-99.9737
2026-01-15,erc1155,23,667,647,1314,741286,0.00177260,0.1773,-0.99822740,-99.8227
2026-01-15,erc1155,25,220,220,440,1213275,0.00036265,0.0363,-0.99963735,-99.9637
2026-01-15,erc1155,27,42,42,84,1435061,0.00005853,0.0059,-0.99994147,-99.9941
2026-01-15,erc1155,28,1,1,2,29400,0.00006803,0.0068,-0.99993197,-99.9932
2026-01-15,erc1155,29,10,10,20,1432200,0.00001396,0.0014,-0.99998604,-99.9986
2026-01-15,erc1155,3,12,42,54,165356,0.00032657,0.0327,-0.99967343,-99.9673
2026-01-15,erc1155,30,4,4,8,30975,0.00025827,0.0258,-0.99974173,-99.9742
2026-01-15,erc1155,4,6,6,12,238409,0.00005033,0.0050,-0.99994967,-99.9950
2026-01-15,erc1155,5,14,14,28,38010,0.00073665,0.0737,-0.99926335,-99.9263
2026-01-15,erc1155,6,1,124,125,445200,0.00028077,0.0281,-0.99971923,-99.9719
2026-01-15,erc1155,7,29,29,58,33663,0.00172296,0.1723,-0.99827704,-99.8277
2026-01-15,erc1155,9,260,112,372,308553,0.00120563,0.1206,-0.99879437,-99.8794
2026-01-19,erc1155,10,10,10,20,33075,0.00060469,0.0605,-0.99939531,-99.9395
2026-01-19,erc1155,11,1198,1198,2396,692451,0.00346017,0.3460,-0.99653983,-99.6540
2026-01-19,erc1155,12,1020,2422,3442,444140,0.00774981,0.7750,-0.99225019,-99.2250
2026-01-19,erc1155,13,4198,2767,6965,648943,0.01073284,1.0733,-0.98926716,-98.9267
2026-01-19,erc1155,14,2,2,4,31500,0.00012698,0.0127,-0.99987302,-99.9873
2026-01-19,erc1155,16,2479,1564,4043,626260,0.00645579,0.6456,-0.99354421,-99.3544
2026-01-19,erc1155,17,512,1132,1644,522584,0.00314591,0.3146,-0.99685409,-99.6854
2026-01-19,erc1155,18,19978,11487,31465,706912,0.04451049,4.4510,-0.95548951,-95.5490
2026-01-19,erc1155,19,381,105,486,445200,0.00109164,0.1092,-0.99890836,-99.8908
2026-01-19,erc1155,20,183,174,357,619080,0.00057666,0.0577,-0.99942334,-99.9423
2026-01-19,erc1155,22,778,451,1229,641539,0.00191571,0.1916,-0.99808429,-99.8084
2026-01-19,erc1155,23,517,443,960,741286,0.00129505,0.1295,-0.99870495,-99.8705
2026-01-19,erc1155,24,20,20,40,32550,0.00122888,0.1229,-0.99877112,-99.8771
2026-01-19,erc1155,25,2829,2829,5658,1213275,0.00466341,0.4663,-0.99533659,-99.5337
2026-01-19,erc1155,27,25167,23255,48422,1435061,0.03374212,3.3742,-0.96625788,-96.6258
2026-01-19,erc1155,28,11,11,22,29400,0.00074830,0.0748,-0.99925170,-99.9252
2026-01-19,erc1155,29,2475,2475,4950,1432200,0.00345622,0.3456,-0.99654378,-99.6544
2026-01-19,erc1155,3,197,79,276,165356,0.00166913,0.1669,-0.99833087,-99.8331
2026-01-19,erc1155,30,32,32,64,30975,0.00206618,0.2066,-0.99793382,-99.7934
2026-01-19,erc1155,31,50,50,100,29400,0.00340136,0.3401,-0.99659864,-99.6599
2026-01-19,erc1155,32,7,7,14,1474515,0.00000949,0.0009,-0.99999051,-99.9991
2026-01-19,erc1155,4,54,54,108,238409,0.00045300,0.0453,-0.99954700,-99.9547
2026-01-19,erc1155,5,14,14,28,38010,0.00073665,0.0737,-0.99926335,-99.9263
2026-01-19,erc1155,6,2387,4762,7149,445200,0.01605795,1.6058,-0.98394205,-98.3942
2026-01-19,erc1155,7,104,104,208,33663,0.00617889,0.6179,-0.99382111,-99.3821
2026-01-19,erc1155,8,23,23,46,26775,0.00171802,0.1718,-0.99828198,-99.8282
2026-01-19,erc1155,9,106,285,391,308553,0.00126721,0.1267,-0.99873279,-99.8733
2026-01-20,erc1155,10,96,96,192,33075,0.00580499,0.5805,-0.99419501,-99.4195
2026-01-20,erc1155,11,850,850,1700,692451,0.00245505,0.2455,-0.99754495,-99.7545
2026-01-20,erc1155,12,2093,5307,7400,444140,0.01666141,1.6661,-0.98333859,-98.3339
2026-01-20,erc1155,13,4954,5918,10872,648943,0.01675340,1.6753,-0.98324660,-98.3247
2026-01-20,erc1155,14,3,3,6,31500,0.00019048,0.0190,-0.99980952,-99.9810
2026-01-20,erc1155,16,1016,1931,2947,626260,0.00470571,0.4706,-0.99529429,-99.5294
2026-01-20,erc1155,17,1940,1439,3379,522584,0.00646595,0.6466,-0.99353405,-99.3534
2026-01-20,erc1155,18,6908,6902,13810,706912,0.01953567,1.9536,-0.98046433,-98.0464
2026-01-20,erc1155,19,1855,1423,3278,445200,0.00736298,0.7363,-0.99263702,-99.2637
2026-01-20,erc1155,20,2868,2284,5152,619080,0.00832203,0.8322,-0.99167797,-99.1678
2026-01-20,erc1155,22,5060,3551,8611,641539,0.01342241,1.3422,-0.98657759,-98.6578
2026-01-20,erc1155,23,2209,2190,4399,741286,0.00593428,0.5934,-0.99406572,-99.4066
2026-01-20,erc1155,24,106,105,211,32550,0.00648233,0.6482,-0.99351767,-99.3518
2026-01-20,erc1155,25,1515,1515,3030,1213275,0.00249737,0.2497,-0.99750263,-99.7503
2026-01-20,erc1155,27,9783,11695,21478,1435061,0.01496661,1.4967,-0.98503339,-98.5033
2026-01-20,erc1155,28,130,130,260,29400,0.00884354,0.8844,-0.99115646,-99.1156
2026-01-20,erc1155,29,2958,2958,5916,1432200,0.00413071,0.4131,-0.99586929,-99.5869
2026-01-20,erc1155,3,1136,534,1670,165356,0.01009942,1.0099,-0.98990058,-98.9901
2026-01-20,erc1155,30,5,5,10,30975,0.00032284,0.0323,-0.99967716,-99.9677
2026-01-20,erc1155,31,11,11,22,29400,0.00074830,0.0748,-0.99925170,-99.9252
2026-01-20,erc1155,32,5146,14873,20019,1474515,0.01357667,1.3577,-0.98642333,-98.6423
2026-01-20,erc1155,4,2467,2467,4934,238409,0.02069553,2.0696,-0.97930447,-97.9304
2026-01-20,erc1155,5,16,16,32,38010,0.00084188,0.0842,-0.99915812,-99.9158
2026-01-20,erc1155,6,5129,3628,8757,445200,0.01966981,1.9670,-0.98033019,-98.0330
2026-01-20,erc1155,7,49,49,98,33663,0.00291121,0.2911,-0.99708879,-99.7089
2026-01-20,erc1155,8,18,18,36,26775,0.00134454,0.1345,-0.99865546,-99.8655
2026-01-20,erc1155,9,2494,350,2844,308553,0.00921722,0.9217,-0.99078278,-99.0783
2026-01-21,erc1155,10,179,179,358,33075,0.01082389,1.0824,-0.98917611,-98.9176
2026-01-21,erc1155,11,6392,6392,12784,692451,0.01846196,1.8462,-0.98153804,-98.1538
2026-01-21,erc1155,12,4104,1535,5639,444140,0.01269645,1.2696,-0.98730355,-98.7304
2026-01-21,erc1155,13,3252,4337,7589,648943,0.01169440,1.1694,-0.98830560,-98.8306
2026-01-21,erc1155,14,185,185,370,31500,0.01174603,1.1746,-0.98825397,-98.8254
2026-01-21,erc1155,16,1901,1901,3802,626260,0.00607096,0.6071,-0.99392904,-99.3929
2026-01-21,erc1155,17,3814,2711,6525,522584,0.01248603,1.2486,-0.98751397,-98.7514
2026-01-21,erc1155,18,16147,13010,29157,706912,0.04124559,4.1246,-0.95875441,-95.8754
2026-01-21,erc1155,19,498,1206,1704,445200,0.00382749,0.3827,-0.99617251,-99.6173
2026-01-21,erc1155,20,2724,2285,5009,619080,0.00809104,0.8091,-0.99190896,-99.1909
2026-01-21,erc1155,22,6400,6400,12800,641539,0.01995202,1.9952,-0.98004798,-98.0048
2026-01-21,erc1155,23,2270,2383,4653,741286,0.00627693,0.6277,-0.99372307,-99.3723
2026-01-21,erc1155,24,90,91,181,32550,0.00556068,0.5561,-0.99443932,-99.4439
2026-01-21,erc1155,25,2115,2115,4230,1213275,0.00348643,0.3486,-0.99651357,-99.6514
2026-01-21,erc1155,27,19091,19091,38182,1435061,0.02660653,2.6607,-0.97339347,-97.3393
2026-01-21,erc1155,28,3,3,6,29400,0.00020408,0.0204,-0.99979592,-99.9796
2026-01-21,erc1155,29,15878,15878,31756,1432200,0.02217288,2.2173,-0.97782712,-97.7827
2026-01-21,erc1155,3,1048,853,1901,165356,0.01149641,1.1496,-0.98850359,-98.8504
2026-01-21,erc1155,30,395,395,790,30975,0.02550444,2.5504,-0.97449556,-97.4496
2026-01-21,erc1155,31,32,32,64,29400,0.00217687,0.2177,-0.99782313,-99.7823
2026-01-21,erc1155,32,6749,9013,15762,1474515,0.01068962,1.0690,-0.98931038,-98.9310
2026-01-21,erc1155,4,964,408,1372,238409,0.00575482,0.5755,-0.99424518,-99.4245
2026-01-21,erc1155,5,253,253,506,38010,0.01331229,1.3312,-0.98668771,-98.6688
2026-01-21,erc1155,6,2117,2117,4234,445200,0.00951033,0.9510,-0.99048967,-99.0490
2026-01-21,erc1155,7,121,121,242,33663,0.00718890,0.7189,-0.99281110,-99.2811
2026-01-21,erc1155,8,166,166,332,26775,0.01239963,1.2400,-0.98760037,-98.7600
2026-01-21,erc1155,9,344,332,676,308553,0.00219087,0.2191,-0.99780913,-99.7809
2026-01-22,erc1155,10,7,7,14,33075,0.00042328,0.0423,-0.99957672,-99.9577
2026-01-22,erc1155,11,310,310,620,692451,0.00089537,0.0895,-0.99910463,-99.9105
2026-01-22,erc1155,12,2317,4884,7201,444140,0.01621336,1.6213,-0.98378664,-98.3787
2026-01-22,erc1155,13,2876,2356,5232,648943,0.00806234,0.8062,-0.99193766,-99.1938
2026-01-22,erc1155,14,28,28,56,31500,0.00177778,0.1778,-0.99822222,-99.8222
2026-01-22,erc1155,16,5909,5909,11818,626260,0.01887076,1.8871,-0.98112924,-98.1129
2026-01-22,erc1155,17,144,2100,2244,522584,0.00429405,0.4294,-0.99570595,-99.5706
2026-01-22,erc1155,18,4618,6773,11391,706912,0.01611375,1.6114,-0.98388625,-98.3886
2026-01-22,erc1155,19,805,805,1610,445200,0.00361635,0.3616,-0.99638365,-99.6384
2026-01-22,erc1155,20,879,1913,2792,619080,0.00450992,0.4510,-0.99549008,-99.5490
2026-01-22,erc1155,22,839,839,1678,641539,0.00261559,0.2616,-0.99738441,-99.7384
2026-01-22,erc1155,23,711,711,1422,741286,0.00191829,0.1918,-0.99808171,-99.8082
2026-01-22,erc1155,24,7,7,14,32550,0.00043011,0.0430,-0.99956989,-99.9570
2026-01-22,erc1155,25,1779,1779,3558,1213275,0.00293256,0.2933,-0.99706744,-99.7067
2026-01-22,erc1155,27,26638,25756,52394,1435061,0.03650995,3.6510,-0.96349005,-96.3490
2026-01-22,erc1155,28,1,1,2,29400,0.00006803,0.0068,-0.99993197,-99.9932
2026-01-22,erc1155,29,1863,1863,3726,1432200,0.00260159,0.2602,-0.99739841,-99.7398
2026-01-22,erc1155,3,435,624,1059,165356,0.00640436,0.6404,-0.99359564,-99.3596
2026-01-22,erc1155,30,1,1,2,30975,0.00006457,0.0065,-0.99993543,-99.9935
2026-01-22,erc1155,32,194,7624,7818,1474515,0.00530208,0.5302,-0.99469792,-99.4698
2026-01-22,erc1155,4,107,658,765,238409,0.00320877,0.3209,-0.99679123,-99.6791
2026-01-22,erc1155,5,26,26,52,38010,0.00136806,0.1368,-0.99863194,-99.8632
2026-01-22,erc1155,6,330,330,660,445200,0.00148248,0.1482,-0.99851752,-99.8518
2026-01-22,erc1155,7,2,2,4,33663,0.00011882,0.0119,-0.99988118,-99.9881
2026-01-22,erc1155,8,1,1,2,26775,0.00007470,0.0075,-0.99992530,-99.9925
2026-01-22,erc1155,9,312,246,558,308553,0.00180844,0.1808,-0.99819156,-99.8192
2026-01-23,erc1155,10,204,204,408,33075,0.01233560,1.2336,-0.98766440,-98.7664
2026-01-23,erc1155,11,6394,6394,12788,692451,0.01846773,1.8468,-0.98153227,-98.1532
2026-01-23,erc1155,12,5646,4822,10468,444140,0.02356914,2.3569,-0.97643086,-97.6431
2026-01-23,erc1155,13,12567,8164,20731,648943,0.03194579,3.1946,-0.96805421,-96.8054
2026-01-23,erc1155,14,38,38,76,31500,0.00241270,0.2413,-0.99758730,-99.7587
2026-01-23,erc1155,16,2923,2923,5846,626260,0.00933478,0.9335,-0.99066522,-99.0665
2026-01-23,erc1155,17,2106,1624,3730,522584,0.00713761,0.7138,-0.99286239,-99.2862
2026-01-23,erc1155,18,30768,30663,61431,706912,0.08690049,8.6900,-0.91309951,-91.3100
2026-01-23,erc1155,19,3507,3507,7014,445200,0.01575472,1.5755,-0.98424528,-98.4245
2026-01-23,erc1155,20,7111,4348,11459,619080,0.01850972,1.8510,-0.98149028,-98.1490
2026-01-23,erc1155,22,10008,10008,20016,641539,0.03119997,3.1200,-0.96880003,-96.8800
2026-01-23,erc1155,23,17904,13984,31888,741286,0.04301714,4.3017,-0.95698286,-95.6983
2026-01-23,erc1155,24,230,230,460,32550,0.01413210,1.4132,-0.98586790,-98.5868
2026-01-23,erc1155,25,4518,4515,9033,1213275,0.00744514,0.7445,-0.99255486,-99.2555
2026-01-23,erc1155,27,38912,39610,78522,1435061,0.05471684,5.4717,-0.94528316,-94.5283
2026-01-23,erc1155,28,11,11,22,29400,0.00074830,0.0748,-0.99925170,-99.9252
2026-01-23,erc1155,29,5961,5961,11922,1432200,0.00832426,0.8324,-0.99167574,-99.1676
2026-01-23,erc1155,3,949,760,1709,165356,0.01033528,1.0335,-0.98966472,-98.9665
2026-01-23,erc1155,30,39,39,78,30975,0.00251816,0.2518,-0.99748184,-99.7482
2026-01-23,erc1155,31,10,10,20,29400,0.00068027,0.0680,-0.99931973,-99.9320
2026-01-23,erc1155,32,495,9705,10200,1474515,0.00691753,0.6918,-0.99308247,-99.3082
2026-01-23,erc1155,4,1944,1949,3893,238409,0.01632908,1.6329,-0.98367092,-98.3671
2026-01-23,erc1155,5,195,195,390,38010,0.01026046,1.0260,-0.98973954,-98.9740
2026-01-23,erc1155,6,1729,1729,3458,445200,0.00776730,0.7767,-0.99223270,-99.2233
2026-01-23,erc1155,7,178,178,356,33663,0.01057541,1.0575,-0.98942459,-98.9425
2026-01-23,erc1155,8,365,365,730,26775,0.02726424,2.7264,-0.97273576,-97.2736
2026-01-23,erc1155,9,4428,2506,6934,308553,0.02247264,2.2473,-0.97752736,-97.7527
2026-01-24,erc1155,10,683,683,1366,33075,0.04130008,4.1300,-0.95869992,-95.8700
2026-01-24,erc1155,11,5971,5971,11942,692451,0.01724599,1.7246,-0.98275401,-98.2754
2026-01-24,erc1155,12,16590,16399,32989,444140,0.07427613,7.4276,-0.92572387,-92.5724
2026-01-24,erc1155,13,14412,14412,28824,648943,0.04441684,4.4417,-0.95558316,-95.5583
2026-01-24,erc1155,14,731,731,1462,31500,0.04641270,4.6413,-0.95358730,-95.3587
2026-01-24,erc1155,16,5237,5237,10474,626260,0.01672468,1.6725,-0.98327532,-98.3275
2026-01-24,erc1155,17,13037,6817,19854,522584,0.03799198,3.7992,-0.96200802,-96.2008
2026-01-24,erc1155,18,17713,52834,70547,706912,0.09979601,9.9796,-0.90020399,-90.0204
2026-01-24,erc1155,19,9635,9635,19270,445200,0.04328392,4.3284,-0.95671608,-95.6716
2026-01-24,erc1155,20,18117,15875,33992,619080,0.05490728,5.4907,-0.94509272,-94.5093
2026-01-24,erc1155,22,44735,20776,65511,641539,0.10211538,10.2115,-0.89788462,-89.7885
2026-01-24,erc1155,23,20665,19704,40369,741286,0.05445806,5.4458,-0.94554194,-94.5542
2026-01-24,erc1155,24,581,581,1162,32550,0.03569892,3.5699,-0.96430108,-96.4301
2026-01-24,erc1155,25,65007,53278,118285,1213275,0.09749232,9.7492,-0.90250768,-90.2508
2026-01-24,erc1155,27,56738,56922,113660,1435061,0.07920221,7.9202,-0.92079779,-92.0798
2026-01-24,erc1155,28,421,421,842,29400,0.02863946,2.8639,-0.97136054,-97.1361
2026-01-24,erc1155,29,58879,58879,117758,1432200,0.08222176,8.2222,-0.91777824,-91.7778
2026-01-24,erc1155,3,5423,1521,6944,165356,0.04199424,4.1994,-0.95800576,-95.8006
2026-01-24,erc1155,30,548,548,1096,30975,0.03538337,3.5383,-0.96461663,-96.4617
2026-01-24,erc1155,31,570,570,1140,29400,0.03877551,3.8776,-0.96122449,-96.1224
2026-01-24,erc1155,32,1533,8041,9574,1474515,0.00649298,0.6493,-0.99350702,-99.3507
2026-01-24,erc1155,4,8853,4036,12889,238409,0.05406256,5.4063,-0.94593744,-94.5937
2026-01-24,erc1155,5,378,378,756,38010,0.01988950,1.9890,-0.98011050,-98.0110
2026-01-24,erc1155,6,30093,30093,60186,445200,0.13518868,13.5189,-0.86481132,-86.4811
2026-01-24,erc1155,7,632,632,1264,33663,0.03754864,3.7549,-0.96245136,-96.2451
2026-01-24,erc1155,8,582,582,1164,26775,0.04347339,4.3473,-0.95652661,-95.6527
2026-01-24,erc1155,9,9951,7171,17122,308553,0.05549128,5.5491,-0.94450872,-94.4509
2026-01-25,erc1155,10,367,367,734,33075,0.02219199,2.2192,-0.97780801,-97.7808
2026-01-25,erc1155,11,3356,3356,6712,692451,0.00969310,0.9693,-0.99030690,-99.0307
2026-01-25,erc1155,12,4321,3530,7851,444140,0.01767686,1.7677,-0.98232314,-98.2323
2026-01-25,erc1155,13,4020,2989,7009,648943,0.01080064,1.0801,-0.98919936,-98.9199
2026-01-25,erc1155,14,81,81,162,31500,0.00514286,0.5143,-0.99485714,-99.4857
2026-01-25,erc1155,16,10195,10195,20390,626260,0.03255836,3.2558,-0.96744164,-96.7442
2026-01-25,erc1155,17,19575,9726,29301,522584,0.05606945,5.6069,-0.94393055,-94.3931
2026-01-25,erc1155,18,19390,20346,39736,706912,0.05621067,5.6211,-0.94378933,-94.3789
2026-01-25,erc1155,19,13611,13611,27222,445200,0.06114555,6.1146,-0.93885445,-93.8854
2026-01-25,erc1155,20,19485,17840,37325,619080,0.06029108,6.0291,-0.93970892,-93.9709
2026-01-25,erc1155,22,9332,21381,30713,641539,0.04787394,4.7874,-0.95212606,-95.2126
2026-01-25,erc1155,23,8953,14422,23375,741286,0.03153304,3.1533,-0.96846696,-96.8467
2026-01-25,erc1155,24,206,206,412,32550,0.01265745,1.2657,-0.98734255,-98.7343
2026-01-25,erc1155,25,44256,46391,90647,1213275,0.07471266,7.4713,-0.92528734,-92.5287
2026-01-25,erc1155,27,41953,39853,81806,1435061,0.05700524,5.7005,-0.94299476,-94.2995
2026-01-25,erc1155,28,32,32,64,29400,0.00217687,0.2177,-0.99782313,-99.7823
2026-01-25,erc1155,29,12673,12673,25346,1432200,0.01769725,1.7697,-0.98230275,-98.2303
2026-01-25,erc1155,3,1985,1986,3971,165356,0.02401485,2.4015,-0.97598515,-97.5985
2026-01-25,erc1155,30,77,77,154,30975,0.00497175,0.4972,-0.99502825,-99.5028
2026-01-25,erc1155,31,256,256,512,29400,0.01741497,1.7415,-0.98258503,-98.2585
2026-01-25,erc1155,32,358,10188,10546,1474515,0.00715218,0.7152,-0.99284782,-99.2848
2026-01-25,erc1155,4,3542,4296,7838,238409,0.03287628,3.2876,-0.96712372,-96.7124
2026-01-25,erc1155,5,70,70,140,38010,0.00368324,0.3683,-0.99631676,-99.6317
2026-01-25,erc1155,6,2854,2854,5708,445200,0.01282120,1.2821,-0.98717880,-98.7179
2026-01-25,erc1155,7,253,253,506,33663,0.01503134,1.5031,-0.98496866,-98.4969
2026-01-25,erc1155,8,209,209,418,26775,0.01561158,1.5612,-0.98438842,-98.4388
2026-01-25,erc1155,9,12324,11221,23545,308553,0.07630780,7.6308,-0.92369220,-92.3692
2026-01-26,erc1155,10,70,49,119,33075,0.00359788,0.3598,-0.99640212,-99.6402
2026-01-26,erc1155,11,163,163,326,692451,0.00047079,0.0471,-0.99952921,-99.9529
2026-01-26,erc1155,12,1450,3702,5152,444140,0.01159995,1.1600,-0.98840005,-98.8400
2026-01-26,erc1155,13,2304,2177,4481,648943,0.00690507,0.6905,-0.99309493,-99.3095
2026-01-26,erc1155,14,10,10,20,31500,0.00063492,0.0635,-0.99936508,-99.9365
2026-01-26,erc1155,16,165,165,330,626260,0.00052694,0.0527,-0.99947306,-99.9473
2026-01-26,erc1155,17,1752,14246,15998,522584,0.03061326,3.0613,-0.96938674,-96.9387
2026-01-26,erc1155,18,1567,2002,3569,706912,0.00504872,0.5049,-0.99495128,-99.4951
2026-01-26,erc1155,19,1150,1150,2300,445200,0.00516622,0.5166,-0.99483378,-99.4834
2026-01-26,erc1155,20,2100,12119,14219,619080,0.02296795,2.2968,-0.97703205,-97.7032
2026-01-26,erc1155,22,276,869,1145,641539,0.00178477,0.1785,-0.99821523,-99.8215
2026-01-26,erc1155,23,1843,5196,7039,741286,0.00949566,0.9496,-0.99050434,-99.0504
2026-01-26,erc1155,24,52,52,104,32550,0.00319508,0.3195,-0.99680492,-99.6805
2026-01-26,erc1155,25,2671,503,3174,1213275,0.00261606,0.2616,-0.99738394,-99.7384
2026-01-26,erc1155,27,7511,5280,12791,1435061,0.00891321,0.8913,-0.99108679,-99.1087
2026-01-26,erc1155,29,2519,2519,5038,1432200,0.00351767,0.3518,-0.99648233,-99.6482
2026-01-26,erc1155,3,132,125,257,165356,0.00155422,0.1554,-0.99844578,-99.8446
2026-01-26,erc1155,30,31,31,62,30975,0.00200161,0.2002,-0.99799839,-99.7998
2026-01-26,erc1155,32,2,3105,3107,1474515,0.00210713,0.2107,-0.99789287,-99.7893
2026-01-26,erc1155,4,158,359,517,238409,0.00216854,0.2169,-0.99783146,-99.7831
2026-01-26,erc1155,5,72,72,144,38010,0.00378848,0.3788,-0.99621152,-99.6212
2026-01-26,erc1155,6,87,437,524,445200,0.00117700,0.1177,-0.99882300,-99.8823
2026-01-26,erc1155,7,21,21,42,33663,0.00124766,0.1248,-0.99875234,-99.8752
2026-01-26,erc1155,8,7,7,14,26775,0.00052288,0.0523,-0.99947712,-99.9477
2026-01-26,erc1155,9,517,1194,1711,308553,0.00554524,0.5545,-0.99445476,-99.4455
2026-01-27,erc1155,10,24,45,69,33075,0.00208617,0.2086,-0.99791383,-99.7914
2026-01-27,erc1155,11,526,526,1052,692451,0.00151924,0.1519,-0.99848076,-99.8481
2026-01-27,erc1155,12,674,1477,2151,444140,0.00484307,0.4843,-0.99515693,-99.5157
2026-01-27,erc1155,13,2183,2538,4721,648943,0.00727491,0.7275,-0.99272509,-99.2725
2026-01-27,erc1155,14,11,11,22,31500,0.00069841,0.0698,-0.99930159,-99.9302
2026-01-27,erc1155,16,5541,4541,10082,626260,0.01609874,1.6099,-0.98390126,-98.3901
2026-01-27,erc1155,17,4581,850,5431,522584,0.01039259,1.0393,-0.98960741,-98.9607
2026-01-27,erc1155,18,6792,1411,8203,706912,0.01160399,1.1604,-0.98839601,-98.8396
2026-01-27,erc1155,19,3687,3687,7374,445200,0.01656334,1.6563,-0.98343666,-98.3437
2026-01-27,erc1155,20,3260,1055,4315,619080,0.00697002,0.6970,-0.99302998,-99.3030
2026-01-27,erc1155,22,1339,7017,8356,641539,0.01302493,1.3025,-0.98697507,-98.6975
2026-01-27,erc1155,23,1891,2617,4508,741286,0.00608132,0.6081,-0.99391868,-99.3919
2026-01-27,erc1155,24,8,8,16,32550,0.00049155,0.0492,-0.99950845,-99.9508
2026-01-27,erc1155,25,4674,3195,7869,1213275,0.00648575,0.6486,-0.99351425,-99.3514
2026-01-27,erc1155,27,8967,3411,12378,1435061,0.00862542,0.8625,-0.99137458,-99.1375
2026-01-27,erc1155,28,50,50,100,29400,0.00340136,0.3401,-0.99659864,-99.6599
2026-01-27,erc1155,29,2954,2646,5600,1432200,0.00391007,0.3910,-0.99608993,-99.6090
2026-01-27,erc1155,3,800,208,1008,165356,0.00609594,0.6096,-0.99390406,-99.3904
2026-01-27,erc1155,30,5,5,10,30975,0.00032284,0.0323,-0.99967716,-99.9677
2026-01-27,erc1155,31,30,30,60,29400,0.00204082,0.2041,-0.99795918,-99.7959
2026-01-27,erc1155,32,1000,1142,2142,1474515,0.00145268,0.1453,-0.99854732,-99.8547
2026-01-27,erc1155,4,224,224,448,238409,0.00187912,0.1879,-0.99812088,-99.8121
2026-01-27,erc1155,5,15,15,30,38010,0.00078927,0.0789,-0.99921073,-99.9211
2026-01-27,erc1155,6,204,204,408,445200,0.00091644,0.0916,-0.99908356,-99.9084
2026-01-27,erc1155,7,43,43,86,33663,0.00255473,0.2555,-0.99744527,-99.7445
2026-01-27,erc1155,8,1,1,2,26775,0.00007470,0.0075,-0.99992530,-99.9925
2026-01-27,erc1155,9,714,136,850,308553,0.00275479,0.2755,-0.99724521,-99.7245
2026-01-28,erc1155,10,38,38,76,33075,0.00229781,0.2298,-0.99770219,-99.7702
2026-01-28,erc1155,11,610,610,1220,692451,0.00176186,0.1762,-0.99823814,-99.8238
2026-01-28,erc1155,12,2293,599,2892,444140,0.00651146,0.6511,-0.99348854,-99.3489
2026-01-28,erc1155,13,1736,1895,3631,648943,0.00559525,0.5595,-0.99440475,-99.4405
2026-01-28,erc1155,14,77,77,154,31500,0.00488889,0.4889,-0.99511111,-99.5111
2026-01-28,erc1155,16,6136,7136,13272,626260,0.02119248,2.1192,-0.97880752,-97.8808
2026-01-28,erc1155,17,1313,3466,4779,522584,0.00914494,0.9145,-0.99085506,-99.0855
2026-01-28,erc1155,18,8377,6532,14909,706912,0.02109032,2.1090,-0.97890968,-97.8910
2026-01-28,erc1155,19,836,666,1502,445200,0.00337376,0.3374,-0.99662624,-99.6626
2026-01-28,erc1155,20,4386,275,4661,619080,0.00752891,0.7529,-0.99247109,-99.2471
2026-01-28,erc1155,22,2817,2483,5300,641539,0.00826138,0.8261,-0.99173862,-99.1739
2026-01-28,erc1155,23,7392,1144,8536,741286,0.01151512,1.1515,-0.98848488,-98.8485
2026-01-28,erc1155,24,110,110,220,32550,0.00675883,0.6759,-0.99324117,-99.3241
2026-01-28,erc1155,25,8112,3428,11540,1213275,0.00951145,0.9511,-0.99048855,-99.0489
2026-01-28,erc1155,27,6027,3876,9903,1435061,0.00690075,0.6901,-0.99309925,-99.3099
2026-01-28,erc1155,28,2,2,4,29400,0.00013605,0.0136,-0.99986395,-99.9864
2026-01-28,erc1155,29,11586,11894,23480,1432200,0.01639436,1.6394,-0.98360564,-98.3606
2026-01-28,erc1155,3,217,809,1026,165356,0.00620479,0.6205,-0.99379521,-99.3795
2026-01-28,erc1155,30,158,158,316,30975,0.01020178,1.0202,-0.98979822,-98.9798
2026-01-28,erc1155,31,51,51,102,29400,0.00346939,0.3469,-0.99653061,-99.6531
2026-01-28,erc1155,32,3,573,576,1474515,0.00039064,0.0391,-0.99960936,-99.9609
2026-01-28,erc1155,4,1053,299,1352,238409,0.00567093,0.5671,-0.99432907,-99.4329
2026-01-28,erc1155,5,5,5,10,38010,0.00026309,0.0263,-0.99973691,-99.9737
2026-01-28,erc1155,6,1454,1223,2677,445200,0.00601303,0.6013,-0.99398697,-99.3987
2026-01-28,erc1155,7,4,4,8,33663,0.00023765,0.0238,-0.99976235,-99.9762
2026-01-28,erc1155,9,338,299,637,308553,0.00206448,0.2064,-0.99793552,-99.7936
2026-01-29,erc1155,10,8,8,16,33075,0.00048375,0.0484,-0.99951625,-99.9516
2026-01-29,erc1155,11,8801,8801,17602,692451,0.02541985,2.5420,-0.97458015,-97.4580
2026-01-29,erc1155,12,771,1926,2697,444140,0.00607241,0.6072,-0.99392759,-99.3928
2026-01-29,erc1155,13,5631,2605,8236,648943,0.01269141,1.2691,-0.98730859,-98.7309
2026-01-29,erc1155,14,19,19,38,31500,0.00120635,0.1206,-0.99879365,-99.8794
2026-01-29,erc1155,16,1339,1339,2678,626260,0.00427618,0.4276,-0.99572382,-99.5724
2026-01-29,erc1155,17,1562,126,1688,522584,0.00323010,0.3230,-0.99676990,-99.6770
2026-01-29,erc1155,18,6735,1173,7908,706912,0.01118668,1.1187,-0.98881332,-98.8813
2026-01-29,erc1155,19,2432,2601,5033,445200,0.01130503,1.1305,-0.98869497,-98.8695
2026-01-29,erc1155,20,6033,141,6174,619080,0.00997286,0.9973,-0.99002714,-99.0027
2026-01-29,erc1155,22,2729,1735,4464,641539,0.00695827,0.6958,-0.99304173,-99.3042
2026-01-29,erc1155,23,2392,1778,4170,741286,0.00562536,0.5625,-0.99437464,-99.4375
2026-01-29,erc1155,24,446,446,892,32550,0.02740399,2.7404,-0.97259601,-97.2596
2026-01-29,erc1155,25,6705,3210,9915,1213275,0.00817210,0.8172,-0.99182790,-99.1828
2026-01-29,erc1155,27,10965,6141,17106,1435061,0.01192005,1.1920,-0.98807995,-98.8080
2026-01-29,erc1155,28,131,131,262,29400,0.00891156,0.8912,-0.99108844,-99.1088
2026-01-29,erc1155,29,23250,17289,40539,1432200,0.02830540,2.8305,-0.97169460,-97.1695
2026-01-29,erc1155,3,152,160,312,165356,0.00188684,0.1887,-0.99811316,-99.8113
2026-01-29,erc1155,30,212,212,424,30975,0.01368846,1.3688,-0.98631154,-98.6312
2026-01-29,erc1155,31,74,74,148,29400,0.00503401,0.5034,-0.99496599,-99.4966
2026-01-29,erc1155,32,1881,1881,3762,1474515,0.00255135,0.2551,-0.99744865,-99.7449
2026-01-29,erc1155,4,1530,413,1943,238409,0.00814986,0.8150,-0.99185014,-99.1850
2026-01-29,erc1155,5,62,62,124,38010,0.00326230,0.3262,-0.99673770,-99.6738
2026-01-29,erc1155,6,2426,439,2865,445200,0.00643531,0.6435,-0.99356469,-99.3565
2026-01-29,erc1155,7,108,108,216,33663,0.00641654,0.6417,-0.99358346,-99.3583
2026-01-29,erc1155,8,35,35,70,26775,0.00261438,0.2614,-0.99738562,-99.7386
2026-01-29,erc1155,9,366,121,487,308553,0.00157834,0.1578,-0.99842166,-99.8422
2026-01-30,erc1155,10,4,4,8,33075,0.00024187,0.0242,-0.99975813,-99.9758
2026-01-30,erc1155,11,31,31,62,692451,0.00008954,0.0090,-0.99991046,-99.9910
2026-01-30,erc1155,12,2209,846,3055,444140,0.00687846,0.6878,-0.99312154,-99.3122
2026-01-30,erc1155,13,306,3971,4277,648943,0.00659072,0.6591,-0.99340928,-99.3409
2026-01-30,erc1155,14,9,7,16,31500,0.00050794,0.0508,-0.99949206,-99.9492
2026-01-30,erc1155,16,138,138,276,626260,0.00044071,0.0441,-0.99955929,-99.9559
2026-01-30,erc1155,17,1433,535,1968,522584,0.00376590,0.3766,-0.99623410,-99.6234
2026-01-30,erc1155,18,4544,1525,6069,706912,0.00858523,0.8585,-0.99141477,-99.1415
2026-01-30,erc1155,19,565,566,1131,445200,0.00254043,0.2540,-0.99745957,-99.7460
2026-01-30,erc1155,20,923,1008,1931,619080,0.00311914,0.3119,-0.99688086,-99.6881
2026-01-30,erc1155,22,1251,3067,4318,641539,0.00673069,0.6731,-0.99326931,-99.3269
2026-01-30,erc1155,23,594,4905,5499,741286,0.00741819,0.7418,-0.99258181,-99.2582
2026-01-30,erc1155,24,4,4,8,32550,0.00024578,0.0246,-0.99975422,-99.9754
2026-01-30,erc1155,25,2235,8869,11104,1213275,0.00915209,0.9152,-0.99084791,-99.0848
2026-01-30,erc1155,27,3002,3389,6391,1435061,0.00445347,0.4453,-0.99554653,-99.5547
2026-01-30,erc1155,28,5,5,10,29400,0.00034014,0.0340,-0.99965986,-99.9660
2026-01-30,erc1155,29,2128,2571,4699,1432200,0.00328097,0.3281,-0.99671903,-99.6719
2026-01-30,erc1155,3,49,49,98,165356,0.00059266,0.0593,-0.99940734,-99.9407
2026-01-30,erc1155,30,23,23,46,30975,0.00148507,0.1485,-0.99851493,-99.8515
2026-01-30,erc1155,31,10,10,20,29400,0.00068027,0.0680,-0.99931973,-99.9320
2026-01-30,erc1155,32,10,740,750,1474515,0.00050864,0.0509,-0.99949136,-99.9491
2026-01-30,erc1155,4,357,601,958,238409,0.00401830,0.4018,-0.99598170,-99.5982
2026-01-30,erc1155,5,27,27,54,38010,0.00142068,0.1421,-0.99857932,-99.8579
2026-01-30,erc1155,6,755,1060,1815,445200,0.00407682,0.4077,-0.99592318,-99.5923
2026-01-30,erc1155,7,14,14,28,33663,0.00083177,0.0832,-0.99916823,-99.9168
2026-01-30,erc1155,8,5,5,10,26775,0.00037348,0.0373,-0.99962652,-99.9627
2026-01-30,erc1155,9,436,957,1393,308553,0.00451462,0.4515,-0.99548538,-99.5485
2026-01-31,erc1155,10,24,24,48,33075,0.00145125,0.1451,-0.99854875,-99.8549
2026-01-31,erc1155,11,16,16,32,692451,0.00004621,0.0046,-0.99995379,-99.9954
2026-01-31,erc1155,12,3538,2343,5881,444140,0.01324132,1.3241,-0.98675868,-98.6759
2026-01-31,erc1155,13,3524,3502,7026,648943,0.01082684,1.0827,-0.98917316,-98.9173
2026-01-31,erc1155,14,10,12,22,31500,0.00069841,0.0698,-0.99930159,-99.9302
2026-01-31,erc1155,16,1192,1192,2384,626260,0.00380673,0.3807,-0.99619327,-99.6193
2026-01-31,erc1155,17,497,913,1410,522584,0.00269813,0.2698,-0.99730187,-99.7302
2026-01-31,erc1155,18,4554,713,5267,706912,0.00745072,0.7451,-0.99254928,-99.2549
2026-01-31,erc1155,19,1027,665,1692,445200,0.00380054,0.3801,-0.99619946,-99.6199
2026-01-31,erc1155,20,1938,7361,9299,619080,0.01502068,1.5021,-0.98497932,-98.4979
2026-01-31,erc1155,22,4234,617,4851,641539,0.00756150,0.7562,-0.99243850,-99.2438
2026-01-31,erc1155,23,3516,3696,7212,741286,0.00972904,0.9729,-0.99027096,-99.0271
2026-01-31,erc1155,24,136,136,272,32550,0.00835637,0.8356,-0.99164363,-99.1644
2026-01-31,erc1155,25,3681,3560,7241,1213275,0.00596814,0.5968,-0.99403186,-99.4032
2026-01-31,erc1155,27,3495,3751,7246,1435061,0.00504926,0.5049,-0.99495074,-99.4951
2026-01-31,erc1155,29,18574,5444,24018,1432200,0.01677000,1.6770,-0.98323000,-98.3230
2026-01-31,erc1155,3,208,111,319,165356,0.00192917,0.1929,-0.99807083,-99.8071
2026-01-31,erc1155,30,2,2,4,30975,0.00012914,0.0129,-0.99987086,-99.9871
2026-01-31,erc1155,31,52,52,104,29400,0.00353741,0.3537,-0.99646259,-99.6463
2026-01-31,erc1155,32,1055,1055,2110,1474515,0.00143098,0.1431,-0.99856902,-99.8569
2026-01-31,erc1155,4,108,1734,1842,238409,0.00772622,0.7726,-0.99227378,-99.2274
2026-01-31,erc1155,5,3,3,6,38010,0.00015785,0.0158,-0.99984215,-99.9842
2026-01-31,erc1155,6,1547,990,2537,445200,0.00569856,0.5699,-0.99430144,-99.4301
2026-01-31,erc1155,7,58,58,116,33663,0.00344592,0.3446,-0.99655408,-99.6554
2026-01-31,erc1155,8,2,2,4,26775,0.00014939,0.0149,-0.99985061,-99.9851
2026-01-31,erc1155,9,520,192,712,308553,0.00230755,0.2308,-0.99769245,-99.7692
2026-02-01,erc1155,10,14,14,28,33075,0.00084656,0.0847,-0.99915344,-99.9153
2026-02-01,erc1155,11,561,561,1122,692451,0.00162033,0.1620,-0.99837967,-99.8380
2026-02-01,erc1155,12,1754,3660,5414,444140,0.01218985,1.2190,-0.98781015,-98.7810
2026-02-01,erc1155,13,819,574,1393,648943,0.00214657,0.2147,-0.99785343,-99.7853
2026-02-01,erc1155,14,18,18,36,31500,0.00114286,0.1143,-0.99885714,-99.8857
2026-02-01,erc1155,16,646,409,1055,626260,0.00168460,0.1685,-0.99831540,-99.8315
2026-02-01,erc1155,17,4786,915,5701,522584,0.01090925,1.0909,-0.98909075,-98.9091
2026-02-01,erc1155,18,3780,4154,7934,706912,0.01122346,1.1223,-0.98877654,-98.8777
2026-02-01,erc1155,19,2946,2133,5079,445200,0.01140836,1.1408,-0.98859164,-98.8592
2026-02-01,erc1155,20,911,2023,2934,619080,0.00473929,0.4739,-0.99526071,-99.5261
2026-02-01,erc1155,22,1434,1606,3040,641539,0.00473861,0.4739,-0.99526139,-99.5261
2026-02-01,erc1155,23,1398,3477,4875,741286,0.00657641,0.6576,-0.99342359,-99.3424
2026-02-01,erc1155,24,19,19,38,32550,0.00116743,0.1167,-0.99883257,-99.8833
2026-02-01,erc1155,25,5435,1927,7362,1213275,0.00606787,0.6068,-0.99393213,-99.3932
2026-02-01,erc1155,27,15819,7229,23048,1435061,0.01606064,1.6061,-0.98393936,-98.3939
2026-02-01,erc1155,28,20,20,40,29400,0.00136054,0.1361,-0.99863946,-99.8639
2026-02-01,erc1155,29,19209,32339,51548,1432200,0.03599218,3.5992,-0.96400782,-96.4008
2026-02-01,erc1155,3,163,260,423,165356,0.00255812,0.2558,-0.99744188,-99.7442
2026-02-01,erc1155,30,1,1,2,30975,0.00006457,0.0065,-0.99993543,-99.9935
2026-02-01,erc1155,31,105,105,210,29400,0.00714286,0.7143,-0.99285714,-99.2857
2026-02-01,erc1155,32,53,1953,2006,1474515,0.00136045,0.1360,-0.99863955,-99.8640
2026-02-01,erc1155,4,324,269,593,238409,0.00248732,0.2487,-0.99751268,-99.7513
2026-02-01,erc1155,5,35,35,70,38010,0.00184162,0.1842,-0.99815838,-99.8158
2026-02-01,erc1155,6,339,1091,1430,445200,0.00321204,0.3212,-0.99678796,-99.6788
2026-02-01,erc1155,7,52,52,104,33663,0.00308945,0.3089,-0.99691055,-99.6911
2026-02-01,erc1155,8,14,14,28,26775,0.00104575,0.1046,-0.99895425,-99.8954
2026-02-01,erc1155,9,580,8915,9495,308553,0.03077267,3.0773,-0.96922733,-96.9227
2026-02-02,erc1155,10,21,21,42,33075,0.00126984,0.1270,-0.99873016,-99.8730
2026-02-02,erc1155,11,1063,1063,2126,692451,0.00307025,0.3070,-0.99692975,-99.6930
2026-02-02,erc1155,12,1068,409,1477,444140,0.00332553,0.3326,-0.99667447,-99.6674
2026-02-02,erc1155,13,436,708,1144,648943,0.00176287,0.1763,-0.99823713,-99.8237
2026-02-02,erc1155,14,18,18,36,31500,0.00114286,0.1143,-0.99885714,-99.8857
2026-02-02,erc1155,16,948,1185,2133,626260,0.00340593,0.3406,-0.99659407,-99.6594
2026-02-02,erc1155,17,2979,1239,4218,522584,0.00807143,0.8071,-0.99192857,-99.1929
2026-02-02,erc1155,18,3976,2625,6601,706912,0.00933780,0.9338,-0.99066220,-99.0662
2026-02-02,erc1155,19,5974,3597,9571,445200,0.02149820,2.1498,-0.97850180,-97.8502
2026-02-02,erc1155,20,6654,2262,8916,619080,0.01440202,1.4402,-0.98559798,-98.5598
2026-02-02,erc1155,22,3681,4462,8143,641539,0.01269292,1.2693,-0.98730708,-98.7307
2026-02-02,erc1155,23,1289,1529,2818,741286,0.00380150,0.3802,-0.99619850,-99.6198
2026-02-02,erc1155,25,18278,1451,19729,1213275,0.01626095,1.6261,-0.98373905,-98.3739
2026-02-02,erc1155,27,24302,17176,41478,1435061,0.02890330,2.8903,-0.97109670,-97.1097
2026-02-02,erc1155,28,12,12,24,29400,0.00081633,0.0816,-0.99918367,-99.9184
2026-02-02,erc1155,29,12213,11364,23577,1432200,0.01646209,1.6462,-0.98353791,-98.3538
2026-02-02,erc1155,3,166,166,332,165356,0.00200779,0.2008,-0.99799221,-99.7992
2026-02-02,erc1155,31,11,11,22,29400,0.00074830,0.0748,-0.99925170,-99.9252
2026-02-02,erc1155,32,299,1548,1847,1474515,0.00125262,0.1253,-0.99874738,-99.8747
2026-02-02,erc1155,4,632,607,1239,238409,0.00519695,0.5197,-0.99480305,-99.4803
2026-02-02,erc1155,5,14,14,28,38010,0.00073665,0.0737,-0.99926335,-99.9263
2026-02-02,erc1155,6,2044,2044,4088,445200,0.00918239,0.9182,-0.99081761,-99.0818
2026-02-02,erc1155,7,80,80,160,33663,0.00475299,0.4753,-0.99524701,-99.5247
2026-02-02,erc1155,8,1,1,2,26775,0.00007470,0.0075,-0.99992530,-99.9925
2026-02-02,erc1155,9,1426,1583,3009,308553,0.00975197,0.9752,-0.99024803,-99.0248
2026-02-03,erc1155,10,26,26,52,33075,0.00157218,0.1572,-0.99842782,-99.8428
2026-02-03,erc1155,11,267,267,534,692451,0.00077117,0.0771,-0.99922883,-99.9229
2026-02-03,erc1155,12,1484,851,2335,444140,0.00525735,0.5257,-0.99474265,-99.4743
2026-02-03,erc1155,13,1546,1192,2738,648943,0.00421917,0.4219,-0.99578083,-99.5781
2026-02-03,erc1155,14,1,1,2,31500,0.00006349,0.0063,-0.99993651,-99.9937
2026-02-03,erc1155,16,250,250,500,626260,0.00079839,0.0798,-0.99920161,-99.9202
2026-02-03,erc1155,17,1674,2422,4096,522584,0.00783797,0.7838,-0.99216203,-99.2162
2026-02-03,erc1155,18,693,2691,3384,706912,0.00478702,0.4787,-0.99521298,-99.5213
2026-02-03,erc1155,19,801,626,1427,445200,0.00320530,0.3205,-0.99679470,-99.6795
2026-02-03,erc1155,20,1336,650,1986,619080,0.00320799,0.3208,-0.99679201,-99.6792
2026-02-03,erc1155,22,1396,3107,4503,641539,0.00701906,0.7019,-0.99298094,-99.2981
2026-02-03,erc1155,23,1403,1197,2600,741286,0.00350742,0.3507,-0.99649258,-99.6493
2026-02-03,erc1155,24,60,60,120,32550,0.00368664,0.3687,-0.99631336,-99.6313
2026-02-03,erc1155,25,1454,3347,4801,1213275,0.00395706,0.3957,-0.99604294,-99.6043
2026-02-03,erc1155,27,15230,12626,27856,1435061,0.01941102,1.9411,-0.98058898,-98.0589
2026-02-03,erc1155,28,1,1,2,29400,0.00006803,0.0068,-0.99993197,-99.9932
2026-02-03,erc1155,29,7018,7867,14885,1432200,0.01039310,1.0393,-0.98960690,-98.9607
2026-02-03,erc1155,3,171,118,289,165356,0.00174774,0.1748,-0.99825226,-99.8252
2026-02-03,erc1155,30,12,12,24,30975,0.00077482,0.0775,-0.99922518,-99.9225
2026-02-03,erc1155,32,933,2143,3076,1474515,0.00208611,0.2086,-0.99791389,-99.7914
2026-02-03,erc1155,4,767,279,1046,238409,0.00438742,0.4387,-0.99561258,-99.5613
2026-02-03,erc1155,5,32,32,64,38010,0.00168377,0.1684,-0.99831623,-99.8316
2026-02-03,erc1155,6,940,514,1454,445200,0.00326595,0.3266,-0.99673405,-99.6734
2026-02-03,erc1155,7,63,63,126,33663,0.00374298,0.3743,-0.99625702,-99.6257
2026-02-03,erc1155,8,4,4,8,26775,0.00029879,0.0299,-0.99970121,-99.9701
2026-02-03,erc1155,9,2474,155,2629,308553,0.00852042,0.8520,-0.99147958,-99.1480
2026-02-04,erc1155,10,2,2,4,33075,0.00012094,0.0121,-0.99987906,-99.9879
2026-02-04,erc1155,11,362,362,724,692451,0.00104556,0.1046,-0.99895444,-99.8954
2026-02-04,erc1155,12,5949,333,6282,444140,0.01414419,1.4144,-0.98585581,-98.5856
2026-02-04,erc1155,13,548,548,1096,648943,0.00168890,0.1689,-0.99831110,-99.8311
2026-02-04,erc1155,16,357,357,714,626260,0.00114010,0.1140,-0.99885990,-99.8860
2026-02-04,erc1155,17,3064,2516,5580,522584,0.01067771,1.0678,-0.98932229,-98.9322
2026-02-04,erc1155,18,2513,476,2989,706912,0.00422825,0.4228,-0.99577175,-99.5772
2026-02-04,erc1155,19,1392,393,1785,445200,0.00400943,0.4009,-0.99599057,-99.5991
2026-02-04,erc1155,20,1054,6496,7550,619080,0.01219552,1.2196,-0.98780448,-98.7804
2026-02-04,erc1155,22,10805,330,11135,641539,0.01735670,1.7357,-0.98264330,-98.2643
2026-02-04,erc1155,23,18730,6938,25668,741286,0.03462631,3.4626,-0.96537369,-96.5374
2026-02-04,erc1155,24,16,16,32,32550,0.00098310,0.0983,-0.99901690,-99.9017
2026-02-04,erc1155,25,3527,8240,11767,1213275,0.00969854,0.9699,-0.99030146,-99.0301
2026-02-04,erc1155,27,7175,5605,12780,1435061,0.00890554,0.8906,-0.99109446,-99.1094
2026-02-04,erc1155,28,1,1,2,29400,0.00006803,0.0068,-0.99993197,-99.9932
2026-02-04,erc1155,29,11601,11601,23202,1432200,0.01620025,1.6200,-0.98379975,-98.3800
2026-02-04,erc1155,3,928,181,1109,165356,0.00670674,0.6707,-0.99329326,-99.3293
2026-02-04,erc1155,30,55,55,110,30975,0.00355125,0.3551,-0.99644875,-99.6449
2026-02-04,erc1155,32,14,169,183,1474515,0.00012411,0.0124,-0.99987589,-99.9876
2026-02-04,erc1155,4,788,617,1405,238409,0.00589323,0.5893,-0.99410677,-99.4107
2026-02-04,erc1155,5,17,17,34,38010,0.00089450,0.0895,-0.99910550,-99.9105
2026-02-04,erc1155,6,1124,1235,2359,445200,0.00529874,0.5299,-0.99470126,-99.4701
2026-02-04,erc1155,7,2,2,4,33663,0.00011882,0.0119,-0.99988118,-99.9881
2026-02-04,erc1155,8,18,18,36,26775,0.00134454,0.1345,-0.99865546,-99.8655
2026-02-04,erc1155,9,2749,448,3197,308553,0.01036127,1.0361,-0.98963873,-98.9639
2026-02-05,erc1155,10,45,45,90,33075,0.00272109,0.2721,-0.99727891,-99.7279
2026-02-05,erc1155,11,4719,4719,9438,692451,0.01362985,1.3630,-0.98637015,-98.6370
2026-02-05,erc1155,12,521,577,1098,444140,0.00247219,0.2472,-0.99752781,-99.7528
2026-02-05,erc1155,13,3415,867,4282,648943,0.00659842,0.6598,-0.99340158,-99.3402
2026-02-05,erc1155,16,168,168,336,626260,0.00053652,0.0537,-0.99946348,-99.9463
2026-02-05,erc1155,17,208,93,301,522584,0.00057598,0.0576,-0.99942402,-99.9424
2026-02-05,erc1155,18,557,256,813,706912,0.00115007,0.1150,-0.99884993,-99.8850
2026-02-05,erc1155,19,1316,2316,3632,445200,0.00815813,0.8158,-0.99184187,-99.1842
2026-02-05,erc1155,20,188,187,375,619080,0.00060574,0.0606,-0.99939426,-99.9394
2026-02-05,erc1155,22,1786,6915,8701,641539,0.01356270,1.3563,-0.98643730,-98.6437
2026-02-05,erc1155,23,1817,7937,9754,741286,0.01315821,1.3158,-0.98684179,-98.6842
2026-02-05,erc1155,24,7,7,14,32550,0.00043011,0.0430,-0.99956989,-99.9570
2026-02-05,erc1155,25,9526,3136,12662,1213275,0.01043622,1.0436,-0.98956378,-98.9564
2026-02-05,erc1155,27,9854,9086,18940,1435061,0.01319805,1.3198,-0.98680195,-98.6802
2026-02-05,erc1155,28,9,9,18,29400,0.00061224,0.0612,-0.99938776,-99.9388
2026-02-05,erc1155,29,11396,11396,22792,1432200,0.01591398,1.5914,-0.98408602,-98.4086
2026-02-05,erc1155,3,245,117,362,165356,0.00218922,0.2189,-0.99781078,-99.7811
2026-02-05,erc1155,30,10,10,20,30975,0.00064568,0.0646,-0.99935432,-99.9354
2026-02-05,erc1155,31,3,3,6,29400,0.00020408,0.0204,-0.99979592,-99.9796
2026-02-05,erc1155,32,23,9263,9286,1474515,0.00629766,0.6298,-0.99370234,-99.3702
2026-02-05,erc1155,4,1963,387,2350,238409,0.00985701,0.9857,-0.99014299,-99.0143
2026-02-05,erc1155,5,9,9,18,38010,0.00047356,0.0474,-0.99952644,-99.9526
2026-02-05,erc1155,6,613,464,1077,445200,0.00241914,0.2419,-0.99758086,-99.7581
2026-02-05,erc1155,7,4,4,8,33663,0.00023765,0.0238,-0.99976235,-99.9762
2026-02-05,erc1155,8,41,41,82,26775,0.00306256,0.3063,-0.99693744,-99.6937
2026-02-05,erc1155,9,232,197,429,308553,0.00139036,0.1390,-0.99860964,-99.8610
2026-02-06,erc1155,10,30,30,60,33075,0.00181406,0.1814,-0.99818594,-99.8186
2026-02-06,erc1155,11,57,57,114,692451,0.00016463,0.0165,-0.99983537,-99.9835
2026-02-06,erc1155,12,1152,1152,2304,444140,0.00518755,0.5188,-0.99481245,-99.4812
2026-02-06,erc1155,13,1930,1930,3860,648943,0.00594813,0.5948,-0.99405187,-99.4052
2026-02-06,erc1155,16,65,65,130,626260,0.00020758,0.0208,-0.99979242,-99.9792
2026-02-06,erc1155,17,464,464,928,522584,0.00177579,0.1776,-0.99822421,-99.8224
2026-02-06,erc1155,18,394,1302,1696,706912,0.00239917,0.2399,-0.99760083,-99.7601
2026-02-06,erc1155,19,570,570,1140,445200,0.00256065,0.2561,-0.99743935,-99.7439
2026-02-06,erc1155,20,6114,1982,8096,619080,0.01307747,1.3077,-0.98692253,-98.6923
2026-02-06,erc1155,22,850,1357,2207,641539,0.00344016,0.3440,-0.99655984,-99.6560
2026-02-06,erc1155,23,594,2080,2674,741286,0.00360724,0.3607,-0.99639276,-99.6393
2026-02-06,erc1155,24,8,8,16,32550,0.00049155,0.0492,-0.99950845,-99.9508
2026-02-06,erc1155,25,9131,17160,26291,1213275,0.02166945,2.1669,-0.97833055,-97.8331
2026-02-06,erc1155,27,6875,12046,18921,1435061,0.01318481,1.3185,-0.98681519,-98.6815
2026-02-06,erc1155,28,11,11,22,29400,0.00074830,0.0748,-0.99925170,-99.9252
2026-02-06,erc1155,29,664,664,1328,1432200,0.00092724,0.0927,-0.99907276,-99.9073
2026-02-06,erc1155,3,508,636,1144,165356,0.00691841,0.6918,-0.99308159,-99.3082
2026-02-06,erc1155,31,3,3,6,29400,0.00020408,0.0204,-0.99979592,-99.9796
2026-02-06,erc1155,32,52,17627,17679,1474515,0.01198971,1.1990,-0.98801029,-98.8010
2026-02-06,erc1155,4,860,1163,2023,238409,0.00848542,0.8485,-0.99151458,-99.1515
2026-02-06,erc1155,5,17,17,34,38010,0.00089450,0.0895,-0.99910550,-99.9105
2026-02-06,erc1155,6,413,534,947,445200,0.00212713,0.2127,-0.99787287,-99.7873
2026-02-06,erc1155,7,19,19,38,33663,0.00112884,0.1129,-0.99887116,-99.8871
2026-02-06,erc1155,9,167,204,371,308553,0.00120239,0.1202,-0.99879761,-99.8798
2026-02-09,erc1155,10,30,30,60,33075,0.00181406,0.1814,-0.99818594,-99.8186
2026-02-09,erc1155,11,1874,1874,3748,692451,0.00541266,0.5413,-0.99458734,-99.4587
2026-02-09,erc1155,12,7745,5229,12974,444140,0.02921151,2.9212,-0.97078849,-97.0788
2026-02-09,erc1155,13,2921,2921,5842,648943,0.00900233,0.9002,-0.99099767,-99.0998
2026-02-09,erc1155,14,83,83,166,31500,0.00526984,0.5270,-0.99473016,-99.4730
2026-02-09,erc1155,16,2812,2812,5624,626260,0.00898030,0.8980,-0.99101970,-99.1020
2026-02-09,erc1155,17,10936,5859,16795,522584,0.03213837,3.2138,-0.96786163,-96.7862
2026-02-09,erc1155,18,14255,8893,23148,706912,0.03274524,3.2745,-0.96725476,-96.7255
2026-02-09,erc1155,19,7101,7101,14202,445200,0.03190027,3.1900,-0.96809973,-96.8100
2026-02-09,erc1155,20,7219,9362,16581,619080,0.02678329,2.6783,-0.97321671,-97.3217
2026-02-09,erc1155,22,19487,20165,39652,641539,0.06180762,6.1808,-0.93819238,-93.8192
2026-02-09,erc1155,23,6992,7454,14446,741286,0.01948776,1.9488,-0.98051224,-98.0512
2026-02-09,erc1155,24,46,46,92,32550,0.00282642,0.2826,-0.99717358,-99.7174
2026-02-09,erc1155,25,19348,19598,38946,1213275,0.03209989,3.2100,-0.96790011,-96.7900
2026-02-09,erc1155,27,16518,16436,32954,1435061,0.02296348,2.2963,-0.97703652,-97.7037
2026-02-09,erc1155,28,15,15,30,29400,0.00102041,0.1020,-0.99897959,-99.8980
2026-02-09,erc1155,29,5621,11139,16760,1432200,0.01170228,1.1702,-0.98829772,-98.8298
2026-02-09,erc1155,3,895,895,1790,165356,0.01082513,1.0825,-0.98917487,-98.9175
2026-02-09,erc1155,30,67,67,134,30975,0.00432607,0.4326,-0.99567393,-99.5674
2026-02-09,erc1155,31,123,123,246,29400,0.00836735,0.8367,-0.99163265,-99.1633
2026-02-09,erc1155,32,978,26341,27319,1474515,0.01852745,1.8527,-0.98147255,-98.1473
2026-02-09,erc1155,4,2861,2641,5502,238409,0.02307799,2.3078,-0.97692201,-97.6922
2026-02-09,erc1155,5,55,55,110,38010,0.00289398,0.2894,-0.99710602,-99.7106
2026-02-09,erc1155,6,1621,5810,7431,445200,0.01669137,1.6691,-0.98330863,-98.3309
2026-02-09,erc1155,7,132,132,264,33663,0.00784244,0.7842,-0.99215756,-99.2158
2026-02-09,erc1155,8,62,62,124,26775,0.00463119,0.4631,-0.99536881,-99.5369
2026-02-09,erc1155,9,737,737,1474,308553,0.00477714,0.4777,-0.99522286,-99.5223
2026-02-10,erc1155,11,179,179,358,692451,0.00051700,0.0517,-0.99948300,-99.9483
2026-02-10,erc1155,12,2526,1078,3604,444140,0.00811456,0.8115,-0.99188544,-99.1885
2026-02-10,erc1155,13,145,145,290,648943,0.00044688,0.0447,-0.99955312,-99.9553
2026-02-10,erc1155,16,194,194,388,626260,0.00061955,0.0620,-0.99938045,-99.9380
2026-02-10,erc1155,17,135,1638,1773,522584,0.00339276,0.3393,-0.99660724,-99.6607
2026-02-10,erc1155,18,5556,8855,14411,706912,0.02038585,2.0386,-0.97961415,-97.9614
2026-02-10,erc1155,19,849,185,1034,445200,0.00232255,0.2323,-0.99767745,-99.7677
2026-02-10,erc1155,20,2587,2270,4857,619080,0.00784551,0.7846,-0.99215449,-99.2154
2026-02-10,erc1155,22,1542,910,2452,641539,0.00382206,0.3822,-0.99617794,-99.6178
2026-02-10,erc1155,23,191,3915,4106,741286,0.00553902,0.5539,-0.99446098,-99.4461
2026-02-10,erc1155,24,11,11,22,32550,0.00067588,0.0676,-0.99932412,-99.9324
2026-02-10,erc1155,25,4273,11684,15957,1213275,0.01315201,1.3152,-0.98684799,-98.6848
2026-02-10,erc1155,27,2180,2350,4530,1435061,0.00315666,0.3157,-0.99684334,-99.6843
2026-02-10,erc1155,28,6,6,12,29400,0.00040816,0.0408,-0.99959184,-99.9592
2026-02-10,erc1155,29,580,580,1160,1432200,0.00080994,0.0810,-0.99919006,-99.9190
2026-02-10,erc1155,3,303,303,606,165356,0.00366482,0.3665,-0.99633518,-99.6335
2026-02-10,erc1155,31,10,10,20,29400,0.00068027,0.0680,-0.99931973,-99.9320
2026-02-10,erc1155,32,0,420,420,1474515,0.00028484,0.0285,-0.99971516,-99.9715
2026-02-10,erc1155,4,71,76,147,238409,0.00061659,0.0617,-0.99938341,-99.9383
2026-02-10,erc1155,6,40,40,80,445200,0.00017969,0.0180,-0.99982031,-99.9820
2026-02-10,erc1155,7,22,22,44,33663,0.00130707,0.1307,-0.99869293,-99.8693
2026-02-10,erc1155,9,179,179,358,308553,0.00116025,0.1160,-0.99883975,-99.8840
2026-02-11,erc1155,10,3,3,6,33075,0.00018141,0.0181,-0.99981859,-99.9819
2026-02-11,erc1155,11,2035,2035,4070,692451,0.00587767,0.5878,-0.99412233,-99.4122
2026-02-11,erc1155,12,263,2866,3129,444140,0.00704508,0.7045,-0.99295492,-99.2955
2026-02-11,erc1155,13,404,404,808,648943,0.00124510,0.1245,-0.99875490,-99.8755
2026-02-11,erc1155,14,32,32,64,31500,0.00203175,0.2032,-0.99796825,-99.7968
2026-02-11,erc1155,16,470,470,940,626260,0.00150097,0.1501,-0.99849903,-99.8499
2026-02-11,erc1155,17,1574,3165,4739,522584,0.00906840,0.9068,-0.99093160,-99.0932
2026-02-11,erc1155,18,6636,7283,13919,706912,0.01968986,1.9690,-0.98031014,-98.0310
2026-02-11,erc1155,19,1243,1907,3150,445200,0.00707547,0.7075,-0.99292453,-99.2925
2026-02-11,erc1155,20,2026,2823,4849,619080,0.00783259,0.7833,-0.99216741,-99.2167
2026-02-11,erc1155,22,886,4717,5603,641539,0.00873369,0.8734,-0.99126631,-99.1266
2026-02-11,erc1155,23,1310,2047,3357,741286,0.00452862,0.4529,-0.99547138,-99.5471
2026-02-11,erc1155,24,16,16,32,32550,0.00098310,0.0983,-0.99901690,-99.9017
2026-02-11,erc1155,25,7084,4342,11426,1213275,0.00941749,0.9417,-0.99058251,-99.0583
2026-02-11,erc1155,27,2103,11405,13508,1435061,0.00941284,0.9413,-0.99058716,-99.0587
2026-02-11,erc1155,29,1951,1951,3902,1432200,0.00272448,0.2724,-0.99727552,-99.7276
2026-02-11,erc1155,3,418,124,542,165356,0.00327778,0.3278,-0.99672222,-99.6722
2026-02-11,erc1155,30,10,10,20,30975,0.00064568,0.0646,-0.99935432,-99.9354
2026-02-11,erc1155,31,12,12,24,29400,0.00081633,0.0816,-0.99918367,-99.9184
2026-02-11,erc1155,32,19,669,688,1474515,0.00046659,0.0467,-0.99953341,-99.9533
2026-02-11,erc1155,4,535,535,1070,238409,0.00448809,0.4488,-0.99551191,-99.5512
2026-02-11,erc1155,5,2,2,4,38010,0.00010524,0.0105,-0.99989476,-99.9895
2026-02-11,erc1155,6,687,687,1374,445200,0.00308625,0.3086,-0.99691375,-99.6914
2026-02-11,erc1155,7,24,24,48,33663,0.00142590,0.1426,-0.99857410,-99.8574
2026-02-11,erc1155,8,151,151,302,26775,0.01127918,1.1279,-0.98872082,-98.8721
2026-02-11,erc1155,9,2465,2445,4910,308553,0.01591299,1.5913,-0.98408701,-98.4087
2026-02-12,erc1155,10,49,49,98,33075,0.00296296,0.2963,-0.99703704,-99.7037
2026-02-12,erc1155,11,3217,3217,6434,692451,0.00929163,0.9292,-0.99070837,-99.0708
2026-02-12,erc1155,12,697,1968,2665,444140,0.00600036,0.6000,-0.99399964,-99.4000
2026-02-12,erc1155,13,264,265,529,648943,0.00081517,0.0815,-0.99918483,-99.9185
2026-02-12,erc1155,14,66,66,132,31500,0.00419048,0.4190,-0.99580952,-99.5810
2026-02-12,erc1155,16,3386,3386,6772,626260,0.01081340,1.0813,-0.98918660,-98.9187
2026-02-12,erc1155,17,1952,1556,3508,522584,0.00671280,0.6713,-0.99328720,-99.3287
2026-02-12,erc1155,18,2730,2558,5288,706912,0.00748042,0.7480,-0.99251958,-99.2520
2026-02-12,erc1155,19,625,620,1245,445200,0.00279650,0.2796,-0.99720350,-99.7204
2026-02-12,erc1155,20,1011,5250,6261,619080,0.01011339,1.0113,-0.98988661,-98.9887
2026-02-12,erc1155,22,1396,1909,3305,641539,0.00515167,0.5152,-0.99484833,-99.4848
2026-02-12,erc1155,23,1069,1213,2282,741286,0.00307843,0.3078,-0.99692157,-99.6922
2026-02-12,erc1155,24,21,21,42,32550,0.00129032,0.1290,-0.99870968,-99.8710
2026-02-12,erc1155,25,1353,13903,15256,1213275,0.01257423,1.2574,-0.98742577,-98.7426
2026-02-12,erc1155,27,12952,14974,27926,1435061,0.01945980,1.9460,-0.98054020,-98.0540
2026-02-12,erc1155,28,50,50,100,29400,0.00340136,0.3401,-0.99659864,-99.6599
2026-02-12,erc1155,29,1971,1971,3942,1432200,0.00275241,0.2752,-0.99724759,-99.7248
2026-02-12,erc1155,3,168,383,551,165356,0.00333220,0.3332,-0.99666780,-99.6668
2026-02-12,erc1155,30,31,31,62,30975,0.00200161,0.2002,-0.99799839,-99.7998
2026-02-12,erc1155,31,61,61,122,29400,0.00414966,0.4150,-0.99585034,-99.5850
2026-02-12,erc1155,32,1350,1520,2870,1474515,0.00194640,0.1946,-0.99805360,-99.8054
2026-02-12,erc1155,4,2570,2568,5138,238409,0.02155120,2.1551,-0.97844880,-97.8449
2026-02-12,erc1155,5,49,49,98,38010,0.00257827,0.2578,-0.99742173,-99.7422
2026-02-12,erc1155,6,249,249,498,445200,0.00111860,0.1119,-0.99888140,-99.8881
2026-02-12,erc1155,7,87,87,174,33663,0.00516888,0.5169,-0.99483112,-99.4831
2026-02-12,erc1155,8,23,23,46,26775,0.00171802,0.1718,-0.99828198,-99.8282
2026-02-12,erc1155,9,239,123,362,308553,0.00117322,0.1173,-0.99882678,-99.8827
2026-02-13,erc1155,10,11,11,22,33075,0.00066515,0.0665,-0.99933485,-99.9335
2026-02-13,erc1155,11,67,67,134,692451,0.00019352,0.0194,-0.99980648,-99.9806
2026-02-13,erc1155,12,1912,508,2420,444140,0.00544873,0.5449,-0.99455127,-99.4551
2026-02-13,erc1155,13,106,106,212,648943,0.00032669,0.0327,-0.99967331,-99.9673
2026-02-13,erc1155,14,40,40,80,31500,0.00253968,0.2540,-0.99746032,-99.7460
2026-02-13,erc1155,16,48,48,96,626260,0.00015329,0.0153,-0.99984671,-99.9847
2026-02-13,erc1155,17,384,2732,3116,522584,0.00596268,0.5963,-0.99403732,-99.4037
2026-02-13,erc1155,18,2546,4879,7425,706912,0.01050343,1.0503,-0.98949657,-98.9497
2026-02-13,erc1155,19,156,161,317,445200,0.00071204,0.0712,-0.99928796,-99.9288
2026-02-13,erc1155,20,439,681,1120,619080,0.00180914,0.1809,-0.99819086,-99.8191
2026-02-13,erc1155,22,47,50,97,641539,0.00015120,0.0151,-0.99984880,-99.9849
2026-02-13,erc1155,23,1776,1776,3552,741286,0.00479167,0.4792,-0.99520833,-99.5208
2026-02-13,erc1155,24,13,13,26,32550,0.00079877,0.0799,-0.99920123,-99.9201
2026-02-13,erc1155,25,4226,3358,7584,1213275,0.00625085,0.6251,-0.99374915,-99.3749
2026-02-13,erc1155,27,12536,20583,33119,1435061,0.02307846,2.3078,-0.97692154,-97.6922
2026-02-13,erc1155,28,1,1,2,29400,0.00006803,0.0068,-0.99993197,-99.9932
2026-02-13,erc1155,29,862,862,1724,1432200,0.00120374,0.1204,-0.99879626,-99.8796
2026-02-13,erc1155,3,67,146,213,165356,0.00128813,0.1288,-0.99871187,-99.8712
2026-02-13,erc1155,30,13,13,26,30975,0.00083939,0.0839,-0.99916061,-99.9161
2026-02-13,erc1155,32,17,17,34,1474515,0.00002306,0.0023,-0.99997694,-99.9977
2026-02-13,erc1155,4,77,79,156,238409,0.00065434,0.0654,-0.99934566,-99.9346
2026-02-13,erc1155,5,39,39,78,38010,0.00205209,0.2052,-0.99794791,-99.7948
2026-02-13,erc1155,6,196,196,392,445200,0.00088050,0.0881,-0.99911950,-99.9119
2026-02-13,erc1155,8,38,38,76,26775,0.00283847,0.2838,-0.99716153,-99.7162
2026-02-13,erc1155,9,243,166,409,308553,0.00132554,0.1326,-0.99867446,-99.8674
2026-02-14,erc1155,10,8,8,16,33075,0.00048375,0.0484,-0.99951625,-99.9516
2026-02-14,erc1155,11,498,498,996,692451,0.00143837,0.1438,-0.99856163,-99.8562
2026-02-14,erc1155,12,1045,2106,3151,444140,0.00709461,0.7095,-0.99290539,-99.2905
2026-02-14,erc1155,13,289,289,578,648943,0.00089068,0.0891,-0.99910932,-99.9109
2026-02-14,erc1155,14,2,2,4,31500,0.00012698,0.0127,-0.99987302,-99.9873
2026-02-14,erc1155,16,378,378,756,626260,0.00120717,0.1207,-0.99879283,-99.8793
2026-02-14,erc1155,17,527,282,809,522584,0.00154808,0.1548,-0.99845192,-99.8452
2026-02-14,erc1155,18,2224,1625,3849,706912,0.00544481,0.5445,-0.99455519,-99.4555
2026-02-14,erc1155,19,411,411,822,445200,0.00184636,0.1846,-0.99815364,-99.8154
2026-02-14,erc1155,20,3952,149,4101,619080,0.00662435,0.6624,-0.99337565,-99.3376
2026-02-14,erc1155,22,7516,2028,9544,641539,0.01487673,1.4877,-0.98512327,-98.5123
2026-02-14,erc1155,23,935,161,1096,741286,0.00147851,0.1479,-0.99852149,-99.8521
2026-02-14,erc1155,24,2,2,4,32550,0.00012289,0.0123,-0.99987711,-99.9877
2026-02-14,erc1155,25,3690,1226,4916,1213275,0.00405184,0.4052,-0.99594816,-99.5948
2026-02-14,erc1155,27,9855,11218,21073,1435061,0.01468439,1.4684,-0.98531561,-98.5316
2026-02-14,erc1155,28,2,2,4,29400,0.00013605,0.0136,-0.99986395,-99.9864
2026-02-14,erc1155,29,1662,1662,3324,1432200,0.00232090,0.2321,-0.99767910,-99.7679
2026-02-14,erc1155,3,174,174,348,165356,0.00210455,0.2105,-0.99789545,-99.7895
2026-02-14,erc1155,30,4,4,8,30975,0.00025827,0.0258,-0.99974173,-99.9742
2026-02-14,erc1155,31,1,1,2,29400,0.00006803,0.0068,-0.99993197,-99.9932
2026-02-14,erc1155,32,34,499,533,1474515,0.00036147,0.0361,-0.99963853,-99.9639
2026-02-14,erc1155,4,191,150,341,238409,0.00143032,0.1430,-0.99856968,-99.8570
2026-02-14,erc1155,5,7,7,14,38010,0.00036832,0.0368,-0.99963168,-99.9632
2026-02-14,erc1155,6,354,354,708,445200,0.00159030,0.1590,-0.99840970,-99.8410
2026-02-14,erc1155,7,21,21,42,33663,0.00124766,0.1248,-0.99875234,-99.8752
2026-02-14,erc1155,8,3,3,6,26775,0.00022409,0.0224,-0.99977591,-99.9776
2026-02-14,erc1155,9,2707,319,3026,308553,0.00980707,0.9807,-0.99019293,-99.0193
2026-02-15,erc1155,10,119,119,238,33075,0.00719577,0.7196,-0.99280423,-99.2804
2026-02-15,erc1155,11,26,26,52,692451,0.00007510,0.0075,-0.99992490,-99.9925
2026-02-15,erc1155,12,3126,923,4049,444140,0.00911649,0.9116,-0.99088351,-99.0884
2026-02-15,erc1155,13,173,173,346,648943,0.00053317,0.0533,-0.99946683,-99.9467
2026-02-15,erc1155,14,2,2,4,31500,0.00012698,0.0127,-0.99987302,-99.9873
2026-02-15,erc1155,16,287,287,574,626260,0.00091655,0.0917,-0.99908345,-99.9083
2026-02-15,erc1155,17,183,437,620,522584,0.00118641,0.1186,-0.99881359,-99.8814
2026-02-15,erc1155,18,1615,3084,4699,706912,0.00664722,0.6647,-0.99335278,-99.3353
2026-02-15,erc1155,19,195,195,390,445200,0.00087601,0.0876,-0.99912399,-99.9124
2026-02-15,erc1155,20,2271,1551,3822,619080,0.00617368,0.6174,-0.99382632,-99.3826
2026-02-15,erc1155,22,2260,4436,6696,641539,0.01043740,1.0437,-0.98956260,-98.9563
2026-02-15,erc1155,23,1902,2428,4330,741286,0.00584120,0.5841,-0.99415880,-99.4159
2026-02-15,erc1155,25,895,4371,5266,1213275,0.00434032,0.4340,-0.99565968,-99.5660
2026-02-15,erc1155,27,6297,10996,17293,1435061,0.01205036,1.2050,-0.98794964,-98.7950
2026-02-15,erc1155,28,1,1,2,29400,0.00006803,0.0068,-0.99993197,-99.9932
2026-02-15,erc1155,29,2965,2965,5930,1432200,0.00414048,0.4140,-0.99585952,-99.5860
2026-02-15,erc1155,3,231,144,375,165356,0.00226783,0.2268,-0.99773217,-99.7732
2026-02-15,erc1155,30,2,2,4,30975,0.00012914,0.0129,-0.99987086,-99.9871
2026-02-15,erc1155,32,339,669,1008,1474515,0.00068361,0.0684,-0.99931639,-99.9316
2026-02-15,erc1155,4,124,165,289,238409,0.00121220,0.1212,-0.99878780,-99.8788
2026-02-15,erc1155,5,117,117,234,38010,0.00615627,0.6156,-0.99384373,-99.3844
2026-02-15,erc1155,6,59,59,118,445200,0.00026505,0.0265,-0.99973495,-99.9735
2026-02-15,erc1155,7,110,110,220,33663,0.00653537,0.6535,-0.99346463,-99.3465
2026-02-15,erc1155,9,196,495,691,308553,0.00223949,0.2239,-0.99776051,-99.7761
2026-02-16,erc1155,12,4,20,24,444140,0.00005404,0.0054,-0.99994596,-99.9946
2026-02-16,erc1155,13,30,25,55,648943,0.00008475,0.0085,-0.99991525,-99.9915
2026-02-16,erc1155,16,14,14,28,626260,0.00004471,0.0045,-0.99995529,-99.9955
2026-02-16,erc1155,17,20,27,47,522584,0.00008994,0.0090,-0.99991006,-99.9910
2026-02-16,erc1155,18,18,495,513,706912,0.00072569,0.0726,-0.99927431,-99.9274
2026-02-16,erc1155,19,60,60,120,445200,0.00026954,0.0270,-0.99973046,-99.9730
2026-02-16,erc1155,20,10,1244,1254,619080,0.00202559,0.2026,-0.99797441,-99.7974
2026-02-16,erc1155,22,48,934,982,641539,0.00153069,0.1531,-0.99846931,-99.8469
2026-02-16,erc1155,23,1521,612,2133,741286,0.00287743,0.2877,-0.99712257,-99.7123
2026-02-16,erc1155,25,200,1106,1306,1213275,0.00107643,0.1076,-0.99892357,-99.8924
2026-02-16,erc1155,27,5248,1568,6816,1435061,0.00474962,0.4750,-0.99525038,-99.5250
2026-02-16,erc1155,29,263,263,526,1432200,0.00036727,0.0367,-0.99963273,-99.9633
2026-02-16,erc1155,3,3,90,93,165356,0.00056242,0.0562,-0.99943758,-99.9438
2026-02-16,erc1155,32,0,200,200,1474515,0.00013564,0.0136,-0.99986436,-99.9864
2026-02-16,erc1155,4,50,10,60,238409,0.00025167,0.0252,-0.99974833,-99.9748
2026-02-16,erc1155,7,1,1,2,33663,0.00005941,0.0059,-0.99994059,-99.9941
2026-02-16,erc1155,9,1021,44,1065,308553,0.00345160,0.3452,-0.99654840,-99.6548
2026-02-18,erc1155,10,72,72,144,33075,0.00435374,0.4354,-0.99564626,-99.5646
2026-02-18,erc1155,11,1603,1603,3206,692451,0.00462993,0.4630,-0.99537007,-99.5370
2026-02-18,erc1155,12,1541,4105,5646,444140,0.01271221,1.2712,-0.98728779,-98.7288
2026-02-18,erc1155,13,2215,2220,4435,648943,0.00683419,0.6834,-0.99316581,-99.3166
2026-02-18,erc1155,14,111,111,222,31500,0.00704762,0.7048,-0.99295238,-99.2952
2026-02-18,erc1155,16,3120,3120,6240,626260,0.00996391,0.9964,-0.99003609,-99.0036
2026-02-18,erc1155,17,3763,2059,5822,522584,0.01114079,1.1141,-0.98885921,-98.8859
2026-02-18,erc1155,18,5968,4246,10214,706912,0.01444876,1.4449,-0.98555124,-98.5551
2026-02-18,erc1155,19,2036,1808,3844,445200,0.00863432,0.8634,-0.99136568,-99.1366
2026-02-18,erc1155,20,5186,2388,7574,619080,0.01223428,1.2234,-0.98776572,-98.7766
2026-02-18,erc1155,22,5588,5720,11308,641539,0.01762636,1.7626,-0.98237364,-98.2374
2026-02-18,erc1155,23,6187,4151,10338,741286,0.01394603,1.3946,-0.98605397,-98.6054
2026-02-18,erc1155,24,72,72,144,32550,0.00442396,0.4424,-0.99557604,-99.5576
2026-02-18,erc1155,25,11119,6173,17292,1213275,0.01425233,1.4252,-0.98574767,-98.5748
2026-02-18,erc1155,27,17437,20318,37755,1435061,0.02630899,2.6309,-0.97369101,-97.3691
2026-02-18,erc1155,28,2,2,4,29400,0.00013605,0.0136,-0.99986395,-99.9864
2026-02-18,erc1155,29,19441,19391,38832,1432200,0.02711353,2.7114,-0.97288647,-97.2886
2026-02-18,erc1155,3,310,164,474,165356,0.00286654,0.2867,-0.99713346,-99.7133
2026-02-18,erc1155,30,13,13,26,30975,0.00083939,0.0839,-0.99916061,-99.9161
2026-02-18,erc1155,31,13,13,26,29400,0.00088435,0.0884,-0.99911565,-99.9116
2026-02-18,erc1155,32,685,685,1370,1474515,0.00092912,0.0929,-0.99907088,-99.9071
2026-02-18,erc1155,4,1120,1103,2223,238409,0.00932431,0.9324,-0.99067569,-99.0676
2026-02-18,erc1155,5,45,45,90,38010,0.00236780,0.2368,-0.99763220,-99.7632
2026-02-18,erc1155,6,4094,4094,8188,445200,0.01839173,1.8392,-0.98160827,-98.1608
2026-02-18,erc1155,7,43,43,86,33663,0.00255473,0.2555,-0.99744527,-99.7445
2026-02-18,erc1155,8,14,14,28,26775,0.00104575,0.1046,-0.99895425,-99.8954
2026-02-18,erc1155,9,1226,2117,3343,308553,0.01083444,1.0834,-0.98916556,-98.9166
2026-02-19,erc1155,10,30,30,60,33075,0.00181406,0.1814,-0.99818594,-99.8186
2026-02-19,erc1155,11,86,86,172,692451,0.00024839,0.0248,-0.99975161,-99.9752
2026-02-19,erc1155,12,1137,1193,2330,444140,0.00524609,0.5246,-0.99475391,-99.4754
2026-02-19,erc1155,13,998,513,1511,648943,0.00232840,0.2328,-0.99767160,-99.7672
2026-02-19,erc1155,14,30,30,60,31500,0.00190476,0.1905,-0.99809524,-99.8095
2026-02-19,erc1155,16,301,301,602,626260,0.00096126,0.0961,-0.99903874,-99.9039
2026-02-19,erc1155,17,23645,6404,30049,522584,0.05750080,5.7501,-0.94249920,-94.2499
2026-02-19,erc1155,18,19293,1429,20722,706912,0.02931341,2.9313,-0.97068659,-97.0687
2026-02-19,erc1155,19,189,417,606,445200,0.00136119,0.1361,-0.99863881,-99.8639
2026-02-19,erc1155,20,14802,3186,17988,619080,0.02905602,2.9056,-0.97094398,-97.0944
2026-02-19,erc1155,22,400,2694,3094,641539,0.00482278,0.4823,-0.99517722,-99.5177
2026-02-19,erc1155,23,261,3454,3715,741286,0.00501156,0.5012,-0.99498844,-99.4988
2026-02-19,erc1155,24,41,41,82,32550,0.00251920,0.2519,-0.99748080,-99.7481
2026-02-19,erc1155,25,6574,12241,18815,1213275,0.01550761,1.5508,-0.98449239,-98.4492
2026-02-19,erc1155,27,9320,12445,21765,1435061,0.01516660,1.5167,-0.98483340,-98.4833
2026-02-19,erc1155,28,3,3,6,29400,0.00020408,0.0204,-0.99979592,-99.9796
2026-02-19,erc1155,29,301,351,652,1432200,0.00045524,0.0455,-0.99954476,-99.9545
2026-02-19,erc1155,3,926,2101,3027,165356,0.01830596,1.8306,-0.98169404,-98.1694
2026-02-19,erc1155,30,36,36,72,30975,0.00232446,0.2324,-0.99767554,-99.7676
2026-02-19,erc1155,32,721,8659,9380,1474515,0.00636141,0.6361,-0.99363859,-99.3639
2026-02-19,erc1155,4,829,886,1715,238409,0.00719352,0.7194,-0.99280648,-99.2806
2026-02-19,erc1155,5,44,44,88,38010,0.00231518,0.2315,-0.99768482,-99.7685
2026-02-19,erc1155,6,717,716,1433,445200,0.00321878,0.3219,-0.99678122,-99.6781
2026-02-19,erc1155,7,23,23,46,33663,0.00136649,0.1366,-0.99863351,-99.8634
2026-02-19,erc1155,8,25,25,50,26775,0.00186741,0.1867,-0.99813259,-99.8133
2026-02-19,erc1155,9,275,2663,2938,308553,0.00952186,0.9522,-0.99047814,-99.0478
2026-02-20,erc1155,10,55,55,110,33075,0.00332577,0.3326,-0.99667423,-99.6674
2026-02-20,erc1155,11,1692,1692,3384,692451,0.00488699,0.4887,-0.99511301,-99.5113
2026-02-20,erc1155,12,763,762,1525,444140,0.00343360,0.3434,-0.99656640,-99.6566
2026-02-20,erc1155,13,16287,11649,27936,648943,0.04304846,4.3048,-0.95695154,-95.6952
2026-02-20,erc1155,14,75,75,150,31500,0.00476190,0.4762,-0.99523810,-99.5238
2026-02-20,erc1155,16,1084,1084,2168,626260,0.00346182,0.3462,-0.99653818,-99.6538
2026-02-20,erc1155,17,9201,23894,33095,522584,0.06332953,6.3330,-0.93667047,-93.6670
2026-02-20,erc1155,18,12517,7402,19919,706912,0.02817748,2.8177,-0.97182252,-97.1823
2026-02-20,erc1155,19,3560,3522,7082,445200,0.01590746,1.5907,-0.98409254,-98.4093
2026-02-20,erc1155,20,4990,20841,25831,619080,0.04172482,4.1725,-0.95827518,-95.8275
2026-02-20,erc1155,22,2816,2816,5632,641539,0.00877889,0.8779,-0.99122111,-99.1221
2026-02-20,erc1155,23,3858,3858,7716,741286,0.01040894,1.0409,-0.98959106,-98.9591
2026-02-20,erc1155,24,61,61,122,32550,0.00374808,0.3748,-0.99625192,-99.6252
2026-02-20,erc1155,25,12068,14072,26140,1213275,0.02154499,2.1545,-0.97845501,-97.8455
2026-02-20,erc1155,27,14440,18298,32738,1435061,0.02281297,2.2813,-0.97718703,-97.7187
2026-02-20,erc1155,28,15,15,30,29400,0.00102041,0.1020,-0.99897959,-99.8980
2026-02-20,erc1155,29,2279,2279,4558,1432200,0.00318252,0.3183,-0.99681748,-99.6817
2026-02-20,erc1155,3,5733,7540,13273,165356,0.08026924,8.0269,-0.91973076,-91.9731
2026-02-20,erc1155,30,27,27,54,30975,0.00174334,0.1743,-0.99825666,-99.8257
2026-02-20,erc1155,31,320,320,640,29400,0.02176871,2.1769,-0.97823129,-97.8231
2026-02-20,erc1155,32,2086,47026,49112,1474515,0.03330722,3.3307,-0.96669278,-96.6693
2026-02-20,erc1155,4,2858,8948,11806,238409,0.04951994,4.9520,-0.95048006,-95.0480
2026-02-20,erc1155,5,66,66,132,38010,0.00347277,0.3473,-0.99652723,-99.6527
2026-02-20,erc1155,6,4699,4700,9399,445200,0.02111186,2.1112,-0.97888814,-97.8888
2026-02-20,erc1155,7,27,27,54,33663,0.00160414,0.1604,-0.99839586,-99.8396
2026-02-20,erc1155,8,136,136,272,26775,0.01015873,1.0159,-0.98984127,-98.9841
2026-02-20,erc1155,9,1979,1601,3580,308553,0.01160254,1.1603,-0.98839746,-98.8397
2026-02-21,erc1155,10,13,13,26,33075,0.00078609,0.0786,-0.99921391,-99.9214
2026-02-21,erc1155,11,187,187,374,692451,0.00054011,0.0540,-0.99945989,-99.9460
2026-02-21,erc1155,12,1421,1422,2843,444140,0.00640113,0.6401,-0.99359887,-99.3599
2026-02-21,erc1155,13,634,5758,6392,648943,0.00984986,0.9850,-0.99015014,-99.0150
2026-02-21,erc1155,14,40,40,80,31500,0.00253968,0.2540,-0.99746032,-99.7460
2026-02-21,erc1155,16,1118,1118,2236,626260,0.00357040,0.3570,-0.99642960,-99.6430
2026-02-21,erc1155,17,703,1440,2143,522584,0.00410078,0.4101,-0.99589922,-99.5899
2026-02-21,erc1155,18,2734,8233,10967,706912,0.01551395,1.5514,-0.98448605,-98.4486
2026-02-21,erc1155,19,3444,292,3736,445200,0.00839173,0.8392,-0.99160827,-99.1608
2026-02-21,erc1155,20,437,754,1191,619080,0.00192382,0.1924,-0.99807618,-99.8076
2026-02-21,erc1155,22,414,414,828,641539,0.00129065,0.1291,-0.99870935,-99.8709
2026-02-21,erc1155,23,861,858,1719,741286,0.00231894,0.2319,-0.99768106,-99.7681
2026-02-21,erc1155,24,234,234,468,32550,0.01437788,1.4378,-0.98562212,-98.5622
2026-02-21,erc1155,25,4150,3727,7877,1213275,0.00649235,0.6492,-0.99350765,-99.3508
2026-02-21,erc1155,27,10054,2525,12579,1435061,0.00876548,0.8765,-0.99123452,-99.1235
2026-02-21,erc1155,28,11,11,22,29400,0.00074830,0.0748,-0.99925170,-99.9252
2026-02-21,erc1155,29,5258,1333,6591,1432200,0.00460201,0.4602,-0.99539799,-99.5398
2026-02-21,erc1155,3,315,7576,7891,165356,0.04772128,4.7721,-0.95227872,-95.2279
2026-02-21,erc1155,30,72,72,144,30975,0.00464891,0.4649,-0.99535109,-99.5351
2026-02-21,erc1155,31,1,1,2,29400,0.00006803,0.0068,-0.99993197,-99.9932
2026-02-21,erc1155,32,800,13940,14740,1474515,0.00999651,0.9997,-0.99000349,-99.0003
2026-02-21,erc1155,4,28,28,56,238409,0.00023489,0.0235,-0.99976511,-99.9765
2026-02-21,erc1155,5,47,47,94,38010,0.00247303,0.2473,-0.99752697,-99.7527
2026-02-21,erc1155,6,1811,893,2704,445200,0.00607367,0.6074,-0.99392633,-99.3926
2026-02-21,erc1155,7,16,16,32,33663,0.00095060,0.0951,-0.99904940,-99.9049
2026-02-21,erc1155,8,11,11,22,26775,0.00082166,0.0822,-0.99917834,-99.9178
2026-02-21,erc1155,9,924,703,1627,308553,0.00527300,0.5273,-0.99472700,-99.4727
2026-02-22,erc1155,10,74,74,148,33075,0.00447468,0.4475,-0.99552532,-99.5525
2026-02-22,erc1155,11,32,32,64,692451,0.00009243,0.0092,-0.99990757,-99.9908
2026-02-22,erc1155,12,642,642,1284,444140,0.00289098,0.2891,-0.99710902,-99.7109
2026-02-22,erc1155,13,531,529,1060,648943,0.00163343,0.1633,-0.99836657,-99.8367
2026-02-22,erc1155,14,169,54,223,31500,0.00707937,0.7079,-0.99292063,-99.2921
2026-02-22,erc1155,16,982,982,1964,626260,0.00313608,0.3136,-0.99686392,-99.6864
2026-02-22,erc1155,17,613,814,1427,522584,0.00273066,0.2731,-0.99726934,-99.7269
2026-02-22,erc1155,18,2470,138,2608,706912,0.00368929,0.3689,-0.99631071,-99.6311
2026-02-22,erc1155,19,1068,2645,3713,445200,0.00834007,0.8340,-0.99165993,-99.1660
2026-02-22,erc1155,20,1467,1046,2513,619080,0.00405925,0.4059,-0.99594075,-99.5941
2026-02-22,erc1155,22,1800,1579,3379,641539,0.00526702,0.5267,-0.99473298,-99.4733
2026-02-22,erc1155,23,2858,2443,5301,741286,0.00715109,0.7151,-0.99284891,-99.2849
2026-02-22,erc1155,24,256,16,272,32550,0.00835637,0.8356,-0.99164363,-99.1644
2026-02-22,erc1155,25,2965,8858,11823,1213275,0.00974470,0.9745,-0.99025530,-99.0255
2026-02-22,erc1155,27,2894,10324,13218,1435061,0.00921076,0.9211,-0.99078924,-99.0789
2026-02-22,erc1155,28,9,9,18,29400,0.00061224,0.0612,-0.99938776,-99.9388
2026-02-22,erc1155,29,2101,6026,8127,1432200,0.00567449,0.5674,-0.99432551,-99.4326
2026-02-22,erc1155,3,391,446,837,165356,0.00506181,0.5062,-0.99493819,-99.4938
2026-02-22,erc1155,30,25,25,50,30975,0.00161421,0.1614,-0.99838579,-99.8386
2026-02-22,erc1155,32,827,20877,21704,1474515,0.01471942,1.4719,-0.98528058,-98.5281
2026-02-22,erc1155,4,516,516,1032,238409,0.00432870,0.4329,-0.99567130,-99.5671
2026-02-22,erc1155,5,126,111,237,38010,0.00623520,0.6235,-0.99376480,-99.3765
2026-02-22,erc1155,6,644,1562,2206,445200,0.00495508,0.4955,-0.99504492,-99.5045
2026-02-22,erc1155,7,15,15,30,33663,0.00089119,0.0891,-0.99910881,-99.9109
2026-02-22,erc1155,8,125,55,180,26775,0.00672269,0.6723,-0.99327731,-99.3277
2026-02-22,erc1155,9,1289,372,1661,308553,0.00538319,0.5383,-0.99461681,-99.4617
2026-02-23,erc1155,10,181,181,362,33075,0.01094482,1.0945,-0.98905518,-98.9055
2026-02-23,erc1155,11,727,727,1454,692451,0.00209979,0.2100,-0.99790021,-99.7900
2026-02-23,erc1155,12,2393,2393,4786,444140,0.01077588,1.0776,-0.98922412,-98.9224
2026-02-23,erc1155,13,2839,2660,5499,648943,0.00847378,0.8474,-0.99152622,-99.1526
2026-02-23,erc1155,14,77,192,269,31500,0.00853968,0.8540,-0.99146032,-99.1460
2026-02-23,erc1155,16,777,777,1554,626260,0.00248140,0.2481,-0.99751860,-99.7519
2026-02-23,erc1155,17,1975,1396,3371,522584,0.00645064,0.6451,-0.99354936,-99.3549
2026-02-23,erc1155,18,3581,4489,8070,706912,0.01141585,1.1416,-0.98858415,-98.8584
2026-02-23,erc1155,19,735,1708,2443,445200,0.00548742,0.5487,-0.99451258,-99.4513
2026-02-23,erc1155,20,6826,3268,10094,619080,0.01630484,1.6305,-0.98369516,-98.3695
2026-02-23,erc1155,22,1689,1910,3599,641539,0.00560995,0.5610,-0.99439005,-99.4390
2026-02-23,erc1155,23,424,836,1260,741286,0.00169975,0.1700,-0.99830025,-99.8300
2026-02-23,erc1155,24,166,406,572,32550,0.01757296,1.7573,-0.98242704,-98.2427
2026-02-23,erc1155,25,4748,4094,8842,1213275,0.00728771,0.7288,-0.99271229,-99.2712
2026-02-23,erc1155,27,3015,3115,6130,1435061,0.00427160,0.4272,-0.99572840,-99.5728
2026-02-23,erc1155,28,40,40,80,29400,0.00272109,0.2721,-0.99727891,-99.7279
2026-02-23,erc1155,29,461,461,922,1432200,0.00064376,0.0644,-0.99935624,-99.9356
2026-02-23,erc1155,3,2410,2668,5078,165356,0.03070950,3.0709,-0.96929050,-96.9291
2026-02-23,erc1155,30,23,23,46,30975,0.00148507,0.1485,-0.99851493,-99.8515
2026-02-23,erc1155,31,42,42,84,29400,0.00285714,0.2857,-0.99714286,-99.7143
2026-02-23,erc1155,32,2134,11334,13468,1474515,0.00913385,0.9134,-0.99086615,-99.0866
2026-02-23,erc1155,4,70,70,140,238409,0.00058723,0.0587,-0.99941277,-99.9413
2026-02-23,erc1155,5,24,39,63,38010,0.00165746,0.1657,-0.99834254,-99.8343
2026-02-23,erc1155,6,3251,3251,6502,445200,0.01460467,1.4605,-0.98539533,-98.5395
2026-02-23,erc1155,7,10,10,20,33663,0.00059412,0.0594,-0.99940588,-99.9406
2026-02-23,erc1155,8,2,72,74,26775,0.00276377,0.2764,-0.99723623,-99.7236
2026-02-23,erc1155,9,632,250,882,308553,0.00285850,0.2859,-0.99714150,-99.7141
2026-02-24,erc1155,10,13,13,26,33075,0.00078609,0.0786,-0.99921391,-99.9214
2026-02-24,erc1155,11,71,71,142,692451,0.00020507,0.0205,-0.99979493,-99.9795
2026-02-24,erc1155,12,237,237,474,444140,0.00106723,0.1067,-0.99893277,-99.8933
2026-02-24,erc1155,13,2898,1225,4123,648943,0.00635341,0.6353,-0.99364659,-99.3647
2026-02-24,erc1155,14,63,63,126,31500,0.00400000,0.4000,-0.99600000,-99.6000
2026-02-24,erc1155,16,684,684,1368,626260,0.00218440,0.2184,-0.99781560,-99.7816
2026-02-24,erc1155,17,1051,622,1673,522584,0.00320140,0.3201,-0.99679860,-99.6799
2026-02-24,erc1155,18,3883,5402,9285,706912,0.01313459,1.3135,-0.98686541,-98.6865
2026-02-24,erc1155,19,977,1316,2293,445200,0.00515049,0.5150,-0.99484951,-99.4850
2026-02-24,erc1155,20,217,678,895,619080,0.00144569,0.1446,-0.99855431,-99.8554
2026-02-24,erc1155,22,1378,1244,2622,641539,0.00408705,0.4087,-0.99591295,-99.5913
2026-02-24,erc1155,23,5215,5221,10436,741286,0.01407824,1.4078,-0.98592176,-98.5922
2026-02-24,erc1155,24,32,32,64,32550,0.00196621,0.1966,-0.99803379,-99.8034
2026-02-24,erc1155,25,2056,2421,4477,1213275,0.00369001,0.3690,-0.99630999,-99.6310
2026-02-24,erc1155,27,2493,2493,4986,1435061,0.00347442,0.3474,-0.99652558,-99.6526
2026-02-24,erc1155,28,64,64,128,29400,0.00435374,0.4354,-0.99564626,-99.5646
2026-02-24,erc1155,29,2484,2484,4968,1432200,0.00346879,0.3469,-0.99653121,-99.6531
2026-02-24,erc1155,3,2066,2295,4361,165356,0.02637340,2.6373,-0.97362660,-97.3627
2026-02-24,erc1155,30,151,151,302,30975,0.00974980,0.9750,-0.99025020,-99.0250
2026-02-24,erc1155,31,13,13,26,29400,0.00088435,0.0884,-0.99911565,-99.9116
2026-02-24,erc1155,32,2484,15944,18428,1474515,0.01249767,1.2498,-0.98750233,-98.7502
2026-02-24,erc1155,4,603,603,1206,238409,0.00505853,0.5059,-0.99494147,-99.4941
2026-02-24,erc1155,5,4,4,8,38010,0.00021047,0.0210,-0.99978953,-99.9790
2026-02-24,erc1155,6,233,3033,3266,445200,0.00733603,0.7336,-0.99266397,-99.2664
2026-02-24,erc1155,7,43,43,86,33663,0.00255473,0.2555,-0.99744527,-99.7445
2026-02-24,erc1155,8,5,5,10,26775,0.00037348,0.0373,-0.99962652,-99.9627
2026-02-24,erc1155,9,6181,1743,7924,308553,0.02568116,2.5681,-0.97431884,-97.4319
2026-02-25,erc1155,10,4,4,8,33075,0.00024187,0.0242,-0.99975813,-99.9758
2026-02-25,erc1155,11,162,162,324,692451,0.00046790,0.0468,-0.99953210,-99.9532
2026-02-25,erc1155,12,122,122,244,444140,0.00054938,0.0549,-0.99945062,-99.9451
2026-02-25,erc1155,13,1628,3482,5110,648943,0.00787434,0.7874,-0.99212566,-99.2126
2026-02-25,erc1155,14,24,24,48,31500,0.00152381,0.1524,-0.99847619,-99.8476
2026-02-25,erc1155,16,370,365,735,626260,0.00117363,0.1174,-0.99882637,-99.8826
2026-02-25,erc1155,17,1196,2063,3259,522584,0.00623632,0.6236,-0.99376368,-99.3764
2026-02-25,erc1155,18,4615,7089,11704,706912,0.01655652,1.6557,-0.98344348,-98.3443
2026-02-25,erc1155,19,1276,2699,3975,445200,0.00892857,0.8929,-0.99107143,-99.1071
2026-02-25,erc1155,20,3742,5113,8855,619080,0.01430348,1.4303,-0.98569652,-98.5697
2026-02-25,erc1155,22,897,1031,1928,641539,0.00300527,0.3005,-0.99699473,-99.6995
2026-02-25,erc1155,23,805,805,1610,741286,0.00217190,0.2172,-0.99782810,-99.7828
2026-02-25,erc1155,24,59,59,118,32550,0.00362519,0.3625,-0.99637481,-99.6375
2026-02-25,erc1155,25,9539,6181,15720,1213275,0.01295667,1.2957,-0.98704333,-98.7043
2026-02-25,erc1155,27,11671,11671,23342,1435061,0.01626551,1.6266,-0.98373449,-98.3734
2026-02-25,erc1155,28,19,19,38,29400,0.00129252,0.1293,-0.99870748,-99.8707
2026-02-25,erc1155,29,7028,7028,14056,1432200,0.00981427,0.9814,-0.99018573,-99.0186
2026-02-25,erc1155,3,100,519,619,165356,0.00374344,0.3743,-0.99625656,-99.6257
2026-02-25,erc1155,30,17,17,34,30975,0.00109766,0.1098,-0.99890234,-99.8902
2026-02-25,erc1155,31,36,36,72,29400,0.00244898,0.2449,-0.99755102,-99.7551
2026-02-25,erc1155,32,4862,21752,26614,1474515,0.01804932,1.8049,-0.98195068,-98.1951
2026-02-25,erc1155,4,229,229,458,238409,0.00192107,0.1921,-0.99807893,-99.8079
2026-02-25,erc1155,5,12,12,24,38010,0.00063141,0.0631,-0.99936859,-99.9369
2026-02-25,erc1155,6,462,462,924,445200,0.00207547,0.2075,-0.99792453,-99.7925
2026-02-25,erc1155,7,23,23,46,33663,0.00136649,0.1366,-0.99863351,-99.8634
2026-02-25,erc1155,8,5,5,10,26775,0.00037348,0.0373,-0.99962652,-99.9627
2026-02-25,erc1155,9,284,3690,3974,308553,0.01287947,1.2879,-0.98712053,-98.7121
2026-02-26,erc1155,10,17,17,34,33075,0.00102797,0.1028,-0.99897203,-99.8972
2026-02-26,erc1155,11,3083,3083,6166,692451,0.00890460,0.8905,-0.99109540,-99.1095
2026-02-26,erc1155,12,1170,1170,2340,444140,0.00526861,0.5269,-0.99473139,-99.4731
2026-02-26,erc1155,13,464,464,928,648943,0.00143002,0.1430,-0.99856998,-99.8570
2026-02-26,erc1155,14,56,56,112,31500,0.00355556,0.3556,-0.99644444,-99.6444
2026-02-26,erc1155,16,210,215,425,626260,0.00067863,0.0679,-0.99932137,-99.9321
2026-02-26,erc1155,17,2272,541,2813,522584,0.00538287,0.5383,-0.99461713,-99.4617
2026-02-26,erc1155,18,6158,1459,7617,706912,0.01077503,1.0775,-0.98922497,-98.9225
2026-02-26,erc1155,19,2924,5528,8452,445200,0.01898473,1.8985,-0.98101527,-98.1015
2026-02-26,erc1155,20,3528,1077,4605,619080,0.00743846,0.7438,-0.99256154,-99.2562
2026-02-26,erc1155,22,1634,1634,3268,641539,0.00509400,0.5094,-0.99490600,-99.4906
2026-02-26,erc1155,23,270,270,540,741286,0.00072846,0.0728,-0.99927154,-99.9272
2026-02-26,erc1155,24,2,2,4,32550,0.00012289,0.0123,-0.99987711,-99.9877
2026-02-26,erc1155,25,8125,8303,16428,1213275,0.01354021,1.3540,-0.98645979,-98.6460
2026-02-26,erc1155,27,694,694,1388,1435061,0.00096721,0.0967,-0.99903279,-99.9033
2026-02-26,erc1155,29,23961,23961,47922,1432200,0.03346041,3.3460,-0.96653959,-96.6540
2026-02-26,erc1155,3,2182,899,3081,165356,0.01863253,1.8633,-0.98136747,-98.1367
2026-02-26,erc1155,30,2,2,4,30975,0.00012914,0.0129,-0.99987086,-99.9871
2026-02-26,erc1155,31,28,28,56,29400,0.00190476,0.1905,-0.99809524,-99.8095
2026-02-26,erc1155,32,3625,21615,25240,1474515,0.01711749,1.7117,-0.98288251,-98.2883
2026-02-26,erc1155,4,115,115,230,238409,0.00096473,0.0965,-0.99903527,-99.9035
2026-02-26,erc1155,5,59,59,118,38010,0.00310445,0.3104,-0.99689555,-99.6896
2026-02-26,erc1155,6,5211,4343,9554,445200,0.02146002,2.1460,-0.97853998,-97.8540
2026-02-26,erc1155,7,31,31,62,33663,0.00184178,0.1842,-0.99815822,-99.8158
2026-02-26,erc1155,8,110,110,220,26775,0.00821662,0.8217,-0.99178338,-99.1783
2026-02-26,erc1155,9,700,1331,2031,308553,0.00658234,0.6582,-0.99341766,-99.3418
2026-02-27,erc1155,11,6,6,12,692451,0.00001733,0.0017,-0.99998267,-99.9983
2026-02-27,erc1155,12,329,3759,4088,444140,0.00920430,0.9204,-0.99079570,-99.0796
2026-02-27,erc1155,13,1110,4310,5420,648943,0.00835204,0.8352,-0.99164796,-99.1648
2026-02-27,erc1155,16,1118,1118,2236,626260,0.00357040,0.3570,-0.99642960,-99.6430
2026-02-27,erc1155,17,1116,4698,5814,522584,0.01112548,1.1125,-0.98887452,-98.8875
2026-02-27,erc1155,18,631,916,1547,706912,0.00218839,0.2188,-0.99781161,-99.7812
2026-02-27,erc1155,19,2686,2686,5372,445200,0.01206649,1.2066,-0.98793351,-98.7934
2026-02-27,erc1155,20,1504,6393,7897,619080,0.01275603,1.2756,-0.98724397,-98.7244
2026-02-27,erc1155,22,1316,1316,2632,641539,0.00410263,0.4103,-0.99589737,-99.5897
2026-02-27,erc1155,23,1923,1923,3846,741286,0.00518828,0.5188,-0.99481172,-99.4812
2026-02-27,erc1155,24,50,50,100,32550,0.00307220,0.3072,-0.99692780,-99.6928
2026-02-27,erc1155,25,6872,7155,14027,1213275,0.01156127,1.1561,-0.98843873,-98.8439
2026-02-27,erc1155,27,4280,4280,8560,1435061,0.00596490,0.5965,-0.99403510,-99.4035
2026-02-27,erc1155,29,3174,3174,6348,1432200,0.00443234,0.4432,-0.99556766,-99.5568
2026-02-27,erc1155,3,3165,1503,4668,165356,0.02823000,2.8230,-0.97177000,-97.1770
2026-02-27,erc1155,30,366,366,732,30975,0.02363196,2.3632,-0.97636804,-97.6368
2026-02-27,erc1155,31,2,2,4,29400,0.00013605,0.0136,-0.99986395,-99.9864
2026-02-27,erc1155,32,1740,33340,35080,1474515,0.02379087,2.3791,-0.97620913,-97.6209
2026-02-27,erc1155,4,104,104,208,238409,0.00087245,0.0872,-0.99912755,-99.9128
2026-02-27,erc1155,5,17,17,34,38010,0.00089450,0.0895,-0.99910550,-99.9105
2026-02-27,erc1155,6,1409,2277,3686,445200,0.00827942,0.8279,-0.99172058,-99.1721
2026-02-27,erc1155,7,11,11,22,33663,0.00065354,0.0654,-0.99934646,-99.9346
2026-02-27,erc1155,8,11,11,22,26775,0.00082166,0.0822,-0.99917834,-99.9178
2026-02-27,erc1155,9,241,242,483,308553,0.00156537,0.1565,-0.99843463,-99.8435
2026-02-28,erc1155,11,50,50,100,692451,0.00014441,0.0144,-0.99985559,-99.9856
2026-02-28,erc1155,12,4076,3963,8039,444140,0.01810015,1.8100,-0.98189985,-98.1900
2026-02-28,erc1155,13,2148,2148,4296,648943,0.00662000,0.6620,-0.99338000,-99.3380
2026-02-28,erc1155,14,31,31,62,31500,0.00196825,0.1968,-0.99803175,-99.8032
2026-02-28,erc1155,16,204,204,408,626260,0.00065149,0.0651,-0.99934851,-99.9349
2026-02-28,erc1155,17,4486,1660,6146,522584,0.01176079,1.1761,-0.98823921,-98.8239
2026-02-28,erc1155,18,446,2041,2487,706912,0.00351812,0.3518,-0.99648188,-99.6482
2026-02-28,erc1155,19,2678,2678,5356,445200,0.01203055,1.2031,-0.98796945,-98.7969
2026-02-28,erc1155,20,12918,2514,15432,619080,0.02492731,2.4927,-0.97507269,-97.5073
2026-02-28,erc1155,22,192,192,384,641539,0.00059856,0.0599,-0.99940144,-99.9401
2026-02-28,erc1155,23,3948,3948,7896,741286,0.01065176,1.0652,-0.98934824,-98.9348
2026-02-28,erc1155,24,28,28,56,32550,0.00172043,0.1720,-0.99827957,-99.8280
2026-02-28,erc1155,25,3205,4193,7398,1213275,0.00609755,0.6098,-0.99390245,-99.3902
2026-02-28,erc1155,27,1434,1434,2868,1435061,0.00199852,0.1999,-0.99800148,-99.8001
2026-02-28,erc1155,29,9108,6409,15517,1432200,0.01083438,1.0834,-0.98916562,-98.9166
2026-02-28,erc1155,3,1715,2854,4569,165356,0.02763129,2.7631,-0.97236871,-97.2369
2026-02-28,erc1155,30,21,21,42,30975,0.00135593,0.1356,-0.99864407,-99.8644
2026-02-28,erc1155,31,11,11,22,29400,0.00074830,0.0748,-0.99925170,-99.9252
2026-02-28,erc1155,32,4690,12505,17195,1474515,0.01166146,1.1661,-0.98833854,-98.8339
2026-02-28,erc1155,4,81,81,162,238409,0.00067950,0.0680,-0.99932050,-99.9320
2026-02-28,erc1155,5,11,11,22,38010,0.00057880,0.0579,-0.99942120,-99.9421
2026-02-28,erc1155,6,165,165,330,445200,0.00074124,0.0741,-0.99925876,-99.9259
2026-02-28,erc1155,7,2,2,4,33663,0.00011882,0.0119,-0.99988118,-99.9881
2026-02-28,erc1155,8,1,1,2,26775,0.00007470,0.0075,-0.99992530,-99.9925
2026-02-28,erc1155,9,2036,1143,3179,308553,0.01030293,1.0303,-0.98969707,-98.9697
2026-03-01,erc1155,10,17,17,34,33075,0.00102797,0.1028,-0.99897203,-99.8972
2026-03-01,erc1155,11,934,934,1868,692451,0.00269766,0.2698,-0.99730234,-99.7302
2026-03-01,erc1155,12,1384,2714,4098,444140,0.00922682,0.9227,-0.99077318,-99.0773
2026-03-01,erc1155,13,8605,3772,12377,648943,0.01907255,1.9073,-0.98092745,-98.0927
2026-03-01,erc1155,14,23,23,46,31500,0.00146032,0.1460,-0.99853968,-99.8540
2026-03-01,erc1155,16,2969,2969,5938,626260,0.00948168,0.9482,-0.99051832,-99.0518
2026-03-01,erc1155,17,266,1169,1435,522584,0.00274597,0.2746,-0.99725403,-99.7254
2026-03-01,erc1155,18,4351,784,5135,706912,0.00726399,0.7264,-0.99273601,-99.2736
2026-03-01,erc1155,19,1258,1258,2516,445200,0.00565139,0.5651,-0.99434861,-99.4349
2026-03-01,erc1155,20,4266,1858,6124,619080,0.00989210,0.9892,-0.99010790,-99.0108
2026-03-01,erc1155,22,2374,2229,4603,641539,0.00717493,0.7175,-0.99282507,-99.2825
2026-03-01,erc1155,23,541,540,1081,741286,0.00145828,0.1458,-0.99854172,-99.8542
2026-03-01,erc1155,24,8,8,16,32550,0.00049155,0.0492,-0.99950845,-99.9508
2026-03-01,erc1155,25,5992,5619,11611,1213275,0.00956997,0.9570,-0.99043003,-99.0430
2026-03-01,erc1155,27,2951,2926,5877,1435061,0.00409530,0.4095,-0.99590470,-99.5905
2026-03-01,erc1155,28,11,11,22,29400,0.00074830,0.0748,-0.99925170,-99.9252
2026-03-01,erc1155,29,5554,8253,13807,1432200,0.00964041,0.9640,-0.99035959,-99.0360
2026-03-01,erc1155,3,240,2046,2286,165356,0.01382472,1.3825,-0.98617528,-98.6175
2026-03-01,erc1155,30,37,37,74,30975,0.00238902,0.2389,-0.99761098,-99.7611
2026-03-01,erc1155,31,50,50,100,29400,0.00340136,0.3401,-0.99659864,-99.6599
2026-03-01,erc1155,32,3014,9679,12693,1474515,0.00860825,0.8608,-0.99139175,-99.1392
2026-03-01,erc1155,4,385,385,770,238409,0.00322974,0.3230,-0.99677026,-99.6770
2026-03-01,erc1155,5,27,27,54,38010,0.00142068,0.1421,-0.99857932,-99.8579
2026-03-01,erc1155,6,945,945,1890,445200,0.00424528,0.4245,-0.99575472,-99.5755
2026-03-01,erc1155,7,19,19,38,33663,0.00112884,0.1129,-0.99887116,-99.8871
2026-03-01,erc1155,8,19,19,38,26775,0.00141923,0.1419,-0.99858077,-99.8581
2026-03-01,erc1155,9,257,501,758,308553,0.00245663,0.2457,-0.99754337,-99.7543
2026-03-02,erc1155,10,61,61,122,33075,0.00368859,0.3689,-0.99631141,-99.6311
2026-03-02,erc1155,11,202,202,404,692451,0.00058343,0.0583,-0.99941657,-99.9417
2026-03-02,erc1155,12,2398,2881,5279,444140,0.01188589,1.1886,-0.98811411,-98.8114
2026-03-02,erc1155,13,12833,4114,16947,648943,0.02611477,2.6115,-0.97388523,-97.3885
2026-03-02,erc1155,14,32,32,64,31500,0.00203175,0.2032,-0.99796825,-99.7968
2026-03-02,erc1155,16,2245,2245,4490,626260,0.00716955,0.7170,-0.99283045,-99.2830
2026-03-02,erc1155,17,3243,1372,4615,522584,0.00883112,0.8831,-0.99116888,-99.1169
2026-03-02,erc1155,18,1052,3677,4729,706912,0.00668966,0.6690,-0.99331034,-99.3310
2026-03-02,erc1155,19,277,277,554,445200,0.00124438,0.1244,-0.99875562,-99.8756
2026-03-02,erc1155,20,9804,13620,23424,619080,0.03783679,3.7837,-0.96216321,-96.2163
2026-03-02,erc1155,22,1611,1117,2728,641539,0.00425227,0.4252,-0.99574773,-99.5748
2026-03-02,erc1155,23,1677,1678,3355,741286,0.00452592,0.4526,-0.99547408,-99.5474
2026-03-02,erc1155,24,49,49,98,32550,0.00301075,0.3011,-0.99698925,-99.6989
2026-03-02,erc1155,25,5831,8350,14181,1213275,0.01168820,1.1688,-0.98831180,-98.8312
2026-03-02,erc1155,27,10357,10382,20739,1435061,0.01445165,1.4452,-0.98554835,-98.5548
2026-03-02,erc1155,29,25730,25730,51460,1432200,0.03593074,3.5931,-0.96406926,-96.4069
2026-03-02,erc1155,3,1325,643,1968,165356,0.01190159,1.1902,-0.98809841,-98.8098
2026-03-02,erc1155,30,2,2,4,30975,0.00012914,0.0129,-0.99987086,-99.9871
2026-03-02,erc1155,31,1,1,2,29400,0.00006803,0.0068,-0.99993197,-99.9932
2026-03-02,erc1155,32,8347,14632,22979,1474515,0.01558411,1.5584,-0.98441589,-98.4416
2026-03-02,erc1155,4,89,89,178,238409,0.00074662,0.0747,-0.99925338,-99.9253
2026-03-02,erc1155,5,4,4,8,38010,0.00021047,0.0210,-0.99978953,-99.9790
2026-03-02,erc1155,6,657,651,1308,445200,0.00293801,0.2938,-0.99706199,-99.7062
2026-03-02,erc1155,7,21,21,42,33663,0.00124766,0.1248,-0.99875234,-99.8752
2026-03-02,erc1155,8,51,51,102,26775,0.00380952,0.3810,-0.99619048,-99.6190
2026-03-02,erc1155,9,859,1131,1990,308553,0.00644946,0.6449,-0.99355054,-99.3551
2026-03-03,erc1155,10,9,9,18,33075,0.00054422,0.0544,-0.99945578,-99.9456
2026-03-03,erc1155,11,211,211,422,692451,0.00060943,0.0609,-0.99939057,-99.9391
2026-03-03,erc1155,12,1728,1396,3124,444140,0.00703382,0.7034,-0.99296618,-99.2966
2026-03-03,erc1155,13,2172,6632,8804,648943,0.01356668,1.3567,-0.98643332,-98.6433
2026-03-03,erc1155,14,17,17,34,31500,0.00107937,0.1079,-0.99892063,-99.8921
2026-03-03,erc1155,16,703,703,1406,626260,0.00224507,0.2245,-0.99775493,-99.7755
2026-03-03,erc1155,17,7384,1659,9043,522584,0.01730440,1.7304,-0.98269560,-98.2696
2026-03-03,erc1155,18,21405,362,21767,706912,0.03079167,3.0792,-0.96920833,-96.9208
2026-03-03,erc1155,19,800,799,1599,445200,0.00359164,0.3592,-0.99640836,-99.6408
2026-03-03,erc1155,20,5946,458,6404,619080,0.01034438,1.0344,-0.98965562,-98.9656
2026-03-03,erc1155,22,5990,3626,9616,641539,0.01498896,1.4989,-0.98501104,-98.5011
2026-03-03,erc1155,23,8987,8987,17974,741286,0.02424705,2.4247,-0.97575295,-97.5753
2026-03-03,erc1155,24,221,221,442,32550,0.01357911,1.3579,-0.98642089,-98.6421
2026-03-03,erc1155,25,9580,3494,13074,1213275,0.01077579,1.0776,-0.98922421,-98.9224
2026-03-03,erc1155,27,16790,16790,33580,1435061,0.02339970,2.3400,-0.97660030,-97.6600
2026-03-03,erc1155,28,2,2,4,29400,0.00013605,0.0136,-0.99986395,-99.9864
2026-03-03,erc1155,29,7349,7349,14698,1432200,0.01026253,1.0263,-0.98973747,-98.9737
2026-03-03,erc1155,3,490,1058,1548,165356,0.00936162,0.9362,-0.99063838,-99.0638
2026-03-03,erc1155,30,31,31,62,30975,0.00200161,0.2002,-0.99799839,-99.7998
2026-03-03,erc1155,32,6781,13743,20524,1474515,0.01391915,1.3919,-0.98608085,-98.6081
2026-03-03,erc1155,4,733,733,1466,238409,0.00614910,0.6149,-0.99385090,-99.3851
2026-03-03,erc1155,6,273,279,552,445200,0.00123989,0.1240,-0.99876011,-99.8760
2026-03-03,erc1155,7,4,4,8,33663,0.00023765,0.0238,-0.99976235,-99.9762
2026-03-03,erc1155,8,116,116,232,26775,0.00866480,0.8665,-0.99133520,-99.1335
2026-03-03,erc1155,9,3183,1053,4236,308553,0.01372860,1.3729,-0.98627140,-98.6271
2026-03-04,erc1155,12,1,310,311,444140,0.00070023,0.0700,-0.99929977,-99.9300
2026-03-04,erc1155,13,0,99,99,648943,0.00015256,0.0153,-0.99984744,-99.9847
2026-03-04,erc1155,17,16,5,21,522584,0.00004018,0.0040,-0.99995982,-99.9960
2026-03-04,erc1155,18,30,8,38,706912,0.00005375,0.0054,-0.99994625,-99.9946
2026-03-04,erc1155,19,0,1,1,445200,0.00000225,0.0002,-0.99999775,-99.9998
2026-03-04,erc1155,22,490,0,490,641539,0.00076379,0.0764,-0.99923621,-99.9236
2026-03-04,erc1155,23,7,7,14,741286,0.00001889,0.0019,-0.99998111,-99.9981
2026-03-04,erc1155,25,20,0,20,1213275,0.00001648,0.0016,-0.99998352,-99.9984
2026-03-04,erc1155,27,3,3,6,1435061,0.00000418,0.0004,-0.99999582,-99.9996
2026-03-04,erc1155,32,1000,42,1042,1474515,0.00070667,0.0707,-0.99929333,-99.9293
2026-03-05,erc1155,10,35,35,70,33075,0.00211640,0.2116,-0.99788360,-99.7884
2026-03-05,erc1155,11,273,273,546,692451,0.00078850,0.0789,-0.99921150,-99.9211
2026-03-05,erc1155,12,914,922,1836,444140,0.00413383,0.4134,-0.99586617,-99.5866
2026-03-05,erc1155,13,1573,7366,8939,648943,0.01377471,1.3775,-0.98622529,-98.6225
2026-03-05,erc1155,14,23,23,46,31500,0.00146032,0.1460,-0.99853968,-99.8540
2026-03-05,erc1155,16,1825,1825,3650,626260,0.00582825,0.5828,-0.99417175,-99.4172
2026-03-05,erc1155,17,1335,3181,4516,522584,0.00864167,0.8642,-0.99135833,-99.1358
2026-03-05,erc1155,18,6975,853,7828,706912,0.01107351,1.1074,-0.98892649,-98.8926
2026-03-05,erc1155,19,2610,2610,5220,445200,0.01172507,1.1725,-0.98827493,-98.8275
2026-03-05,erc1155,20,5403,3826,9229,619080,0.01490760,1.4908,-0.98509240,-98.5092
2026-03-05,erc1155,22,6613,8085,14698,641539,0.02291053,2.2911,-0.97708947,-97.7089
2026-03-05,erc1155,23,6602,4626,11228,741286,0.01514665,1.5147,-0.98485335,-98.4853
2026-03-05,erc1155,24,1,1,2,32550,0.00006144,0.0061,-0.99993856,-99.9939
2026-03-05,erc1155,25,14504,18112,32616,1213275,0.02688261,2.6883,-0.97311739,-97.3117
2026-03-05,erc1155,27,2724,2724,5448,1435061,0.00379635,0.3796,-0.99620365,-99.6204
2026-03-05,erc1155,28,50,50,100,29400,0.00340136,0.3401,-0.99659864,-99.6599
2026-03-05,erc1155,29,4365,4365,8730,1432200,0.00609552,0.6096,-0.99390448,-99.3904
2026-03-05,erc1155,3,590,704,1294,165356,0.00782554,0.7826,-0.99217446,-99.2174
2026-03-05,erc1155,30,40,40,80,30975,0.00258273,0.2583,-0.99741727,-99.7417
2026-03-05,erc1155,31,1,1,2,29400,0.00006803,0.0068,-0.99993197,-99.9932
2026-03-05,erc1155,32,13052,39126,52178,1474515,0.03538655,3.5387,-0.96461345,-96.4613
2026-03-05,erc1155,4,316,316,632,238409,0.00265091,0.2651,-0.99734909,-99.7349
2026-03-05,erc1155,5,49,49,98,38010,0.00257827,0.2578,-0.99742173,-99.7422
2026-03-05,erc1155,6,669,669,1338,445200,0.00300539,0.3005,-0.99699461,-99.6995
2026-03-05,erc1155,7,33,33,66,33663,0.00196061,0.1961,-0.99803939,-99.8039
2026-03-05,erc1155,8,34,34,68,26775,0.00253968,0.2540,-0.99746032,-99.7460
2026-03-05,erc1155,9,232,1528,1760,308553,0.00570404,0.5704,-0.99429596,-99.4296
2026-03-06,erc1155,10,2,2,4,33075,0.00012094,0.0121,-0.99987906,-99.9879
2026-03-06,erc1155,11,84,84,168,692451,0.00024262,0.0243,-0.99975738,-99.9757
2026-03-06,erc1155,12,5614,5175,10789,444140,0.02429189,2.4292,-0.97570811,-97.5708
2026-03-06,erc1155,13,416,416,832,648943,0.00128208,0.1282,-0.99871792,-99.8718
2026-03-06,erc1155,14,11,11,22,31500,0.00069841,0.0698,-0.99930159,-99.9302
2026-03-06,erc1155,16,161,161,322,626260,0.00051416,0.0514,-0.99948584,-99.9486
2026-03-06,erc1155,17,1596,5975,7571,522584,0.01448762,1.4488,-0.98551238,-98.5512
2026-03-06,erc1155,18,798,756,1554,706912,0.00219829,0.2198,-0.99780171,-99.7802
2026-03-06,erc1155,19,350,350,700,445200,0.00157233,0.1572,-0.99842767,-99.8428
2026-03-06,erc1155,20,3179,1045,4224,619080,0.00682303,0.6823,-0.99317697,-99.3177
2026-03-06,erc1155,22,1351,1782,3133,641539,0.00488357,0.4884,-0.99511643,-99.5116
2026-03-06,erc1155,23,742,2543,3285,741286,0.00443149,0.4431,-0.99556851,-99.5569
2026-03-06,erc1155,24,1,1,2,32550,0.00006144,0.0061,-0.99993856,-99.9939
2026-03-06,erc1155,25,8636,7602,16238,1213275,0.01338361,1.3384,-0.98661639,-98.6616
2026-03-06,erc1155,27,1628,1628,3256,1435061,0.00226889,0.2269,-0.99773111,-99.7731
2026-03-06,erc1155,28,91,91,182,29400,0.00619048,0.6190,-0.99380952,-99.3810
2026-03-06,erc1155,29,1021,1021,2042,1432200,0.00142578,0.1426,-0.99857422,-99.8574
2026-03-06,erc1155,3,59,59,118,165356,0.00071361,0.0714,-0.99928639,-99.9286
2026-03-06,erc1155,31,1,1,2,29400,0.00006803,0.0068,-0.99993197,-99.9932
2026-03-06,erc1155,32,4582,27625,32207,1474515,0.02184244,2.1842,-0.97815756,-97.8158
2026-03-06,erc1155,4,67,67,134,238409,0.00056206,0.0562,-0.99943794,-99.9438
2026-03-06,erc1155,5,3,3,6,38010,0.00015785,0.0158,-0.99984215,-99.9842
2026-03-06,erc1155,6,27,27,54,445200,0.00012129,0.0121,-0.99987871,-99.9879
2026-03-06,erc1155,7,5,5,10,33663,0.00029706,0.0297,-0.99970294,-99.9703
2026-03-06,erc1155,8,6,6,12,26775,0.00044818,0.0448,-0.99955182,-99.9552
2026-03-06,erc1155,9,64,73,137,308553,0.00044401,0.0444,-0.99955599,-99.9556
2026-03-07,erc1155,10,4,4,8,33075,0.00024187,0.0242,-0.99975813,-99.9758
2026-03-07,erc1155,11,273,273,546,692451,0.00078850,0.0789,-0.99921150,-99.9211
2026-03-07,erc1155,12,1924,689,2613,444140,0.00588328,0.5883,-0.99411672,-99.4117
2026-03-07,erc1155,13,188,188,376,648943,0.00057940,0.0579,-0.99942060,-99.9421
2026-03-07,erc1155,14,11,11,22,31500,0.00069841,0.0698,-0.99930159,-99.9302
2026-03-07,erc1155,16,2376,629,3005,626260,0.00479833,0.4798,-0.99520167,-99.5202
2026-03-07,erc1155,17,5435,887,6322,522584,0.01209758,1.2098,-0.98790242,-98.7902
2026-03-07,erc1155,18,3389,595,3984,706912,0.00563578,0.5636,-0.99436422,-99.4364
2026-03-07,erc1155,19,227,117,344,445200,0.00077269,0.0773,-0.99922731,-99.9227
2026-03-07,erc1155,20,333,490,823,619080,0.00132939,0.1329,-0.99867061,-99.8671
2026-03-07,erc1155,22,1324,567,1891,641539,0.00294760,0.2948,-0.99705240,-99.7052
2026-03-07,erc1155,23,1396,1571,2967,741286,0.00400250,0.4003,-0.99599750,-99.5997
2026-03-07,erc1155,24,5,5,10,32550,0.00030722,0.0307,-0.99969278,-99.9693
2026-03-07,erc1155,25,3659,5416,9075,1213275,0.00747976,0.7480,-0.99252024,-99.2520
2026-03-07,erc1155,27,2287,2287,4574,1435061,0.00318732,0.3187,-0.99681268,-99.6813
2026-03-07,erc1155,28,1,1,2,29400,0.00006803,0.0068,-0.99993197,-99.9932
2026-03-07,erc1155,29,624,624,1248,1432200,0.00087139,0.0871,-0.99912861,-99.9129
2026-03-07,erc1155,3,87,87,174,165356,0.00105228,0.1052,-0.99894772,-99.8948
2026-03-07,erc1155,30,10,10,20,30975,0.00064568,0.0646,-0.99935432,-99.9354
2026-03-07,erc1155,32,4836,19892,24728,1474515,0.01677026,1.6770,-0.98322974,-98.3230
2026-03-07,erc1155,4,29,29,58,238409,0.00024328,0.0243,-0.99975672,-99.9757
2026-03-07,erc1155,5,15,15,30,38010,0.00078927,0.0789,-0.99921073,-99.9211
2026-03-07,erc1155,6,1388,2484,3872,445200,0.00869721,0.8697,-0.99130279,-99.1303
2026-03-07,erc1155,9,854,1326,2180,308553,0.00706524,0.7065,-0.99293476,-99.2935
2026-03-08,erc1155,11,1,1,2,692451,0.00000289,0.0003,-0.99999711,-99.9997
2026-03-08,erc1155,12,371,2060,2431,444140,0.00547350,0.5473,-0.99452650,-99.4527
2026-03-08,erc1155,13,669,619,1288,648943,0.00198477,0.1985,-0.99801523,-99.8015
2026-03-08,erc1155,16,1104,2851,3955,626260,0.00631527,0.6315,-0.99368473,-99.3685
2026-03-08,erc1155,17,18804,4202,23006,522584,0.04402354,4.4024,-0.95597646,-95.5976
2026-03-08,erc1155,18,6263,809,7072,706912,0.01000407,1.0004,-0.98999593,-98.9996
2026-03-08,erc1155,19,195,216,411,445200,0.00092318,0.0923,-0.99907682,-99.9077
2026-03-08,erc1155,20,488,618,1106,619080,0.00178652,0.1787,-0.99821348,-99.8213
2026-03-08,erc1155,22,1062,1613,2675,641539,0.00416966,0.4170,-0.99583034,-99.5830
2026-03-08,erc1155,23,9288,5771,15059,741286,0.02031470,2.0315,-0.97968530,-97.9685
2026-03-08,erc1155,25,734,2602,3336,1213275,0.00274958,0.2750,-0.99725042,-99.7250
2026-03-08,erc1155,27,114,114,228,1435061,0.00015888,0.0159,-0.99984112,-99.9841
2026-03-08,erc1155,29,3426,3426,6852,1432200,0.00478425,0.4784,-0.99521575,-99.5216
2026-03-08,erc1155,3,1031,33,1064,165356,0.00643460,0.6435,-0.99356540,-99.3565
2026-03-08,erc1155,30,5,5,10,30975,0.00032284,0.0323,-0.99967716,-99.9677
2026-03-08,erc1155,32,7160,8700,15860,1474515,0.01075608,1.0756,-0.98924392,-98.9244
2026-03-08,erc1155,4,423,414,837,238409,0.00351077,0.3511,-0.99648923,-99.6489
2026-03-08,erc1155,5,4,4,8,38010,0.00021047,0.0210,-0.99978953,-99.9790
2026-03-08,erc1155,6,157,1266,1423,445200,0.00319632,0.3196,-0.99680368,-99.6804
2026-03-08,erc1155,7,3,3,6,33663,0.00017824,0.0178,-0.99982176,-99.9822
2026-03-08,erc1155,9,3709,407,4116,308553,0.01333969,1.3340,-0.98666031,-98.6660
2026-03-11,erc1155,10,21,21,42,33075,0.00126984,0.1270,-0.99873016,-99.8730
2026-03-11,erc1155,11,256,256,512,692451,0.00073940,0.0739,-0.99926060,-99.9261
2026-03-11,erc1155,12,2009,4922,6931,444140,0.01560544,1.5605,-0.98439456,-98.4395
2026-03-11,erc1155,13,2846,15737,18583,648943,0.02863580,2.8636,-0.97136420,-97.1364
2026-03-11,erc1155,14,3,3,6,31500,0.00019048,0.0190,-0.99980952,-99.9810
2026-03-11,erc1155,16,2478,2478,4956,626260,0.00791365,0.7914,-0.99208635,-99.2086
2026-03-11,erc1155,17,7957,8865,16822,522584,0.03219004,3.2190,-0.96780996,-96.7810
2026-03-11,erc1155,18,5718,11622,17340,706912,0.02452922,2.4529,-0.97547078,-97.5471
2026-03-11,erc1155,19,2003,2092,4095,445200,0.00919811,0.9198,-0.99080189,-99.0802
2026-03-11,erc1155,20,7388,7208,14596,619080,0.02357692,2.3577,-0.97642308,-97.6423
2026-03-11,erc1155,22,8467,10302,18769,641539,0.02925621,2.9256,-0.97074379,-97.0744
2026-03-11,erc1155,23,3971,7488,11459,741286,0.01545827,1.5458,-0.98454173,-98.4542
2026-03-11,erc1155,24,33,33,66,32550,0.00202765,0.2028,-0.99797235,-99.7972
2026-03-11,erc1155,25,23052,17272,40324,1213275,0.03323566,3.3236,-0.96676434,-96.6764
2026-03-11,erc1155,27,12795,12795,25590,1435061,0.01783199,1.7832,-0.98216801,-98.2168
2026-03-11,erc1155,28,14,14,28,29400,0.00095238,0.0952,-0.99904762,-99.9048
2026-03-11,erc1155,29,10463,10463,20926,1432200,0.01461109,1.4611,-0.98538891,-98.5389
2026-03-11,erc1155,3,1696,2694,4390,165356,0.02654878,2.6549,-0.97345122,-97.3451
2026-03-11,erc1155,30,20,20,40,30975,0.00129136,0.1291,-0.99870864,-99.8709
2026-03-11,erc1155,31,3,3,6,29400,0.00020408,0.0204,-0.99979592,-99.9796
2026-03-11,erc1155,32,27160,67620,94780,1474515,0.06427876,6.4279,-0.93572124,-93.5721
2026-03-11,erc1155,4,785,794,1579,238409,0.00662307,0.6623,-0.99337693,-99.3377
2026-03-11,erc1155,5,69,69,138,38010,0.00363062,0.3631,-0.99636938,-99.6369
2026-03-11,erc1155,6,2605,2605,5210,445200,0.01170261,1.1703,-0.98829739,-98.8297
2026-03-11,erc1155,7,26,26,52,33663,0.00154472,0.1545,-0.99845528,-99.8455
2026-03-11,erc1155,8,252,252,504,26775,0.01882353,1.8824,-0.98117647,-98.1176
2026-03-11,erc1155,9,1655,5601,7256,308553,0.02351622,2.3516,-0.97648378,-97.6484
2026-03-12,erc1155,10,87,87,174,33075,0.00526077,0.5261,-0.99473923,-99.4739
2026-03-12,erc1155,11,120,120,240,692451,0.00034659,0.0347,-0.99965341,-99.9653
2026-03-12,erc1155,12,96,96,192,444140,0.00043230,0.0432,-0.99956770,-99.9568
2026-03-12,erc1155,13,1377,1385,2762,648943,0.00425615,0.4256,-0.99574385,-99.5744
2026-03-12,erc1155,14,3,3,6,31500,0.00019048,0.0190,-0.99980952,-99.9810
2026-03-12,erc1155,16,35,35,70,626260,0.00011177,0.0112,-0.99988823,-99.9888
2026-03-12,erc1155,17,5112,591,5703,522584,0.01091308,1.0913,-0.98908692,-98.9087
2026-03-12,erc1155,18,196,257,453,706912,0.00064082,0.0641,-0.99935918,-99.9359
2026-03-12,erc1155,19,628,575,1203,445200,0.00270216,0.2702,-0.99729784,-99.7298
2026-03-12,erc1155,20,211,1845,2056,619080,0.00332106,0.3321,-0.99667894,-99.6679
2026-03-12,erc1155,22,120,3525,3645,641539,0.00568165,0.5682,-0.99431835,-99.4318
2026-03-12,erc1155,23,691,691,1382,741286,0.00186433,0.1864,-0.99813567,-99.8136
2026-03-12,erc1155,24,5,5,10,32550,0.00030722,0.0307,-0.99969278,-99.9693
2026-03-12,erc1155,25,2126,4027,6153,1213275,0.00507140,0.5071,-0.99492860,-99.4929
2026-03-12,erc1155,27,3601,3601,7202,1435061,0.00501860,0.5019,-0.99498140,-99.4981
2026-03-12,erc1155,29,825,825,1650,1432200,0.00115207,0.1152,-0.99884793,-99.8848
2026-03-12,erc1155,3,492,425,917,165356,0.00554561,0.5546,-0.99445439,-99.4454
2026-03-12,erc1155,31,3,3,6,29400,0.00020408,0.0204,-0.99979592,-99.9796
2026-03-12,erc1155,32,4787,23991,28778,1474515,0.01951693,1.9517,-0.98048307,-98.0483
2026-03-12,erc1155,4,100,54,154,238409,0.00064595,0.0646,-0.99935405,-99.9354
2026-03-12,erc1155,5,20,20,40,38010,0.00105235,0.1052,-0.99894765,-99.8948
2026-03-12,erc1155,6,153,153,306,445200,0.00068733,0.0687,-0.99931267,-99.9313
2026-03-12,erc1155,7,3,3,6,33663,0.00017824,0.0178,-0.99982176,-99.9822
2026-03-12,erc1155,8,24,24,48,26775,0.00179272,0.1793,-0.99820728,-99.8207
2026-03-12,erc1155,9,64,68,132,308553,0.00042780,0.0428,-0.99957220,-99.9572
2026-03-13,erc1155,10,1,1,2,33075,0.00006047,0.0060,-0.99993953,-99.9940
2026-03-13,erc1155,11,9,9,18,692451,0.00002599,0.0026,-0.99997401,-99.9974
2026-03-13,erc1155,12,2730,2730,5460,444140,0.01229342,1.2293,-0.98770658,-98.7707
2026-03-13,erc1155,13,584,584,1168,648943,0.00179985,0.1800,-0.99820015,-99.8200
2026-03-13,erc1155,16,852,852,1704,626260,0.00272091,0.2721,-0.99727909,-99.7279
2026-03-13,erc1155,17,633,2776,3409,522584,0.00652335,0.6523,-0.99347665,-99.3477
2026-03-13,erc1155,18,3340,146,3486,706912,0.00493131,0.4931,-0.99506869,-99.5069
2026-03-13,erc1155,19,1255,1308,2563,445200,0.00575696,0.5757,-0.99424304,-99.4243
2026-03-13,erc1155,20,461,893,1354,619080,0.00218712,0.2187,-0.99781288,-99.7813
2026-03-13,erc1155,22,795,3299,4094,641539,0.00638153,0.6382,-0.99361847,-99.3618
2026-03-13,erc1155,23,4516,479,4995,741286,0.00673829,0.6738,-0.99326171,-99.3262
2026-03-13,erc1155,24,8,8,16,32550,0.00049155,0.0492,-0.99950845,-99.9508
2026-03-13,erc1155,25,1707,5831,7538,1213275,0.00621294,0.6213,-0.99378706,-99.3787
2026-03-13,erc1155,27,7749,7749,15498,1435061,0.01079954,1.0800,-0.98920046,-98.9200
2026-03-13,erc1155,29,19643,18994,38637,1432200,0.02697738,2.6977,-0.97302262,-97.3023
2026-03-13,erc1155,3,125,190,315,165356,0.00190498,0.1905,-0.99809502,-99.8095
2026-03-13,erc1155,30,11,11,22,30975,0.00071025,0.0710,-0.99928975,-99.9290
2026-03-13,erc1155,31,4,4,8,29400,0.00027211,0.0272,-0.99972789,-99.9728
2026-03-13,erc1155,32,8836,14187,23023,1474515,0.01561395,1.5614,-0.98438605,-98.4386
2026-03-13,erc1155,4,2561,2595,5156,238409,0.02162670,2.1627,-0.97837330,-97.8373
2026-03-13,erc1155,5,14,14,28,38010,0.00073665,0.0737,-0.99926335,-99.9263
2026-03-13,erc1155,6,85,85,170,445200,0.00038185,0.0382,-0.99961815,-99.9618
2026-03-13,erc1155,7,9,9,18,33663,0.00053471,0.0535,-0.99946529,-99.9465
2026-03-13,erc1155,8,71,71,142,26775,0.00530345,0.5303,-0.99469655,-99.4697
2026-03-13,erc1155,9,223,223,446,308553,0.00144546,0.1445,-0.99855454,-99.8555
2026-03-14,erc1155,10,24,24,48,33075,0.00145125,0.1451,-0.99854875,-99.8549
2026-03-14,erc1155,11,13853,9753,23606,692451,0.03409050,3.4090,-0.96590950,-96.5910
2026-03-14,erc1155,12,196,196,392,444140,0.00088260,0.0883,-0.99911740,-99.9117
2026-03-14,erc1155,13,5246,2146,7392,648943,0.01139083,1.1391,-0.98860917,-98.8609
2026-03-14,erc1155,16,1507,1507,3014,626260,0.00481270,0.4813,-0.99518730,-99.5187
2026-03-14,erc1155,17,677,344,1021,522584,0.00195375,0.1954,-0.99804625,-99.8046
2026-03-14,erc1155,18,3210,104,3314,706912,0.00468800,0.4688,-0.99531200,-99.5312
2026-03-14,erc1155,19,529,529,1058,445200,0.00237646,0.2376,-0.99762354,-99.7624
2026-03-14,erc1155,20,78,147,225,619080,0.00036344,0.0363,-0.99963656,-99.9637
2026-03-14,erc1155,22,1535,3543,5078,641539,0.00791534,0.7915,-0.99208466,-99.2085
2026-03-14,erc1155,23,1121,5158,6279,741286,0.00847041,0.8470,-0.99152959,-99.1530
2026-03-14,erc1155,24,37,37,74,32550,0.00227343,0.2273,-0.99772657,-99.7727
2026-03-14,erc1155,25,1539,1456,2995,1213275,0.00246853,0.2469,-0.99753147,-99.7531
2026-03-14,erc1155,27,5405,5405,10810,1435061,0.00753278,0.7533,-0.99246722,-99.2467
2026-03-14,erc1155,28,31,31,62,29400,0.00210884,0.2109,-0.99789116,-99.7891
2026-03-14,erc1155,29,5365,6014,11379,1432200,0.00794512,0.7945,-0.99205488,-99.2055
2026-03-14,erc1155,3,62,64,126,165356,0.00076199,0.0762,-0.99923801,-99.9238
2026-03-14,erc1155,31,10,10,20,29400,0.00068027,0.0680,-0.99931973,-99.9320
2026-03-14,erc1155,32,7433,13647,21080,1474515,0.01429623,1.4296,-0.98570377,-98.5704
2026-03-14,erc1155,4,79,73,152,238409,0.00063756,0.0638,-0.99936244,-99.9362
2026-03-14,erc1155,5,6,6,12,38010,0.00031571,0.0316,-0.99968429,-99.9684
2026-03-14,erc1155,6,716,269,985,445200,0.00221249,0.2212,-0.99778751,-99.7788
2026-03-14,erc1155,7,1,1,2,33663,0.00005941,0.0059,-0.99994059,-99.9941
2026-03-14,erc1155,8,15,15,30,26775,0.00112045,0.1120,-0.99887955,-99.8880
2026-03-14,erc1155,9,305,184,489,308553,0.00158482,0.1585,-0.99841518,-99.8415
2026-03-15,erc1155,10,8,8,16,33075,0.00048375,0.0484,-0.99951625,-99.9516
2026-03-15,erc1155,11,204,3494,3698,692451,0.00534045,0.5340,-0.99465955,-99.4660
2026-03-15,erc1155,12,404,304,708,444140,0.00159409,0.1594,-0.99840591,-99.8406
2026-03-15,erc1155,13,971,4071,5042,648943,0.00776956,0.7770,-0.99223044,-99.2230
2026-03-15,erc1155,14,1,1,2,31500,0.00006349,0.0063,-0.99993651,-99.9937
2026-03-15,erc1155,16,77,77,154,626260,0.00024590,0.0246,-0.99975410,-99.9754
2026-03-15,erc1155,17,3994,605,4599,522584,0.00880050,0.8800,-0.99119950,-99.1200
2026-03-15,erc1155,18,385,88,473,706912,0.00066911,0.0669,-0.99933089,-99.9331
2026-03-15,erc1155,19,5037,2043,7080,445200,0.01590296,1.5903,-0.98409704,-98.4097
2026-03-15,erc1155,20,425,628,1053,619080,0.00170091,0.1701,-0.99829909,-99.8299
2026-03-15,erc1155,22,2373,791,3164,641539,0.00493189,0.4932,-0.99506811,-99.5068
2026-03-15,erc1155,23,867,867,1734,741286,0.00233918,0.2339,-0.99766082,-99.7661
2026-03-15,erc1155,24,25,25,50,32550,0.00153610,0.1536,-0.99846390,-99.8464
2026-03-15,erc1155,25,2332,2352,4684,1213275,0.00386063,0.3861,-0.99613937,-99.6139
2026-03-15,erc1155,27,1773,1773,3546,1435061,0.00247098,0.2471,-0.99752902,-99.7529
2026-03-15,erc1155,28,20,20,40,29400,0.00136054,0.1361,-0.99863946,-99.8639
2026-03-15,erc1155,29,170,170,340,1432200,0.00023740,0.0237,-0.99976260,-99.9763
2026-03-15,erc1155,3,66,66,132,165356,0.00079828,0.0798,-0.99920172,-99.9202
2026-03-15,erc1155,30,51,51,102,30975,0.00329298,0.3293,-0.99670702,-99.6707
2026-03-15,erc1155,32,1238,15130,16368,1474515,0.01110060,1.1101,-0.98889940,-98.8899
2026-03-15,erc1155,4,189,207,396,238409,0.00166101,0.1661,-0.99833899,-99.8339
2026-03-15,erc1155,5,53,53,106,38010,0.00278874,0.2789,-0.99721126,-99.7211
2026-03-15,erc1155,6,244,691,935,445200,0.00210018,0.2100,-0.99789982,-99.7900
2026-03-15,erc1155,7,2,2,4,33663,0.00011882,0.0119,-0.99988118,-99.9881
2026-03-15,erc1155,8,5,5,10,26775,0.00037348,0.0373,-0.99962652,-99.9627
2026-03-15,erc1155,9,320,432,752,308553,0.00243718,0.2437,-0.99756282,-99.7563
2026-03-16,erc1155,10,10,10,20,33075,0.00060469,0.0605,-0.99939531,-99.9395
2026-03-16,erc1155,11,524,914,1438,692451,0.00207668,0.2077,-0.99792332,-99.7923
2026-03-16,erc1155,12,2599,2326,4925,444140,0.01108885,1.1089,-0.98891115,-98.8911
2026-03-16,erc1155,13,3292,3292,6584,648943,0.01014573,1.0146,-0.98985427,-98.9854
2026-03-16,erc1155,14,5,5,10,31500,0.00031746,0.0317,-0.99968254,-99.9683
2026-03-16,erc1155,16,1364,1364,2728,626260,0.00435602,0.4356,-0.99564398,-99.5644
2026-03-16,erc1155,17,1330,8591,9921,522584,0.01898451,1.8985,-0.98101549,-98.1015
2026-03-16,erc1155,18,7541,17378,24919,706912,0.03525050,3.5250,-0.96474950,-96.4750
2026-03-16,erc1155,19,56,3050,3106,445200,0.00697664,0.6977,-0.99302336,-99.3023
2026-03-16,erc1155,20,1296,5085,6381,619080,0.01030723,1.0307,-0.98969277,-98.9693
2026-03-16,erc1155,22,4237,6220,10457,641539,0.01629987,1.6300,-0.98370013,-98.3700
2026-03-16,erc1155,23,159,159,318,741286,0.00042898,0.0429,-0.99957102,-99.9571
2026-03-16,erc1155,24,5,5,10,32550,0.00030722,0.0307,-0.99969278,-99.9693
2026-03-16,erc1155,25,8874,8879,17753,1213275,0.01463230,1.4632,-0.98536770,-98.5368
2026-03-16,erc1155,27,5179,5179,10358,1435061,0.00721781,0.7218,-0.99278219,-99.2782
2026-03-16,erc1155,28,2,2,4,29400,0.00013605,0.0136,-0.99986395,-99.9864
2026-03-16,erc1155,29,20951,18801,39752,1432200,0.02775590,2.7756,-0.97224410,-97.2244
2026-03-16,erc1155,3,339,259,598,165356,0.00361644,0.3616,-0.99638356,-99.6384
2026-03-16,erc1155,30,14,14,28,30975,0.00090395,0.0904,-0.99909605,-99.9096
2026-03-16,erc1155,32,8764,18096,26860,1474515,0.01821616,1.8216,-0.98178384,-98.1784
2026-03-16,erc1155,4,2606,1163,3769,238409,0.01580897,1.5809,-0.98419103,-98.4191
2026-03-16,erc1155,5,7,7,14,38010,0.00036832,0.0368,-0.99963168,-99.9632
2026-03-16,erc1155,6,1262,1262,2524,445200,0.00566936,0.5669,-0.99433064,-99.4331
2026-03-16,erc1155,7,6,6,12,33663,0.00035647,0.0356,-0.99964353,-99.9644
2026-03-16,erc1155,8,3,3,6,26775,0.00022409,0.0224,-0.99977591,-99.9776
2026-03-16,erc1155,9,1232,1151,2383,308553,0.00772315,0.7723,-0.99227685,-99.2277
2026-03-17,erc1155,10,2,2,4,33075,0.00012094,0.0121,-0.99987906,-99.9879
2026-03-17,erc1155,11,190,235,425,692451,0.00061376,0.0614,-0.99938624,-99.9386
2026-03-17,erc1155,12,2738,3111,5849,444140,0.01316927,1.3169,-0.98683073,-98.6831
2026-03-17,erc1155,13,734,734,1468,648943,0.00226214,0.2262,-0.99773786,-99.7738
2026-03-17,erc1155,16,5090,121,5211,626260,0.00832083,0.8321,-0.99167917,-99.1679
2026-03-17,erc1155,17,7436,2491,9927,522584,0.01899599,1.8996,-0.98100401,-98.1004
2026-03-17,erc1155,18,5335,5873,11208,706912,0.01585487,1.5855,-0.98414513,-98.4145
2026-03-17,erc1155,19,661,575,1236,445200,0.00277628,0.2776,-0.99722372,-99.7224
2026-03-17,erc1155,20,9492,8047,17539,619080,0.02833075,2.8331,-0.97166925,-97.1669
2026-03-17,erc1155,22,9102,326,9428,641539,0.01469591,1.4696,-0.98530409,-98.5304
2026-03-17,erc1155,23,2650,2650,5300,741286,0.00714974,0.7150,-0.99285026,-99.2850
2026-03-17,erc1155,24,5,5,10,32550,0.00030722,0.0307,-0.99969278,-99.9693
2026-03-17,erc1155,25,13104,5053,18157,1213275,0.01496528,1.4965,-0.98503472,-98.5035
2026-03-17,erc1155,27,5052,5052,10104,1435061,0.00704082,0.7041,-0.99295918,-99.2959
2026-03-17,erc1155,28,10,10,20,29400,0.00068027,0.0680,-0.99931973,-99.9320
2026-03-17,erc1155,29,7707,9283,16990,1432200,0.01186287,1.1863,-0.98813713,-98.8137
2026-03-17,erc1155,3,553,621,1174,165356,0.00709983,0.7100,-0.99290017,-99.2900
2026-03-17,erc1155,32,25276,29108,54384,1474515,0.03688264,3.6883,-0.96311736,-96.3117
2026-03-17,erc1155,4,263,1706,1969,238409,0.00825892,0.8259,-0.99174108,-99.1741
2026-03-17,erc1155,5,15,15,30,38010,0.00078927,0.0789,-0.99921073,-99.9211
2026-03-17,erc1155,6,144,144,288,445200,0.00064690,0.0647,-0.99935310,-99.9353
2026-03-17,erc1155,7,2,2,4,33663,0.00011882,0.0119,-0.99988118,-99.9881
2026-03-17,erc1155,8,13,13,26,26775,0.00097106,0.0971,-0.99902894,-99.9029
2026-03-17,erc1155,9,2758,1058,3816,308553,0.01236741,1.2367,-0.98763259,-98.7633
2026-03-18,erc1155,10,18,18,36,33075,0.00108844,0.1088,-0.99891156,-99.8912
2026-03-18,erc1155,11,255,255,510,692451,0.00073651,0.0737,-0.99926349,-99.9263
2026-03-18,erc1155,12,233,233,466,444140,0.00104922,0.1049,-0.99895078,-99.8951
2026-03-18,erc1155,13,1325,1325,2650,648943,0.00408356,0.4084,-0.99591644,-99.5916
2026-03-18,erc1155,16,2288,7257,9545,626260,0.01524127,1.5241,-0.98475873,-98.4759
2026-03-18,erc1155,17,575,2825,3400,522584,0.00650613,0.6506,-0.99349387,-99.3494
2026-03-18,erc1155,18,476,8692,9168,706912,0.01296908,1.2969,-0.98703092,-98.7031
2026-03-18,erc1155,19,1900,1986,3886,445200,0.00872866,0.8729,-0.99127134,-99.1271
2026-03-18,erc1155,20,1787,12562,14349,619080,0.02317794,2.3178,-0.97682206,-97.6822
2026-03-18,erc1155,22,71,8884,8955,641539,0.01395862,1.3959,-0.98604138,-98.6041
2026-03-18,erc1155,23,1661,1661,3322,741286,0.00448140,0.4481,-0.99551860,-99.5519
2026-03-18,erc1155,25,785,8144,8929,1213275,0.00735942,0.7359,-0.99264058,-99.2641
2026-03-18,erc1155,27,4255,2465,6720,1435061,0.00468273,0.4683,-0.99531727,-99.5317
2026-03-18,erc1155,29,3232,3582,6814,1432200,0.00475772,0.4758,-0.99524228,-99.5242
2026-03-18,erc1155,3,157,169,326,165356,0.00197150,0.1972,-0.99802850,-99.8028
2026-03-18,erc1155,30,16,16,32,30975,0.00103309,0.1033,-0.99896691,-99.8967
2026-03-18,erc1155,31,3,3,6,29400,0.00020408,0.0204,-0.99979592,-99.9796
2026-03-18,erc1155,32,8485,31052,39537,1474515,0.02681356,2.6814,-0.97318644,-97.3186
2026-03-18,erc1155,4,154,70,224,238409,0.00093956,0.0940,-0.99906044,-99.9060
2026-03-18,erc1155,5,9,9,18,38010,0.00047356,0.0474,-0.99952644,-99.9526
2026-03-18,erc1155,6,100,100,200,445200,0.00044924,0.0449,-0.99955076,-99.9551
2026-03-18,erc1155,7,1,1,2,33663,0.00005941,0.0059,-0.99994059,-99.9941
2026-03-18,erc1155,9,612,2020,2632,308553,0.00853014,0.8530,-0.99146986,-99.1470
2026-03-19,erc1155,10,12,12,24,33075,0.00072562,0.0726,-0.99927438,-99.9274
2026-03-19,erc1155,11,392,450,842,692451,0.00121597,0.1216,-0.99878403,-99.8784
2026-03-19,erc1155,12,2091,397,2488,444140,0.00560184,0.5602,-0.99439816,-99.4398
2026-03-19,erc1155,13,4301,3657,7958,648943,0.01226302,1.2263,-0.98773698,-98.7737
2026-03-19,erc1155,14,127,127,254,31500,0.00806349,0.8063,-0.99193651,-99.1937
2026-03-19,erc1155,16,2133,1717,3850,626260,0.00614761,0.6148,-0.99385239,-99.3852
2026-03-19,erc1155,17,9722,7463,17185,522584,0.03288467,3.2885,-0.96711533,-96.7115
2026-03-19,erc1155,18,1453,15297,16750,706912,0.02369460,2.3695,-0.97630540,-97.6305
2026-03-19,erc1155,19,3249,1591,4840,445200,0.01087152,1.0872,-0.98912848,-98.9128
2026-03-19,erc1155,20,12844,6451,19295,619080,0.03116722,3.1167,-0.96883278,-96.8833
2026-03-19,erc1155,22,3295,2499,5794,641539,0.00903141,0.9031,-0.99096859,-99.0969
2026-03-19,erc1155,23,16723,4470,21193,741286,0.02858951,2.8590,-0.97141049,-97.1410
2026-03-19,erc1155,24,19,19,38,32550,0.00116743,0.1167,-0.99883257,-99.8833
2026-03-19,erc1155,25,9584,3993,13577,1213275,0.01119037,1.1190,-0.98880963,-98.8810
2026-03-19,erc1155,27,23537,16944,40481,1435061,0.02820856,2.8209,-0.97179144,-97.1791
2026-03-19,erc1155,29,5741,5740,11481,1432200,0.00801634,0.8016,-0.99198366,-99.1984
2026-03-19,erc1155,3,280,133,413,165356,0.00249764,0.2498,-0.99750236,-99.7502
2026-03-19,erc1155,30,2,2,4,30975,0.00012914,0.0129,-0.99987086,-99.9871
2026-03-19,erc1155,31,18,18,36,29400,0.00122449,0.1224,-0.99877551,-99.8776
2026-03-19,erc1155,32,12624,19264,31888,1474515,0.02162609,2.1626,-0.97837391,-97.8374
2026-03-19,erc1155,4,101,185,286,238409,0.00119962,0.1200,-0.99880038,-99.8800
2026-03-19,erc1155,5,11,11,22,38010,0.00057880,0.0579,-0.99942120,-99.9421
2026-03-19,erc1155,6,484,484,968,445200,0.00217430,0.2174,-0.99782570,-99.7826
2026-03-19,erc1155,7,19,19,38,33663,0.00112884,0.1129,-0.99887116,-99.8871
2026-03-19,erc1155,8,12,12,24,26775,0.00089636,0.0896,-0.99910364,-99.9104
2026-03-19,erc1155,9,809,10439,11248,308553,0.03645403,3.6454,-0.96354597,-96.3546
2026-03-20,erc1155,10,56,56,112,33075,0.00338624,0.3386,-0.99661376,-99.6614
2026-03-20,erc1155,11,96,174,270,692451,0.00038992,0.0390,-0.99961008,-99.9610
2026-03-20,erc1155,12,950,2644,3594,444140,0.00809204,0.8092,-0.99190796,-99.1908
2026-03-20,erc1155,13,1052,1696,2748,648943,0.00423458,0.4235,-0.99576542,-99.5765
2026-03-20,erc1155,14,216,216,432,31500,0.01371429,1.3714,-0.98628571,-98.6286
2026-03-20,erc1155,16,1833,2249,4082,626260,0.00651806,0.6518,-0.99348194,-99.3482
2026-03-20,erc1155,17,1088,778,1866,522584,0.00357072,0.3571,-0.99642928,-99.6429
2026-03-20,erc1155,18,10750,1281,12031,706912,0.01701909,1.7019,-0.98298091,-98.2981
2026-03-20,erc1155,19,463,434,897,445200,0.00201482,0.2015,-0.99798518,-99.7985
2026-03-20,erc1155,20,14840,4077,18917,619080,0.03055663,3.0557,-0.96944337,-96.9443
2026-03-20,erc1155,22,3855,4575,8430,641539,0.01314028,1.3140,-0.98685972,-98.6860
2026-03-20,erc1155,23,1565,1682,3247,741286,0.00438023,0.4380,-0.99561977,-99.5620
2026-03-20,erc1155,24,96,96,192,32550,0.00589862,0.5899,-0.99410138,-99.4101
2026-03-20,erc1155,25,4789,6227,11016,1213275,0.00907956,0.9080,-0.99092044,-99.0920
2026-03-20,erc1155,27,15093,10235,25328,1435061,0.01764942,1.7649,-0.98235058,-98.2351
2026-03-20,erc1155,29,3334,3385,6719,1432200,0.00469138,0.4691,-0.99530862,-99.5309
2026-03-20,erc1155,3,117,168,285,165356,0.00172355,0.1724,-0.99827645,-99.8276
2026-03-20,erc1155,30,30,30,60,30975,0.00193705,0.1937,-0.99806295,-99.8063
2026-03-20,erc1155,32,2754,4752,7506,1474515,0.00509049,0.5090,-0.99490951,-99.4910
2026-03-20,erc1155,4,678,342,1020,238409,0.00427836,0.4278,-0.99572164,-99.5722
2026-03-20,erc1155,5,3,3,6,38010,0.00015785,0.0158,-0.99984215,-99.9842
2026-03-20,erc1155,6,404,404,808,445200,0.00181491,0.1815,-0.99818509,-99.8185
2026-03-20,erc1155,7,115,115,230,33663,0.00683243,0.6832,-0.99316757,-99.3168
2026-03-20,erc1155,8,5,5,10,26775,0.00037348,0.0373,-0.99962652,-99.9627
2026-03-20,erc1155,9,401,438,839,308553,0.00271914,0.2719,-0.99728086,-99.7281
2026-03-21,erc1155,10,2,2,4,33075,0.00012094,0.0121,-0.99987906,-99.9879
2026-03-21,erc1155,11,20,20,40,692451,0.00005777,0.0058,-0.99994223,-99.9942
2026-03-21,erc1155,12,569,569,1138,444140,0.00256226,0.2562,-0.99743774,-99.7438
2026-03-21,erc1155,13,313,313,626,648943,0.00096465,0.0965,-0.99903535,-99.9035
2026-03-21,erc1155,14,10,10,20,31500,0.00063492,0.0635,-0.99936508,-99.9365
2026-03-21,erc1155,16,40,40,80,626260,0.00012774,0.0128,-0.99987226,-99.9872
2026-03-21,erc1155,17,225,255,480,522584,0.00091851,0.0919,-0.99908149,-99.9081
2026-03-21,erc1155,18,611,5097,5708,706912,0.00807456,0.8075,-0.99192544,-99.1925
2026-03-21,erc1155,19,252,252,504,445200,0.00113208,0.1132,-0.99886792,-99.8868
2026-03-21,erc1155,20,2816,8185,11001,619080,0.01776992,1.7770,-0.98223008,-98.2230
2026-03-21,erc1155,22,4129,4195,8324,641539,0.01297505,1.2975,-0.98702495,-98.7025
2026-03-21,erc1155,23,476,476,952,741286,0.00128425,0.1284,-0.99871575,-99.8716
2026-03-21,erc1155,24,1,1,2,32550,0.00006144,0.0061,-0.99993856,-99.9939
2026-03-21,erc1155,25,1399,1492,2891,1213275,0.00238281,0.2383,-0.99761719,-99.7617
2026-03-21,erc1155,27,2825,3565,6390,1435061,0.00445277,0.4453,-0.99554723,-99.5547
2026-03-21,erc1155,29,318,318,636,1432200,0.00044407,0.0444,-0.99955593,-99.9556
2026-03-21,erc1155,3,340,340,680,165356,0.00411234,0.4112,-0.99588766,-99.5888
2026-03-21,erc1155,30,10,10,20,30975,0.00064568,0.0646,-0.99935432,-99.9354
2026-03-21,erc1155,32,3643,9581,13224,1474515,0.00896837,0.8968,-0.99103163,-99.1032
2026-03-21,erc1155,4,240,245,485,238409,0.00203432,0.2034,-0.99796568,-99.7966
2026-03-21,erc1155,5,11,11,22,38010,0.00057880,0.0579,-0.99942120,-99.9421
2026-03-21,erc1155,6,80,80,160,445200,0.00035939,0.0359,-0.99964061,-99.9641
2026-03-21,erc1155,7,2,2,4,33663,0.00011882,0.0119,-0.99988118,-99.9881
2026-03-21,erc1155,9,151,164,315,308553,0.00102089,0.1021,-0.99897911,-99.8979
2026-03-22,erc1155,10,1,1,2,33075,0.00006047,0.0060,-0.99993953,-99.9940
2026-03-22,erc1155,11,1,159,160,692451,0.00023106,0.0231,-0.99976894,-99.9769
2026-03-22,erc1155,12,201,191,392,444140,0.00088260,0.0883,-0.99911740,-99.9117
2026-03-22,erc1155,13,1491,1491,2982,648943,0.00459516,0.4595,-0.99540484,-99.5405
2026-03-22,erc1155,14,2,2,4,31500,0.00012698,0.0127,-0.99987302,-99.9873
2026-03-22,erc1155,16,244,244,488,626260,0.00077923,0.0779,-0.99922077,-99.9221
2026-03-22,erc1155,17,187,124,311,522584,0.00059512,0.0595,-0.99940488,-99.9405
2026-03-22,erc1155,18,2477,1131,3608,706912,0.00510389,0.5104,-0.99489611,-99.4896
2026-03-22,erc1155,20,574,1882,2456,619080,0.00396718,0.3967,-0.99603282,-99.6033
2026-03-22,erc1155,22,108,118,226,641539,0.00035228,0.0352,-0.99964772,-99.9648
2026-03-22,erc1155,23,215,765,980,741286,0.00132203,0.1322,-0.99867797,-99.8678
2026-03-22,erc1155,24,1,1,2,32550,0.00006144,0.0061,-0.99993856,-99.9939
2026-03-22,erc1155,25,2828,3865,6693,1213275,0.00551647,0.5516,-0.99448353,-99.4484
2026-03-22,erc1155,27,968,11978,12946,1435061,0.00902122,0.9021,-0.99097878,-99.0979
2026-03-22,erc1155,28,1,1,2,29400,0.00006803,0.0068,-0.99993197,-99.9932
2026-03-22,erc1155,29,1958,2026,3984,1432200,0.00278173,0.2782,-0.99721827,-99.7218
2026-03-22,erc1155,3,89,185,274,165356,0.00165703,0.1657,-0.99834297,-99.8343
2026-03-22,erc1155,30,1,1,2,30975,0.00006457,0.0065,-0.99993543,-99.9935
2026-03-22,erc1155,31,1,1,2,29400,0.00006803,0.0068,-0.99993197,-99.9932
2026-03-22,erc1155,32,259,14754,15013,1474515,0.01018165,1.0182,-0.98981835,-98.9818
2026-03-22,erc1155,4,12,343,355,238409,0.00148904,0.1489,-0.99851096,-99.8511
2026-03-22,erc1155,5,1,1,2,38010,0.00005262,0.0053,-0.99994738,-99.9947
2026-03-22,erc1155,6,10,10,20,445200,0.00004492,0.0045,-0.99995508,-99.9955
2026-03-22,erc1155,7,1,1,2,33663,0.00005941,0.0059,-0.99994059,-99.9941
2026-03-22,erc1155,8,1,1,2,26775,0.00007470,0.0075,-0.99992530,-99.9925
2026-03-22,erc1155,9,5,5,10,308553,0.00003241,0.0032,-0.99996759,-99.9968
2026-03-23,erc1155,10,8,8,16,33075,0.00048375,0.0484,-0.99951625,-99.9516
2026-03-23,erc1155,11,223,223,446,692451,0.00064409,0.0644,-0.99935591,-99.9356
2026-03-23,erc1155,12,753,763,1516,444140,0.00341334,0.3413,-0.99658666,-99.6587
2026-03-23,erc1155,13,1901,1901,3802,648943,0.00585876,0.5859,-0.99414124,-99.4141
2026-03-23,erc1155,16,892,892,1784,626260,0.00284866,0.2849,-0.99715134,-99.7151
2026-03-23,erc1155,17,790,853,1643,522584,0.00314399,0.3144,-0.99685601,-99.6856
2026-03-23,erc1155,18,1439,2426,3865,706912,0.00546744,0.5467,-0.99453256,-99.4533
2026-03-23,erc1155,19,3760,1287,5047,445200,0.01133648,1.1336,-0.98866352,-98.8664
2026-03-23,erc1155,20,3106,2202,5308,619080,0.00857401,0.8574,-0.99142599,-99.1426
2026-03-23,erc1155,22,2217,1841,4058,641539,0.00632541,0.6325,-0.99367459,-99.3675
2026-03-23,erc1155,23,4334,3302,7636,741286,0.01030102,1.0301,-0.98969898,-98.9699
2026-03-23,erc1155,24,34,34,68,32550,0.00208909,0.2089,-0.99791091,-99.7911
2026-03-23,erc1155,25,16262,7618,23880,1213275,0.01968226,1.9682,-0.98031774,-98.0318
2026-03-23,erc1155,27,2815,2815,5630,1435061,0.00392318,0.3923,-0.99607682,-99.6077
2026-03-23,erc1155,29,1974,1974,3948,1432200,0.00275660,0.2757,-0.99724340,-99.7243
2026-03-23,erc1155,3,6032,3022,9054,165356,0.05475459,5.4755,-0.94524541,-94.5245
2026-03-23,erc1155,30,28,28,56,30975,0.00180791,0.1808,-0.99819209,-99.8192
2026-03-23,erc1155,32,1290,3203,4493,1474515,0.00304710,0.3047,-0.99695290,-99.6953
2026-03-23,erc1155,4,278,278,556,238409,0.00233213,0.2332,-0.99766787,-99.7668
2026-03-23,erc1155,5,7,7,14,38010,0.00036832,0.0368,-0.99963168,-99.9632
2026-03-23,erc1155,6,14,14,28,445200,0.00006289,0.0063,-0.99993711,-99.9937
2026-03-23,erc1155,7,195,195,390,33663,0.01158542,1.1585,-0.98841458,-98.8415
2026-03-23,erc1155,8,8,8,16,26775,0.00059757,0.0598,-0.99940243,-99.9402
2026-03-23,erc1155,9,2166,1596,3762,308553,0.01219239,1.2192,-0.98780761,-98.7808
2026-03-24,erc1155,10,48,48,96,33075,0.00290249,0.2902,-0.99709751,-99.7098
2026-03-24,erc1155,12,448,448,896,444140,0.00201738,0.2017,-0.99798262,-99.7983
2026-03-24,erc1155,13,318,318,636,648943,0.00098006,0.0980,-0.99901994,-99.9020
2026-03-24,erc1155,14,13,13,26,31500,0.00082540,0.0825,-0.99917460,-99.9175
2026-03-24,erc1155,16,81,81,162,626260,0.00025868,0.0259,-0.99974132,-99.9741
2026-03-24,erc1155,17,638,588,1226,522584,0.00234603,0.2346,-0.99765397,-99.7654
2026-03-24,erc1155,18,792,590,1382,706912,0.00195498,0.1955,-0.99804502,-99.8045
2026-03-24,erc1155,19,869,3342,4211,445200,0.00945867,0.9459,-0.99054133,-99.0541
2026-03-24,erc1155,20,384,73,457,619080,0.00073819,0.0738,-0.99926181,-99.9262
2026-03-24,erc1155,22,1607,1362,2969,641539,0.00462793,0.4628,-0.99537207,-99.5372
2026-03-24,erc1155,23,138,1170,1308,741286,0.00176450,0.1765,-0.99823550,-99.8235
2026-03-24,erc1155,24,13,13,26,32550,0.00079877,0.0799,-0.99920123,-99.9201
2026-03-24,erc1155,25,1100,2786,3886,1213275,0.00320290,0.3203,-0.99679710,-99.6797
2026-03-24,erc1155,27,2386,2292,4678,1435061,0.00325979,0.3260,-0.99674021,-99.6740
2026-03-24,erc1155,28,3,3,6,29400,0.00020408,0.0204,-0.99979592,-99.9796
2026-03-24,erc1155,29,11022,11022,22044,1432200,0.01539171,1.5392,-0.98460829,-98.4608
2026-03-24,erc1155,3,175,2645,2820,165356,0.01705411,1.7054,-0.98294589,-98.2946
2026-03-24,erc1155,30,25,25,50,30975,0.00161421,0.1614,-0.99838579,-99.8386
2026-03-24,erc1155,32,12743,2215,14958,1474515,0.01014435,1.0144,-0.98985565,-98.9856
2026-03-24,erc1155,4,514,514,1028,238409,0.00431192,0.4312,-0.99568808,-99.5688
2026-03-24,erc1155,5,16,16,32,38010,0.00084188,0.0842,-0.99915812,-99.9158
2026-03-24,erc1155,6,723,723,1446,445200,0.00324798,0.3248,-0.99675202,-99.6752
2026-03-24,erc1155,7,28,28,56,33663,0.00166355,0.1664,-0.99833645,-99.8336
2026-03-24,erc1155,8,6,6,12,26775,0.00044818,0.0448,-0.99955182,-99.9552
2026-03-24,erc1155,9,398,968,1366,308553,0.00442712,0.4427,-0.99557288,-99.5573
2026-03-25,erc1155,10,53,53,106,33075,0.00320484,0.3205,-0.99679516,-99.6795
2026-03-25,erc1155,11,532,542,1074,692451,0.00155101,0.1551,-0.99844899,-99.8449
2026-03-25,erc1155,12,461,461,922,444140,0.00207592,0.2076,-0.99792408,-99.7924
2026-03-25,erc1155,13,703,703,1406,648943,0.00216660,0.2167,-0.99783340,-99.7833
2026-03-25,erc1155,14,1,1,2,31500,0.00006349,0.0063,-0.99993651,-99.9937
2026-03-25,erc1155,16,166,166,332,626260,0.00053013,0.0530,-0.99946987,-99.9470
2026-03-25,erc1155,17,332,5252,5584,522584,0.01068536,1.0685,-0.98931464,-98.9315
2026-03-25,erc1155,18,433,2995,3428,706912,0.00484926,0.4849,-0.99515074,-99.5151
2026-03-25,erc1155,19,502,2052,2554,445200,0.00573675,0.5737,-0.99426325,-99.4263
2026-03-25,erc1155,20,406,2724,3130,619080,0.00505589,0.5056,-0.99494411,-99.4944
2026-03-25,erc1155,22,1441,2062,3503,641539,0.00546031,0.5460,-0.99453969,-99.4540
2026-03-25,erc1155,23,2163,13749,15912,741286,0.02146540,2.1465,-0.97853460,-97.8535
2026-03-25,erc1155,24,51,51,102,32550,0.00313364,0.3134,-0.99686636,-99.6866
2026-03-25,erc1155,25,2028,11276,13304,1213275,0.01096536,1.0965,-0.98903464,-98.9035
2026-03-25,erc1155,27,568,2153,2721,1435061,0.00189609,0.1896,-0.99810391,-99.8104
2026-03-25,erc1155,28,3,3,6,29400,0.00020408,0.0204,-0.99979592,-99.9796
2026-03-25,erc1155,29,925,1031,1956,1432200,0.00136573,0.1366,-0.99863427,-99.8634
2026-03-25,erc1155,3,875,1415,2290,165356,0.01384891,1.3849,-0.98615109,-98.6151
2026-03-25,erc1155,30,24,24,48,30975,0.00154964,0.1550,-0.99845036,-99.8450
2026-03-25,erc1155,31,65,65,130,29400,0.00442177,0.4422,-0.99557823,-99.5578
2026-03-25,erc1155,32,6954,16724,23678,1474515,0.01605816,1.6058,-0.98394184,-98.3942
2026-03-25,erc1155,4,229,229,458,238409,0.00192107,0.1921,-0.99807893,-99.8079
2026-03-25,erc1155,5,7,7,14,38010,0.00036832,0.0368,-0.99963168,-99.9632
2026-03-25,erc1155,6,17,17,34,445200,0.00007637,0.0076,-0.99992363,-99.9924
2026-03-25,erc1155,7,41,41,82,33663,0.00243591,0.2436,-0.99756409,-99.7564
2026-03-25,erc1155,8,3,3,6,26775,0.00022409,0.0224,-0.99977591,-99.9776
2026-03-25,erc1155,9,543,363,906,308553,0.00293629,0.2936,-0.99706371,-99.7064
2026-03-26,erc1155,10,2,2,4,33075,0.00012094,0.0121,-0.99987906,-99.9879
2026-03-26,erc1155,11,164,189,353,692451,0.00050978,0.0510,-0.99949022,-99.9490
2026-03-26,erc1155,12,550,550,1100,444140,0.00247670,0.2477,-0.99752330,-99.7523
2026-03-26,erc1155,13,437,437,874,648943,0.00134681,0.1347,-0.99865319,-99.8653
2026-03-26,erc1155,14,21,21,42,31500,0.00133333,0.1333,-0.99866667,-99.8667
2026-03-26,erc1155,16,78,78,156,626260,0.00024910,0.0249,-0.99975090,-99.9751
2026-03-26,erc1155,17,5308,3309,8617,522584,0.01648922,1.6489,-0.98351078,-98.3511
2026-03-26,erc1155,18,5993,777,6770,706912,0.00957686,0.9577,-0.99042314,-99.0423
2026-03-26,erc1155,19,126,263,389,445200,0.00087376,0.0874,-0.99912624,-99.9126
2026-03-26,erc1155,20,1134,3893,5027,619080,0.00812011,0.8120,-0.99187989,-99.1880
2026-03-26,erc1155,22,861,861,1722,641539,0.00268417,0.2684,-0.99731583,-99.7316
2026-03-26,erc1155,23,325,325,650,741286,0.00087685,0.0877,-0.99912315,-99.9123
2026-03-26,erc1155,24,7,7,14,32550,0.00043011,0.0430,-0.99956989,-99.9570
2026-03-26,erc1155,25,2976,4322,7298,1213275,0.00601512,0.6015,-0.99398488,-99.3985
2026-03-26,erc1155,27,8610,8505,17115,1435061,0.01192632,1.1926,-0.98807368,-98.8074
2026-03-26,erc1155,29,701,701,1402,1432200,0.00097891,0.0979,-0.99902109,-99.9021
2026-03-26,erc1155,3,404,385,789,165356,0.00477152,0.4772,-0.99522848,-99.5228
2026-03-26,erc1155,30,192,34,226,30975,0.00729621,0.7296,-0.99270379,-99.2704
2026-03-26,erc1155,32,1453,8544,9997,1474515,0.00677986,0.6780,-0.99322014,-99.3220
2026-03-26,erc1155,4,170,41,211,238409,0.00088503,0.0885,-0.99911497,-99.9115
2026-03-26,erc1155,6,258,258,516,445200,0.00115903,0.1159,-0.99884097,-99.8841
2026-03-26,erc1155,7,4,4,8,33663,0.00023765,0.0238,-0.99976235,-99.9762
2026-03-26,erc1155,8,2,2,4,26775,0.00014939,0.0149,-0.99985061,-99.9851
2026-03-26,erc1155,9,10685,1342,12027,308553,0.03897872,3.8979,-0.96102128,-96.1021
2026-03-27,erc1155,10,14,14,28,33075,0.00084656,0.0847,-0.99915344,-99.9153
2026-03-27,erc1155,11,15,15,30,692451,0.00004332,0.0043,-0.99995668,-99.9957
2026-03-27,erc1155,12,671,671,1342,444140,0.00302157,0.3022,-0.99697843,-99.6978
2026-03-27,erc1155,13,5870,1537,7407,648943,0.01141395,1.1414,-0.98858605,-98.8586
2026-03-27,erc1155,14,118,118,236,31500,0.00749206,0.7492,-0.99250794,-99.2508
2026-03-27,erc1155,16,55,55,110,626260,0.00017565,0.0176,-0.99982435,-99.9824
2026-03-27,erc1155,17,2161,3179,5340,522584,0.01021845,1.0218,-0.98978155,-98.9782
2026-03-27,erc1155,18,4487,1204,5691,706912,0.00805051,0.8051,-0.99194949,-99.1949
2026-03-27,erc1155,19,2866,276,3142,445200,0.00705750,0.7058,-0.99294250,-99.2942
2026-03-27,erc1155,20,12804,2656,15460,619080,0.02497254,2.4973,-0.97502746,-97.5027
2026-03-27,erc1155,22,2109,2104,4213,641539,0.00656702,0.6567,-0.99343298,-99.3433
2026-03-27,erc1155,23,12683,4919,17602,741286,0.02374522,2.3745,-0.97625478,-97.6255
2026-03-27,erc1155,25,7215,2357,9572,1213275,0.00788939,0.7889,-0.99211061,-99.2111
2026-03-27,erc1155,27,26184,2367,28551,1435061,0.01989532,1.9895,-0.98010468,-98.0105
2026-03-27,erc1155,29,61427,24462,85889,1432200,0.05996998,5.9970,-0.94003002,-94.0030
2026-03-27,erc1155,3,175,194,369,165356,0.00223155,0.2232,-0.99776845,-99.7768
2026-03-27,erc1155,30,3,161,164,30975,0.00529459,0.5295,-0.99470541,-99.4705
2026-03-27,erc1155,32,11024,16136,27160,1474515,0.01841962,1.8420,-0.98158038,-98.1580
2026-03-27,erc1155,4,200,329,529,238409,0.00221888,0.2219,-0.99778112,-99.7781
2026-03-27,erc1155,5,22,22,44,38010,0.00115759,0.1158,-0.99884241,-99.8842
2026-03-27,erc1155,6,281,281,562,445200,0.00126235,0.1262,-0.99873765,-99.8738
2026-03-27,erc1155,7,17,17,34,33663,0.00101001,0.1010,-0.99898999,-99.8990
2026-03-27,erc1155,8,2,2,4,26775,0.00014939,0.0149,-0.99985061,-99.9851
2026-03-27,erc1155,9,457,830,1287,308553,0.00417108,0.4171,-0.99582892,-99.5829
2026-03-28,erc1155,10,26,26,52,33075,0.00157218,0.1572,-0.99842782,-99.8428
2026-03-28,erc1155,11,640,640,1280,692451,0.00184851,0.1849,-0.99815149,-99.8151
2026-03-28,erc1155,12,490,490,980,444140,0.00220651,0.2207,-0.99779349,-99.7793
2026-03-28,erc1155,13,3755,4654,8409,648943,0.01295799,1.2958,-0.98704201,-98.7042
2026-03-28,erc1155,16,5394,5394,10788,626260,0.01722607,1.7226,-0.98277393,-98.2774
2026-03-28,erc1155,17,391,856,1247,522584,0.00238622,0.2386,-0.99761378,-99.7614
2026-03-28,erc1155,18,191,281,472,706912,0.00066769,0.0668,-0.99933231,-99.9332
2026-03-28,erc1155,19,229,237,466,445200,0.00104672,0.1047,-0.99895328,-99.8953
2026-03-28,erc1155,20,4041,302,4343,619080,0.00701525,0.7015,-0.99298475,-99.2985
2026-03-28,erc1155,22,11022,960,11982,641539,0.01867696,1.8677,-0.98132304,-98.1323
2026-03-28,erc1155,23,238,1398,1636,741286,0.00220698,0.2207,-0.99779302,-99.7793
2026-03-28,erc1155,25,2443,1226,3669,1213275,0.00302405,0.3024,-0.99697595,-99.6976
2026-03-28,erc1155,27,4513,3879,8392,1435061,0.00584784,0.5848,-0.99415216,-99.4152
2026-03-28,erc1155,29,8986,28640,37626,1432200,0.02627147,2.6271,-0.97372853,-97.3729
2026-03-28,erc1155,3,78,78,156,165356,0.00094342,0.0943,-0.99905658,-99.9057
2026-03-28,erc1155,30,1,1,2,30975,0.00006457,0.0065,-0.99993543,-99.9935
2026-03-28,erc1155,32,9526,2583,12109,1474515,0.00821219,0.8212,-0.99178781,-99.1788
2026-03-28,erc1155,4,1126,58,1184,238409,0.00496626,0.4966,-0.99503374,-99.5034
2026-03-28,erc1155,6,64,64,128,445200,0.00028751,0.0288,-0.99971249,-99.9712
2026-03-28,erc1155,7,4,4,8,33663,0.00023765,0.0238,-0.99976235,-99.9762
2026-03-28,erc1155,9,116,229,345,308553,0.00111812,0.1118,-0.99888188,-99.8882
2026-03-29,erc1155,10,189,189,378,33075,0.01142857,1.1429,-0.98857143,-98.8571
2026-03-29,erc1155,11,1,1,2,692451,0.00000289,0.0003,-0.99999711,-99.9997
2026-03-29,erc1155,12,1896,1896,3792,444140,0.00853785,0.8538,-0.99146215,-99.1462
2026-03-29,erc1155,13,544,544,1088,648943,0.00167657,0.1677,-0.99832343,-99.8323
2026-03-29,erc1155,14,1,1,2,31500,0.00006349,0.0063,-0.99993651,-99.9937
2026-03-29,erc1155,16,2,2,4,626260,0.00000639,0.0006,-0.99999361,-99.9994
2026-03-29,erc1155,17,627,627,1254,522584,0.00239961,0.2400,-0.99760039,-99.7600
2026-03-29,erc1155,18,293,408,701,706912,0.00099164,0.0992,-0.99900836,-99.9008
2026-03-29,erc1155,19,1512,923,2435,445200,0.00546945,0.5469,-0.99453055,-99.4531
2026-03-29,erc1155,20,1079,190,1269,619080,0.00204982,0.2050,-0.99795018,-99.7950
2026-03-29,erc1155,22,681,599,1280,641539,0.00199520,0.1995,-0.99800480,-99.8005
2026-03-29,erc1155,23,1356,629,1985,741286,0.00267778,0.2678,-0.99732222,-99.7322
2026-03-29,erc1155,25,11977,1766,13743,1213275,0.01132719,1.1327,-0.98867281,-98.8673
2026-03-29,erc1155,27,10037,4541,14578,1435061,0.01015845,1.0158,-0.98984155,-98.9842
2026-03-29,erc1155,29,3443,7724,11167,1432200,0.00779710,0.7797,-0.99220290,-99.2203
2026-03-29,erc1155,3,107,107,214,165356,0.00129418,0.1294,-0.99870582,-99.8706
2026-03-29,erc1155,32,3691,2817,6508,1474515,0.00441365,0.4414,-0.99558635,-99.5586
2026-03-29,erc1155,4,1083,126,1209,238409,0.00507112,0.5071,-0.99492888,-99.4929
2026-03-29,erc1155,5,26,26,52,38010,0.00136806,0.1368,-0.99863194,-99.8632
2026-03-29,erc1155,6,554,554,1108,445200,0.00248877,0.2489,-0.99751123,-99.7511
2026-03-29,erc1155,7,12,12,24,33663,0.00071295,0.0713,-0.99928705,-99.9287
2026-03-29,erc1155,8,2,2,4,26775,0.00014939,0.0149,-0.99985061,-99.9851
2026-03-29,erc1155,9,1764,900,2664,308553,0.00863385,0.8634,-0.99136615,-99.1366
2026-03-30,erc1155,10,505,505,1010,33075,0.03053666,3.0537,-0.96946334,-96.9463
2026-03-30,erc1155,11,142,142,284,692451,0.00041014,0.0410,-0.99958986,-99.9590
2026-03-30,erc1155,12,1871,1871,3742,444140,0.00842527,0.8425,-0.99157473,-99.1575
2026-03-30,erc1155,13,1485,1472,2957,648943,0.00455664,0.4557,-0.99544336,-99.5443
2026-03-30,erc1155,14,11,11,22,31500,0.00069841,0.0698,-0.99930159,-99.9302
2026-03-30,erc1155,16,1513,1513,3026,626260,0.00483186,0.4832,-0.99516814,-99.5168
2026-03-30,erc1155,17,1623,1427,3050,522584,0.00583638,0.5836,-0.99416362,-99.4164
2026-03-30,erc1155,18,1339,942,2281,706912,0.00322671,0.3227,-0.99677329,-99.6773
2026-03-30,erc1155,19,1756,1823,3579,445200,0.00803908,0.8039,-0.99196092,-99.1961
2026-03-30,erc1155,20,2336,1965,4301,619080,0.00694741,0.6947,-0.99305259,-99.3053
2026-03-30,erc1155,22,4056,4138,8194,641539,0.01277241,1.2772,-0.98722759,-98.7228
2026-03-30,erc1155,23,904,1631,2535,741286,0.00341973,0.3420,-0.99658027,-99.6580
2026-03-30,erc1155,24,2,2,4,32550,0.00012289,0.0123,-0.99987711,-99.9877
2026-03-30,erc1155,25,5160,7496,12656,1213275,0.01043127,1.0431,-0.98956873,-98.9569
2026-03-30,erc1155,27,14276,21684,35960,1435061,0.02505817,2.5058,-0.97494183,-97.4942
2026-03-30,erc1155,28,10,10,20,29400,0.00068027,0.0680,-0.99931973,-99.9320
2026-03-30,erc1155,29,943,1743,2686,1432200,0.00187544,0.1875,-0.99812456,-99.8125
2026-03-30,erc1155,3,43,43,86,165356,0.00052009,0.0520,-0.99947991,-99.9480
2026-03-30,erc1155,30,5,5,10,30975,0.00032284,0.0323,-0.99967716,-99.9677
2026-03-30,erc1155,32,13283,6636,19919,1474515,0.01350885,1.3509,-0.98649115,-98.6491
2026-03-30,erc1155,4,196,1106,1302,238409,0.00546120,0.5461,-0.99453880,-99.4539
2026-03-30,erc1155,5,12,12,24,38010,0.00063141,0.0631,-0.99936859,-99.9369
2026-03-30,erc1155,6,37,37,74,445200,0.00016622,0.0166,-0.99983378,-99.9834
2026-03-30,erc1155,7,15,15,30,33663,0.00089119,0.0891,-0.99910881,-99.9109
2026-03-30,erc1155,8,20,20,40,26775,0.00149393,0.1494,-0.99850607,-99.8506
2026-03-30,erc1155,9,1643,1821,3464,308553,0.01122660,1.1227,-0.98877340,-98.8773
2026-03-31,erc1155,10,375,375,750,33075,0.02267574,2.2676,-0.97732426,-97.7324
2026-03-31,erc1155,11,205,205,410,692451,0.00059210,0.0592,-0.99940790,-99.9408
2026-03-31,erc1155,12,1575,1012,2587,444140,0.00582474,0.5825,-0.99417526,-99.4175
2026-03-31,erc1155,13,4589,3875,8464,648943,0.01304275,1.3043,-0.98695725,-98.6957
2026-03-31,erc1155,14,11,11,22,31500,0.00069841,0.0698,-0.99930159,-99.9302
2026-03-31,erc1155,16,70,70,140,626260,0.00022355,0.0224,-0.99977645,-99.9776
2026-03-31,erc1155,17,466,661,1127,522584,0.00215659,0.2157,-0.99784341,-99.7843
2026-03-31,erc1155,18,10875,8519,19394,706912,0.02743482,2.7435,-0.97256518,-97.2565
2026-03-31,erc1155,19,430,452,882,445200,0.00198113,0.1981,-0.99801887,-99.8019
2026-03-31,erc1155,20,952,1902,2854,619080,0.00461007,0.4610,-0.99538993,-99.5390
2026-03-31,erc1155,22,4747,2640,7387,641539,0.01151450,1.1514,-0.98848550,-98.8486
2026-03-31,erc1155,23,1776,8370,10146,741286,0.01368702,1.3687,-0.98631298,-98.6313
2026-03-31,erc1155,24,3,3,6,32550,0.00018433,0.0184,-0.99981567,-99.9816
2026-03-31,erc1155,25,3019,9310,12329,1213275,0.01016175,1.0162,-0.98983825,-98.9838
2026-03-31,erc1155,27,3612,17206,20818,1435061,0.01450670,1.4507,-0.98549330,-98.5493
2026-03-31,erc1155,29,24862,12151,37013,1432200,0.02584346,2.5843,-0.97415654,-97.4157
2026-03-31,erc1155,3,520,510,1030,165356,0.00622898,0.6229,-0.99377102,-99.3771
2026-03-31,erc1155,30,1,1,2,30975,0.00006457,0.0065,-0.99993543,-99.9935
2026-03-31,erc1155,32,1019,7772,8791,1474515,0.00596196,0.5962,-0.99403804,-99.4038
2026-03-31,erc1155,4,345,392,737,238409,0.00309133,0.3091,-0.99690867,-99.6909
2026-03-31,erc1155,5,320,320,640,38010,0.01683767,1.6838,-0.98316233,-98.3162
2026-03-31,erc1155,6,631,620,1251,445200,0.00280997,0.2810,-0.99719003,-99.7190
2026-03-31,erc1155,7,3,3,6,33663,0.00017824,0.0178,-0.99982176,-99.9822
2026-03-31,erc1155,8,30,30,60,26775,0.00224090,0.2241,-0.99775910,-99.7759
2026-03-31,erc1155,9,1278,2737,4015,308553,0.01301235,1.3012,-0.98698765,-98.6988
2026-04-01,erc1155,10,16,16,32,33075,0.00096750,0.0967,-0.99903250,-99.9033
2026-04-01,erc1155,11,69,69,138,692451,0.00019929,0.0199,-0.99980071,-99.9801
2026-04-01,erc1155,12,4452,5015,9467,444140,0.02131535,2.1315,-0.97868465,-97.8685
2026-04-01,erc1155,13,609,4770,5379,648943,0.00828886,0.8289,-0.99171114,-99.1711
2026-04-01,erc1155,14,9,9,18,31500,0.00057143,0.0571,-0.99942857,-99.9429
2026-04-01,erc1155,16,763,763,1526,626260,0.00243669,0.2437,-0.99756331,-99.7563
2026-04-01,erc1155,17,5915,5916,11831,522584,0.02263942,2.2639,-0.97736058,-97.7361
2026-04-01,erc1155,18,7606,12972,20578,706912,0.02910971,2.9110,-0.97089029,-97.0890
2026-04-01,erc1155,19,807,807,1614,445200,0.00362534,0.3625,-0.99637466,-99.6375
2026-04-01,erc1155,20,8890,7099,15989,619080,0.02582703,2.5827,-0.97417297,-97.4173
2026-04-01,erc1155,22,1754,11492,13246,641539,0.02064722,2.0647,-0.97935278,-97.9353
2026-04-01,erc1155,23,1214,1224,2438,741286,0.00328888,0.3289,-0.99671112,-99.6711
2026-04-01,erc1155,24,16,16,32,32550,0.00098310,0.0983,-0.99901690,-99.9017
2026-04-01,erc1155,25,8961,9438,18399,1213275,0.01516474,1.5165,-0.98483526,-98.4835
2026-04-01,erc1155,27,9060,15220,24280,1435061,0.01691914,1.6919,-0.98308086,-98.3081
2026-04-01,erc1155,29,4215,18826,23041,1432200,0.01608784,1.6088,-0.98391216,-98.3912
2026-04-01,erc1155,3,86,96,182,165356,0.00110066,0.1101,-0.99889934,-99.8899
2026-04-01,erc1155,32,2081,1704,3785,1474515,0.00256695,0.2567,-0.99743305,-99.7433
2026-04-01,erc1155,4,1262,1307,2569,238409,0.01077560,1.0776,-0.98922440,-98.9224
2026-04-01,erc1155,5,5,5,10,38010,0.00026309,0.0263,-0.99973691,-99.9737
2026-04-01,erc1155,6,638,649,1287,445200,0.00289084,0.2891,-0.99710916,-99.7109
2026-04-01,erc1155,7,2,2,4,33663,0.00011882,0.0119,-0.99988118,-99.9881
2026-04-01,erc1155,8,4,4,8,26775,0.00029879,0.0299,-0.99970121,-99.9701
2026-04-01,erc1155,9,212,470,682,308553,0.00221032,0.2210,-0.99778968,-99.7790
2026-04-02,erc1155,10,32,32,64,33075,0.00193500,0.1935,-0.99806500,-99.8065
2026-04-02,erc1155,11,983,983,1966,692451,0.00283919,0.2839,-0.99716081,-99.7161
2026-04-02,erc1155,12,914,914,1828,444140,0.00411582,0.4116,-0.99588418,-99.5884
2026-04-02,erc1155,13,794,778,1572,648943,0.00242240,0.2422,-0.99757760,-99.7578
2026-04-02,erc1155,14,5,5,10,31500,0.00031746,0.0317,-0.99968254,-99.9683
2026-04-02,erc1155,16,323,323,646,626260,0.00103152,0.1032,-0.99896848,-99.8968
2026-04-02,erc1155,17,953,953,1906,522584,0.00364726,0.3647,-0.99635274,-99.6353
2026-04-02,erc1155,18,1735,9087,10822,706912,0.01530884,1.5309,-0.98469116,-98.4691
2026-04-02,erc1155,19,186,186,372,445200,0.00083558,0.0836,-0.99916442,-99.9164
2026-04-02,erc1155,20,2893,8132,11025,619080,0.01780868,1.7809,-0.98219132,-98.2191
2026-04-02,erc1155,22,6431,2115,8546,641539,0.01332109,1.3321,-0.98667891,-98.6679
2026-04-02,erc1155,23,954,954,1908,741286,0.00257391,0.2574,-0.99742609,-99.7426
2026-04-02,erc1155,25,1702,8214,9916,1213275,0.00817292,0.8173,-0.99182708,-99.1827
2026-04-02,erc1155,27,9119,11954,21073,1435061,0.01468439,1.4684,-0.98531561,-98.5316
2026-04-02,erc1155,29,22901,16578,39479,1432200,0.02756528,2.7565,-0.97243472,-97.2435
2026-04-02,erc1155,3,268,268,536,165356,0.00324149,0.3241,-0.99675851,-99.6759
2026-04-02,erc1155,30,20,20,40,30975,0.00129136,0.1291,-0.99870864,-99.8709
2026-04-02,erc1155,32,5044,7616,12660,1474515,0.00858587,0.8586,-0.99141413,-99.1414
2026-04-02,erc1155,4,895,1881,2776,238409,0.01164386,1.1644,-0.98835614,-98.8356
2026-04-02,erc1155,5,13,13,26,38010,0.00068403,0.0684,-0.99931597,-99.9316
2026-04-02,erc1155,6,262,262,524,445200,0.00117700,0.1177,-0.99882300,-99.8823
2026-04-02,erc1155,7,20,20,40,33663,0.00118825,0.1188,-0.99881175,-99.8812
2026-04-02,erc1155,8,14,14,28,26775,0.00104575,0.1046,-0.99895425,-99.8954
2026-04-02,erc1155,9,4400,466,4866,308553,0.01577039,1.5770,-0.98422961,-98.4230
2026-04-03,erc1155,10,29,29,58,33075,0.00175359,0.1754,-0.99824641,-99.8246
2026-04-03,erc1155,11,24,70,94,692451,0.00013575,0.0136,-0.99986425,-99.9864
2026-04-03,erc1155,12,353,334,687,444140,0.00154681,0.1547,-0.99845319,-99.8453
2026-04-03,erc1155,13,481,492,973,648943,0.00149936,0.1499,-0.99850064,-99.8501
2026-04-03,erc1155,14,59,59,118,31500,0.00374603,0.3746,-0.99625397,-99.6254
2026-04-03,erc1155,16,349,349,698,626260,0.00111455,0.1115,-0.99888545,-99.8885
2026-04-03,erc1155,17,316,316,632,522584,0.00120937,0.1209,-0.99879063,-99.8791
2026-04-03,erc1155,18,320,2942,3262,706912,0.00461444,0.4614,-0.99538556,-99.5386
2026-04-03,erc1155,19,281,281,562,445200,0.00126235,0.1262,-0.99873765,-99.8738
2026-04-03,erc1155,20,197,2843,3040,619080,0.00491051,0.4911,-0.99508949,-99.5089
2026-04-03,erc1155,22,4018,9292,13310,641539,0.02074698,2.0747,-0.97925302,-97.9253
2026-04-03,erc1155,23,5004,763,5767,741286,0.00777972,0.7780,-0.99222028,-99.2220
2026-04-03,erc1155,24,32,32,64,32550,0.00196621,0.1966,-0.99803379,-99.8034
2026-04-03,erc1155,25,4610,4235,8845,1213275,0.00729019,0.7290,-0.99270981,-99.2710
2026-04-03,erc1155,27,4001,4056,8057,1435061,0.00561440,0.5614,-0.99438560,-99.4386
2026-04-03,erc1155,28,10,10,20,29400,0.00068027,0.0680,-0.99931973,-99.9320
2026-04-03,erc1155,29,4944,19747,24691,1432200,0.01723991,1.7240,-0.98276009,-98.2760
2026-04-03,erc1155,3,231,231,462,165356,0.00279397,0.2794,-0.99720603,-99.7206
2026-04-03,erc1155,30,7,7,14,30975,0.00045198,0.0452,-0.99954802,-99.9548
2026-04-03,erc1155,31,206,206,412,29400,0.01401361,1.4014,-0.98598639,-98.5986
2026-04-03,erc1155,32,7083,4887,11970,1474515,0.00811792,0.8118,-0.99188208,-99.1882
2026-04-03,erc1155,4,65,102,167,238409,0.00070048,0.0700,-0.99929952,-99.9300
2026-04-03,erc1155,5,21,21,42,38010,0.00110497,0.1105,-0.99889503,-99.8895
2026-04-03,erc1155,6,1743,1743,3486,445200,0.00783019,0.7830,-0.99216981,-99.2170
2026-04-03,erc1155,7,39,39,78,33663,0.00231708,0.2317,-0.99768292,-99.7683
2026-04-03,erc1155,8,29,29,58,26775,0.00216620,0.2166,-0.99783380,-99.7834
2026-04-03,erc1155,9,352,4119,4471,308553,0.01449022,1.4490,-0.98550978,-98.5510
2026-04-04,erc1155,10,36,36,72,33075,0.00217687,0.2177,-0.99782313,-99.7823
2026-04-04,erc1155,11,844,844,1688,692451,0.00243772,0.2438,-0.99756228,-99.7562
2026-04-04,erc1155,12,547,566,1113,444140,0.00250597,0.2506,-0.99749403,-99.7494
2026-04-04,erc1155,13,1282,582,1864,648943,0.00287236,0.2872,-0.99712764,-99.7128
2026-04-04,erc1155,14,38,38,76,31500,0.00241270,0.2413,-0.99758730,-99.7587
2026-04-04,erc1155,16,1076,1076,2152,626260,0.00343627,0.3436,-0.99656373,-99.6564
2026-04-04,erc1155,17,620,620,1240,522584,0.00237282,0.2373,-0.99762718,-99.7627
2026-04-04,erc1155,18,1208,1933,3141,706912,0.00444327,0.4443,-0.99555673,-99.5557
2026-04-04,erc1155,19,844,844,1688,445200,0.00379155,0.3792,-0.99620845,-99.6208
2026-04-04,erc1155,20,1212,658,1870,619080,0.00302061,0.3021,-0.99697939,-99.6979
2026-04-04,erc1155,22,5294,2150,7444,641539,0.01160335,1.1603,-0.98839665,-98.8397
2026-04-04,erc1155,23,321,1069,1390,741286,0.00187512,0.1875,-0.99812488,-99.8125
2026-04-04,erc1155,25,883,2064,2947,1213275,0.00242896,0.2429,-0.99757104,-99.7571
2026-04-04,erc1155,27,5212,5212,10424,1435061,0.00726380,0.7264,-0.99273620,-99.2736
2026-04-04,erc1155,29,4511,5661,10172,1432200,0.00710236,0.7102,-0.99289764,-99.2898
2026-04-04,erc1155,3,1172,1172,2344,165356,0.01417548,1.4175,-0.98582452,-98.5825
2026-04-04,erc1155,32,18676,15391,34067,1474515,0.02310387,2.3104,-0.97689613,-97.6896
2026-04-04,erc1155,4,175,175,350,238409,0.00146807,0.1468,-0.99853193,-99.8532
2026-04-04,erc1155,5,72,72,144,38010,0.00378848,0.3788,-0.99621152,-99.6212
2026-04-04,erc1155,6,49,49,98,445200,0.00022013,0.0220,-0.99977987,-99.9780
2026-04-04,erc1155,7,23,23,46,33663,0.00136649,0.1366,-0.99863351,-99.8634
2026-04-04,erc1155,8,37,37,74,26775,0.00276377,0.2764,-0.99723623,-99.7236
2026-04-04,erc1155,9,157,330,487,308553,0.00157834,0.1578,-0.99842166,-99.8422
2026-04-05,erc1155,10,42,42,84,33075,0.00253968,0.2540,-0.99746032,-99.7460
2026-04-05,erc1155,11,46,46,92,692451,0.00013286,0.0133,-0.99986714,-99.9867
2026-04-05,erc1155,12,1163,1089,2252,444140,0.00507047,0.5070,-0.99492953,-99.4930
2026-04-05,erc1155,13,1601,2186,3787,648943,0.00583564,0.5836,-0.99416436,-99.4164
2026-04-05,erc1155,14,10,10,20,31500,0.00063492,0.0635,-0.99936508,-99.9365
2026-04-05,erc1155,16,28,28,56,626260,0.00008942,0.0089,-0.99991058,-99.9911
2026-04-05,erc1155,17,1053,4878,5931,522584,0.01134937,1.1349,-0.98865063,-98.8651
2026-04-05,erc1155,18,3506,2599,6105,706912,0.00863615,0.8636,-0.99136385,-99.1364
2026-04-05,erc1155,19,651,3733,4384,445200,0.00984726,0.9847,-0.99015274,-99.0153
2026-04-05,erc1155,20,241,2346,2587,619080,0.00417878,0.4179,-0.99582122,-99.5821
2026-04-05,erc1155,22,1252,4921,6173,641539,0.00962217,0.9622,-0.99037783,-99.0378
2026-04-05,erc1155,23,6962,4439,11401,741286,0.01538003,1.5380,-0.98461997,-98.4620
2026-04-05,erc1155,24,12,12,24,32550,0.00073733,0.0737,-0.99926267,-99.9263
2026-04-05,erc1155,25,1586,1587,3173,1213275,0.00261524,0.2615,-0.99738476,-99.7385
2026-04-05,erc1155,27,4545,3943,8488,1435061,0.00591473,0.5915,-0.99408527,-99.4085
2026-04-05,erc1155,28,5,5,10,29400,0.00034014,0.0340,-0.99965986,-99.9660
2026-04-05,erc1155,29,5675,4244,9919,1432200,0.00692571,0.6926,-0.99307429,-99.3074
2026-04-05,erc1155,3,50,50,100,165356,0.00060476,0.0605,-0.99939524,-99.9395
2026-04-05,erc1155,30,29,29,58,30975,0.00187248,0.1872,-0.99812752,-99.8128
2026-04-05,erc1155,32,5136,4596,9732,1474515,0.00660014,0.6600,-0.99339986,-99.3400
2026-04-05,erc1155,4,305,305,610,238409,0.00255863,0.2559,-0.99744137,-99.7441
2026-04-05,erc1155,5,24,24,48,38010,0.00126283,0.1263,-0.99873717,-99.8737
2026-04-05,erc1155,6,421,421,842,445200,0.00189128,0.1891,-0.99810872,-99.8109
2026-04-05,erc1155,7,12,12,24,33663,0.00071295,0.0713,-0.99928705,-99.9287
2026-04-05,erc1155,8,53,53,106,26775,0.00395892,0.3959,-0.99604108,-99.6041
2026-04-05,erc1155,9,284,1333,1617,308553,0.00524059,0.5241,-0.99475941,-99.4759
2026-04-06,erc1155,10,143,143,286,33075,0.00864701,0.8647,-0.99135299,-99.1353
2026-04-06,erc1155,11,208,208,416,692451,0.00060076,0.0601,-0.99939924,-99.9399
2026-04-06,erc1155,12,286,358,644,444140,0.00144999,0.1450,-0.99855001,-99.8550
2026-04-06,erc1155,13,882,1002,1884,648943,0.00290318,0.2903,-0.99709682,-99.7097
2026-04-06,erc1155,16,3,3,6,626260,0.00000958,0.0010,-0.99999042,-99.9990
2026-04-06,erc1155,17,2786,1576,4362,522584,0.00834698,0.8347,-0.99165302,-99.1653
2026-04-06,erc1155,18,197,3735,3932,706912,0.00556222,0.5562,-0.99443778,-99.4438
2026-04-06,erc1155,19,79,79,158,445200,0.00035490,0.0355,-0.99964510,-99.9645
2026-04-06,erc1155,20,962,3922,4884,619080,0.00788913,0.7889,-0.99211087,-99.2111
2026-04-06,erc1155,22,693,1646,2339,641539,0.00364592,0.3646,-0.99635408,-99.6354
2026-04-06,erc1155,23,87,6103,6190,741286,0.00835035,0.8350,-0.99164965,-99.1650
2026-04-06,erc1155,25,1219,1219,2438,1213275,0.00200944,0.2009,-0.99799056,-99.7991
2026-04-06,erc1155,27,2601,3201,5802,1435061,0.00404303,0.4043,-0.99595697,-99.5957
2026-04-06,erc1155,28,231,231,462,29400,0.01571429,1.5714,-0.98428571,-98.4286
2026-04-06,erc1155,29,3598,4829,8427,1432200,0.00588395,0.5884,-0.99411605,-99.4116
2026-04-06,erc1155,3,560,560,1120,165356,0.00677326,0.6773,-0.99322674,-99.3227
2026-04-06,erc1155,30,182,182,364,30975,0.01175141,1.1751,-0.98824859,-98.8249
2026-04-06,erc1155,31,278,278,556,29400,0.01891156,1.8912,-0.98108844,-98.1088
2026-04-06,erc1155,32,681,1221,1902,1474515,0.00128992,0.1290,-0.99871008,-99.8710
2026-04-06,erc1155,4,85,85,170,238409,0.00071306,0.0713,-0.99928694,-99.9287
2026-04-06,erc1155,5,3,3,6,38010,0.00015785,0.0158,-0.99984215,-99.9842
2026-04-06,erc1155,6,27,27,54,445200,0.00012129,0.0121,-0.99987871,-99.9879
2026-04-06,erc1155,8,2,2,4,26775,0.00014939,0.0149,-0.99985061,-99.9851
2026-04-06,erc1155,9,194,3916,4110,308553,0.01332024,1.3320,-0.98667976,-98.6680
2026-04-07,erc1155,10,3,3,6,33075,0.00018141,0.0181,-0.99981859,-99.9819
2026-04-07,erc1155,11,50,50,100,692451,0.00014441,0.0144,-0.99985559,-99.9856
2026-04-07,erc1155,12,2052,2054,4106,444140,0.00924483,0.9245,-0.99075517,-99.0755
2026-04-07,erc1155,13,955,955,1910,648943,0.00294325,0.2943,-0.99705675,-99.7057
2026-04-07,erc1155,14,2,2,4,31500,0.00012698,0.0127,-0.99987302,-99.9873
2026-04-07,erc1155,16,150,150,300,626260,0.00047903,0.0479,-0.99952097,-99.9521
2026-04-07,erc1155,17,2984,1962,4946,522584,0.00946451,0.9465,-0.99053549,-99.0535
2026-04-07,erc1155,18,4904,4531,9435,706912,0.01334678,1.3347,-0.98665322,-98.6653
2026-04-07,erc1155,19,1329,1329,2658,445200,0.00597035,0.5970,-0.99402965,-99.4030
2026-04-07,erc1155,20,5962,4577,10539,619080,0.01702365,1.7024,-0.98297635,-98.2976
2026-04-07,erc1155,22,458,458,916,641539,0.00142782,0.1428,-0.99857218,-99.8572
2026-04-07,erc1155,23,3668,241,3909,741286,0.00527327,0.5273,-0.99472673,-99.4727
2026-04-07,erc1155,25,7776,2568,10344,1213275,0.00852568,0.8526,-0.99147432,-99.1474
2026-04-07,erc1155,27,11610,11612,23222,1435061,0.01618189,1.6182,-0.98381811,-98.3818
2026-04-07,erc1155,28,1,1,2,29400,0.00006803,0.0068,-0.99993197,-99.9932
2026-04-07,erc1155,29,13805,13855,27660,1432200,0.01931295,1.9313,-0.98068705,-98.0687
2026-04-07,erc1155,3,428,428,856,165356,0.00517671,0.5177,-0.99482329,-99.4823
2026-04-07,erc1155,30,106,106,212,30975,0.00684423,0.6844,-0.99315577,-99.3156
2026-04-07,erc1155,32,11351,11837,23188,1474515,0.01572585,1.5726,-0.98427415,-98.4274
2026-04-07,erc1155,4,625,625,1250,238409,0.00524309,0.5243,-0.99475691,-99.4757
2026-04-07,erc1155,5,10,10,20,38010,0.00052618,0.0526,-0.99947382,-99.9474
2026-04-07,erc1155,6,1074,1074,2148,445200,0.00482480,0.4825,-0.99517520,-99.5175
2026-04-07,erc1155,7,3,3,6,33663,0.00017824,0.0178,-0.99982176,-99.9822
2026-04-07,erc1155,8,2,2,4,26775,0.00014939,0.0149,-0.99985061,-99.9851
2026-04-07,erc1155,9,1688,695,2383,308553,0.00772315,0.7723,-0.99227685,-99.2277
2026-04-08,erc1155,10,1,1,2,33075,0.00006047,0.0060,-0.99993953,-99.9940
2026-04-08,erc1155,11,555,555,1110,692451,0.00160300,0.1603,-0.99839700,-99.8397
2026-04-08,erc1155,12,110,110,220,444140,0.00049534,0.0495,-0.99950466,-99.9505
2026-04-08,erc1155,13,1630,1630,3260,648943,0.00502355,0.5024,-0.99497645,-99.4976
2026-04-08,erc1155,14,19,19,38,31500,0.00120635,0.1206,-0.99879365,-99.8794
2026-04-08,erc1155,16,37,37,74,626260,0.00011816,0.0118,-0.99988184,-99.9882
2026-04-08,erc1155,17,723,1293,2016,522584,0.00385775,0.3858,-0.99614225,-99.6142
2026-04-08,erc1155,18,818,6123,6941,706912,0.00981876,0.9819,-0.99018124,-99.0181
2026-04-08,erc1155,19,384,384,768,445200,0.00172507,0.1725,-0.99827493,-99.8275
2026-04-08,erc1155,20,1377,3334,4711,619080,0.00760968,0.7610,-0.99239032,-99.2390
2026-04-08,erc1155,22,6334,6082,12416,641539,0.01935346,1.9353,-0.98064654,-98.0647
2026-04-08,erc1155,23,2159,3682,5841,741286,0.00787955,0.7880,-0.99212045,-99.2120
2026-04-08,erc1155,25,3907,8740,12647,1213275,0.01042385,1.0424,-0.98957615,-98.9576
2026-04-08,erc1155,27,9708,1463,11171,1435061,0.00778434,0.7784,-0.99221566,-99.2216
2026-04-08,erc1155,29,12240,3587,15827,1432200,0.01105083,1.1051,-0.98894917,-98.8949
2026-04-08,erc1155,3,99,99,198,165356,0.00119742,0.1197,-0.99880258,-99.8803
2026-04-08,erc1155,32,4597,12164,16761,1474515,0.01136713,1.1367,-0.98863287,-98.8633
2026-04-08,erc1155,4,8,8,16,238409,0.00006711,0.0067,-0.99993289,-99.9933
2026-04-08,erc1155,5,9,9,18,38010,0.00047356,0.0474,-0.99952644,-99.9526
2026-04-08,erc1155,6,1651,1651,3302,445200,0.00741689,0.7417,-0.99258311,-99.2583
2026-04-08,erc1155,8,5,5,10,26775,0.00037348,0.0373,-0.99962652,-99.9627
2026-04-08,erc1155,9,3500,4278,7778,308553,0.02520799,2.5208,-0.97479201,-97.4792
2026-04-09,erc1155,10,11,11,22,33075,0.00066515,0.0665,-0.99933485,-99.9335
2026-04-09,erc1155,11,97,97,194,692451,0.00028016,0.0280,-0.99971984,-99.9720
2026-04-09,erc1155,12,1571,1571,3142,444140,0.00707435,0.7074,-0.99292565,-99.2926
2026-04-09,erc1155,13,7252,6795,14047,648943,0.02164597,2.1646,-0.97835403,-97.8354
2026-04-09,erc1155,16,4346,4346,8692,626260,0.01387922,1.3879,-0.98612078,-98.6121
2026-04-09,erc1155,17,596,2170,2766,522584,0.00529293,0.5293,-0.99470707,-99.4707
2026-04-09,erc1155,18,2067,1633,3700,706912,0.00523403,0.5234,-0.99476597,-99.4766
2026-04-09,erc1155,19,13,13,26,445200,0.00005840,0.0058,-0.99994160,-99.9942
2026-04-09,erc1155,20,7907,1773,9680,619080,0.01563611,1.5636,-0.98436389,-98.4364
2026-04-09,erc1155,22,875,1126,2001,641539,0.00311906,0.3119,-0.99688094,-99.6881
2026-04-09,erc1155,23,2141,3520,5661,741286,0.00763673,0.7637,-0.99236327,-99.2363
2026-04-09,erc1155,24,5,5,10,32550,0.00030722,0.0307,-0.99969278,-99.9693
2026-04-09,erc1155,25,2261,2636,4897,1213275,0.00403618,0.4036,-0.99596382,-99.5964
2026-04-09,erc1155,27,9366,11412,20778,1435061,0.01447883,1.4479,-0.98552117,-98.5521
2026-04-09,erc1155,28,22,22,44,29400,0.00149660,0.1497,-0.99850340,-99.8503
2026-04-09,erc1155,29,19798,21056,40854,1432200,0.02852535,2.8525,-0.97147465,-97.1475
2026-04-09,erc1155,3,365,365,730,165356,0.00441472,0.4415,-0.99558528,-99.5585
2026-04-09,erc1155,32,7113,9800,16913,1474515,0.01147021,1.1470,-0.98852979,-98.8530
2026-04-09,erc1155,4,1741,1741,3482,238409,0.01460515,1.4605,-0.98539485,-98.5395
2026-04-09,erc1155,5,13,13,26,38010,0.00068403,0.0684,-0.99931597,-99.9316
2026-04-09,erc1155,6,1,1,2,445200,0.00000449,0.0004,-0.99999551,-99.9996
2026-04-09,erc1155,7,4,4,8,33663,0.00023765,0.0238,-0.99976235,-99.9762
2026-04-09,erc1155,9,484,3219,3703,308553,0.01200118,1.2001,-0.98799882,-98.7999
2026-04-10,erc1155,11,742,742,1484,692451,0.00214311,0.2143,-0.99785689,-99.7857
2026-04-10,erc1155,12,130,130,260,444140,0.00058540,0.0585,-0.99941460,-99.9415
2026-04-10,erc1155,13,286,743,1029,648943,0.00158566,0.1586,-0.99841434,-99.8414
2026-04-10,erc1155,16,180,180,360,626260,0.00057484,0.0575,-0.99942516,-99.9425
2026-04-10,erc1155,17,124,20757,20881,522584,0.03995721,3.9957,-0.96004279,-96.0043
2026-04-10,erc1155,18,418,33356,33774,706912,0.04777681,4.7777,-0.95222319,-95.2223
2026-04-10,erc1155,19,179,179,358,445200,0.00080413,0.0804,-0.99919587,-99.9196
2026-04-10,erc1155,20,289,22273,22562,619080,0.03644440,3.6444,-0.96355560,-96.3556
2026-04-10,erc1155,22,270,228,498,641539,0.00077626,0.0776,-0.99922374,-99.9224
2026-04-10,erc1155,23,1368,1883,3251,741286,0.00438562,0.4386,-0.99561438,-99.5614
2026-04-10,erc1155,25,748,568,1316,1213275,0.00108467,0.1085,-0.99891533,-99.8915
2026-04-10,erc1155,27,15846,21841,37687,1435061,0.02626160,2.6262,-0.97373840,-97.3738
2026-04-10,erc1155,29,324,7668,7992,1432200,0.00558023,0.5580,-0.99441977,-99.4420
2026-04-10,erc1155,3,34,34,68,165356,0.00041123,0.0411,-0.99958877,-99.9589
2026-04-10,erc1155,30,10,10,20,30975,0.00064568,0.0646,-0.99935432,-99.9354
2026-04-10,erc1155,32,2520,16420,18940,1474515,0.01284490,1.2845,-0.98715510,-98.7155
2026-04-10,erc1155,4,33,25,58,238409,0.00024328,0.0243,-0.99975672,-99.9757
2026-04-10,erc1155,5,37,37,74,38010,0.00194686,0.1947,-0.99805314,-99.8053
2026-04-10,erc1155,6,8,8,16,445200,0.00003594,0.0036,-0.99996406,-99.9964
2026-04-10,erc1155,7,2,2,4,33663,0.00011882,0.0119,-0.99988118,-99.9881
2026-04-10,erc1155,9,129,838,967,308553,0.00313398,0.3134,-0.99686602,-99.6866
2026-04-11,erc1155,10,91,91,182,33075,0.00550265,0.5503,-0.99449735,-99.4497
2026-04-11,erc1155,11,25,25,50,692451,0.00007221,0.0072,-0.99992779,-99.9928
2026-04-11,erc1155,12,2182,795,2977,444140,0.00670284,0.6703,-0.99329716,-99.3297
2026-04-11,erc1155,13,346,346,692,648943,0.00106635,0.1066,-0.99893365,-99.8934
2026-04-11,erc1155,14,6,6,12,31500,0.00038095,0.0381,-0.99961905,-99.9619
2026-04-11,erc1155,16,191,191,382,626260,0.00060997,0.0610,-0.99939003,-99.9390
2026-04-11,erc1155,17,1848,8389,10237,522584,0.01958920,1.9589,-0.98041080,-98.0411
2026-04-11,erc1155,18,2000,1087,3087,706912,0.00436688,0.4367,-0.99563312,-99.5633
2026-04-11,erc1155,19,319,319,638,445200,0.00143306,0.1433,-0.99856694,-99.8567
2026-04-11,erc1155,20,743,879,1622,619080,0.00262002,0.2620,-0.99737998,-99.7380
2026-04-11,erc1155,22,675,718,1393,641539,0.00217134,0.2171,-0.99782866,-99.7829
2026-04-11,erc1155,23,3172,315,3487,741286,0.00470399,0.4704,-0.99529601,-99.5296
2026-04-11,erc1155,24,13,13,26,32550,0.00079877,0.0799,-0.99920123,-99.9201
2026-04-11,erc1155,25,1003,867,1870,1213275,0.00154128,0.1541,-0.99845872,-99.8459
2026-04-11,erc1155,27,15090,5225,20315,1435061,0.01415619,1.4156,-0.98584381,-98.5844
2026-04-11,erc1155,29,2816,2817,5633,1432200,0.00393311,0.3933,-0.99606689,-99.6067
2026-04-11,erc1155,3,257,257,514,165356,0.00310844,0.3108,-0.99689156,-99.6892
2026-04-11,erc1155,30,17,17,34,30975,0.00109766,0.1098,-0.99890234,-99.8902
2026-04-11,erc1155,31,10,10,20,29400,0.00068027,0.0680,-0.99931973,-99.9320
2026-04-11,erc1155,32,767,45806,46573,1474515,0.03158530,3.1585,-0.96841470,-96.8415
2026-04-11,erc1155,4,316,324,640,238409,0.00268446,0.2684,-0.99731554,-99.7316
2026-04-11,erc1155,5,40,40,80,38010,0.00210471,0.2105,-0.99789529,-99.7895
2026-04-11,erc1155,6,190,190,380,445200,0.00085355,0.0854,-0.99914645,-99.9146
2026-04-11,erc1155,7,15,15,30,33663,0.00089119,0.0891,-0.99910881,-99.9109
2026-04-11,erc1155,8,3,3,6,26775,0.00022409,0.0224,-0.99977591,-99.9776
2026-04-11,erc1155,9,265,265,530,308553,0.00171770,0.1718,-0.99828230,-99.8282
2026-04-12,erc1155,10,4,4,8,33075,0.00024187,0.0242,-0.99975813,-99.9758
2026-04-12,erc1155,11,35,35,70,692451,0.00010109,0.0101,-0.99989891,-99.9899
2026-04-12,erc1155,12,73,1460,1533,444140,0.00345161,0.3452,-0.99654839,-99.6548
2026-04-12,erc1155,13,2274,2174,4448,648943,0.00685422,0.6854,-0.99314578,-99.3146
2026-04-12,erc1155,16,12,12,24,626260,0.00003832,0.0038,-0.99996168,-99.9962
2026-04-12,erc1155,17,2181,3248,5429,522584,0.01038876,1.0389,-0.98961124,-98.9611
2026-04-12,erc1155,18,2042,947,2989,706912,0.00422825,0.4228,-0.99577175,-99.5772
2026-04-12,erc1155,19,80,80,160,445200,0.00035939,0.0359,-0.99964061,-99.9641
2026-04-12,erc1155,20,2507,10,2517,619080,0.00406571,0.4066,-0.99593429,-99.5934
2026-04-12,erc1155,22,441,258,699,641539,0.00108957,0.1090,-0.99891043,-99.8910
2026-04-12,erc1155,23,1362,1040,2402,741286,0.00324031,0.3240,-0.99675969,-99.6760
2026-04-12,erc1155,25,753,1069,1822,1213275,0.00150172,0.1502,-0.99849828,-99.8498
2026-04-12,erc1155,27,2859,9292,12151,1435061,0.00846724,0.8467,-0.99153276,-99.1533
2026-04-12,erc1155,29,4239,2361,6600,1432200,0.00460829,0.4608,-0.99539171,-99.5392
2026-04-12,erc1155,3,33,33,66,165356,0.00039914,0.0399,-0.99960086,-99.9601
2026-04-12,erc1155,30,54,54,108,30975,0.00348668,0.3487,-0.99651332,-99.6513
2026-04-12,erc1155,32,355,4316,4671,1474515,0.00316782,0.3168,-0.99683218,-99.6832
2026-04-12,erc1155,4,200,200,400,238409,0.00167779,0.1678,-0.99832221,-99.8322
2026-04-12,erc1155,5,7,7,14,38010,0.00036832,0.0368,-0.99963168,-99.9632
2026-04-12,erc1155,6,108,108,216,445200,0.00048518,0.0485,-0.99951482,-99.9515
2026-04-12,erc1155,7,26,26,52,33663,0.00154472,0.1545,-0.99845528,-99.8455
2026-04-12,erc1155,8,2,2,4,26775,0.00014939,0.0149,-0.99985061,-99.9851
2026-04-12,erc1155,9,1978,1945,3923,308553,0.01271419,1.2714,-0.98728581,-98.7286
2026-04-13,erc1155,10,33,33,66,33075,0.00199546,0.1995,-0.99800454,-99.8005
2026-04-13,erc1155,11,100,100,200,692451,0.00028883,0.0289,-0.99971117,-99.9711
2026-04-13,erc1155,12,446,446,892,444140,0.00200838,0.2008,-0.99799162,-99.7992
2026-04-13,erc1155,13,578,678,1256,648943,0.00193546,0.1935,-0.99806454,-99.8065
2026-04-13,erc1155,14,137,137,274,31500,0.00869841,0.8698,-0.99130159,-99.1302
2026-04-13,erc1155,16,488,488,976,626260,0.00155846,0.1558,-0.99844154,-99.8442
2026-04-13,erc1155,17,2405,761,3166,522584,0.00605836,0.6058,-0.99394164,-99.3942
2026-04-13,erc1155,18,340,595,935,706912,0.00132265,0.1323,-0.99867735,-99.8677
2026-04-13,erc1155,19,464,464,928,445200,0.00208446,0.2084,-0.99791554,-99.7916
2026-04-13,erc1155,20,909,583,1492,619080,0.00241003,0.2410,-0.99758997,-99.7590
2026-04-13,erc1155,22,2616,1329,3945,641539,0.00614928,0.6149,-0.99385072,-99.3851
2026-04-13,erc1155,23,1511,3604,5115,741286,0.00690017,0.6900,-0.99309983,-99.3100
2026-04-13,erc1155,24,33,33,66,32550,0.00202765,0.2028,-0.99797235,-99.7972
2026-04-13,erc1155,25,1166,789,1955,1213275,0.00161134,0.1611,-0.99838866,-99.8389
2026-04-13,erc1155,27,5174,6506,11680,1435061,0.00813903,0.8139,-0.99186097,-99.1861
2026-04-13,erc1155,29,5602,7480,13082,1432200,0.00913420,0.9134,-0.99086580,-99.0866
2026-04-13,erc1155,3,387,387,774,165356,0.00468081,0.4681,-0.99531919,-99.5319
2026-04-13,erc1155,30,19,19,38,30975,0.00122680,0.1227,-0.99877320,-99.8773
2026-04-13,erc1155,31,40,40,80,29400,0.00272109,0.2721,-0.99727891,-99.7279
2026-04-13,erc1155,32,4247,3157,7404,1474515,0.00502131,0.5021,-0.99497869,-99.4979
2026-04-13,erc1155,4,228,228,456,238409,0.00191268,0.1913,-0.99808732,-99.8087
2026-04-13,erc1155,5,191,191,382,38010,0.01004999,1.0050,-0.98995001,-98.9950
2026-04-13,erc1155,6,351,351,702,445200,0.00157682,0.1577,-0.99842318,-99.8423
2026-04-13,erc1155,7,52,52,104,33663,0.00308945,0.3089,-0.99691055,-99.6911
2026-04-13,erc1155,8,9,9,18,26775,0.00067227,0.0672,-0.99932773,-99.9328
2026-04-13,erc1155,9,219,242,461,308553,0.00149407,0.1494,-0.99850593,-99.8506
2026-04-14,erc1155,10,6,6,12,33075,0.00036281,0.0363,-0.99963719,-99.9637
2026-04-14,erc1155,11,65,65,130,692451,0.00018774,0.0188,-0.99981226,-99.9812
2026-04-14,erc1155,12,116,116,232,444140,0.00052236,0.0522,-0.99947764,-99.9478
2026-04-14,erc1155,13,345,345,690,648943,0.00106327,0.1063,-0.99893673,-99.8937
2026-04-14,erc1155,14,1,1,2,31500,0.00006349,0.0063,-0.99993651,-99.9937
2026-04-14,erc1155,16,231,231,462,626260,0.00073771,0.0738,-0.99926229,-99.9262
2026-04-14,erc1155,17,275,5441,5716,522584,0.01093795,1.0938,-0.98906205,-98.9062
2026-04-14,erc1155,18,1554,3334,4888,706912,0.00691458,0.6915,-0.99308542,-99.3085
2026-04-14,erc1155,19,1155,1155,2310,445200,0.00518868,0.5189,-0.99481132,-99.4811
2026-04-14,erc1155,20,355,2977,3332,619080,0.00538218,0.5382,-0.99461782,-99.4618
2026-04-14,erc1155,22,477,1947,2424,641539,0.00377841,0.3778,-0.99622159,-99.6222
2026-04-14,erc1155,23,581,1675,2256,741286,0.00304336,0.3043,-0.99695664,-99.6957
2026-04-14,erc1155,24,3,3,6,32550,0.00018433,0.0184,-0.99981567,-99.9816
2026-04-14,erc1155,25,2133,2249,4382,1213275,0.00361171,0.3612,-0.99638829,-99.6388
2026-04-14,erc1155,27,3156,5450,8606,1435061,0.00599696,0.5997,-0.99400304,-99.4003
2026-04-14,erc1155,29,15602,3926,19528,1432200,0.01363497,1.3635,-0.98636503,-98.6365
2026-04-14,erc1155,3,37,37,74,165356,0.00044752,0.0448,-0.99955248,-99.9552
2026-04-14,erc1155,32,2450,15626,18076,1474515,0.01225895,1.2259,-0.98774105,-98.7741
2026-04-14,erc1155,4,67,67,134,238409,0.00056206,0.0562,-0.99943794,-99.9438
2026-04-14,erc1155,5,8,8,16,38010,0.00042094,0.0421,-0.99957906,-99.9579
2026-04-14,erc1155,6,8,8,16,445200,0.00003594,0.0036,-0.99996406,-99.9964
2026-04-14,erc1155,7,2,2,4,33663,0.00011882,0.0119,-0.99988118,-99.9881
2026-04-14,erc1155,9,124,127,251,308553,0.00081347,0.0813,-0.99918653,-99.9187
2026-04-15,erc1155,10,10,10,20,33075,0.00060469,0.0605,-0.99939531,-99.9395
2026-04-15,erc1155,11,54,54,108,692451,0.00015597,0.0156,-0.99984403,-99.9844
2026-04-15,erc1155,12,317,311,628,444140,0.00141397,0.1414,-0.99858603,-99.8586
2026-04-15,erc1155,13,339,339,678,648943,0.00104478,0.1045,-0.99895522,-99.8955
2026-04-15,erc1155,14,12,12,24,31500,0.00076190,0.0762,-0.99923810,-99.9238
2026-04-15,erc1155,16,82,82,164,626260,0.00026187,0.0262,-0.99973813,-99.9738
2026-04-15,erc1155,17,2170,5972,8142,522584,0.01558027,1.5580,-0.98441973,-98.4420
2026-04-15,erc1155,18,1203,1154,2357,706912,0.00333422,0.3334,-0.99666578,-99.6666
2026-04-15,erc1155,19,160,160,320,445200,0.00071878,0.0719,-0.99928122,-99.9281
2026-04-15,erc1155,20,1077,404,1481,619080,0.00239226,0.2392,-0.99760774,-99.7608
2026-04-15,erc1155,22,1699,1681,3380,641539,0.00526858,0.5269,-0.99473142,-99.4731
2026-04-15,erc1155,23,1430,1412,2842,741286,0.00383388,0.3834,-0.99616612,-99.6166
2026-04-15,erc1155,24,1,1,2,32550,0.00006144,0.0061,-0.99993856,-99.9939
2026-04-15,erc1155,25,3745,1756,5501,1213275,0.00453401,0.4534,-0.99546599,-99.5466
2026-04-15,erc1155,27,7156,5041,12197,1435061,0.00849929,0.8499,-0.99150071,-99.1501
2026-04-15,erc1155,28,112,112,224,29400,0.00761905,0.7619,-0.99238095,-99.2381
2026-04-15,erc1155,29,1247,12923,14170,1432200,0.00989387,0.9894,-0.99010613,-99.0106
2026-04-15,erc1155,3,158,158,316,165356,0.00191103,0.1911,-0.99808897,-99.8089
2026-04-15,erc1155,30,4,4,8,30975,0.00025827,0.0258,-0.99974173,-99.9742
2026-04-15,erc1155,32,2230,8885,11115,1474515,0.00753807,0.7538,-0.99246193,-99.2462
2026-04-15,erc1155,4,444,444,888,238409,0.00372469,0.3725,-0.99627531,-99.6275
2026-04-15,erc1155,5,18,18,36,38010,0.00094712,0.0947,-0.99905288,-99.9053
2026-04-15,erc1155,6,400,400,800,445200,0.00179695,0.1797,-0.99820305,-99.8203
2026-04-15,erc1155,7,11,11,22,33663,0.00065354,0.0654,-0.99934646,-99.9346
2026-04-15,erc1155,9,1627,181,1808,308553,0.00585961,0.5860,-0.99414039,-99.4140
2026-04-16,erc1155,10,11,11,22,33075,0.00066515,0.0665,-0.99933485,-99.9335
2026-04-16,erc1155,11,8,8,16,692451,0.00002311,0.0023,-0.99997689,-99.9977
2026-04-16,erc1155,12,366,372,738,444140,0.00166164,0.1662,-0.99833836,-99.8338
2026-04-16,erc1155,13,305,305,610,648943,0.00093999,0.0940,-0.99906001,-99.9060
2026-04-16,erc1155,14,4,4,8,31500,0.00025397,0.0254,-0.99974603,-99.9746
2026-04-16,erc1155,16,634,634,1268,626260,0.00202472,0.2025,-0.99797528,-99.7975
2026-04-16,erc1155,17,1680,2731,4411,522584,0.00844075,0.8441,-0.99155925,-99.1559
2026-04-16,erc1155,18,5281,2065,7346,706912,0.01039168,1.0392,-0.98960832,-98.9608
2026-04-16,erc1155,19,631,631,1262,445200,0.00283468,0.2835,-0.99716532,-99.7165
2026-04-16,erc1155,20,722,1596,2318,619080,0.00374427,0.3744,-0.99625573,-99.6256
2026-04-16,erc1155,22,1299,1317,2616,641539,0.00407769,0.4078,-0.99592231,-99.5922
2026-04-16,erc1155,23,10019,895,10914,741286,0.01472306,1.4723,-0.98527694,-98.5277
2026-04-16,erc1155,25,1619,3869,5488,1213275,0.00452329,0.4523,-0.99547671,-99.5477
2026-04-16,erc1155,27,3952,6077,10029,1435061,0.00698855,0.6989,-0.99301145,-99.3011
2026-04-16,erc1155,28,3,3,6,29400,0.00020408,0.0204,-0.99979592,-99.9796
2026-04-16,erc1155,29,1664,1664,3328,1432200,0.00232370,0.2324,-0.99767630,-99.7676
2026-04-16,erc1155,3,101,100,201,165356,0.00121556,0.1216,-0.99878444,-99.8784
2026-04-16,erc1155,30,180,180,360,30975,0.01162228,1.1622,-0.98837772,-98.8378
2026-04-16,erc1155,32,2670,35726,38396,1474515,0.02603975,2.6040,-0.97396025,-97.3960
2026-04-16,erc1155,4,69,68,137,238409,0.00057464,0.0575,-0.99942536,-99.9425
2026-04-16,erc1155,5,8,8,16,38010,0.00042094,0.0421,-0.99957906,-99.9579
2026-04-16,erc1155,6,1445,1438,2883,445200,0.00647574,0.6476,-0.99352426,-99.3524
2026-04-16,erc1155,7,12,12,24,33663,0.00071295,0.0713,-0.99928705,-99.9287
2026-04-16,erc1155,8,14,14,28,26775,0.00104575,0.1046,-0.99895425,-99.8954
2026-04-16,erc1155,9,324,1777,2101,308553,0.00680920,0.6809,-0.99319080,-99.3191
2026-04-17,erc1155,10,244,244,488,33075,0.01475435,1.4754,-0.98524565,-98.5246
2026-04-17,erc1155,11,48,48,96,692451,0.00013864,0.0139,-0.99986136,-99.9861
2026-04-17,erc1155,12,198,198,396,444140,0.00089161,0.0892,-0.99910839,-99.9108
2026-04-17,erc1155,13,528,528,1056,648943,0.00162726,0.1627,-0.99837274,-99.8373
2026-04-17,erc1155,14,1,1,2,31500,0.00006349,0.0063,-0.99993651,-99.9937
2026-04-17,erc1155,16,409,409,818,626260,0.00130617,0.1306,-0.99869383,-99.8694
2026-04-17,erc1155,17,3181,6766,9947,522584,0.01903426,1.9034,-0.98096574,-98.0966
2026-04-17,erc1155,18,6991,2209,9200,706912,0.01301435,1.3014,-0.98698565,-98.6986
2026-04-17,erc1155,19,54,54,108,445200,0.00024259,0.0243,-0.99975741,-99.9757
2026-04-17,erc1155,20,872,872,1744,619080,0.00281708,0.2817,-0.99718292,-99.7183
2026-04-17,erc1155,22,14363,4735,19098,641539,0.02976904,2.9769,-0.97023096,-97.0231
2026-04-17,erc1155,23,9695,7274,16969,741286,0.02289130,2.2891,-0.97710870,-97.7109
2026-04-17,erc1155,24,18,18,36,32550,0.00110599,0.1106,-0.99889401,-99.8894
2026-04-17,erc1155,25,8766,7204,15970,1213275,0.01316272,1.3163,-0.98683728,-98.6837
2026-04-17,erc1155,27,14056,14056,28112,1435061,0.01958941,1.9589,-0.98041059,-98.0411
2026-04-17,erc1155,28,4,4,8,29400,0.00027211,0.0272,-0.99972789,-99.9728
2026-04-17,erc1155,29,4921,4921,9842,1432200,0.00687195,0.6872,-0.99312805,-99.3128
2026-04-17,erc1155,3,319,320,639,165356,0.00386439,0.3864,-0.99613561,-99.6136
2026-04-17,erc1155,30,4,4,8,30975,0.00025827,0.0258,-0.99974173,-99.9742
2026-04-17,erc1155,31,12,12,24,29400,0.00081633,0.0816,-0.99918367,-99.9184
2026-04-17,erc1155,32,10780,41812,52592,1474515,0.03566732,3.5667,-0.96433268,-96.4333
2026-04-17,erc1155,4,119,120,239,238409,0.00100248,0.1002,-0.99899752,-99.8998
2026-04-17,erc1155,5,28,28,56,38010,0.00147330,0.1473,-0.99852670,-99.8527
2026-04-17,erc1155,6,89,96,185,445200,0.00041554,0.0416,-0.99958446,-99.9584
2026-04-17,erc1155,7,49,49,98,33663,0.00291121,0.2911,-0.99708879,-99.7089
2026-04-17,erc1155,8,4,4,8,26775,0.00029879,0.0299,-0.99970121,-99.9701
2026-04-17,erc1155,9,936,936,1872,308553,0.00606703,0.6067,-0.99393297,-99.3933
2026-04-18,erc1155,10,6,6,12,33075,0.00036281,0.0363,-0.99963719,-99.9637
2026-04-18,erc1155,11,4878,4878,9756,692451,0.01408908,1.4089,-0.98591092,-98.5911
2026-04-18,erc1155,12,1164,1164,2328,444140,0.00524159,0.5242,-0.99475841,-99.4758
2026-04-18,erc1155,13,2577,2577,5154,648943,0.00794215,0.7942,-0.99205785,-99.2058
2026-04-18,erc1155,14,1,1,2,31500,0.00006349,0.0063,-0.99993651,-99.9937
2026-04-18,erc1155,16,649,649,1298,626260,0.00207262,0.2073,-0.99792738,-99.7927
2026-04-18,erc1155,17,4330,4463,8793,522584,0.01682600,1.6826,-0.98317400,-98.3174
2026-04-18,erc1155,18,2069,178,2247,706912,0.00317861,0.3179,-0.99682139,-99.6821
2026-04-18,erc1155,19,138,138,276,445200,0.00061995,0.0620,-0.99938005,-99.9380
2026-04-18,erc1155,20,4675,4675,9350,619080,0.01510306,1.5103,-0.98489694,-98.4897
2026-04-18,erc1155,22,3561,5382,8943,641539,0.01393992,1.3940,-0.98606008,-98.6060
2026-04-18,erc1155,23,4224,5917,10141,741286,0.01368028,1.3680,-0.98631972,-98.6320
2026-04-18,erc1155,24,195,195,390,32550,0.01198157,1.1982,-0.98801843,-98.8018
2026-04-18,erc1155,25,3968,4007,7975,1213275,0.00657312,0.6573,-0.99342688,-99.3427
2026-04-18,erc1155,27,11697,9276,20973,1435061,0.01461471,1.4615,-0.98538529,-98.5385
2026-04-18,erc1155,28,10,10,20,29400,0.00068027,0.0680,-0.99931973,-99.9320
2026-04-18,erc1155,29,7062,7062,14124,1432200,0.00986175,0.9862,-0.99013825,-99.0138
2026-04-18,erc1155,3,1374,863,2237,165356,0.01352839,1.3528,-0.98647161,-98.6472
2026-04-18,erc1155,30,20,20,40,30975,0.00129136,0.1291,-0.99870864,-99.8709
2026-04-18,erc1155,32,8214,14618,22832,1474515,0.01548441,1.5484,-0.98451559,-98.4516
2026-04-18,erc1155,4,425,287,712,238409,0.00298646,0.2986,-0.99701354,-99.7014
2026-04-18,erc1155,5,5,5,10,38010,0.00026309,0.0263,-0.99973691,-99.9737
2026-04-18,erc1155,6,315,315,630,445200,0.00141509,0.1415,-0.99858491,-99.8585
2026-04-18,erc1155,7,13,13,26,33663,0.00077236,0.0772,-0.99922764,-99.9228
2026-04-18,erc1155,8,24,24,48,26775,0.00179272,0.1793,-0.99820728,-99.8207
2026-04-18,erc1155,9,2828,335,3163,308553,0.01025108,1.0251,-0.98974892,-98.9749
2026-04-19,erc1155,10,5,5,10,33075,0.00030234,0.0302,-0.99969766,-99.9698
2026-04-19,erc1155,11,495,495,990,692451,0.00142970,0.1430,-0.99857030,-99.8570
2026-04-19,erc1155,12,89,89,178,444140,0.00040077,0.0401,-0.99959923,-99.9599
2026-04-19,erc1155,13,120,120,240,648943,0.00036983,0.0370,-0.99963017,-99.9630
2026-04-19,erc1155,16,463,463,926,626260,0.00147862,0.1479,-0.99852138,-99.8521
2026-04-19,erc1155,17,369,1509,1878,522584,0.00359368,0.3594,-0.99640632,-99.6406
2026-04-19,erc1155,18,478,1320,1798,706912,0.00254346,0.2543,-0.99745654,-99.7457
2026-04-19,erc1155,19,614,614,1228,445200,0.00275831,0.2758,-0.99724169,-99.7242
2026-04-19,erc1155,20,283,283,566,619080,0.00091426,0.0914,-0.99908574,-99.9086
2026-04-19,erc1155,22,6389,5535,11924,641539,0.01858656,1.8587,-0.98141344,-98.1413
2026-04-19,erc1155,23,2608,2724,5332,741286,0.00719291,0.7193,-0.99280709,-99.2807
2026-04-19,erc1155,25,547,2070,2617,1213275,0.00215697,0.2157,-0.99784303,-99.7843
2026-04-19,erc1155,27,3001,5413,8414,1435061,0.00586317,0.5863,-0.99413683,-99.4137
2026-04-19,erc1155,28,1,1,2,29400,0.00006803,0.0068,-0.99993197,-99.9932
2026-04-19,erc1155,29,827,827,1654,1432200,0.00115487,0.1155,-0.99884513,-99.8845
2026-04-19,erc1155,3,153,664,817,165356,0.00494085,0.4941,-0.99505915,-99.5059
2026-04-19,erc1155,30,1,1,2,30975,0.00006457,0.0065,-0.99993543,-99.9935
2026-04-19,erc1155,31,25,25,50,29400,0.00170068,0.1701,-0.99829932,-99.8299
2026-04-19,erc1155,32,4474,8841,13315,1474515,0.00903009,0.9030,-0.99096991,-99.0970
2026-04-19,erc1155,4,46,184,230,238409,0.00096473,0.0965,-0.99903527,-99.9035
2026-04-19,erc1155,5,12,12,24,38010,0.00063141,0.0631,-0.99936859,-99.9369
2026-04-19,erc1155,6,12,12,24,445200,0.00005391,0.0054,-0.99994609,-99.9946
2026-04-19,erc1155,7,10,10,20,33663,0.00059412,0.0594,-0.99940588,-99.9406
2026-04-19,erc1155,8,121,121,242,26775,0.00903828,0.9038,-0.99096172,-99.0962
2026-04-19,erc1155,9,942,2718,3660,308553,0.01186182,1.1862,-0.98813818,-98.8138
2026-04-20,erc1155,10,35,35,70,33075,0.00211640,0.2116,-0.99788360,-99.7884
2026-04-20,erc1155,11,58,58,116,692451,0.00016752,0.0168,-0.99983248,-99.9832
2026-04-20,erc1155,12,459,459,918,444140,0.00206692,0.2067,-0.99793308,-99.7933
2026-04-20,erc1155,13,670,670,1340,648943,0.00206490,0.2065,-0.99793510,-99.7935
2026-04-20,erc1155,14,36,36,72,31500,0.00228571,0.2286,-0.99771429,-99.7714
2026-04-20,erc1155,16,683,683,1366,626260,0.00218120,0.2181,-0.99781880,-99.7819
2026-04-20,erc1155,17,910,2864,3774,522584,0.00722181,0.7222,-0.99277819,-99.2778
2026-04-20,erc1155,18,5237,2802,8039,706912,0.01137200,1.1372,-0.98862800,-98.8628
2026-04-20,erc1155,19,329,329,658,445200,0.00147799,0.1478,-0.99852201,-99.8522
2026-04-20,erc1155,20,1268,608,1876,619080,0.00303030,0.3030,-0.99696970,-99.6970
2026-04-20,erc1155,22,2808,8968,11776,641539,0.01835586,1.8356,-0.98164414,-98.1644
2026-04-20,erc1155,23,2320,11594,13914,741286,0.01877008,1.8770,-0.98122992,-98.1230
2026-04-20,erc1155,24,2,2,4,32550,0.00012289,0.0123,-0.99987711,-99.9877
2026-04-20,erc1155,25,2005,1976,3981,1213275,0.00328120,0.3281,-0.99671880,-99.6719
2026-04-20,erc1155,27,1440,1425,2865,1435061,0.00199643,0.1996,-0.99800357,-99.8004
2026-04-20,erc1155,28,20,20,40,29400,0.00136054,0.1361,-0.99863946,-99.8639
2026-04-20,erc1155,29,6364,6864,13228,1432200,0.00923614,0.9236,-0.99076386,-99.0764
2026-04-20,erc1155,3,111,111,222,165356,0.00134256,0.1343,-0.99865744,-99.8657
2026-04-20,erc1155,30,5,5,10,30975,0.00032284,0.0323,-0.99967716,-99.9677
2026-04-20,erc1155,31,17,17,34,29400,0.00115646,0.1156,-0.99884354,-99.8844
2026-04-20,erc1155,32,6508,12121,18629,1474515,0.01263398,1.2634,-0.98736602,-98.7366
2026-04-20,erc1155,4,43,43,86,238409,0.00036072,0.0361,-0.99963928,-99.9639
2026-04-20,erc1155,5,17,17,34,38010,0.00089450,0.0895,-0.99910550,-99.9105
2026-04-20,erc1155,6,316,316,632,445200,0.00141959,0.1420,-0.99858041,-99.8580
2026-04-20,erc1155,7,24,24,48,33663,0.00142590,0.1426,-0.99857410,-99.8574
2026-04-20,erc1155,8,32,32,64,26775,0.00239029,0.2390,-0.99760971,-99.7610
2026-04-20,erc1155,9,1040,947,1987,308553,0.00643974,0.6440,-0.99356026,-99.3560
2026-04-21,erc1155,10,80,80,160,33075,0.00483749,0.4837,-0.99516251,-99.5163
2026-04-21,erc1155,11,74,74,148,692451,0.00021373,0.0214,-0.99978627,-99.9786
2026-04-21,erc1155,12,946,946,1892,444140,0.00425992,0.4260,-0.99574008,-99.5740
2026-04-21,erc1155,13,6893,6893,13786,648943,0.02124378,2.1244,-0.97875622,-97.8756
2026-04-21,erc1155,14,20,20,40,31500,0.00126984,0.1270,-0.99873016,-99.8730
2026-04-21,erc1155,16,1038,1038,2076,626260,0.00331492,0.3315,-0.99668508,-99.6685
2026-04-21,erc1155,17,1540,1318,2858,522584,0.00546898,0.5469,-0.99453102,-99.4531
2026-04-21,erc1155,18,782,332,1114,706912,0.00157587,0.1576,-0.99842413,-99.8424
2026-04-21,erc1155,19,2623,2268,4891,445200,0.01098607,1.0986,-0.98901393,-98.9014
2026-04-21,erc1155,20,1449,2009,3458,619080,0.00558571,0.5586,-0.99441429,-99.4414
2026-04-21,erc1155,22,6639,2234,8873,641539,0.01383080,1.3831,-0.98616920,-98.6169
2026-04-21,erc1155,23,5704,925,6629,741286,0.00894257,0.8943,-0.99105743,-99.1057
2026-04-21,erc1155,25,2108,2127,4235,1213275,0.00349055,0.3491,-0.99650945,-99.6509
2026-04-21,erc1155,27,2362,2286,4648,1435061,0.00323889,0.3239,-0.99676111,-99.6761
2026-04-21,erc1155,29,2342,2342,4684,1432200,0.00327049,0.3270,-0.99672951,-99.6730
2026-04-21,erc1155,3,345,345,690,165356,0.00417282,0.4173,-0.99582718,-99.5827
2026-04-21,erc1155,30,68,68,136,30975,0.00439064,0.4391,-0.99560936,-99.5609
2026-04-21,erc1155,31,23,23,46,29400,0.00156463,0.1565,-0.99843537,-99.8435
2026-04-21,erc1155,32,11854,28876,40730,1474515,0.02762264,2.7623,-0.97237736,-97.2377
2026-04-21,erc1155,4,1477,597,2074,238409,0.00869934,0.8699,-0.99130066,-99.1301
2026-04-21,erc1155,5,4,4,8,38010,0.00021047,0.0210,-0.99978953,-99.9790
2026-04-21,erc1155,6,1942,1942,3884,445200,0.00872417,0.8724,-0.99127583,-99.1276
2026-04-21,erc1155,8,50,50,100,26775,0.00373483,0.3735,-0.99626517,-99.6265
2026-04-21,erc1155,9,1256,1715,2971,308553,0.00962882,0.9629,-0.99037118,-99.0371
2026-04-22,erc1155,10,5,5,10,33075,0.00030234,0.0302,-0.99969766,-99.9698
2026-04-22,erc1155,11,104,104,208,692451,0.00030038,0.0300,-0.99969962,-99.9700
2026-04-22,erc1155,12,181,181,362,444140,0.00081506,0.0815,-0.99918494,-99.9185
2026-04-22,erc1155,13,245,245,490,648943,0.00075507,0.0755,-0.99924493,-99.9245
2026-04-22,erc1155,14,20,20,40,31500,0.00126984,0.1270,-0.99873016,-99.8730
2026-04-22,erc1155,16,108,108,216,626260,0.00034490,0.0345,-0.99965510,-99.9655
2026-04-22,erc1155,17,746,607,1353,522584,0.00258906,0.2589,-0.99741094,-99.7411
2026-04-22,erc1155,18,180,964,1144,706912,0.00161831,0.1618,-0.99838169,-99.8382
2026-04-22,erc1155,19,324,679,1003,445200,0.00225292,0.2253,-0.99774708,-99.7747
2026-04-22,erc1155,20,337,394,731,619080,0.00118078,0.1181,-0.99881922,-99.8819
2026-04-22,erc1155,22,2175,5268,7443,641539,0.01160179,1.1602,-0.98839821,-98.8398
2026-04-22,erc1155,23,239,1531,1770,741286,0.00238774,0.2388,-0.99761226,-99.7612
2026-04-22,erc1155,24,13,13,26,32550,0.00079877,0.0799,-0.99920123,-99.9201
2026-04-22,erc1155,25,781,791,1572,1213275,0.00129567,0.1296,-0.99870433,-99.8704
2026-04-22,erc1155,27,1817,1916,3733,1435061,0.00260128,0.2601,-0.99739872,-99.7399
2026-04-22,erc1155,28,29,29,58,29400,0.00197279,0.1973,-0.99802721,-99.8027
2026-04-22,erc1155,29,442,442,884,1432200,0.00061723,0.0617,-0.99938277,-99.9383
2026-04-22,erc1155,3,249,249,498,165356,0.00301168,0.3012,-0.99698832,-99.6988
2026-04-22,erc1155,30,1,1,2,30975,0.00006457,0.0065,-0.99993543,-99.9935
2026-04-22,erc1155,31,49,49,98,29400,0.00333333,0.3333,-0.99666667,-99.6667
2026-04-22,erc1155,32,2396,9396,11792,1474515,0.00799721,0.7997,-0.99200279,-99.2003
2026-04-22,erc1155,4,338,1218,1556,238409,0.00652660,0.6527,-0.99347340,-99.3473
2026-04-22,erc1155,5,15,15,30,38010,0.00078927,0.0789,-0.99921073,-99.9211
2026-04-22,erc1155,6,207,207,414,445200,0.00092992,0.0930,-0.99907008,-99.9070
2026-04-22,erc1155,7,2,2,4,33663,0.00011882,0.0119,-0.99988118,-99.9881
2026-04-22,erc1155,8,11,11,22,26775,0.00082166,0.0822,-0.99917834,-99.9178
2026-04-22,erc1155,9,381,732,1113,308553,0.00360716,0.3607,-0.99639284,-99.6393
2026-04-23,erc1155,10,15,15,30,33075,0.00090703,0.0907,-0.99909297,-99.9093
2026-04-23,erc1155,11,3,3,6,692451,0.00000866,0.0009,-0.99999134,-99.9991
2026-04-23,erc1155,12,581,581,1162,444140,0.00261629,0.2616,-0.99738371,-99.7384
2026-04-23,erc1155,13,603,603,1206,648943,0.00185841,0.1858,-0.99814159,-99.8142
2026-04-23,erc1155,16,167,167,334,626260,0.00053332,0.0533,-0.99946668,-99.9467
2026-04-23,erc1155,17,2194,726,2920,522584,0.00558762,0.5588,-0.99441238,-99.4412
2026-04-23,erc1155,18,7268,1205,8473,706912,0.01198593,1.1986,-0.98801407,-98.8014
2026-04-23,erc1155,19,1311,1279,2590,445200,0.00581761,0.5818,-0.99418239,-99.4182
2026-04-23,erc1155,20,4252,759,5011,619080,0.00809427,0.8094,-0.99190573,-99.1906
2026-04-23,erc1155,22,4244,2761,7005,641539,0.01091906,1.0919,-0.98908094,-98.9081
2026-04-23,erc1155,23,911,3731,4642,741286,0.00626209,0.6262,-0.99373791,-99.3738
2026-04-23,erc1155,24,12,12,24,32550,0.00073733,0.0737,-0.99926267,-99.9263
2026-04-23,erc1155,25,1134,1050,2184,1213275,0.00180009,0.1800,-0.99819991,-99.8200
2026-04-23,erc1155,27,6785,4375,11160,1435061,0.00777667,0.7777,-0.99222333,-99.2223
2026-04-23,erc1155,29,945,1045,1990,1432200,0.00138947,0.1389,-0.99861053,-99.8611
2026-04-23,erc1155,3,1093,228,1321,165356,0.00798882,0.7989,-0.99201118,-99.2011
2026-04-23,erc1155,30,1,1,2,30975,0.00006457,0.0065,-0.99993543,-99.9935
2026-04-23,erc1155,32,7825,4950,12775,1474515,0.00866387,0.8664,-0.99133613,-99.1336
2026-04-23,erc1155,4,57,57,114,238409,0.00047817,0.0478,-0.99952183,-99.9522
2026-04-23,erc1155,5,1,1,2,38010,0.00005262,0.0053,-0.99994738,-99.9947
2026-04-23,erc1155,6,8,8,16,445200,0.00003594,0.0036,-0.99996406,-99.9964
2026-04-23,erc1155,7,2,2,4,33663,0.00011882,0.0119,-0.99988118,-99.9881
2026-04-23,erc1155,8,2,2,4,26775,0.00014939,0.0149,-0.99985061,-99.9851
2026-04-23,erc1155,9,266,266,532,308553,0.00172418,0.1724,-0.99827582,-99.8276
2026-04-24,erc1155,10,2,2,4,33075,0.00012094,0.0121,-0.99987906,-99.9879
2026-04-24,erc1155,11,16,16,32,692451,0.00004621,0.0046,-0.99995379,-99.9954
2026-04-24,erc1155,12,138,128,266,444140,0.00059891,0.0599,-0.99940109,-99.9401
2026-04-24,erc1155,13,880,880,1760,648943,0.00271210,0.2712,-0.99728790,-99.7288
2026-04-24,erc1155,16,288,288,576,626260,0.00091975,0.0920,-0.99908025,-99.9080
2026-04-24,erc1155,17,4730,194,4924,522584,0.00942241,0.9422,-0.99057759,-99.0578
2026-04-24,erc1155,18,865,2070,2935,706912,0.00415186,0.4152,-0.99584814,-99.5848
2026-04-24,erc1155,19,59,91,150,445200,0.00033693,0.0337,-0.99966307,-99.9663
2026-04-24,erc1155,20,3431,6626,10057,619080,0.01624507,1.6245,-0.98375493,-98.3755
2026-04-24,erc1155,22,990,4881,5871,641539,0.00915143,0.9151,-0.99084857,-99.0849
2026-04-24,erc1155,23,547,696,1243,741286,0.00167682,0.1677,-0.99832318,-99.8323
2026-04-24,erc1155,25,885,969,1854,1213275,0.00152810,0.1528,-0.99847190,-99.8472
2026-04-24,erc1155,27,1254,3665,4919,1435061,0.00342773,0.3428,-0.99657227,-99.6572
2026-04-24,erc1155,29,5760,5810,11570,1432200,0.00807848,0.8078,-0.99192152,-99.1922
2026-04-24,erc1155,3,219,1084,1303,165356,0.00787997,0.7880,-0.99212003,-99.2120
2026-04-24,erc1155,30,1,1,2,30975,0.00006457,0.0065,-0.99993543,-99.9935
2026-04-24,erc1155,32,3824,14704,18528,1474515,0.01256549,1.2565,-0.98743451,-98.7435
2026-04-24,erc1155,4,47,47,94,238409,0.00039428,0.0394,-0.99960572,-99.9606
2026-04-24,erc1155,5,2,2,4,38010,0.00010524,0.0105,-0.99989476,-99.9895
2026-04-24,erc1155,6,28,28,56,445200,0.00012579,0.0126,-0.99987421,-99.9874
2026-04-24,erc1155,7,3,3,6,33663,0.00017824,0.0178,-0.99982176,-99.9822
2026-04-24,erc1155,8,5,5,10,26775,0.00037348,0.0373,-0.99962652,-99.9627
2026-04-24,erc1155,9,77,77,154,308553,0.00049910,0.0499,-0.99950090,-99.9501
2026-04-25,erc1155,10,10,10,20,33075,0.00060469,0.0605,-0.99939531,-99.9395
2026-04-25,erc1155,11,50,50,100,692451,0.00014441,0.0144,-0.99985559,-99.9856
2026-04-25,erc1155,12,759,769,1528,444140,0.00344036,0.3440,-0.99655964,-99.6560
2026-04-25,erc1155,13,1869,1869,3738,648943,0.00576014,0.5760,-0.99423986,-99.4240
2026-04-25,erc1155,14,10,10,20,31500,0.00063492,0.0635,-0.99936508,-99.9365
2026-04-25,erc1155,16,2,2,4,626260,0.00000639,0.0006,-0.99999361,-99.9994
2026-04-25,erc1155,17,440,2851,3291,522584,0.00629755,0.6298,-0.99370245,-99.3702
2026-04-25,erc1155,18,3589,11170,14759,706912,0.02087813,2.0878,-0.97912187,-97.9122
2026-04-25,erc1155,19,37,37,74,445200,0.00016622,0.0166,-0.99983378,-99.9834
2026-04-25,erc1155,20,2105,881,2986,619080,0.00482329,0.4823,-0.99517671,-99.5177
2026-04-25,erc1155,22,2589,3483,6072,641539,0.00946474,0.9465,-0.99053526,-99.0535
2026-04-25,erc1155,23,1390,2190,3580,741286,0.00482945,0.4829,-0.99517055,-99.5171
2026-04-25,erc1155,24,2,2,4,32550,0.00012289,0.0123,-0.99987711,-99.9877
2026-04-25,erc1155,25,2135,2135,4270,1213275,0.00351940,0.3519,-0.99648060,-99.6481
2026-04-25,erc1155,27,1124,1124,2248,1435061,0.00156648,0.1566,-0.99843352,-99.8434
2026-04-25,erc1155,28,10,10,20,29400,0.00068027,0.0680,-0.99931973,-99.9320
2026-04-25,erc1155,29,3392,3547,6939,1432200,0.00484499,0.4845,-0.99515501,-99.5155
2026-04-25,erc1155,3,112,112,224,165356,0.00135465,0.1355,-0.99864535,-99.8645
2026-04-25,erc1155,32,796,13773,14569,1474515,0.00988054,0.9881,-0.99011946,-99.0119
2026-04-25,erc1155,4,28,28,56,238409,0.00023489,0.0235,-0.99976511,-99.9765
2026-04-25,erc1155,5,4,4,8,38010,0.00021047,0.0210,-0.99978953,-99.9790
2026-04-25,erc1155,6,2,2,4,445200,0.00000898,0.0009,-0.99999102,-99.9991
2026-04-25,erc1155,7,32,32,64,33663,0.00190120,0.1901,-0.99809880,-99.8099
2026-04-25,erc1155,8,145,145,290,26775,0.01083100,1.0831,-0.98916900,-98.9169
2026-04-25,erc1155,9,499,310,809,308553,0.00262192,0.2622,-0.99737808,-99.7378
2026-04-26,erc1155,10,12,12,24,33075,0.00072562,0.0726,-0.99927438,-99.9274
2026-04-26,erc1155,11,88,88,176,692451,0.00025417,0.0254,-0.99974583,-99.9746
2026-04-26,erc1155,12,261,261,522,444140,0.00117531,0.1175,-0.99882469,-99.8825
2026-04-26,erc1155,13,161,161,322,648943,0.00049619,0.0496,-0.99950381,-99.9504
2026-04-26,erc1155,16,51,51,102,626260,0.00016287,0.0163,-0.99983713,-99.9837
2026-04-26,erc1155,17,509,3107,3616,522584,0.00691946,0.6919,-0.99308054,-99.3081
2026-04-26,erc1155,18,4080,2954,7034,706912,0.00995032,0.9950,-0.99004968,-99.0050
2026-04-26,erc1155,19,107,107,214,445200,0.00048068,0.0481,-0.99951932,-99.9519
2026-04-26,erc1155,20,646,1695,2341,619080,0.00378142,0.3781,-0.99621858,-99.6219
2026-04-26,erc1155,22,946,1457,2403,641539,0.00374568,0.3746,-0.99625432,-99.6254
2026-04-26,erc1155,23,1195,855,2050,741286,0.00276546,0.2765,-0.99723454,-99.7235
2026-04-26,erc1155,24,23,23,46,32550,0.00141321,0.1413,-0.99858679,-99.8587
2026-04-26,erc1155,25,758,758,1516,1213275,0.00124951,0.1250,-0.99875049,-99.8750
2026-04-26,erc1155,27,1248,1248,2496,1435061,0.00173930,0.1739,-0.99826070,-99.8261
2026-04-26,erc1155,28,100,100,200,29400,0.00680272,0.6803,-0.99319728,-99.3197
2026-04-26,erc1155,29,2581,2566,5147,1432200,0.00359377,0.3594,-0.99640623,-99.6406
2026-04-26,erc1155,3,102,102,204,165356,0.00123370,0.1234,-0.99876630,-99.8766
2026-04-26,erc1155,30,10,10,20,30975,0.00064568,0.0646,-0.99935432,-99.9354
2026-04-26,erc1155,32,1061,21815,22876,1474515,0.01551425,1.5514,-0.98448575,-98.4486
2026-04-26,erc1155,4,75,75,150,238409,0.00062917,0.0629,-0.99937083,-99.9371
2026-04-26,erc1155,5,9,9,18,38010,0.00047356,0.0474,-0.99952644,-99.9526
2026-04-26,erc1155,6,276,276,552,445200,0.00123989,0.1240,-0.99876011,-99.8760
2026-04-26,erc1155,8,1,1,2,26775,0.00007470,0.0075,-0.99992530,-99.9925
2026-04-26,erc1155,9,70,259,329,308553,0.00106627,0.1066,-0.99893373,-99.8934
2026-04-27,erc1155,11,285,285,570,692451,0.00082316,0.0823,-0.99917684,-99.9177
2026-04-27,erc1155,12,1308,1308,2616,444140,0.00589003,0.5890,-0.99410997,-99.4110
2026-04-27,erc1155,13,660,634,1294,648943,0.00199401,0.1994,-0.99800599,-99.8006
2026-04-27,erc1155,16,385,385,770,626260,0.00122952,0.1230,-0.99877048,-99.8770
2026-04-27,erc1155,17,2999,1581,4580,522584,0.00876414,0.8764,-0.99123586,-99.1236
2026-04-27,erc1155,18,1450,3260,4710,706912,0.00666278,0.6663,-0.99333722,-99.3337
2026-04-27,erc1155,19,819,819,1638,445200,0.00367925,0.3679,-0.99632075,-99.6321
2026-04-27,erc1155,20,466,906,1372,619080,0.00221619,0.2216,-0.99778381,-99.7784
2026-04-27,erc1155,22,831,806,1637,641539,0.00255168,0.2552,-0.99744832,-99.7448
2026-04-27,erc1155,23,1049,1589,2638,741286,0.00355868,0.3559,-0.99644132,-99.6441
2026-04-27,erc1155,24,6,6,12,32550,0.00036866,0.0369,-0.99963134,-99.9631
2026-04-27,erc1155,25,1836,1836,3672,1213275,0.00302652,0.3027,-0.99697348,-99.6973
2026-04-27,erc1155,27,1788,1788,3576,1435061,0.00249188,0.2492,-0.99750812,-99.7508
2026-04-27,erc1155,29,1336,1386,2722,1432200,0.00190057,0.1901,-0.99809943,-99.8099
2026-04-27,erc1155,3,195,195,390,165356,0.00235855,0.2359,-0.99764145,-99.7641
2026-04-27,erc1155,30,1,1,2,30975,0.00006457,0.0065,-0.99993543,-99.9935
2026-04-27,erc1155,31,51,51,102,29400,0.00346939,0.3469,-0.99653061,-99.6531
2026-04-27,erc1155,32,13216,33310,46526,1474515,0.03155343,3.1553,-0.96844657,-96.8447
2026-04-27,erc1155,4,49,49,98,238409,0.00041106,0.0411,-0.99958894,-99.9589
2026-04-27,erc1155,5,6,6,12,38010,0.00031571,0.0316,-0.99968429,-99.9684
2026-04-27,erc1155,6,210,210,420,445200,0.00094340,0.0943,-0.99905660,-99.9057
2026-04-27,erc1155,7,20,20,40,33663,0.00118825,0.1188,-0.99881175,-99.8812
2026-04-27,erc1155,8,34,34,68,26775,0.00253968,0.2540,-0.99746032,-99.7460
2026-04-27,erc1155,9,498,492,990,308553,0.00320852,0.3209,-0.99679148,-99.6791
2026-04-28,erc1155,10,1,1,2,33075,0.00006047,0.0060,-0.99993953,-99.9940
2026-04-28,erc1155,11,120,120,240,692451,0.00034659,0.0347,-0.99965341,-99.9653
2026-04-28,erc1155,12,2161,678,2839,444140,0.00639213,0.6392,-0.99360787,-99.3608
2026-04-28,erc1155,13,226,252,478,648943,0.00073658,0.0737,-0.99926342,-99.9263
2026-04-28,erc1155,16,272,272,544,626260,0.00086865,0.0869,-0.99913135,-99.9131
2026-04-28,erc1155,17,224,5976,6200,522584,0.01186412,1.1864,-0.98813588,-98.8136
2026-04-28,erc1155,18,11417,728,12145,706912,0.01718036,1.7180,-0.98281964,-98.2820
2026-04-28,erc1155,19,28,28,56,445200,0.00012579,0.0126,-0.99987421,-99.9874
2026-04-28,erc1155,20,10771,526,11297,619080,0.01824805,1.8248,-0.98175195,-98.1752
2026-04-28,erc1155,22,2246,268,2514,641539,0.00391870,0.3919,-0.99608130,-99.6081
2026-04-28,erc1155,23,1167,1167,2334,741286,0.00314858,0.3149,-0.99685142,-99.6851
2026-04-28,erc1155,24,6,6,12,32550,0.00036866,0.0369,-0.99963134,-99.9631
2026-04-28,erc1155,25,4231,3956,8187,1213275,0.00674785,0.6748,-0.99325215,-99.3252
2026-04-28,erc1155,27,1950,1946,3896,1435061,0.00271487,0.2715,-0.99728513,-99.7285
2026-04-28,erc1155,29,1033,1033,2066,1432200,0.00144254,0.1443,-0.99855746,-99.8557
2026-04-28,erc1155,3,60,60,120,165356,0.00072571,0.0726,-0.99927429,-99.9274
2026-04-28,erc1155,30,1,1,2,30975,0.00006457,0.0065,-0.99993543,-99.9935
2026-04-28,erc1155,32,803,19251,20054,1474515,0.01360040,1.3600,-0.98639960,-98.6400
2026-04-28,erc1155,4,44,44,88,238409,0.00036911,0.0369,-0.99963089,-99.9631
2026-04-28,erc1155,5,1,1,2,38010,0.00005262,0.0053,-0.99994738,-99.9947
2026-04-28,erc1155,6,426,426,852,445200,0.00191375,0.1914,-0.99808625,-99.8086
2026-04-28,erc1155,7,53,53,106,33663,0.00314886,0.3149,-0.99685114,-99.6851
2026-04-28,erc1155,8,6,6,12,26775,0.00044818,0.0448,-0.99955182,-99.9552
2026-04-28,erc1155,9,244,250,494,308553,0.00160102,0.1601,-0.99839898,-99.8399
2026-04-29,erc1155,10,49,49,98,33075,0.00296296,0.2963,-0.99703704,-99.7037
2026-04-29,erc1155,11,26,26,52,692451,0.00007510,0.0075,-0.99992490,-99.9925
2026-04-29,erc1155,12,167,1650,1817,444140,0.00409105,0.4091,-0.99590895,-99.5909
2026-04-29,erc1155,13,78,78,156,648943,0.00024039,0.0240,-0.99975961,-99.9760
2026-04-29,erc1155,14,3,3,6,31500,0.00019048,0.0190,-0.99980952,-99.9810
2026-04-29,erc1155,16,17,17,34,626260,0.00005429,0.0054,-0.99994571,-99.9946
2026-04-29,erc1155,17,788,1818,2606,522584,0.00498676,0.4987,-0.99501324,-99.5013
2026-04-29,erc1155,18,480,2405,2885,706912,0.00408113,0.4081,-0.99591887,-99.5919
2026-04-29,erc1155,19,3079,1188,4267,445200,0.00958446,0.9584,-0.99041554,-99.0416
2026-04-29,erc1155,20,583,5389,5972,619080,0.00964657,0.9647,-0.99035343,-99.0353
2026-04-29,erc1155,22,5720,4166,9886,641539,0.01540982,1.5410,-0.98459018,-98.4590
2026-04-29,erc1155,23,1019,823,1842,741286,0.00248487,0.2485,-0.99751513,-99.7515
2026-04-29,erc1155,24,20,20,40,32550,0.00122888,0.1229,-0.99877112,-99.8771
2026-04-29,erc1155,25,689,964,1653,1213275,0.00136243,0.1362,-0.99863757,-99.8638
2026-04-29,erc1155,27,3513,3517,7030,1435061,0.00489875,0.4899,-0.99510125,-99.5101
2026-04-29,erc1155,28,2,2,4,29400,0.00013605,0.0136,-0.99986395,-99.9864
2026-04-29,erc1155,29,945,945,1890,1432200,0.00131965,0.1320,-0.99868035,-99.8680
2026-04-29,erc1155,3,464,464,928,165356,0.00561213,0.5612,-0.99438787,-99.4388
2026-04-29,erc1155,30,5,5,10,30975,0.00032284,0.0323,-0.99967716,-99.9677
2026-04-29,erc1155,32,4341,7875,12216,1474515,0.00828476,0.8285,-0.99171524,-99.1715
2026-04-29,erc1155,4,1344,1344,2688,238409,0.01127474,1.1275,-0.98872526,-98.8725
2026-04-29,erc1155,5,11,11,22,38010,0.00057880,0.0579,-0.99942120,-99.9421
2026-04-29,erc1155,6,1292,1292,2584,445200,0.00580413,0.5804,-0.99419587,-99.4196
2026-04-29,erc1155,7,3,3,6,33663,0.00017824,0.0178,-0.99982176,-99.9822
2026-04-29,erc1155,8,12,12,24,26775,0.00089636,0.0896,-0.99910364,-99.9104
2026-04-29,erc1155,9,526,526,1052,308553,0.00340946,0.3409,-0.99659054,-99.6591
2026-04-30,erc1155,10,37,37,74,33075,0.00223734,0.2237,-0.99776266,-99.7763
2026-04-30,erc1155,11,60,60,120,692451,0.00017330,0.0173,-0.99982670,-99.9827
2026-04-30,erc1155,12,617,617,1234,444140,0.00277840,0.2778,-0.99722160,-99.7222
2026-04-30,erc1155,13,712,712,1424,648943,0.00219434,0.2194,-0.99780566,-99.7806
2026-04-30,erc1155,14,17,17,34,31500,0.00107937,0.1079,-0.99892063,-99.8921
2026-04-30,erc1155,16,41,41,82,626260,0.00013094,0.0131,-0.99986906,-99.9869
2026-04-30,erc1155,17,125,188,313,522584,0.00059895,0.0599,-0.99940105,-99.9401
2026-04-30,erc1155,18,1224,5481,6705,706912,0.00948491,0.9485,-0.99051509,-99.0515
2026-04-30,erc1155,19,800,2691,3491,445200,0.00784142,0.7841,-0.99215858,-99.2159
2026-04-30,erc1155,20,381,3901,4282,619080,0.00691672,0.6917,-0.99308328,-99.3083
2026-04-30,erc1155,22,1352,4902,6254,641539,0.00974843,0.9748,-0.99025157,-99.0252
2026-04-30,erc1155,23,577,773,1350,741286,0.00182116,0.1821,-0.99817884,-99.8179
2026-04-30,erc1155,24,4,4,8,32550,0.00024578,0.0246,-0.99975422,-99.9754
2026-04-30,erc1155,25,1054,1054,2108,1213275,0.00173745,0.1737,-0.99826255,-99.8263
2026-04-30,erc1155,27,2422,2422,4844,1435061,0.00337547,0.3375,-0.99662453,-99.6625
2026-04-30,erc1155,28,6,6,12,29400,0.00040816,0.0408,-0.99959184,-99.9592
2026-04-30,erc1155,29,270,270,540,1432200,0.00037704,0.0377,-0.99962296,-99.9623
2026-04-30,erc1155,3,124,124,248,165356,0.00149979,0.1500,-0.99850021,-99.8500
2026-04-30,erc1155,31,29,29,58,29400,0.00197279,0.1973,-0.99802721,-99.8027
2026-04-30,erc1155,32,7105,42038,49143,1474515,0.03332825,3.3328,-0.96667175,-96.6672
2026-04-30,erc1155,4,211,211,422,238409,0.00177007,0.1770,-0.99822993,-99.8230
2026-04-30,erc1155,5,10,10,20,38010,0.00052618,0.0526,-0.99947382,-99.9474
2026-04-30,erc1155,6,544,544,1088,445200,0.00244385,0.2444,-0.99755615,-99.7556
2026-04-30,erc1155,7,2,2,4,33663,0.00011882,0.0119,-0.99988118,-99.9881
2026-04-30,erc1155,9,103,103,206,308553,0.00066763,0.0668,-0.99933237,-99.9332
2026-05-01,erc1155,11,54,54,108,692451,0.00015597,0.0156,-0.99984403,-99.9844
2026-05-01,erc1155,12,316,316,632,444140,0.00142297,0.1423,-0.99857703,-99.8577
2026-05-01,erc1155,13,1544,1544,3088,648943,0.00475851,0.4759,-0.99524149,-99.5241
2026-05-01,erc1155,14,10,10,20,31500,0.00063492,0.0635,-0.99936508,-99.9365
2026-05-01,erc1155,16,21,21,42,626260,0.00006706,0.0067,-0.99993294,-99.9933
2026-05-01,erc1155,17,3554,1314,4868,522584,0.00931525,0.9315,-0.99068475,-99.0685
2026-05-01,erc1155,18,8401,12534,20935,706912,0.02961472,2.9615,-0.97038528,-97.0385
2026-05-01,erc1155,19,213,212,425,445200,0.00095463,0.0955,-0.99904537,-99.9045
2026-05-01,erc1155,20,2454,1366,3820,619080,0.00617045,0.6170,-0.99382955,-99.3830
2026-05-01,erc1155,22,1143,866,2009,641539,0.00313153,0.3132,-0.99686847,-99.6868
2026-05-01,erc1155,23,2044,1994,4038,741286,0.00544729,0.5447,-0.99455271,-99.4553
2026-05-01,erc1155,24,2,2,4,32550,0.00012289,0.0123,-0.99987711,-99.9877
2026-05-01,erc1155,25,2845,2845,5690,1213275,0.00468979,0.4690,-0.99531021,-99.5310
2026-05-01,erc1155,27,6791,6754,13545,1435061,0.00943862,0.9439,-0.99056138,-99.0561
2026-05-01,erc1155,29,421,481,902,1432200,0.00062980,0.0630,-0.99937020,-99.9370
2026-05-01,erc1155,3,207,207,414,165356,0.00250369,0.2504,-0.99749631,-99.7496
2026-05-01,erc1155,30,20,20,40,30975,0.00129136,0.1291,-0.99870864,-99.8709
2026-05-01,erc1155,31,1,1,2,29400,0.00006803,0.0068,-0.99993197,-99.9932
2026-05-01,erc1155,32,4997,48120,53117,1474515,0.03602337,3.6023,-0.96397663,-96.3977
2026-05-01,erc1155,4,274,274,548,238409,0.00229857,0.2299,-0.99770143,-99.7701
2026-05-01,erc1155,5,7,7,14,38010,0.00036832,0.0368,-0.99963168,-99.9632
2026-05-01,erc1155,6,219,219,438,445200,0.00098383,0.0984,-0.99901617,-99.9016
2026-05-01,erc1155,7,3,3,6,33663,0.00017824,0.0178,-0.99982176,-99.9822
2026-05-01,erc1155,8,6,6,12,26775,0.00044818,0.0448,-0.99955182,-99.9552
2026-05-01,erc1155,9,152,152,304,308553,0.00098524,0.0985,-0.99901476,-99.9015
2026-05-02,erc1155,10,30,30,60,33075,0.00181406,0.1814,-0.99818594,-99.8186
2026-05-02,erc1155,11,64,64,128,692451,0.00018485,0.0185,-0.99981515,-99.9815
2026-05-02,erc1155,12,827,827,1654,444140,0.00372405,0.3724,-0.99627595,-99.6276
2026-05-02,erc1155,13,1421,1421,2842,648943,0.00437943,0.4379,-0.99562057,-99.5621
2026-05-02,erc1155,16,1605,1605,3210,626260,0.00512567,0.5126,-0.99487433,-99.4874
2026-05-02,erc1155,17,4302,625,4927,522584,0.00942815,0.9428,-0.99057185,-99.0572
2026-05-02,erc1155,18,1310,5839,7149,706912,0.01011300,1.0113,-0.98988700,-98.9887
2026-05-02,erc1155,19,579,580,1159,445200,0.00260332,0.2603,-0.99739668,-99.7397
2026-05-02,erc1155,20,5452,814,6266,619080,0.01012147,1.0121,-0.98987853,-98.9879
2026-05-02,erc1155,22,4778,1048,5826,641539,0.00908129,0.9081,-0.99091871,-99.0919
2026-05-02,erc1155,23,3380,300,3680,741286,0.00496435,0.4964,-0.99503565,-99.5036
2026-05-02,erc1155,24,519,519,1038,32550,0.03188940,3.1889,-0.96811060,-96.8111
2026-05-02,erc1155,25,7215,7175,14390,1213275,0.01186046,1.1860,-0.98813954,-98.8140
2026-05-02,erc1155,27,11350,6145,17495,1435061,0.01219112,1.2191,-0.98780888,-98.7809
2026-05-02,erc1155,28,500,500,1000,29400,0.03401361,3.4014,-0.96598639,-96.5986
2026-05-02,erc1155,29,1464,1464,2928,1432200,0.00204441,0.2044,-0.99795559,-99.7956
2026-05-02,erc1155,3,750,232,982,165356,0.00593870,0.5939,-0.99406130,-99.4061
2026-05-02,erc1155,30,1153,1153,2306,30975,0.07444713,7.4447,-0.92555287,-92.5553
2026-05-02,erc1155,31,500,500,1000,29400,0.03401361,3.4014,-0.96598639,-96.5986
2026-05-02,erc1155,32,11513,15262,26775,1474515,0.01815851,1.8159,-0.98184149,-98.1841
2026-05-02,erc1155,4,576,403,979,238409,0.00410639,0.4106,-0.99589361,-99.5894
2026-05-02,erc1155,5,11,11,22,38010,0.00057880,0.0579,-0.99942120,-99.9421
2026-05-02,erc1155,6,503,501,1004,445200,0.00225517,0.2255,-0.99774483,-99.7745
2026-05-02,erc1155,9,1381,783,2164,308553,0.00701338,0.7013,-0.99298662,-99.2987
2026-05-03,erc1155,10,9,9,18,33075,0.00054422,0.0544,-0.99945578,-99.9456
2026-05-03,erc1155,11,139,139,278,692451,0.00040147,0.0401,-0.99959853,-99.9599
2026-05-03,erc1155,12,1040,1040,2080,444140,0.00468321,0.4683,-0.99531679,-99.5317
2026-05-03,erc1155,13,655,655,1310,648943,0.00201867,0.2019,-0.99798133,-99.7981
2026-05-03,erc1155,14,18,18,36,31500,0.00114286,0.1143,-0.99885714,-99.8857
2026-05-03,erc1155,16,116,116,232,626260,0.00037045,0.0370,-0.99962955,-99.9630
2026-05-03,erc1155,17,286,1156,1442,522584,0.00275937,0.2759,-0.99724063,-99.7241
2026-05-03,erc1155,18,2973,2427,5400,706912,0.00763886,0.7639,-0.99236114,-99.2361
2026-05-03,erc1155,19,139,139,278,445200,0.00062444,0.0624,-0.99937556,-99.9376
2026-05-03,erc1155,20,735,2350,3085,619080,0.00498320,0.4983,-0.99501680,-99.5017
2026-05-03,erc1155,22,1243,3499,4742,641539,0.00739160,0.7392,-0.99260840,-99.2608
2026-05-03,erc1155,23,61,3191,3252,741286,0.00438697,0.4387,-0.99561303,-99.5613
2026-05-03,erc1155,25,418,453,871,1213275,0.00071789,0.0718,-0.99928211,-99.9282
2026-05-03,erc1155,27,3063,7179,10242,1435061,0.00713698,0.7137,-0.99286302,-99.2863
2026-05-03,erc1155,29,124,124,248,1432200,0.00017316,0.0173,-0.99982684,-99.9827
2026-05-03,erc1155,3,279,797,1076,165356,0.00650717,0.6507,-0.99349283,-99.3493
2026-05-03,erc1155,32,11179,7950,19129,1474515,0.01297308,1.2973,-0.98702692,-98.7027
2026-05-03,erc1155,4,6,179,185,238409,0.00077598,0.0776,-0.99922402,-99.9224
2026-05-03,erc1155,5,12,12,24,38010,0.00063141,0.0631,-0.99936859,-99.9369
2026-05-03,erc1155,6,58,60,118,445200,0.00026505,0.0265,-0.99973495,-99.9735
2026-05-03,erc1155,7,3,3,6,33663,0.00017824,0.0178,-0.99982176,-99.9822
2026-05-03,erc1155,8,10,10,20,26775,0.00074697,0.0747,-0.99925303,-99.9253
2026-05-03,erc1155,9,199,795,994,308553,0.00322149,0.3221,-0.99677851,-99.6779
2026-05-04,erc1155,11,210,210,420,692451,0.00060654,0.0607,-0.99939346,-99.9393
2026-05-04,erc1155,12,63,63,126,444140,0.00028369,0.0284,-0.99971631,-99.9716
2026-05-04,erc1155,13,136,136,272,648943,0.00041914,0.0419,-0.99958086,-99.9581
2026-05-04,erc1155,14,2,2,4,31500,0.00012698,0.0127,-0.99987302,-99.9873
2026-05-04,erc1155,16,117,117,234,626260,0.00037365,0.0374,-0.99962635,-99.9626
2026-05-04,erc1155,17,623,2003,2626,522584,0.00502503,0.5025,-0.99497497,-99.4975
2026-05-04,erc1155,18,3944,2005,5949,706912,0.00841547,0.8415,-0.99158453,-99.1585
2026-05-04,erc1155,19,82,82,164,445200,0.00036837,0.0368,-0.99963163,-99.9632
2026-05-04,erc1155,20,829,877,1706,619080,0.00275570,0.2756,-0.99724430,-99.7244
2026-05-04,erc1155,22,748,2506,3254,641539,0.00507218,0.5072,-0.99492782,-99.4928
2026-05-04,erc1155,23,1352,995,2347,741286,0.00316612,0.3166,-0.99683388,-99.6834
2026-05-04,erc1155,24,10,10,20,32550,0.00061444,0.0614,-0.99938556,-99.9386
2026-05-04,erc1155,25,2182,2186,4368,1213275,0.00360017,0.3600,-0.99639983,-99.6400
2026-05-04,erc1155,27,1168,2183,3351,1435061,0.00233509,0.2335,-0.99766491,-99.7665
2026-05-04,erc1155,28,8,8,16,29400,0.00054422,0.0544,-0.99945578,-99.9456
2026-05-04,erc1155,29,741,741,1482,1432200,0.00103477,0.1035,-0.99896523,-99.8965
2026-05-04,erc1155,3,546,546,1092,165356,0.00660393,0.6604,-0.99339607,-99.3396
2026-05-04,erc1155,30,6,6,12,30975,0.00038741,0.0387,-0.99961259,-99.9613
2026-05-04,erc1155,32,1182,9679,10861,1474515,0.00736581,0.7366,-0.99263419,-99.2634
2026-05-04,erc1155,4,486,486,972,238409,0.00407703,0.4077,-0.99592297,-99.5923
2026-05-04,erc1155,5,6,6,12,38010,0.00031571,0.0316,-0.99968429,-99.9684
2026-05-04,erc1155,6,53,53,106,445200,0.00023810,0.0238,-0.99976190,-99.9762
2026-05-04,erc1155,7,6,6,12,33663,0.00035647,0.0356,-0.99964353,-99.9644
2026-05-04,erc1155,9,421,368,789,308553,0.00255710,0.2557,-0.99744290,-99.7443
2026-05-05,erc1155,10,2,2,4,33075,0.00012094,0.0121,-0.99987906,-99.9879
2026-05-05,erc1155,11,170,170,340,692451,0.00049101,0.0491,-0.99950899,-99.9509
2026-05-05,erc1155,12,200,200,400,444140,0.00090062,0.0901,-0.99909938,-99.9099
2026-05-05,erc1155,13,7440,7440,14880,648943,0.02292959,2.2930,-0.97707041,-97.7070
2026-05-05,erc1155,16,30,30,60,626260,0.00009581,0.0096,-0.99990419,-99.9904
2026-05-05,erc1155,17,616,5116,5732,522584,0.01096857,1.0969,-0.98903143,-98.9031
2026-05-05,erc1155,18,2119,8239,10358,706912,0.01465246,1.4652,-0.98534754,-98.5348
2026-05-05,erc1155,19,139,139,278,445200,0.00062444,0.0624,-0.99937556,-99.9376
2026-05-05,erc1155,20,1071,7129,8200,619080,0.01324546,1.3245,-0.98675454,-98.6755
2026-05-05,erc1155,22,1018,1018,2036,641539,0.00317362,0.3174,-0.99682638,-99.6826
2026-05-05,erc1155,23,392,749,1141,741286,0.00153922,0.1539,-0.99846078,-99.8461
2026-05-05,erc1155,25,2450,2451,4901,1213275,0.00403948,0.4039,-0.99596052,-99.5961
2026-05-05,erc1155,27,1236,1347,2583,1435061,0.00179992,0.1800,-0.99820008,-99.8200
2026-05-05,erc1155,29,1921,1921,3842,1432200,0.00268259,0.2683,-0.99731741,-99.7317
2026-05-05,erc1155,3,202,202,404,165356,0.00244321,0.2443,-0.99755679,-99.7557
2026-05-05,erc1155,32,1620,1620,3240,1474515,0.00219733,0.2197,-0.99780267,-99.7803
2026-05-05,erc1155,4,230,230,460,238409,0.00192946,0.1929,-0.99807054,-99.8071
2026-05-05,erc1155,5,4,4,8,38010,0.00021047,0.0210,-0.99978953,-99.9790
2026-05-05,erc1155,6,102,102,204,445200,0.00045822,0.0458,-0.99954178,-99.9542
2026-05-05,erc1155,7,44,44,88,33663,0.00261415,0.2614,-0.99738585,-99.7386
2026-05-05,erc1155,8,2,2,4,26775,0.00014939,0.0149,-0.99985061,-99.9851
2026-05-05,erc1155,9,1264,1319,2583,308553,0.00837133,0.8371,-0.99162867,-99.1629
2026-05-06,erc1155,10,56,56,112,33075,0.00338624,0.3386,-0.99661376,-99.6614
2026-05-06,erc1155,11,415,415,830,692451,0.00119864,0.1199,-0.99880136,-99.8801
2026-05-06,erc1155,12,737,737,1474,444140,0.00331877,0.3319,-0.99668123,-99.6681
2026-05-06,erc1155,13,444,444,888,648943,0.00136838,0.1368,-0.99863162,-99.8632
2026-05-06,erc1155,14,21,21,42,31500,0.00133333,0.1333,-0.99866667,-99.8667
2026-05-06,erc1155,16,306,306,612,626260,0.00097723,0.0977,-0.99902277,-99.9023
2026-05-06,erc1155,17,9957,13596,23553,522584,0.04507027,4.5070,-0.95492973,-95.4930
2026-05-06,erc1155,18,25600,18570,44170,706912,0.06248302,6.2483,-0.93751698,-93.7517
2026-05-06,erc1155,19,246,246,492,445200,0.00110512,0.1105,-0.99889488,-99.8895
2026-05-06,erc1155,20,19299,19299,38598,619080,0.06234735,6.2347,-0.93765265,-93.7653
2026-05-06,erc1155,22,820,820,1640,641539,0.00255635,0.2556,-0.99744365,-99.7444
2026-05-06,erc1155,23,1478,1478,2956,741286,0.00398766,0.3988,-0.99601234,-99.6012
2026-05-06,erc1155,25,1789,1789,3578,1213275,0.00294904,0.2949,-0.99705096,-99.7051
2026-05-06,erc1155,27,4875,4875,9750,1435061,0.00679414,0.6794,-0.99320586,-99.3206
2026-05-06,erc1155,28,25,25,50,29400,0.00170068,0.1701,-0.99829932,-99.8299
2026-05-06,erc1155,29,2053,2053,4106,1432200,0.00286692,0.2867,-0.99713308,-99.7133
2026-05-06,erc1155,3,116,116,232,165356,0.00140303,0.1403,-0.99859697,-99.8597
2026-05-06,erc1155,30,20,20,40,30975,0.00129136,0.1291,-0.99870864,-99.8709
2026-05-06,erc1155,31,41,41,82,29400,0.00278912,0.2789,-0.99721088,-99.7211
2026-05-06,erc1155,32,34461,53541,88002,1474515,0.05968200,5.9682,-0.94031800,-94.0318
2026-05-06,erc1155,4,171,171,342,238409,0.00143451,0.1435,-0.99856549,-99.8565
2026-05-06,erc1155,5,9,9,18,38010,0.00047356,0.0474,-0.99952644,-99.9526
2026-05-06,erc1155,6,14,14,28,445200,0.00006289,0.0063,-0.99993711,-99.9937
2026-05-06,erc1155,7,4,4,8,33663,0.00023765,0.0238,-0.99976235,-99.9762
2026-05-06,erc1155,8,4,4,8,26775,0.00029879,0.0299,-0.99970121,-99.9701
2026-05-06,erc1155,9,2089,2088,4177,308553,0.01353738,1.3537,-0.98646262,-98.6463
2026-05-07,erc1155,10,26,26,52,33075,0.00157218,0.1572,-0.99842782,-99.8428
2026-05-07,erc1155,11,1108,1108,2216,692451,0.00320023,0.3200,-0.99679977,-99.6800
2026-05-07,erc1155,12,421,421,842,444140,0.00189580,0.1896,-0.99810420,-99.8104
2026-05-07,erc1155,13,9625,9625,19250,648943,0.02966362,2.9664,-0.97033638,-97.0336
2026-05-07,erc1155,14,13,13,26,31500,0.00082540,0.0825,-0.99917460,-99.9175
2026-05-07,erc1155,16,10005,10005,20010,626260,0.03195159,3.1952,-0.96804841,-96.8048
2026-05-07,erc1155,17,6196,2811,9007,522584,0.01723551,1.7236,-0.98276449,-98.2764
2026-05-07,erc1155,18,6650,7981,14631,706912,0.02069706,2.0697,-0.97930294,-97.9303
2026-05-07,erc1155,19,10916,10916,21832,445200,0.04903863,4.9039,-0.95096137,-95.0961
2026-05-07,erc1155,20,14441,2832,17273,619080,0.02790108,2.7901,-0.97209892,-97.2099
2026-05-07,erc1155,22,387,387,774,641539,0.00120647,0.1206,-0.99879353,-99.8794
2026-05-07,erc1155,23,7287,5364,12651,741286,0.01706629,1.7066,-0.98293371,-98.2934
2026-05-07,erc1155,25,21345,19075,40420,1213275,0.03331479,3.3315,-0.96668521,-96.6685
2026-05-07,erc1155,27,1962,1632,3594,1435061,0.00250442,0.2504,-0.99749558,-99.7496
2026-05-07,erc1155,29,105,105,210,1432200,0.00014663,0.0147,-0.99985337,-99.9853
2026-05-07,erc1155,3,63,63,126,165356,0.00076199,0.0762,-0.99923801,-99.9238
2026-05-07,erc1155,31,113,113,226,29400,0.00768707,0.7687,-0.99231293,-99.2313
2026-05-07,erc1155,32,3035,12183,15218,1474515,0.01032068,1.0321,-0.98967932,-98.9679
2026-05-07,erc1155,4,72,72,144,238409,0.00060400,0.0604,-0.99939600,-99.9396
2026-05-07,erc1155,5,3,3,6,38010,0.00015785,0.0158,-0.99984215,-99.9842
2026-05-07,erc1155,6,62,62,124,445200,0.00027853,0.0279,-0.99972147,-99.9721
2026-05-07,erc1155,8,11,11,22,26775,0.00082166,0.0822,-0.99917834,-99.9178
2026-05-07,erc1155,9,4,5,9,308553,0.00002917,0.0029,-0.99997083,-99.9971
2026-05-08,erc1155,10,33,33,66,33075,0.00199546,0.1995,-0.99800454,-99.8005
2026-05-08,erc1155,11,1081,1081,2162,692451,0.00312224,0.3122,-0.99687776,-99.6878
2026-05-08,erc1155,12,417,417,834,444140,0.00187779,0.1878,-0.99812221,-99.8122
2026-05-08,erc1155,13,529,529,1058,648943,0.00163034,0.1630,-0.99836966,-99.8370
2026-05-08,erc1155,14,10,10,20,31500,0.00063492,0.0635,-0.99936508,-99.9365
2026-05-08,erc1155,16,308,308,616,626260,0.00098362,0.0984,-0.99901638,-99.9016
2026-05-08,erc1155,17,5761,9146,14907,522584,0.02852556,2.8526,-0.97147444,-97.1474
2026-05-08,erc1155,18,8358,1272,9630,706912,0.01362263,1.3623,-0.98637737,-98.6377
2026-05-08,erc1155,19,218,218,436,445200,0.00097934,0.0979,-0.99902066,-99.9021
2026-05-08,erc1155,20,2132,7922,10054,619080,0.01624023,1.6240,-0.98375977,-98.3760
2026-05-08,erc1155,22,2503,2503,5006,641539,0.00780311,0.7803,-0.99219689,-99.2197
2026-05-08,erc1155,23,1800,3723,5523,741286,0.00745057,0.7451,-0.99254943,-99.2549
2026-05-08,erc1155,25,718,2987,3705,1213275,0.00305372,0.3054,-0.99694628,-99.6946
2026-05-08,erc1155,27,1004,1334,2338,1435061,0.00162920,0.1629,-0.99837080,-99.8371
2026-05-08,erc1155,29,2380,2380,4760,1432200,0.00332356,0.3324,-0.99667644,-99.6676
2026-05-08,erc1155,3,826,826,1652,165356,0.00999057,0.9991,-0.99000943,-99.0009
2026-05-08,erc1155,30,422,422,844,30975,0.02724778,2.7248,-0.97275222,-97.2752
2026-05-08,erc1155,32,3678,45472,49150,1474515,0.03333299,3.3333,-0.96666701,-96.6667
2026-05-08,erc1155,4,35,35,70,238409,0.00029361,0.0294,-0.99970639,-99.9706
2026-05-08,erc1155,5,9,9,18,38010,0.00047356,0.0474,-0.99952644,-99.9526
2026-05-08,erc1155,6,332,332,664,445200,0.00149146,0.1491,-0.99850854,-99.8509
2026-05-08,erc1155,7,10,10,20,33663,0.00059412,0.0594,-0.99940588,-99.9406
2026-05-08,erc1155,8,11,11,22,26775,0.00082166,0.0822,-0.99917834,-99.9178
2026-05-08,erc1155,9,758,758,1516,308553,0.00491326,0.4913,-0.99508674,-99.5087
2026-05-09,erc1155,10,73,73,146,33075,0.00441421,0.4414,-0.99558579,-99.5586
2026-05-09,erc1155,11,2536,2536,5072,692451,0.00732471,0.7325,-0.99267529,-99.2675
2026-05-09,erc1155,12,54,54,108,444140,0.00024317,0.0243,-0.99975683,-99.9757
2026-05-09,erc1155,13,849,849,1698,648943,0.00261656,0.2617,-0.99738344,-99.7383
2026-05-09,erc1155,16,13,13,26,626260,0.00004152,0.0042,-0.99995848,-99.9958
2026-05-09,erc1155,17,654,283,937,522584,0.00179301,0.1793,-0.99820699,-99.8207
2026-05-09,erc1155,18,878,786,1664,706912,0.00235390,0.2354,-0.99764610,-99.7646
2026-05-09,erc1155,19,309,309,618,445200,0.00138814,0.1388,-0.99861186,-99.8612
2026-05-09,erc1155,20,1075,2327,3402,619080,0.00549525,0.5495,-0.99450475,-99.4505
2026-05-09,erc1155,22,1534,655,2189,641539,0.00341211,0.3412,-0.99658789,-99.6588
2026-05-09,erc1155,23,855,255,1110,741286,0.00149740,0.1497,-0.99850260,-99.8503
2026-05-09,erc1155,24,58,58,116,32550,0.00356375,0.3564,-0.99643625,-99.6436
2026-05-09,erc1155,25,5757,5561,11318,1213275,0.00932847,0.9328,-0.99067153,-99.0672
2026-05-09,erc1155,27,11340,5520,16860,1435061,0.01174863,1.1749,-0.98825137,-98.8251
2026-05-09,erc1155,28,11,11,22,29400,0.00074830,0.0748,-0.99925170,-99.9252
2026-05-09,erc1155,29,747,747,1494,1432200,0.00104315,0.1043,-0.99895685,-99.8957
2026-05-09,erc1155,3,81,81,162,165356,0.00097970,0.0980,-0.99902030,-99.9020
2026-05-09,erc1155,30,41,41,82,30975,0.00264730,0.2647,-0.99735270,-99.7353
2026-05-09,erc1155,32,14730,10912,25642,1474515,0.01739012,1.7390,-0.98260988,-98.2610
2026-05-09,erc1155,4,353,353,706,238409,0.00296130,0.2961,-0.99703870,-99.7039
2026-05-09,erc1155,5,49,49,98,38010,0.00257827,0.2578,-0.99742173,-99.7422
2026-05-09,erc1155,6,25,25,50,445200,0.00011231,0.0112,-0.99988769,-99.9888
2026-05-09,erc1155,7,4,4,8,33663,0.00023765,0.0238,-0.99976235,-99.9762
2026-05-09,erc1155,8,5,5,10,26775,0.00037348,0.0373,-0.99962652,-99.9627
2026-05-09,erc1155,9,1348,550,1898,308553,0.00615129,0.6151,-0.99384871,-99.3849
2026-05-10,erc1155,10,1,1,2,33075,0.00006047,0.0060,-0.99993953,-99.9940
2026-05-10,erc1155,11,96,96,192,692451,0.00027728,0.0277,-0.99972272,-99.9723
2026-05-10,erc1155,12,264,264,528,444140,0.00118881,0.1189,-0.99881119,-99.8811
2026-05-10,erc1155,13,2375,2375,4750,648943,0.00731960,0.7320,-0.99268040,-99.2680
2026-05-10,erc1155,17,1936,333,2269,522584,0.00434189,0.4342,-0.99565811,-99.5658
2026-05-10,erc1155,18,532,431,963,706912,0.00136226,0.1362,-0.99863774,-99.8638
2026-05-10,erc1155,19,145,145,290,445200,0.00065139,0.0651,-0.99934861,-99.9349
2026-05-10,erc1155,20,53,1682,1735,619080,0.00280255,0.2803,-0.99719745,-99.7197
2026-05-10,erc1155,22,694,1507,2201,641539,0.00343081,0.3431,-0.99656919,-99.6569
2026-05-10,erc1155,23,1795,1990,3785,741286,0.00510599,0.5106,-0.99489401,-99.4894
2026-05-10,erc1155,24,1,1,2,32550,0.00006144,0.0061,-0.99993856,-99.9939
2026-05-10,erc1155,25,2969,3166,6135,1213275,0.00505656,0.5057,-0.99494344,-99.4943
2026-05-10,erc1155,27,1444,7264,8708,1435061,0.00606803,0.6068,-0.99393197,-99.3932
2026-05-10,erc1155,29,177,177,354,1432200,0.00024717,0.0247,-0.99975283,-99.9753
2026-05-10,erc1155,3,107,107,214,165356,0.00129418,0.1294,-0.99870582,-99.8706
2026-05-10,erc1155,32,2743,3561,6304,1474515,0.00427530,0.4275,-0.99572470,-99.5725
2026-05-10,erc1155,4,160,160,320,238409,0.00134223,0.1342,-0.99865777,-99.8658
2026-05-10,erc1155,5,4,4,8,38010,0.00021047,0.0210,-0.99978953,-99.9790
2026-05-10,erc1155,6,47,47,94,445200,0.00021114,0.0211,-0.99978886,-99.9789
2026-05-10,erc1155,9,501,1077,1578,308553,0.00511419,0.5114,-0.99488581,-99.4886
2026-05-11,erc1155,10,30,30,60,33075,0.00181406,0.1814,-0.99818594,-99.8186
2026-05-11,erc1155,11,1,1,2,692451,0.00000289,0.0003,-0.99999711,-99.9997
2026-05-11,erc1155,12,2518,582,3100,444140,0.00697978,0.6980,-0.99302022,-99.3020
2026-05-11,erc1155,13,654,654,1308,648943,0.00201559,0.2016,-0.99798441,-99.7984
2026-05-11,erc1155,14,12,12,24,31500,0.00076190,0.0762,-0.99923810,-99.9238
2026-05-11,erc1155,16,13,13,26,626260,0.00004152,0.0042,-0.99995848,-99.9958
2026-05-11,erc1155,17,103,796,899,522584,0.00172030,0.1720,-0.99827970,-99.8280
2026-05-11,erc1155,18,458,1722,2180,706912,0.00308384,0.3084,-0.99691616,-99.6916
2026-05-11,erc1155,19,187,187,374,445200,0.00084007,0.0840,-0.99915993,-99.9160
2026-05-11,erc1155,20,954,874,1828,619080,0.00295277,0.2953,-0.99704723,-99.7047
2026-05-11,erc1155,22,862,303,1165,641539,0.00181595,0.1816,-0.99818405,-99.8184
2026-05-11,erc1155,23,509,618,1127,741286,0.00152033,0.1520,-0.99847967,-99.8480
2026-05-11,erc1155,25,6424,5678,12102,1213275,0.00997466,0.9975,-0.99002534,-99.0025
2026-05-11,erc1155,27,3378,2808,6186,1435061,0.00431062,0.4311,-0.99568938,-99.5689
2026-05-11,erc1155,29,3762,3762,7524,1432200,0.00525346,0.5253,-0.99474654,-99.4747
2026-05-11,erc1155,3,92,88,180,165356,0.00108856,0.1089,-0.99891144,-99.8911
2026-05-11,erc1155,30,22,22,44,30975,0.00142050,0.1421,-0.99857950,-99.8579
2026-05-11,erc1155,32,1889,796,2685,1474515,0.00182094,0.1821,-0.99817906,-99.8179
2026-05-11,erc1155,4,647,647,1294,238409,0.00542765,0.5428,-0.99457235,-99.4572
2026-05-11,erc1155,5,1,1,2,38010,0.00005262,0.0053,-0.99994738,-99.9947
2026-05-11,erc1155,6,68,68,136,445200,0.00030548,0.0305,-0.99969452,-99.9695
2026-05-11,erc1155,7,2,2,4,33663,0.00011882,0.0119,-0.99988118,-99.9881
2026-05-11,erc1155,8,25,25,50,26775,0.00186741,0.1867,-0.99813259,-99.8133
2026-05-11,erc1155,9,1144,1255,2399,308553,0.00777500,0.7775,-0.99222500,-99.2225
2026-05-12,erc1155,11,28,28,56,692451,0.00008087,0.0081,-0.99991913,-99.9919
2026-05-12,erc1155,12,275,2211,2486,444140,0.00559733,0.5597,-0.99440267,-99.4403
2026-05-12,erc1155,13,945,945,1890,648943,0.00291243,0.2912,-0.99708757,-99.7088
2026-05-12,erc1155,16,38,38,76,626260,0.00012136,0.0121,-0.99987864,-99.9879
2026-05-12,erc1155,17,1494,242,1736,522584,0.00332195,0.3322,-0.99667805,-99.6678
2026-05-12,erc1155,18,401,262,663,706912,0.00093788,0.0938,-0.99906212,-99.9062
2026-05-12,erc1155,19,165,165,330,445200,0.00074124,0.0741,-0.99925876,-99.9259
2026-05-12,erc1155,20,635,445,1080,619080,0.00174452,0.1745,-0.99825548,-99.8255
2026-05-12,erc1155,22,2432,2008,4440,641539,0.00692086,0.6921,-0.99307914,-99.3079
2026-05-12,erc1155,23,386,682,1068,741286,0.00144074,0.1441,-0.99855926,-99.8559
2026-05-12,erc1155,25,1401,2147,3548,1213275,0.00292432,0.2924,-0.99707568,-99.7076
2026-05-12,erc1155,27,19044,1928,20972,1435061,0.01461401,1.4614,-0.98538599,-98.5386
2026-05-12,erc1155,29,3087,3087,6174,1432200,0.00431085,0.4311,-0.99568915,-99.5689
2026-05-12,erc1155,3,137,141,278,165356,0.00168122,0.1681,-0.99831878,-99.8319
2026-05-12,erc1155,32,16527,4883,21410,1474515,0.01452003,1.4520,-0.98547997,-98.5480
2026-05-12,erc1155,4,90,90,180,238409,0.00075501,0.0755,-0.99924499,-99.9245
2026-05-12,erc1155,5,5,5,10,38010,0.00026309,0.0263,-0.99973691,-99.9737
2026-05-12,erc1155,6,116,116,232,445200,0.00052111,0.0521,-0.99947889,-99.9479
2026-05-12,erc1155,7,12,12,24,33663,0.00071295,0.0713,-0.99928705,-99.9287
2026-05-12,erc1155,8,79,79,158,26775,0.00590103,0.5901,-0.99409897,-99.4099
2026-05-12,erc1155,9,1791,1574,3365,308553,0.01090574,1.0906,-0.98909426,-98.9094
2026-05-13,erc1155,10,1,1,2,33075,0.00006047,0.0060,-0.99993953,-99.9940
2026-05-13,erc1155,11,5,5,10,692451,0.00001444,0.0014,-0.99998556,-99.9986
2026-05-13,erc1155,12,212,212,424,444140,0.00095465,0.0955,-0.99904535,-99.9045
2026-05-13,erc1155,13,4733,4733,9466,648943,0.01458680,1.4587,-0.98541320,-98.5413
2026-05-13,erc1155,14,2,2,4,31500,0.00012698,0.0127,-0.99987302,-99.9873
2026-05-13,erc1155,16,192,192,384,626260,0.00061316,0.0613,-0.99938684,-99.9387
2026-05-13,erc1155,17,528,501,1029,522584,0.00196906,0.1969,-0.99803094,-99.8031
2026-05-13,erc1155,18,2033,101,2134,706912,0.00301876,0.3019,-0.99698124,-99.6981
2026-05-13,erc1155,19,95,95,190,445200,0.00042677,0.0427,-0.99957323,-99.9573
2026-05-13,erc1155,20,1050,1260,2310,619080,0.00373134,0.3731,-0.99626866,-99.6269
2026-05-13,erc1155,22,857,1423,2280,641539,0.00355395,0.3554,-0.99644605,-99.6446
2026-05-13,erc1155,23,3421,1880,5301,741286,0.00715109,0.7151,-0.99284891,-99.2849
2026-05-13,erc1155,24,8,8,16,32550,0.00049155,0.0492,-0.99950845,-99.9508
2026-05-13,erc1155,25,3659,3139,6798,1213275,0.00560302,0.5603,-0.99439698,-99.4397
2026-05-13,erc1155,27,5987,12895,18882,1435061,0.01315763,1.3158,-0.98684237,-98.6842
2026-05-13,erc1155,29,12966,12966,25932,1432200,0.01810641,1.8106,-0.98189359,-98.1894
2026-05-13,erc1155,3,29,29,58,165356,0.00035076,0.0351,-0.99964924,-99.9649
2026-05-13,erc1155,30,5,5,10,30975,0.00032284,0.0323,-0.99967716,-99.9677
2026-05-13,erc1155,32,14715,14279,28994,1474515,0.01966341,1.9663,-0.98033659,-98.0337
2026-05-13,erc1155,4,319,319,638,238409,0.00267607,0.2676,-0.99732393,-99.7324
2026-05-13,erc1155,5,26,26,52,38010,0.00136806,0.1368,-0.99863194,-99.8632
2026-05-13,erc1155,6,11,11,22,445200,0.00004942,0.0049,-0.99995058,-99.9951
2026-05-13,erc1155,7,8,8,16,33663,0.00047530,0.0475,-0.99952470,-99.9525
2026-05-13,erc1155,8,1,1,2,26775,0.00007470,0.0075,-0.99992530,-99.9925
2026-05-13,erc1155,9,826,1040,1866,308553,0.00604758,0.6048,-0.99395242,-99.3952
2026-05-14,erc1155,11,150,150,300,692451,0.00043324,0.0433,-0.99956676,-99.9567
2026-05-14,erc1155,12,169,169,338,444140,0.00076102,0.0761,-0.99923898,-99.9239
2026-05-14,erc1155,13,541,541,1082,648943,0.00166733,0.1667,-0.99833267,-99.8333
2026-05-14,erc1155,16,555,555,1110,626260,0.00177243,0.1772,-0.99822757,-99.8228
2026-05-14,erc1155,17,848,2450,3298,522584,0.00631095,0.6311,-0.99368905,-99.3689
2026-05-14,erc1155,18,2717,5379,8096,706912,0.01145263,1.1453,-0.98854737,-98.8547
2026-05-14,erc1155,19,96,96,192,445200,0.00043127,0.0431,-0.99956873,-99.9569
2026-05-14,erc1155,20,408,892,1300,619080,0.00209989,0.2100,-0.99790011,-99.7900
2026-05-14,erc1155,22,335,818,1153,641539,0.00179724,0.1797,-0.99820276,-99.8203
2026-05-14,erc1155,23,500,2041,2541,741286,0.00342783,0.3428,-0.99657217,-99.6572
2026-05-14,erc1155,25,649,1169,1818,1213275,0.00149842,0.1498,-0.99850158,-99.8502
2026-05-14,erc1155,27,532,8010,8542,1435061,0.00595236,0.5952,-0.99404764,-99.4048
2026-05-14,erc1155,28,4,4,8,29400,0.00027211,0.0272,-0.99972789,-99.9728
2026-05-14,erc1155,29,835,835,1670,1432200,0.00116604,0.1166,-0.99883396,-99.8834
2026-05-14,erc1155,3,715,455,1170,165356,0.00707564,0.7076,-0.99292436,-99.2924
2026-05-14,erc1155,30,1,1,2,30975,0.00006457,0.0065,-0.99993543,-99.9935
2026-05-14,erc1155,32,1441,3685,5126,1474515,0.00347640,0.3476,-0.99652360,-99.6524
2026-05-14,erc1155,4,58,58,116,238409,0.00048656,0.0487,-0.99951344,-99.9513
2026-05-14,erc1155,6,85,85,170,445200,0.00038185,0.0382,-0.99961815,-99.9618
2026-05-14,erc1155,9,555,669,1224,308553,0.00396690,0.3967,-0.99603310,-99.6033
2026-05-15,erc1155,10,2,2,4,33075,0.00012094,0.0121,-0.99987906,-99.9879
2026-05-15,erc1155,11,10,10,20,692451,0.00002888,0.0029,-0.99997112,-99.9971
2026-05-15,erc1155,12,1005,1005,2010,444140,0.00452560,0.4526,-0.99547440,-99.5474
2026-05-15,erc1155,13,2544,2544,5088,648943,0.00784044,0.7840,-0.99215956,-99.2160
2026-05-15,erc1155,14,45,45,90,31500,0.00285714,0.2857,-0.99714286,-99.7143
2026-05-15,erc1155,16,51,51,102,626260,0.00016287,0.0163,-0.99983713,-99.9837
2026-05-15,erc1155,17,1023,311,1334,522584,0.00255270,0.2553,-0.99744730,-99.7447
2026-05-15,erc1155,18,1777,149,1926,706912,0.00272453,0.2725,-0.99727547,-99.7275
2026-05-15,erc1155,19,18,18,36,445200,0.00008086,0.0081,-0.99991914,-99.9919
2026-05-15,erc1155,20,3359,699,4058,619080,0.00655489,0.6555,-0.99344511,-99.3445
2026-05-15,erc1155,22,5745,2729,8474,641539,0.01320886,1.3209,-0.98679114,-98.6791
2026-05-15,erc1155,23,161,161,322,741286,0.00043438,0.0434,-0.99956562,-99.9566
2026-05-15,erc1155,24,22,22,44,32550,0.00135177,0.1352,-0.99864823,-99.8648
2026-05-15,erc1155,25,1796,1796,3592,1213275,0.00296058,0.2961,-0.99703942,-99.7039
2026-05-15,erc1155,27,3751,6955,10706,1435061,0.00746031,0.7460,-0.99253969,-99.2540
2026-05-15,erc1155,29,1095,1095,2190,1432200,0.00152912,0.1529,-0.99847088,-99.8471
2026-05-15,erc1155,3,310,507,817,165356,0.00494085,0.4941,-0.99505915,-99.5059
2026-05-15,erc1155,30,2,2,4,30975,0.00012914,0.0129,-0.99987086,-99.9871
2026-05-15,erc1155,32,11822,4323,16145,1474515,0.01094936,1.0949,-0.98905064,-98.9051
2026-05-15,erc1155,4,192,192,384,238409,0.00161068,0.1611,-0.99838932,-99.8389
2026-05-15,erc1155,5,10,10,20,38010,0.00052618,0.0526,-0.99947382,-99.9474
2026-05-15,erc1155,6,19,19,38,445200,0.00008535,0.0085,-0.99991465,-99.9915
2026-05-15,erc1155,7,3,3,6,33663,0.00017824,0.0178,-0.99982176,-99.9822
2026-05-15,erc1155,8,5,5,10,26775,0.00037348,0.0373,-0.99962652,-99.9627
2026-05-15,erc1155,9,905,523,1428,308553,0.00462805,0.4628,-0.99537195,-99.5372
2026-05-16,erc1155,10,3,3,6,33075,0.00018141,0.0181,-0.99981859,-99.9819
2026-05-16,erc1155,11,1313,1313,2626,692451,0.00379233,0.3792,-0.99620767,-99.6208
2026-05-16,erc1155,12,1221,1196,2417,444140,0.00544198,0.5442,-0.99455802,-99.4558
2026-05-16,erc1155,13,5442,2444,7886,648943,0.01215207,1.2152,-0.98784793,-98.7848
2026-05-16,erc1155,14,21,21,42,31500,0.00133333,0.1333,-0.99866667,-99.8667
2026-05-16,erc1155,16,1023,1023,2046,626260,0.00326701,0.3267,-0.99673299,-99.6733
2026-05-16,erc1155,17,811,315,1126,522584,0.00215468,0.2155,-0.99784532,-99.7845
2026-05-16,erc1155,18,699,28,727,706912,0.00102842,0.1028,-0.99897158,-99.8972
2026-05-16,erc1155,19,1344,1344,2688,445200,0.00603774,0.6038,-0.99396226,-99.3962
2026-05-16,erc1155,20,903,556,1459,619080,0.00235672,0.2357,-0.99764328,-99.7643
2026-05-16,erc1155,22,7875,1929,9804,641539,0.01528200,1.5282,-0.98471800,-98.4718
2026-05-16,erc1155,23,4036,360,4396,741286,0.00593023,0.5930,-0.99406977,-99.4070
2026-05-16,erc1155,25,2764,2764,5528,1213275,0.00455626,0.4556,-0.99544374,-99.5444
2026-05-16,erc1155,27,7286,7229,14515,1435061,0.01011455,1.0115,-0.98988545,-98.9885
2026-05-16,erc1155,28,25,25,50,29400,0.00170068,0.1701,-0.99829932,-99.8299
2026-05-16,erc1155,29,27105,27105,54210,1432200,0.03785086,3.7851,-0.96214914,-96.2149
2026-05-16,erc1155,3,222,285,507,165356,0.00306611,0.3066,-0.99693389,-99.6934
2026-05-16,erc1155,32,7530,1898,9428,1474515,0.00639397,0.6394,-0.99360603,-99.3606
2026-05-16,erc1155,4,268,268,536,238409,0.00224824,0.2248,-0.99775176,-99.7752
2026-05-16,erc1155,5,17,17,34,38010,0.00089450,0.0895,-0.99910550,-99.9105
2026-05-16,erc1155,6,659,659,1318,445200,0.00296047,0.2960,-0.99703953,-99.7040
2026-05-16,erc1155,7,31,31,62,33663,0.00184178,0.1842,-0.99815822,-99.8158
2026-05-16,erc1155,8,1,1,2,26775,0.00007470,0.0075,-0.99992530,-99.9925
2026-05-16,erc1155,9,1485,609,2094,308553,0.00678652,0.6787,-0.99321348,-99.3213
2026-05-17,erc1155,10,220,220,440,33075,0.01330310,1.3303,-0.98669690,-98.6697
2026-05-17,erc1155,11,58,58,116,692451,0.00016752,0.0168,-0.99983248,-99.9832
2026-05-17,erc1155,12,1926,451,2377,444140,0.00535192,0.5352,-0.99464808,-99.4648
2026-05-17,erc1155,13,156,1585,1741,648943,0.00268282,0.2683,-0.99731718,-99.7317
2026-05-17,erc1155,14,34,34,68,31500,0.00215873,0.2159,-0.99784127,-99.7841
2026-05-17,erc1155,16,201,201,402,626260,0.00064191,0.0642,-0.99935809,-99.9358
2026-05-17,erc1155,17,761,166,927,522584,0.00177388,0.1774,-0.99822612,-99.8226
2026-05-17,erc1155,18,869,220,1089,706912,0.00154050,0.1541,-0.99845950,-99.8459
2026-05-17,erc1155,19,2061,2061,4122,445200,0.00925876,0.9259,-0.99074124,-99.0741
2026-05-17,erc1155,20,644,137,781,619080,0.00126155,0.1262,-0.99873845,-99.8738
2026-05-17,erc1155,22,1443,4004,5447,641539,0.00849052,0.8491,-0.99150948,-99.1509
2026-05-17,erc1155,23,1606,782,2388,741286,0.00322143,0.3221,-0.99677857,-99.6779
2026-05-17,erc1155,24,37,37,74,32550,0.00227343,0.2273,-0.99772657,-99.7727
2026-05-17,erc1155,25,223,223,446,1213275,0.00036760,0.0368,-0.99963240,-99.9632
2026-05-17,erc1155,27,1361,1492,2853,1435061,0.00198807,0.1988,-0.99801193,-99.8012
2026-05-17,erc1155,29,186,186,372,1432200,0.00025974,0.0260,-0.99974026,-99.9740
2026-05-17,erc1155,3,1412,1150,2562,165356,0.01549384,1.5494,-0.98450616,-98.4506
2026-05-17,erc1155,30,2,2,4,30975,0.00012914,0.0129,-0.99987086,-99.9871
2026-05-17,erc1155,31,30,30,60,29400,0.00204082,0.2041,-0.99795918,-99.7959
2026-05-17,erc1155,32,13001,1984,14985,1474515,0.01016266,1.0163,-0.98983734,-98.9837
2026-05-17,erc1155,4,989,989,1978,238409,0.00829667,0.8297,-0.99170333,-99.1703
2026-05-17,erc1155,5,53,53,106,38010,0.00278874,0.2789,-0.99721126,-99.7211
2026-05-17,erc1155,6,167,167,334,445200,0.00075022,0.0750,-0.99924978,-99.9250
2026-05-17,erc1155,7,33,33,66,33663,0.00196061,0.1961,-0.99803939,-99.8039
2026-05-17,erc1155,8,86,86,172,26775,0.00642390,0.6424,-0.99357610,-99.3576
2026-05-17,erc1155,9,566,354,920,308553,0.00298166,0.2982,-0.99701834,-99.7018
2026-05-18,erc1155,10,15,15,30,33075,0.00090703,0.0907,-0.99909297,-99.9093
2026-05-18,erc1155,11,19,19,38,692451,0.00005488,0.0055,-0.99994512,-99.9945
2026-05-18,erc1155,12,587,587,1174,444140,0.00264331,0.2643,-0.99735669,-99.7357
2026-05-18,erc1155,13,1245,1245,2490,648943,0.00383701,0.3837,-0.99616299,-99.6163
2026-05-18,erc1155,14,2,2,4,31500,0.00012698,0.0127,-0.99987302,-99.9873
2026-05-18,erc1155,16,604,604,1208,626260,0.00192891,0.1929,-0.99807109,-99.8071
2026-05-18,erc1155,17,8070,1065,9135,522584,0.01748044,1.7480,-0.98251956,-98.2520
2026-05-18,erc1155,18,4759,2065,6824,706912,0.00965325,0.9653,-0.99034675,-99.0347
2026-05-18,erc1155,19,175,175,350,445200,0.00078616,0.0786,-0.99921384,-99.9214
2026-05-18,erc1155,20,6363,1209,7572,619080,0.01223105,1.2231,-0.98776895,-98.7769
2026-05-18,erc1155,22,807,2208,3015,641539,0.00469964,0.4700,-0.99530036,-99.5300
2026-05-18,erc1155,23,8520,3666,12186,741286,0.01643900,1.6439,-0.98356100,-98.3561
2026-05-18,erc1155,25,8258,5678,13936,1213275,0.01148627,1.1486,-0.98851373,-98.8514
2026-05-18,erc1155,27,8550,8572,17122,1435061,0.01193120,1.1931,-0.98806880,-98.8069
2026-05-18,erc1155,28,26,26,52,29400,0.00176871,0.1769,-0.99823129,-99.8231
2026-05-18,erc1155,29,1330,1330,2660,1432200,0.00185728,0.1857,-0.99814272,-99.8143
2026-05-18,erc1155,3,169,417,586,165356,0.00354387,0.3544,-0.99645613,-99.6456
2026-05-18,erc1155,30,113,113,226,30975,0.00729621,0.7296,-0.99270379,-99.2704
2026-05-18,erc1155,32,12992,35270,48262,1474515,0.03273076,3.2731,-0.96726924,-96.7269
2026-05-18,erc1155,4,443,378,821,238409,0.00344366,0.3444,-0.99655634,-99.6556
2026-05-18,erc1155,5,85,85,170,38010,0.00447251,0.4473,-0.99552749,-99.5527
2026-05-18,erc1155,6,933,933,1866,445200,0.00419137,0.4191,-0.99580863,-99.5809
2026-05-18,erc1155,7,28,28,56,33663,0.00166355,0.1664,-0.99833645,-99.8336
2026-05-18,erc1155,8,2,2,4,26775,0.00014939,0.0149,-0.99985061,-99.9851
2026-05-18,erc1155,9,321,543,864,308553,0.00280017,0.2800,-0.99719983,-99.7200
2026-05-19,erc1155,10,82,82,164,33075,0.00495843,0.4958,-0.99504157,-99.5042
2026-05-19,erc1155,11,513,513,1026,692451,0.00148169,0.1482,-0.99851831,-99.8518
2026-05-19,erc1155,12,341,1841,2182,444140,0.00491287,0.4913,-0.99508713,-99.5087
2026-05-19,erc1155,13,305,315,620,648943,0.00095540,0.0955,-0.99904460,-99.9045
2026-05-19,erc1155,14,27,27,54,31500,0.00171429,0.1714,-0.99828571,-99.8286
2026-05-19,erc1155,16,1826,1826,3652,626260,0.00583144,0.5831,-0.99416856,-99.4169
2026-05-19,erc1155,17,3866,1730,5596,522584,0.01070833,1.0708,-0.98929167,-98.9292
2026-05-19,erc1155,18,2748,2503,5251,706912,0.00742808,0.7428,-0.99257192,-99.2572
2026-05-19,erc1155,19,144,144,288,445200,0.00064690,0.0647,-0.99935310,-99.9353
2026-05-19,erc1155,20,1086,719,1805,619080,0.00291562,0.2916,-0.99708438,-99.7084
2026-05-19,erc1155,22,1615,6415,8030,641539,0.01251678,1.2517,-0.98748322,-98.7483
2026-05-19,erc1155,23,1316,2683,3999,741286,0.00539468,0.5395,-0.99460532,-99.4605
2026-05-19,erc1155,24,4,4,8,32550,0.00024578,0.0246,-0.99975422,-99.9754
2026-05-19,erc1155,25,11035,8838,19873,1213275,0.01637963,1.6380,-0.98362037,-98.3620
2026-05-19,erc1155,27,1744,1744,3488,1435061,0.00243056,0.2431,-0.99756944,-99.7569
2026-05-19,erc1155,28,1,1,2,29400,0.00006803,0.0068,-0.99993197,-99.9932
2026-05-19,erc1155,29,3321,3321,6642,1432200,0.00463762,0.4638,-0.99536238,-99.5362
2026-05-19,erc1155,3,3880,2910,6790,165356,0.04106292,4.1063,-0.95893708,-95.8937
2026-05-19,erc1155,30,10,10,20,30975,0.00064568,0.0646,-0.99935432,-99.9354
2026-05-19,erc1155,31,34,34,68,29400,0.00231293,0.2313,-0.99768707,-99.7687
2026-05-19,erc1155,32,4225,23425,27650,1474515,0.01875193,1.8752,-0.98124807,-98.1248
2026-05-19,erc1155,4,3804,2695,6499,238409,0.02725988,2.7260,-0.97274012,-97.2740
2026-05-19,erc1155,5,65,65,130,38010,0.00342015,0.3420,-0.99657985,-99.6580
2026-05-19,erc1155,6,583,583,1166,445200,0.00261905,0.2619,-0.99738095,-99.7381
2026-05-19,erc1155,7,123,123,246,33663,0.00730773,0.7308,-0.99269227,-99.2692
2026-05-19,erc1155,8,21,21,42,26775,0.00156863,0.1569,-0.99843137,-99.8431
2026-05-19,erc1155,9,2830,1625,4455,308553,0.01443836,1.4438,-0.98556164,-98.5562
2026-05-20,erc1155,10,76,76,152,33075,0.00459562,0.4596,-0.99540438,-99.5404
2026-05-20,erc1155,11,115,115,230,692451,0.00033215,0.0332,-0.99966785,-99.9668
2026-05-20,erc1155,12,405,405,810,444140,0.00182375,0.1824,-0.99817625,-99.8176
2026-05-20,erc1155,13,769,769,1538,648943,0.00237001,0.2370,-0.99762999,-99.7630
2026-05-20,erc1155,14,11,11,22,31500,0.00069841,0.0698,-0.99930159,-99.9302
2026-05-20,erc1155,16,1040,1040,2080,626260,0.00332130,0.3321,-0.99667870,-99.6679
2026-05-20,erc1155,17,1029,1164,2193,522584,0.00419645,0.4196,-0.99580355,-99.5804
2026-05-20,erc1155,18,743,1253,1996,706912,0.00282355,0.2824,-0.99717645,-99.7176
2026-05-20,erc1155,19,161,161,322,445200,0.00072327,0.0723,-0.99927673,-99.9277
2026-05-20,erc1155,20,408,656,1064,619080,0.00171868,0.1719,-0.99828132,-99.8281
2026-05-20,erc1155,22,2950,793,3743,641539,0.00583441,0.5834,-0.99416559,-99.4166
2026-05-20,erc1155,23,1898,4362,6260,741286,0.00844478,0.8445,-0.99155522,-99.1555
2026-05-20,erc1155,24,1,1,2,32550,0.00006144,0.0061,-0.99993856,-99.9939
2026-05-20,erc1155,25,3171,7309,10480,1213275,0.00863778,0.8638,-0.99136222,-99.1362
2026-05-20,erc1155,27,1054,1054,2108,1435061,0.00146893,0.1469,-0.99853107,-99.8531
2026-05-20,erc1155,28,12,12,24,29400,0.00081633,0.0816,-0.99918367,-99.9184
2026-05-20,erc1155,29,1257,1257,2514,1432200,0.00175534,0.1755,-0.99824466,-99.8245
2026-05-20,erc1155,3,196,1020,1216,165356,0.00735383,0.7354,-0.99264617,-99.2646
2026-05-20,erc1155,30,14,14,28,30975,0.00090395,0.0904,-0.99909605,-99.9096
2026-05-20,erc1155,32,734,4574,5308,1474515,0.00359983,0.3600,-0.99640017,-99.6400
2026-05-20,erc1155,4,158,58,216,238409,0.00090601,0.0906,-0.99909399,-99.9094
2026-05-20,erc1155,5,4,4,8,38010,0.00021047,0.0210,-0.99978953,-99.9790
2026-05-20,erc1155,6,56,56,112,445200,0.00025157,0.0252,-0.99974843,-99.9748
2026-05-20,erc1155,7,77,77,154,33663,0.00457476,0.4575,-0.99542524,-99.5425
2026-05-20,erc1155,8,14,14,28,26775,0.00104575,0.1046,-0.99895425,-99.8954
2026-05-20,erc1155,9,369,258,627,308553,0.00203207,0.2032,-0.99796793,-99.7968
2026-05-21,erc1155,10,119,119,238,33075,0.00719577,0.7196,-0.99280423,-99.2804
2026-05-21,erc1155,11,634,634,1268,692451,0.00183118,0.1831,-0.99816882,-99.8169
2026-05-21,erc1155,12,303,303,606,444140,0.00136443,0.1364,-0.99863557,-99.8636
2026-05-21,erc1155,13,1479,1479,2958,648943,0.00455818,0.4558,-0.99544182,-99.5442
2026-05-21,erc1155,14,13,13,26,31500,0.00082540,0.0825,-0.99917460,-99.9175
2026-05-21,erc1155,16,694,694,1388,626260,0.00221633,0.2216,-0.99778367,-99.7784
2026-05-21,erc1155,17,1495,1591,3086,522584,0.00590527,0.5905,-0.99409473,-99.4095
2026-05-21,erc1155,18,11615,398,12013,706912,0.01699363,1.6994,-0.98300637,-98.3006
2026-05-21,erc1155,19,196,196,392,445200,0.00088050,0.0881,-0.99911950,-99.9119
2026-05-21,erc1155,20,12518,1128,13646,619080,0.02204239,2.2042,-0.97795761,-97.7958
2026-05-21,erc1155,22,14012,5732,19744,641539,0.03077599,3.0776,-0.96922401,-96.9224
2026-05-21,erc1155,23,5431,3821,9252,741286,0.01248101,1.2481,-0.98751899,-98.7519
2026-05-21,erc1155,24,14,14,28,32550,0.00086022,0.0860,-0.99913978,-99.9140
2026-05-21,erc1155,25,8492,4407,12899,1213275,0.01063156,1.0632,-0.98936844,-98.9368
2026-05-21,erc1155,27,14748,9748,24496,1435061,0.01706966,1.7070,-0.98293034,-98.2930
2026-05-21,erc1155,28,2,2,4,29400,0.00013605,0.0136,-0.99986395,-99.9864
2026-05-21,erc1155,29,12781,12781,25562,1432200,0.01784807,1.7848,-0.98215193,-98.2152
2026-05-21,erc1155,3,104,196,300,165356,0.00181427,0.1814,-0.99818573,-99.8186
2026-05-21,erc1155,30,13,13,26,30975,0.00083939,0.0839,-0.99916061,-99.9161
2026-05-21,erc1155,31,1,1,2,29400,0.00006803,0.0068,-0.99993197,-99.9932
2026-05-21,erc1155,32,12675,12675,25350,1474515,0.01719209,1.7192,-0.98280791,-98.2808
2026-05-21,erc1155,4,84,184,268,238409,0.00112412,0.1124,-0.99887588,-99.8876
2026-05-21,erc1155,5,58,58,116,38010,0.00305183,0.3052,-0.99694817,-99.6948
2026-05-21,erc1155,6,614,614,1228,445200,0.00275831,0.2758,-0.99724169,-99.7242
2026-05-21,erc1155,7,1,1,2,33663,0.00005941,0.0059,-0.99994059,-99.9941
2026-05-21,erc1155,8,21,21,42,26775,0.00156863,0.1569,-0.99843137,-99.8431
2026-05-21,erc1155,9,404,429,833,308553,0.00269970,0.2700,-0.99730030,-99.7300
2026-05-22,erc1155,10,48,48,96,33075,0.00290249,0.2902,-0.99709751,-99.7098
2026-05-22,erc1155,11,31,31,62,692451,0.00008954,0.0090,-0.99991046,-99.9910
2026-05-22,erc1155,12,715,715,1430,444140,0.00321971,0.3220,-0.99678029,-99.6780
2026-05-22,erc1155,13,269,269,538,648943,0.00082904,0.0829,-0.99917096,-99.9171
2026-05-22,erc1155,16,71,71,142,626260,0.00022674,0.0227,-0.99977326,-99.9773
2026-05-22,erc1155,17,694,280,974,522584,0.00186382,0.1864,-0.99813618,-99.8136
2026-05-22,erc1155,18,1634,357,1991,706912,0.00281648,0.2816,-0.99718352,-99.7184
2026-05-22,erc1155,19,83,83,166,445200,0.00037287,0.0373,-0.99962713,-99.9627
2026-05-22,erc1155,20,650,790,1440,619080,0.00232603,0.2326,-0.99767397,-99.7674
2026-05-22,erc1155,22,2428,7065,9493,641539,0.01479723,1.4797,-0.98520277,-98.5203
2026-05-22,erc1155,23,950,952,1902,741286,0.00256581,0.2566,-0.99743419,-99.7434
2026-05-22,erc1155,24,3,3,6,32550,0.00018433,0.0184,-0.99981567,-99.9816
2026-05-22,erc1155,25,5005,9706,14711,1213275,0.01212503,1.2125,-0.98787497,-98.7875
2026-05-22,erc1155,27,1903,6903,8806,1435061,0.00613632,0.6136,-0.99386368,-99.3864
2026-05-22,erc1155,29,1341,1341,2682,1432200,0.00187264,0.1873,-0.99812736,-99.8127
2026-05-22,erc1155,3,74,135,209,165356,0.00126394,0.1264,-0.99873606,-99.8736
2026-05-22,erc1155,30,20,20,40,30975,0.00129136,0.1291,-0.99870864,-99.8709
2026-05-22,erc1155,31,7,7,14,29400,0.00047619,0.0476,-0.99952381,-99.9524
2026-05-22,erc1155,32,617,12917,13534,1474515,0.00917861,0.9179,-0.99082139,-99.0821
2026-05-22,erc1155,4,293,96,389,238409,0.00163165,0.1632,-0.99836835,-99.8368
2026-05-22,erc1155,5,3,3,6,38010,0.00015785,0.0158,-0.99984215,-99.9842
2026-05-22,erc1155,6,483,483,966,445200,0.00216981,0.2170,-0.99783019,-99.7830
2026-05-22,erc1155,7,31,31,62,33663,0.00184178,0.1842,-0.99815822,-99.8158
2026-05-22,erc1155,8,127,127,254,26775,0.00948646,0.9486,-0.99051354,-99.0514
2026-05-22,erc1155,9,764,189,953,308553,0.00308861,0.3089,-0.99691139,-99.6911
2026-05-23,erc1155,11,9,9,18,692451,0.00002599,0.0026,-0.99997401,-99.9974
2026-05-23,erc1155,12,1049,302,1351,444140,0.00304183,0.3042,-0.99695817,-99.6958
2026-05-23,erc1155,13,6413,1006,7419,648943,0.01143244,1.1432,-0.98856756,-98.8568
2026-05-23,erc1155,16,5566,4723,10289,626260,0.01642928,1.6429,-0.98357072,-98.3571
2026-05-23,erc1155,17,257,417,674,522584,0.00128974,0.1290,-0.99871026,-99.8710
2026-05-23,erc1155,18,615,34,649,706912,0.00091808,0.0918,-0.99908192,-99.9082
2026-05-23,erc1155,19,767,767,1534,445200,0.00344564,0.3446,-0.99655436,-99.6554
2026-05-23,erc1155,20,1470,304,1774,619080,0.00286554,0.2866,-0.99713446,-99.7134
2026-05-23,erc1155,22,2142,1478,3620,641539,0.00564268,0.5643,-0.99435732,-99.4357
2026-05-23,erc1155,23,2152,547,2699,741286,0.00364097,0.3641,-0.99635903,-99.6359
2026-05-23,erc1155,25,8353,4059,12412,1213275,0.01023016,1.0230,-0.98976984,-98.9770
2026-05-23,erc1155,27,3025,2858,5883,1435061,0.00409948,0.4099,-0.99590052,-99.5901
2026-05-23,erc1155,28,5,5,10,29400,0.00034014,0.0340,-0.99965986,-99.9660
2026-05-23,erc1155,29,1072,1072,2144,1432200,0.00149700,0.1497,-0.99850300,-99.8503
2026-05-23,erc1155,3,13,20,33,165356,0.00019957,0.0200,-0.99980043,-99.9800
2026-05-23,erc1155,31,13,13,26,29400,0.00088435,0.0884,-0.99911565,-99.9116
2026-05-23,erc1155,32,3161,7951,11112,1474515,0.00753604,0.7536,-0.99246396,-99.2464
2026-05-23,erc1155,4,177,374,551,238409,0.00231115,0.2311,-0.99768885,-99.7689
2026-05-23,erc1155,5,1,1,2,38010,0.00005262,0.0053,-0.99994738,-99.9947
2026-05-23,erc1155,6,2604,1179,3783,445200,0.00849730,0.8497,-0.99150270,-99.1503
2026-05-23,erc1155,8,2,2,4,26775,0.00014939,0.0149,-0.99985061,-99.9851
2026-05-23,erc1155,9,416,871,1287,308553,0.00417108,0.4171,-0.99582892,-99.5829
2026-05-24,erc1155,10,1,1,2,33075,0.00006047,0.0060,-0.99993953,-99.9940
2026-05-24,erc1155,11,15,15,30,692451,0.00004332,0.0043,-0.99995668,-99.9957
2026-05-24,erc1155,12,520,1267,1787,444140,0.00402351,0.4024,-0.99597649,-99.5976
2026-05-24,erc1155,13,105,5512,5617,648943,0.00865561,0.8656,-0.99134439,-99.1344
2026-05-24,erc1155,14,4,4,8,31500,0.00025397,0.0254,-0.99974603,-99.9746
2026-05-24,erc1155,16,240,1083,1323,626260,0.00211254,0.2113,-0.99788746,-99.7887
2026-05-24,erc1155,17,2283,74,2357,522584,0.00451028,0.4510,-0.99548972,-99.5490
2026-05-24,erc1155,18,460,146,606,706912,0.00085725,0.0857,-0.99914275,-99.9143
2026-05-24,erc1155,19,586,586,1172,445200,0.00263252,0.2633,-0.99736748,-99.7367
2026-05-24,erc1155,20,192,119,311,619080,0.00050236,0.0502,-0.99949764,-99.9498
2026-05-24,erc1155,22,673,903,1576,641539,0.00245659,0.2457,-0.99754341,-99.7543
2026-05-24,erc1155,23,423,108,531,741286,0.00071632,0.0716,-0.99928368,-99.9284
2026-05-24,erc1155,25,1464,4711,6175,1213275,0.00508953,0.5090,-0.99491047,-99.4910
2026-05-24,erc1155,27,2417,2514,4931,1435061,0.00343609,0.3436,-0.99656391,-99.6564
2026-05-24,erc1155,28,95,95,190,29400,0.00646259,0.6463,-0.99353741,-99.3537
2026-05-24,erc1155,29,3069,3069,6138,1432200,0.00428571,0.4286,-0.99571429,-99.5714
2026-05-24,erc1155,3,110,103,213,165356,0.00128813,0.1288,-0.99871187,-99.8712
2026-05-24,erc1155,30,10,10,20,30975,0.00064568,0.0646,-0.99935432,-99.9354
2026-05-24,erc1155,32,1819,5419,7238,1474515,0.00490873,0.4909,-0.99509127,-99.5091
2026-05-24,erc1155,4,105,105,210,238409,0.00088084,0.0881,-0.99911916,-99.9119
2026-05-24,erc1155,5,7,7,14,38010,0.00036832,0.0368,-0.99963168,-99.9632
2026-05-24,erc1155,6,750,2175,2925,445200,0.00657008,0.6570,-0.99342992,-99.3430
2026-05-24,erc1155,7,4,4,8,33663,0.00023765,0.0238,-0.99976235,-99.9762
2026-05-24,erc1155,8,6,6,12,26775,0.00044818,0.0448,-0.99955182,-99.9552
2026-05-24,erc1155,9,320,475,795,308553,0.00257654,0.2577,-0.99742346,-99.7423
2026-05-25,erc1155,10,14,14,28,33075,0.00084656,0.0847,-0.99915344,-99.9153
2026-05-25,erc1155,11,370,370,740,692451,0.00106867,0.1069,-0.99893133,-99.8931
2026-05-25,erc1155,12,282,282,564,444140,0.00126987,0.1270,-0.99873013,-99.8730
2026-05-25,erc1155,13,746,746,1492,648943,0.00229912,0.2299,-0.99770088,-99.7701
2026-05-25,erc1155,14,30,30,60,31500,0.00190476,0.1905,-0.99809524,-99.8095
2026-05-25,erc1155,16,147,147,294,626260,0.00046945,0.0469,-0.99953055,-99.9531
2026-05-25,erc1155,17,232,3322,3554,522584,0.00680082,0.6801,-0.99319918,-99.3199
2026-05-25,erc1155,18,1920,9427,11347,706912,0.01605150,1.6052,-0.98394850,-98.3948
2026-05-25,erc1155,19,47,47,94,445200,0.00021114,0.0211,-0.99978886,-99.9789
2026-05-25,erc1155,20,1685,3427,5112,619080,0.00825741,0.8257,-0.99174259,-99.1743
2026-05-25,erc1155,22,1185,1617,2802,641539,0.00436762,0.4368,-0.99563238,-99.5632
2026-05-25,erc1155,23,683,7670,8353,741286,0.01126826,1.1268,-0.98873174,-98.8732
2026-05-25,erc1155,24,1,1,2,32550,0.00006144,0.0061,-0.99993856,-99.9939
2026-05-25,erc1155,25,4979,2540,7519,1213275,0.00619728,0.6197,-0.99380272,-99.3803
2026-05-25,erc1155,27,4358,4428,8786,1435061,0.00612239,0.6122,-0.99387761,-99.3878
2026-05-25,erc1155,29,2068,2068,4136,1432200,0.00288786,0.2888,-0.99711214,-99.7112
2026-05-25,erc1155,3,226,233,459,165356,0.00277583,0.2776,-0.99722417,-99.7224
2026-05-25,erc1155,31,10,10,20,29400,0.00068027,0.0680,-0.99931973,-99.9320
2026-05-25,erc1155,32,1925,9325,11250,1474515,0.00762963,0.7630,-0.99237037,-99.2370
2026-05-25,erc1155,4,122,122,244,238409,0.00102345,0.1023,-0.99897655,-99.8977
2026-05-25,erc1155,5,3,3,6,38010,0.00015785,0.0158,-0.99984215,-99.9842
2026-05-25,erc1155,6,118,118,236,445200,0.00053010,0.0530,-0.99946990,-99.9470
2026-05-25,erc1155,7,18,18,36,33663,0.00106942,0.1069,-0.99893058,-99.8931
2026-05-25,erc1155,8,7,7,14,26775,0.00052288,0.0523,-0.99947712,-99.9477
2026-05-25,erc1155,9,843,452,1295,308553,0.00419701,0.4197,-0.99580299,-99.5803
2026-05-26,erc1155,10,21,21,42,33075,0.00126984,0.1270,-0.99873016,-99.8730
2026-05-26,erc1155,11,212,212,424,692451,0.00061232,0.0612,-0.99938768,-99.9388
2026-05-26,erc1155,12,1503,1503,3006,444140,0.00676814,0.6768,-0.99323186,-99.3232
2026-05-26,erc1155,13,2186,2186,4372,648943,0.00673711,0.6737,-0.99326289,-99.3263
2026-05-26,erc1155,14,10,10,20,31500,0.00063492,0.0635,-0.99936508,-99.9365
2026-05-26,erc1155,16,1129,1129,2258,626260,0.00360553,0.3606,-0.99639447,-99.6394
2026-05-26,erc1155,17,5784,504,6288,522584,0.01203252,1.2033,-0.98796748,-98.7967
2026-05-26,erc1155,18,867,1749,2616,706912,0.00370060,0.3701,-0.99629940,-99.6299
2026-05-26,erc1155,19,75,75,150,445200,0.00033693,0.0337,-0.99966307,-99.9663
2026-05-26,erc1155,20,601,912,1513,619080,0.00244395,0.2444,-0.99755605,-99.7556
2026-05-26,erc1155,22,662,664,1326,641539,0.00206690,0.2067,-0.99793310,-99.7933
2026-05-26,erc1155,23,271,688,959,741286,0.00129370,0.1294,-0.99870630,-99.8706
2026-05-26,erc1155,24,49,49,98,32550,0.00301075,0.3011,-0.99698925,-99.6989
2026-05-26,erc1155,25,6508,9192,15700,1213275,0.01294018,1.2940,-0.98705982,-98.7060
2026-05-26,erc1155,27,795,795,1590,1435061,0.00110797,0.1108,-0.99889203,-99.8892
2026-05-26,erc1155,28,10,10,20,29400,0.00068027,0.0680,-0.99931973,-99.9320
2026-05-26,erc1155,29,2698,2698,5396,1432200,0.00376763,0.3768,-0.99623237,-99.6232
2026-05-26,erc1155,3,315,315,630,165356,0.00380996,0.3810,-0.99619004,-99.6190
2026-05-26,erc1155,30,101,101,202,30975,0.00652139,0.6521,-0.99347861,-99.3479
2026-05-26,erc1155,31,31,31,62,29400,0.00210884,0.2109,-0.99789116,-99.7891
2026-05-26,erc1155,32,5096,16096,21192,1474515,0.01437218,1.4372,-0.98562782,-98.5628
2026-05-26,erc1155,4,141,141,282,238409,0.00118284,0.1183,-0.99881716,-99.8817
2026-05-26,erc1155,5,5,5,10,38010,0.00026309,0.0263,-0.99973691,-99.9737
2026-05-26,erc1155,6,93,93,186,445200,0.00041779,0.0418,-0.99958221,-99.9582
2026-05-26,erc1155,7,9,9,18,33663,0.00053471,0.0535,-0.99946529,-99.9465
2026-05-26,erc1155,8,25,25,50,26775,0.00186741,0.1867,-0.99813259,-99.8133
2026-05-26,erc1155,9,349,1436,1785,308553,0.00578507,0.5785,-0.99421493,-99.4215
2026-05-27,erc1155,10,23,23,46,33075,0.00139078,0.1391,-0.99860922,-99.8609
2026-05-27,erc1155,11,150,0,150,692451,0.00021662,0.0217,-0.99978338,-99.9783
2026-05-27,erc1155,12,86,86,172,444140,0.00038727,0.0387,-0.99961273,-99.9613
2026-05-27,erc1155,13,290,1040,1330,648943,0.00204949,0.2049,-0.99795051,-99.7951
2026-05-27,erc1155,14,2,2,4,31500,0.00012698,0.0127,-0.99987302,-99.9873
2026-05-27,erc1155,16,10409,7787,18196,626260,0.02905503,2.9055,-0.97094497,-97.0945
2026-05-27,erc1155,17,1064,636,1700,522584,0.00325307,0.3253,-0.99674693,-99.6747
2026-05-27,erc1155,18,83,69,152,706912,0.00021502,0.0215,-0.99978498,-99.9785
2026-05-27,erc1155,19,107,107,214,445200,0.00048068,0.0481,-0.99951932,-99.9519
2026-05-27,erc1155,20,514,993,1507,619080,0.00243426,0.2434,-0.99756574,-99.7566
2026-05-27,erc1155,22,1094,4183,5277,641539,0.00822553,0.8226,-0.99177447,-99.1774
2026-05-27,erc1155,23,593,1965,2558,741286,0.00345076,0.3451,-0.99654924,-99.6549
2026-05-27,erc1155,24,4,4,8,32550,0.00024578,0.0246,-0.99975422,-99.9754
2026-05-27,erc1155,25,27711,5790,33501,1213275,0.02761204,2.7612,-0.97238796,-97.2388
2026-05-27,erc1155,27,621,621,1242,1435061,0.00086547,0.0865,-0.99913453,-99.9135
2026-05-27,erc1155,28,1,1,2,29400,0.00006803,0.0068,-0.99993197,-99.9932
2026-05-27,erc1155,29,353,353,706,1432200,0.00049295,0.0493,-0.99950705,-99.9507
2026-05-27,erc1155,3,64,64,128,165356,0.00077409,0.0774,-0.99922591,-99.9226
2026-05-27,erc1155,32,1116,5916,7032,1474515,0.00476903,0.4769,-0.99523097,-99.5231
2026-05-27,erc1155,4,280,280,560,238409,0.00234890,0.2349,-0.99765110,-99.7651
2026-05-27,erc1155,5,3,3,6,38010,0.00015785,0.0158,-0.99984215,-99.9842
2026-05-27,erc1155,6,170,170,340,445200,0.00076370,0.0764,-0.99923630,-99.9236
2026-05-27,erc1155,7,4,4,8,33663,0.00023765,0.0238,-0.99976235,-99.9762
2026-05-27,erc1155,9,149,1931,2080,308553,0.00674114,0.6741,-0.99325886,-99.3259
2026-05-28,erc1155,10,8,8,16,33075,0.00048375,0.0484,-0.99951625,-99.9516
2026-05-28,erc1155,11,246,396,642,692451,0.00092714,0.0927,-0.99907286,-99.9073
2026-05-28,erc1155,12,1807,1807,3614,444140,0.00813707,0.8137,-0.99186293,-99.1863
2026-05-28,erc1155,13,3649,4458,8107,648943,0.01249262,1.2493,-0.98750738,-98.7507
2026-05-28,erc1155,14,3,3,6,31500,0.00019048,0.0190,-0.99980952,-99.9810
2026-05-28,erc1155,16,357,2979,3336,626260,0.00532686,0.5327,-0.99467314,-99.4673
2026-05-28,erc1155,17,1524,278,1802,522584,0.00344825,0.3448,-0.99655175,-99.6552
2026-05-28,erc1155,18,3105,212,3317,706912,0.00469224,0.4692,-0.99530776,-99.5308
2026-05-28,erc1155,19,135,135,270,445200,0.00060647,0.0606,-0.99939353,-99.9394
2026-05-28,erc1155,20,1837,419,2256,619080,0.00364412,0.3644,-0.99635588,-99.6356
2026-05-28,erc1155,22,1725,655,2380,641539,0.00370983,0.3710,-0.99629017,-99.6290
2026-05-28,erc1155,23,1006,1023,2029,741286,0.00273714,0.2737,-0.99726286,-99.7263
2026-05-28,erc1155,25,2708,11491,14199,1213275,0.01170304,1.1703,-0.98829696,-98.8297
2026-05-28,erc1155,27,2265,2265,4530,1435061,0.00315666,0.3157,-0.99684334,-99.6843
2026-05-28,erc1155,28,10,10,20,29400,0.00068027,0.0680,-0.99931973,-99.9320
2026-05-28,erc1155,29,196,196,392,1432200,0.00027370,0.0274,-0.99972630,-99.9726
2026-05-28,erc1155,3,935,256,1191,165356,0.00720264,0.7203,-0.99279736,-99.2797
2026-05-28,erc1155,32,8116,8116,16232,1474515,0.01100837,1.1008,-0.98899163,-98.8992
2026-05-28,erc1155,4,62,62,124,238409,0.00052011,0.0520,-0.99947989,-99.9480
2026-05-28,erc1155,5,3,3,6,38010,0.00015785,0.0158,-0.99984215,-99.9842
2026-05-28,erc1155,6,272,272,544,445200,0.00122192,0.1222,-0.99877808,-99.8778
2026-05-28,erc1155,7,5,5,10,33663,0.00029706,0.0297,-0.99970294,-99.9703
2026-05-28,erc1155,8,10,10,20,26775,0.00074697,0.0747,-0.99925303,-99.9253
2026-05-28,erc1155,9,1063,542,1605,308553,0.00520170,0.5202,-0.99479830,-99.4798
2026-05-29,erc1155,10,12,12,24,33075,0.00072562,0.0726,-0.99927438,-99.9274
2026-05-29,erc1155,11,17,17,34,692451,0.00004910,0.0049,-0.99995090,-99.9951
2026-05-29,erc1155,12,219,219,438,444140,0.00098618,0.0986,-0.99901382,-99.9014
2026-05-29,erc1155,13,185,185,370,648943,0.00057016,0.0570,-0.99942984,-99.9430
2026-05-29,erc1155,16,4348,4348,8696,626260,0.01388561,1.3886,-0.98611439,-98.6114
2026-05-29,erc1155,17,2723,19131,21854,522584,0.04181911,4.1819,-0.95818089,-95.8181
2026-05-29,erc1155,18,4417,6763,11180,706912,0.01581526,1.5815,-0.98418474,-98.4185
2026-05-29,erc1155,19,431,431,862,445200,0.00193621,0.1936,-0.99806379,-99.8064
2026-05-29,erc1155,20,4696,9960,14656,619080,0.02367384,2.3674,-0.97632616,-97.6326
2026-05-29,erc1155,22,972,4382,5354,641539,0.00834556,0.8346,-0.99165444,-99.1654
2026-05-29,erc1155,23,390,648,1038,741286,0.00140027,0.1400,-0.99859973,-99.8600
2026-05-29,erc1155,25,2446,12909,15355,1213275,0.01265583,1.2656,-0.98734417,-98.7344
2026-05-29,erc1155,27,1283,1283,2566,1435061,0.00178808,0.1788,-0.99821192,-99.8212
2026-05-29,erc1155,28,46,46,92,29400,0.00312925,0.3129,-0.99687075,-99.6871
2026-05-29,erc1155,29,2767,2767,5534,1432200,0.00386399,0.3864,-0.99613601,-99.6136
2026-05-29,erc1155,3,137,730,867,165356,0.00524323,0.5243,-0.99475677,-99.4757
2026-05-29,erc1155,30,10,10,20,30975,0.00064568,0.0646,-0.99935432,-99.9354
2026-05-29,erc1155,32,877,877,1754,1474515,0.00118954,0.1190,-0.99881046,-99.8810
2026-05-29,erc1155,4,629,1771,2400,238409,0.01006673,1.0067,-0.98993327,-98.9933
2026-05-29,erc1155,5,4,4,8,38010,0.00021047,0.0210,-0.99978953,-99.9790
2026-05-29,erc1155,6,5134,5134,10268,445200,0.02306379,2.3064,-0.97693621,-97.6936
2026-05-29,erc1155,7,18,18,36,33663,0.00106942,0.1069,-0.99893058,-99.8931
2026-05-29,erc1155,8,4,4,8,26775,0.00029879,0.0299,-0.99970121,-99.9701
2026-05-29,erc1155,9,270,817,1087,308553,0.00352290,0.3523,-0.99647710,-99.6477
2026-05-30,erc1155,10,2,2,4,33075,0.00012094,0.0121,-0.99987906,-99.9879
2026-05-30,erc1155,11,136,136,272,692451,0.00039281,0.0393,-0.99960719,-99.9607
2026-05-30,erc1155,12,76,76,152,444140,0.00034223,0.0342,-0.99965777,-99.9658
2026-05-30,erc1155,13,242,242,484,648943,0.00074583,0.0746,-0.99925417,-99.9254
2026-05-30,erc1155,14,2,2,4,31500,0.00012698,0.0127,-0.99987302,-99.9873
2026-05-30,erc1155,16,1410,1410,2820,626260,0.00450292,0.4503,-0.99549708,-99.5497
2026-05-30,erc1155,17,1185,2683,3868,522584,0.00740168,0.7402,-0.99259832,-99.2598
2026-05-30,erc1155,18,623,4368,4991,706912,0.00706028,0.7060,-0.99293972,-99.2940
2026-05-30,erc1155,19,34,34,68,445200,0.00015274,0.0153,-0.99984726,-99.9847
2026-05-30,erc1155,20,549,1059,1608,619080,0.00259740,0.2597,-0.99740260,-99.7403
2026-05-30,erc1155,22,2522,1760,4282,641539,0.00667457,0.6675,-0.99332543,-99.3325
2026-05-30,erc1155,23,1317,159,1476,741286,0.00199113,0.1991,-0.99800887,-99.8009
2026-05-30,erc1155,24,7,7,14,32550,0.00043011,0.0430,-0.99956989,-99.9570
2026-05-30,erc1155,25,3207,6624,9831,1213275,0.00810286,0.8103,-0.99189714,-99.1897
2026-05-30,erc1155,27,812,812,1624,1435061,0.00113166,0.1132,-0.99886834,-99.8868
2026-05-30,erc1155,28,5,5,10,29400,0.00034014,0.0340,-0.99965986,-99.9660
2026-05-30,erc1155,29,1495,1495,2990,1432200,0.00208770,0.2088,-0.99791230,-99.7912
2026-05-30,erc1155,3,111,197,308,165356,0.00186265,0.1863,-0.99813735,-99.8137
2026-05-30,erc1155,30,21,21,42,30975,0.00135593,0.1356,-0.99864407,-99.8644
2026-05-30,erc1155,32,1782,9382,11164,1474515,0.00757130,0.7571,-0.99242870,-99.2429
2026-05-30,erc1155,4,79,98,177,238409,0.00074242,0.0742,-0.99925758,-99.9258
2026-05-30,erc1155,5,5,5,10,38010,0.00026309,0.0263,-0.99973691,-99.9737
2026-05-30,erc1155,6,207,207,414,445200,0.00092992,0.0930,-0.99907008,-99.9070
2026-05-30,erc1155,7,9,9,18,33663,0.00053471,0.0535,-0.99946529,-99.9465
2026-05-30,erc1155,8,1,1,2,26775,0.00007470,0.0075,-0.99992530,-99.9925
2026-05-30,erc1155,9,492,440,932,308553,0.00302055,0.3021,-0.99697945,-99.6979
2026-05-31,erc1155,10,28,28,56,33075,0.00169312,0.1693,-0.99830688,-99.8307
2026-05-31,erc1155,11,1033,1033,2066,692451,0.00298360,0.2984,-0.99701640,-99.7016
2026-05-31,erc1155,12,5411,1672,7083,444140,0.01594767,1.5948,-0.98405233,-98.4052
2026-05-31,erc1155,13,1298,1298,2596,648943,0.00400035,0.4000,-0.99599965,-99.6000
2026-05-31,erc1155,14,15,15,30,31500,0.00095238,0.0952,-0.99904762,-99.9048
2026-05-31,erc1155,16,325,325,650,626260,0.00103791,0.1038,-0.99896209,-99.8962
2026-05-31,erc1155,17,2284,651,2935,522584,0.00561632,0.5616,-0.99438368,-99.4384
2026-05-31,erc1155,18,913,3474,4387,706912,0.00620586,0.6206,-0.99379414,-99.3794
2026-05-31,erc1155,19,253,253,506,445200,0.00113657,0.1137,-0.99886343,-99.8863
2026-05-31,erc1155,20,1983,4106,6089,619080,0.00983556,0.9836,-0.99016444,-99.0164
2026-05-31,erc1155,22,1644,1871,3515,641539,0.00547901,0.5479,-0.99452099,-99.4521
2026-05-31,erc1155,23,2638,1530,4168,741286,0.00562266,0.5623,-0.99437734,-99.4377
2026-05-31,erc1155,24,15,15,30,32550,0.00092166,0.0922,-0.99907834,-99.9078
2026-05-31,erc1155,25,4528,515,5043,1213275,0.00415652,0.4157,-0.99584348,-99.5843
2026-05-31,erc1155,27,4043,4043,8086,1435061,0.00563460,0.5635,-0.99436540,-99.4365
2026-05-31,erc1155,28,22,22,44,29400,0.00149660,0.1497,-0.99850340,-99.8503
2026-05-31,erc1155,29,4246,4246,8492,1432200,0.00592934,0.5929,-0.99407066,-99.4071
2026-05-31,erc1155,3,87,87,174,165356,0.00105228,0.1052,-0.99894772,-99.8948
2026-05-31,erc1155,31,20,20,40,29400,0.00136054,0.1361,-0.99863946,-99.8639
2026-05-31,erc1155,32,1536,1536,3072,1474515,0.00208340,0.2083,-0.99791660,-99.7917
2026-05-31,erc1155,4,19,32,51,238409,0.00021392,0.0214,-0.99978608,-99.9786
2026-05-31,erc1155,5,130,130,260,38010,0.00684031,0.6840,-0.99315969,-99.3160
2026-05-31,erc1155,6,1529,1501,3030,445200,0.00680593,0.6806,-0.99319407,-99.3194
2026-05-31,erc1155,7,37,37,74,33663,0.00219826,0.2198,-0.99780174,-99.7802
2026-05-31,erc1155,8,44,44,88,26775,0.00328665,0.3287,-0.99671335,-99.6713
2026-05-31,erc1155,9,10755,297,11052,308553,0.03581881,3.5819,-0.96418119,-96.4181
2026-06-01,erc1155,10,10,10,20,33075,0.00060469,0.0605,-0.99939531,-99.9395
2026-06-01,erc1155,11,3020,3020,6040,692451,0.00872264,0.8723,-0.99127736,-99.1277
2026-06-01,erc1155,12,210,3949,4159,444140,0.00936416,0.9364,-0.99063584,-99.0636
2026-06-01,erc1155,13,155,155,310,648943,0.00047770,0.0478,-0.99952230,-99.9522
2026-06-01,erc1155,14,1,1,2,31500,0.00006349,0.0063,-0.99993651,-99.9937
2026-06-01,erc1155,16,6511,6508,13019,626260,0.02078849,2.0788,-0.97921151,-97.9212
2026-06-01,erc1155,17,50719,191,50910,522584,0.09741974,9.7420,-0.90258026,-90.2580
2026-06-01,erc1155,18,1369,416,1785,706912,0.00252507,0.2525,-0.99747493,-99.7475
2026-06-01,erc1155,19,121,121,242,445200,0.00054358,0.0544,-0.99945642,-99.9456
2026-06-01,erc1155,20,1061,820,1881,619080,0.00303838,0.3038,-0.99696162,-99.6962
2026-06-01,erc1155,22,1877,271,2148,641539,0.00334820,0.3348,-0.99665180,-99.6652
2026-06-01,erc1155,23,1365,1486,2851,741286,0.00384602,0.3846,-0.99615398,-99.6154
2026-06-01,erc1155,24,11,11,22,32550,0.00067588,0.0676,-0.99932412,-99.9324
2026-06-01,erc1155,25,3226,5905,9131,1213275,0.00752591,0.7526,-0.99247409,-99.2474
2026-06-01,erc1155,27,8827,4827,13654,1435061,0.00951458,0.9515,-0.99048542,-99.0485
2026-06-01,erc1155,28,2,2,4,29400,0.00013605,0.0136,-0.99986395,-99.9864
2026-06-01,erc1155,29,5338,5338,10676,1432200,0.00745427,0.7454,-0.99254573,-99.2546
2026-06-01,erc1155,3,84,84,168,165356,0.00101599,0.1016,-0.99898401,-99.8984
2026-06-01,erc1155,32,6091,20896,26987,1474515,0.01830229,1.8302,-0.98169771,-98.1698
2026-06-01,erc1155,4,74,74,148,238409,0.00062078,0.0621,-0.99937922,-99.9379
2026-06-01,erc1155,6,47,75,122,445200,0.00027403,0.0274,-0.99972597,-99.9726
2026-06-01,erc1155,9,516,606,1122,308553,0.00363633,0.3636,-0.99636367,-99.6364
2026-06-02,erc1155,10,374,374,748,33075,0.02261527,2.2615,-0.97738473,-97.7385
2026-06-02,erc1155,11,291,291,582,692451,0.00084049,0.0840,-0.99915951,-99.9160
2026-06-02,erc1155,12,842,842,1684,444140,0.00379160,0.3792,-0.99620840,-99.6208
2026-06-02,erc1155,13,3370,3370,6740,648943,0.01038612,1.0386,-0.98961388,-98.9614
2026-06-02,erc1155,14,28,28,56,31500,0.00177778,0.1778,-0.99822222,-99.8222
2026-06-02,erc1155,16,1367,1370,2737,626260,0.00437039,0.4370,-0.99562961,-99.5630
2026-06-02,erc1155,17,3767,8880,12647,522584,0.02420089,2.4201,-0.97579911,-97.5799
2026-06-02,erc1155,18,8423,3297,11720,706912,0.01657915,1.6579,-0.98342085,-98.3421
2026-06-02,erc1155,19,399,399,798,445200,0.00179245,0.1792,-0.99820755,-99.8208
2026-06-02,erc1155,20,7739,7763,15502,619080,0.02504038,2.5040,-0.97495962,-97.4960
2026-06-02,erc1155,22,5526,490,6016,641539,0.00937745,0.9377,-0.99062255,-99.0623
2026-06-02,erc1155,23,5154,2828,7982,741286,0.01076777,1.0768,-0.98923223,-98.9232
2026-06-02,erc1155,24,23,23,46,32550,0.00141321,0.1413,-0.99858679,-99.8587
2026-06-02,erc1155,25,16487,3809,20296,1213275,0.01672828,1.6728,-0.98327172,-98.3272
2026-06-02,erc1155,27,6225,6225,12450,1435061,0.00867559,0.8676,-0.99132441,-99.1324
2026-06-02,erc1155,29,4985,4985,9970,1432200,0.00696132,0.6961,-0.99303868,-99.3039
2026-06-02,erc1155,3,368,368,736,165356,0.00445100,0.4451,-0.99554900,-99.5549
2026-06-02,erc1155,30,23,23,46,30975,0.00148507,0.1485,-0.99851493,-99.8515
2026-06-02,erc1155,31,215,215,430,29400,0.01462585,1.4626,-0.98537415,-98.5374
2026-06-02,erc1155,32,13043,10106,23149,1474515,0.01569940,1.5699,-0.98430060,-98.4301
2026-06-02,erc1155,4,564,564,1128,238409,0.00473137,0.4731,-0.99526863,-99.5269
2026-06-02,erc1155,5,10,10,20,38010,0.00052618,0.0526,-0.99947382,-99.9474
2026-06-02,erc1155,6,189,189,378,445200,0.00084906,0.0849,-0.99915094,-99.9151
2026-06-02,erc1155,7,14,14,28,33663,0.00083177,0.0832,-0.99916823,-99.9168
2026-06-02,erc1155,8,21,21,42,26775,0.00156863,0.1569,-0.99843137,-99.8431
2026-06-02,erc1155,9,1846,6478,8324,308553,0.02697754,2.6978,-0.97302246,-97.3022
2026-06-03,erc1155,10,430,430,860,33075,0.02600151,2.6002,-0.97399849,-97.3998
2026-06-03,erc1155,11,900,900,1800,692451,0.00259946,0.2599,-0.99740054,-99.7401
2026-06-03,erc1155,12,80,80,160,444140,0.00036025,0.0360,-0.99963975,-99.9640
2026-06-03,erc1155,13,336,336,672,648943,0.00103553,0.1036,-0.99896447,-99.8964
2026-06-03,erc1155,14,14,14,28,31500,0.00088889,0.0889,-0.99911111,-99.9111
2026-06-03,erc1155,16,846,846,1692,626260,0.00270175,0.2702,-0.99729825,-99.7298
2026-06-03,erc1155,17,4092,406,4498,522584,0.00860723,0.8607,-0.99139277,-99.1393
2026-06-03,erc1155,18,2319,536,2855,706912,0.00403869,0.4039,-0.99596131,-99.5961
2026-06-03,erc1155,19,228,228,456,445200,0.00102426,0.1024,-0.99897574,-99.8976
2026-06-03,erc1155,20,2031,638,2669,619080,0.00431124,0.4311,-0.99568876,-99.5689
2026-06-03,erc1155,22,1465,1010,2475,641539,0.00385791,0.3858,-0.99614209,-99.6142
2026-06-03,erc1155,23,1726,1726,3452,741286,0.00465677,0.4657,-0.99534323,-99.5343
2026-06-03,erc1155,24,12,12,24,32550,0.00073733,0.0737,-0.99926267,-99.9263
2026-06-03,erc1155,25,3305,1305,4610,1213275,0.00379963,0.3800,-0.99620037,-99.6200
2026-06-03,erc1155,27,1395,1395,2790,1435061,0.00194417,0.1944,-0.99805583,-99.8056
2026-06-03,erc1155,28,38,38,76,29400,0.00258503,0.2585,-0.99741497,-99.7415
2026-06-03,erc1155,29,1584,1584,3168,1432200,0.00221198,0.2212,-0.99778802,-99.7788
2026-06-03,erc1155,3,50,50,100,165356,0.00060476,0.0605,-0.99939524,-99.9395
2026-06-03,erc1155,30,5,5,10,30975,0.00032284,0.0323,-0.99967716,-99.9677
2026-06-03,erc1155,32,14512,9677,24189,1474515,0.01640472,1.6405,-0.98359528,-98.3595
2026-06-03,erc1155,4,110,110,220,238409,0.00092278,0.0923,-0.99907722,-99.9077
2026-06-03,erc1155,5,35,35,70,38010,0.00184162,0.1842,-0.99815838,-99.8158
2026-06-03,erc1155,6,232,232,464,445200,0.00104223,0.1042,-0.99895777,-99.8958
2026-06-03,erc1155,7,28,28,56,33663,0.00166355,0.1664,-0.99833645,-99.8336
2026-06-03,erc1155,8,1,1,2,26775,0.00007470,0.0075,-0.99992530,-99.9925
2026-06-03,erc1155,9,995,386,1381,308553,0.00447573,0.4476,-0.99552427,-99.5524
2026-06-04,erc1155,10,3,3,6,33075,0.00018141,0.0181,-0.99981859,-99.9819
2026-06-04,erc1155,11,12,12,24,692451,0.00003466,0.0035,-0.99996534,-99.9965
2026-06-04,erc1155,12,406,106,512,444140,0.00115279,0.1153,-0.99884721,-99.8847
2026-06-04,erc1155,13,2464,488,2952,648943,0.00454894,0.4549,-0.99545106,-99.5451
2026-06-04,erc1155,14,9,9,18,31500,0.00057143,0.0571,-0.99942857,-99.9429
2026-06-04,erc1155,16,602,602,1204,626260,0.00192252,0.1923,-0.99807748,-99.8077
2026-06-04,erc1155,17,1821,189,2010,522584,0.00384627,0.3846,-0.99615373,-99.6154
2026-06-04,erc1155,18,13783,399,14182,706912,0.02006190,2.0062,-0.97993810,-97.9938
2026-06-04,erc1155,19,758,131,889,445200,0.00199686,0.1997,-0.99800314,-99.8003
2026-06-04,erc1155,20,3705,663,4368,619080,0.00705563,0.7056,-0.99294437,-99.2944
2026-06-04,erc1155,22,5838,592,6430,641539,0.01002277,1.0023,-0.98997723,-98.9977
2026-06-04,erc1155,23,11317,1514,12831,741286,0.01730911,1.7309,-0.98269089,-98.2691
2026-06-04,erc1155,25,9640,7984,17624,1213275,0.01452597,1.4526,-0.98547403,-98.5474
2026-06-04,erc1155,27,11425,3246,14671,1435061,0.01022326,1.0223,-0.98977674,-98.9777
2026-06-04,erc1155,29,5296,5296,10592,1432200,0.00739562,0.7396,-0.99260438,-99.2604
2026-06-04,erc1155,3,123,38,161,165356,0.00097366,0.0974,-0.99902634,-99.9026
2026-06-04,erc1155,30,1,1,2,30975,0.00006457,0.0065,-0.99993543,-99.9935
2026-06-04,erc1155,32,21622,6672,28294,1474515,0.01918868,1.9189,-0.98081132,-98.0811
2026-06-04,erc1155,4,308,306,614,238409,0.00257541,0.2575,-0.99742459,-99.7425
2026-06-04,erc1155,5,423,423,846,38010,0.02225730,2.2257,-0.97774270,-97.7743
2026-06-04,erc1155,6,125,125,250,445200,0.00056155,0.0562,-0.99943845,-99.9438
2026-06-04,erc1155,7,23,23,46,33663,0.00136649,0.1366,-0.99863351,-99.8634
2026-06-04,erc1155,8,90,90,180,26775,0.00672269,0.6723,-0.99327731,-99.3277
2026-06-04,erc1155,9,1328,493,1821,308553,0.00590174,0.5902,-0.99409826,-99.4098
2026-06-05,erc1155,10,10,10,20,33075,0.00060469,0.0605,-0.99939531,-99.9395
2026-06-05,erc1155,11,5,5,10,692451,0.00001444,0.0014,-0.99998556,-99.9986
2026-06-05,erc1155,12,1877,1622,3499,444140,0.00787815,0.7878,-0.99212185,-99.2122
2026-06-05,erc1155,13,2162,2665,4827,648943,0.00743825,0.7438,-0.99256175,-99.2562
2026-06-05,erc1155,14,20,20,40,31500,0.00126984,0.1270,-0.99873016,-99.8730
2026-06-05,erc1155,16,2266,2266,4532,626260,0.00723661,0.7237,-0.99276339,-99.2763
2026-06-05,erc1155,17,642,423,1065,522584,0.00203795,0.2038,-0.99796205,-99.7962
2026-06-05,erc1155,18,833,448,1281,706912,0.00181211,0.1812,-0.99818789,-99.8188
2026-06-05,erc1155,19,202,202,404,445200,0.00090746,0.0907,-0.99909254,-99.9093
2026-06-05,erc1155,20,787,283,1070,619080,0.00172837,0.1728,-0.99827163,-99.8272
2026-06-05,erc1155,22,2639,310,2949,641539,0.00459676,0.4597,-0.99540324,-99.5403
2026-06-05,erc1155,23,962,382,1344,741286,0.00181307,0.1813,-0.99818693,-99.8187
2026-06-05,erc1155,24,1,1,2,32550,0.00006144,0.0061,-0.99993856,-99.9939
2026-06-05,erc1155,25,3556,3232,6788,1213275,0.00559477,0.5595,-0.99440523,-99.4405
2026-06-05,erc1155,27,3873,9540,13413,1435061,0.00934664,0.9347,-0.99065336,-99.0653
2026-06-05,erc1155,29,2467,2467,4934,1432200,0.00344505,0.3445,-0.99655495,-99.6555
2026-06-05,erc1155,3,191,276,467,165356,0.00282421,0.2824,-0.99717579,-99.7176
2026-06-05,erc1155,31,12,12,24,29400,0.00081633,0.0816,-0.99918367,-99.9184
2026-06-05,erc1155,32,3818,4735,8553,1474515,0.00580055,0.5801,-0.99419945,-99.4199
2026-06-05,erc1155,4,109,111,220,238409,0.00092278,0.0923,-0.99907722,-99.9077
2026-06-05,erc1155,5,25,25,50,38010,0.00131544,0.1315,-0.99868456,-99.8685
2026-06-05,erc1155,6,514,514,1028,445200,0.00230907,0.2309,-0.99769093,-99.7691
2026-06-05,erc1155,7,18,18,36,33663,0.00106942,0.1069,-0.99893058,-99.8931
2026-06-05,erc1155,8,2,2,4,26775,0.00014939,0.0149,-0.99985061,-99.9851
2026-06-05,erc1155,9,241,536,777,308553,0.00251821,0.2518,-0.99748179,-99.7482
2026-06-06,erc1155,10,20,20,40,33075,0.00120937,0.1209,-0.99879063,-99.8791
2026-06-06,erc1155,12,767,905,1672,444140,0.00376458,0.3765,-0.99623542,-99.6235
2026-06-06,erc1155,13,1077,1077,2154,648943,0.00331924,0.3319,-0.99668076,-99.6681
2026-06-06,erc1155,14,10,10,20,31500,0.00063492,0.0635,-0.99936508,-99.9365
2026-06-06,erc1155,16,594,594,1188,626260,0.00189698,0.1897,-0.99810302,-99.8103
2026-06-06,erc1155,17,1852,1279,3131,522584,0.00599138,0.5991,-0.99400862,-99.4009
2026-06-06,erc1155,18,786,463,1249,706912,0.00176684,0.1767,-0.99823316,-99.8233
2026-06-06,erc1155,19,306,306,612,445200,0.00137466,0.1375,-0.99862534,-99.8625
2026-06-06,erc1155,20,6715,2478,9193,619080,0.01484945,1.4849,-0.98515055,-98.5151
2026-06-06,erc1155,22,855,630,1485,641539,0.00231475,0.2315,-0.99768525,-99.7685
2026-06-06,erc1155,23,1434,1404,2838,741286,0.00382848,0.3828,-0.99617152,-99.6172
2026-06-06,erc1155,25,3196,3839,7035,1213275,0.00579836,0.5798,-0.99420164,-99.4202
2026-06-06,erc1155,27,3796,4999,8795,1435061,0.00612866,0.6129,-0.99387134,-99.3871
2026-06-06,erc1155,29,1187,1187,2374,1432200,0.00165759,0.1658,-0.99834241,-99.8342
2026-06-06,erc1155,3,103,103,206,165356,0.00124580,0.1246,-0.99875420,-99.8754
2026-06-06,erc1155,30,20,20,40,30975,0.00129136,0.1291,-0.99870864,-99.8709
2026-06-06,erc1155,32,1645,1460,3105,1474515,0.00210578,0.2106,-0.99789422,-99.7894
2026-06-06,erc1155,4,45,44,89,238409,0.00037331,0.0373,-0.99962669,-99.9627
2026-06-06,erc1155,5,9,9,18,38010,0.00047356,0.0474,-0.99952644,-99.9526
2026-06-06,erc1155,6,1671,1671,3342,445200,0.00750674,0.7507,-0.99249326,-99.2493
2026-06-06,erc1155,8,2,2,4,26775,0.00014939,0.0149,-0.99985061,-99.9851
2026-06-06,erc1155,9,1203,176,1379,308553,0.00446925,0.4469,-0.99553075,-99.5531
2026-06-07,erc1155,11,24,24,48,692451,0.00006932,0.0069,-0.99993068,-99.9931
2026-06-07,erc1155,12,1271,1388,2659,444140,0.00598685,0.5987,-0.99401315,-99.4013
2026-06-07,erc1155,13,242,242,484,648943,0.00074583,0.0746,-0.99925417,-99.9254
2026-06-07,erc1155,14,16,16,32,31500,0.00101587,0.1016,-0.99898413,-99.8984
2026-06-07,erc1155,16,822,822,1644,626260,0.00262511,0.2625,-0.99737489,-99.7375
2026-06-07,erc1155,17,1946,234,2180,522584,0.00417158,0.4172,-0.99582842,-99.5828
2026-06-07,erc1155,18,2010,533,2543,706912,0.00359734,0.3597,-0.99640266,-99.6403
2026-06-07,erc1155,19,367,367,734,445200,0.00164870,0.1649,-0.99835130,-99.8351
2026-06-07,erc1155,20,828,440,1268,619080,0.00204820,0.2048,-0.99795180,-99.7952
2026-06-07,erc1155,22,2903,1466,4369,641539,0.00681019,0.6810,-0.99318981,-99.3190
2026-06-07,erc1155,23,117,208,325,741286,0.00043843,0.0438,-0.99956157,-99.9562
2026-06-07,erc1155,24,40,40,80,32550,0.00245776,0.2458,-0.99754224,-99.7542
2026-06-07,erc1155,25,8094,7112,15206,1213275,0.01253302,1.2533,-0.98746698,-98.7467
2026-06-07,erc1155,27,1660,5960,7620,1435061,0.00530988,0.5310,-0.99469012,-99.4690
2026-06-07,erc1155,28,9,9,18,29400,0.00061224,0.0612,-0.99938776,-99.9388
2026-06-07,erc1155,29,1119,1119,2238,1432200,0.00156263,0.1563,-0.99843737,-99.8437
2026-06-07,erc1155,3,121,121,242,165356,0.00146351,0.1464,-0.99853649,-99.8536
2026-06-07,erc1155,32,1149,1334,2483,1474515,0.00168394,0.1684,-0.99831606,-99.8316
2026-06-07,erc1155,4,138,139,277,238409,0.00116187,0.1162,-0.99883813,-99.8838
2026-06-07,erc1155,6,920,920,1840,445200,0.00413297,0.4133,-0.99586703,-99.5867
2026-06-07,erc1155,7,13,13,26,33663,0.00077236,0.0772,-0.99922764,-99.9228
2026-06-07,erc1155,8,3,3,6,26775,0.00022409,0.0224,-0.99977591,-99.9776
2026-06-07,erc1155,9,313,1236,1549,308553,0.00502021,0.5020,-0.99497979,-99.4980
2026-06-08,erc1155,10,13,13,26,33075,0.00078609,0.0786,-0.99921391,-99.9214
2026-06-08,erc1155,11,708,708,1416,692451,0.00204491,0.2045,-0.99795509,-99.7955
2026-06-08,erc1155,12,158,158,316,444140,0.00071149,0.0711,-0.99928851,-99.9289
2026-06-08,erc1155,13,1098,1098,2196,648943,0.00338396,0.3384,-0.99661604,-99.6616
2026-06-08,erc1155,14,25,25,50,31500,0.00158730,0.1587,-0.99841270,-99.8413
2026-06-08,erc1155,16,914,914,1828,626260,0.00291892,0.2919,-0.99708108,-99.7081
2026-06-08,erc1155,17,1241,5980,7221,522584,0.01381787,1.3818,-0.98618213,-98.6182
2026-06-08,erc1155,18,1038,218,1256,706912,0.00177674,0.1777,-0.99822326,-99.8223
2026-06-08,erc1155,19,1022,1022,2044,445200,0.00459119,0.4591,-0.99540881,-99.5409
2026-06-08,erc1155,20,1617,5382,6999,619080,0.01130549,1.1305,-0.98869451,-98.8695
2026-06-08,erc1155,22,1303,2571,3874,641539,0.00603860,0.6039,-0.99396140,-99.3961
2026-06-08,erc1155,23,743,59,802,741286,0.00108190,0.1082,-0.99891810,-99.8918
2026-06-08,erc1155,25,2540,4240,6780,1213275,0.00558818,0.5588,-0.99441182,-99.4412
2026-06-08,erc1155,27,4107,4041,8148,1435061,0.00567781,0.5678,-0.99432219,-99.4322
2026-06-08,erc1155,28,15,15,30,29400,0.00102041,0.1020,-0.99897959,-99.8980
2026-06-08,erc1155,29,892,892,1784,1432200,0.00124564,0.1246,-0.99875436,-99.8754
2026-06-08,erc1155,3,873,88,961,165356,0.00581170,0.5812,-0.99418830,-99.4188
2026-06-08,erc1155,30,13,13,26,30975,0.00083939,0.0839,-0.99916061,-99.9161
2026-06-08,erc1155,32,5827,9327,15154,1474515,0.01027728,1.0277,-0.98972272,-98.9723
2026-06-08,erc1155,4,895,357,1252,238409,0.00525148,0.5251,-0.99474852,-99.4749
2026-06-08,erc1155,5,12,12,24,38010,0.00063141,0.0631,-0.99936859,-99.9369
2026-06-08,erc1155,6,741,347,1088,445200,0.00244385,0.2444,-0.99755615,-99.7556
2026-06-08,erc1155,7,27,27,54,33663,0.00160414,0.1604,-0.99839586,-99.8396
2026-06-08,erc1155,8,2,2,4,26775,0.00014939,0.0149,-0.99985061,-99.9851
2026-06-08,erc1155,9,944,349,1293,308553,0.00419053,0.4191,-0.99580947,-99.5809
2026-06-09,erc1155,11,104,104,208,692451,0.00030038,0.0300,-0.99969962,-99.9700
2026-06-09,erc1155,12,1218,1218,2436,444140,0.00548476,0.5485,-0.99451524,-99.4515
2026-06-09,erc1155,13,510,510,1020,648943,0.00157179,0.1572,-0.99842821,-99.8428
2026-06-09,erc1155,14,11,11,22,31500,0.00069841,0.0698,-0.99930159,-99.9302
2026-06-09,erc1155,16,465,465,930,626260,0.00148501,0.1485,-0.99851499,-99.8515
2026-06-09,erc1155,17,265,429,694,522584,0.00132802,0.1328,-0.99867198,-99.8672
2026-06-09,erc1155,18,497,1068,1565,706912,0.00221385,0.2214,-0.99778615,-99.7786
2026-06-09,erc1155,19,804,804,1608,445200,0.00361186,0.3612,-0.99638814,-99.6388
2026-06-09,erc1155,20,443,680,1123,619080,0.00181398,0.1814,-0.99818602,-99.8186
2026-06-09,erc1155,22,973,1694,2667,641539,0.00415719,0.4157,-0.99584281,-99.5843
2026-06-09,erc1155,23,284,848,1132,741286,0.00152708,0.1527,-0.99847292,-99.8473
2026-06-09,erc1155,24,13,13,26,32550,0.00079877,0.0799,-0.99920123,-99.9201
2026-06-09,erc1155,25,3747,4457,8204,1213275,0.00676186,0.6762,-0.99323814,-99.3238
2026-06-09,erc1155,27,3612,4552,8164,1435061,0.00568896,0.5689,-0.99431104,-99.4311
2026-06-09,erc1155,28,6,6,12,29400,0.00040816,0.0408,-0.99959184,-99.9592
2026-06-09,erc1155,29,2404,2404,4808,1432200,0.00335707,0.3357,-0.99664293,-99.6643
2026-06-09,erc1155,3,18,803,821,165356,0.00496505,0.4965,-0.99503495,-99.5035
2026-06-09,erc1155,30,112,112,224,30975,0.00723164,0.7232,-0.99276836,-99.2768
2026-06-09,erc1155,32,1546,1546,3092,1474515,0.00209696,0.2097,-0.99790304,-99.7903
2026-06-09,erc1155,4,157,695,852,238409,0.00357369,0.3574,-0.99642631,-99.6426
2026-06-09,erc1155,5,4,4,8,38010,0.00021047,0.0210,-0.99978953,-99.9790
2026-06-09,erc1155,6,1143,1537,2680,445200,0.00601977,0.6020,-0.99398023,-99.3980
2026-06-09,erc1155,7,1,1,2,33663,0.00005941,0.0059,-0.99994059,-99.9941
2026-06-09,erc1155,8,6,6,12,26775,0.00044818,0.0448,-0.99955182,-99.9552
2026-06-09,erc1155,9,610,240,850,308553,0.00275479,0.2755,-0.99724521,-99.7245
2026-06-10,erc1155,10,1,1,2,33075,0.00006047,0.0060,-0.99993953,-99.9940
2026-06-10,erc1155,11,11,11,22,692451,0.00003177,0.0032,-0.99996823,-99.9968
2026-06-10,erc1155,12,129,129,258,444140,0.00058090,0.0581,-0.99941910,-99.9419
2026-06-10,erc1155,13,97,97,194,648943,0.00029895,0.0299,-0.99970105,-99.9701
2026-06-10,erc1155,14,11,11,22,31500,0.00069841,0.0698,-0.99930159,-99.9302
2026-06-10,erc1155,16,109,109,218,626260,0.00034810,0.0348,-0.99965190,-99.9652
2026-06-10,erc1155,17,1313,895,2208,522584,0.00422516,0.4225,-0.99577484,-99.5775
2026-06-10,erc1155,18,422,645,1067,706912,0.00150938,0.1509,-0.99849062,-99.8491
2026-06-10,erc1155,19,397,397,794,445200,0.00178347,0.1783,-0.99821653,-99.8217
2026-06-10,erc1155,20,399,1342,1741,619080,0.00281224,0.2812,-0.99718776,-99.7188
2026-06-10,erc1155,22,440,3900,4340,641539,0.00676498,0.6765,-0.99323502,-99.3235
2026-06-10,erc1155,23,786,805,1591,741286,0.00214627,0.2146,-0.99785373,-99.7854
2026-06-10,erc1155,25,1157,2052,3209,1213275,0.00264491,0.2645,-0.99735509,-99.7355
2026-06-10,erc1155,27,2676,2811,5487,1435061,0.00382353,0.3824,-0.99617647,-99.6176
2026-06-10,erc1155,29,336,336,672,1432200,0.00046921,0.0469,-0.99953079,-99.9531
2026-06-10,erc1155,3,118,118,236,165356,0.00142722,0.1427,-0.99857278,-99.8573
2026-06-10,erc1155,32,2808,5807,8615,1474515,0.00584260,0.5843,-0.99415740,-99.4157
2026-06-10,erc1155,4,95,95,190,238409,0.00079695,0.0797,-0.99920305,-99.9203
2026-06-10,erc1155,5,14,14,28,38010,0.00073665,0.0737,-0.99926335,-99.9263
2026-06-10,erc1155,6,132,132,264,445200,0.00059299,0.0593,-0.99940701,-99.9407
2026-06-10,erc1155,7,6,6,12,33663,0.00035647,0.0356,-0.99964353,-99.9644
2026-06-10,erc1155,8,1,1,2,26775,0.00007470,0.0075,-0.99992530,-99.9925
2026-06-10,erc1155,9,1997,2150,4147,308553,0.01344015,1.3440,-0.98655985,-98.6560
2026-06-11,erc1155,10,11,11,22,33075,0.00066515,0.0665,-0.99933485,-99.9335
2026-06-11,erc1155,11,250,250,500,692451,0.00072207,0.0722,-0.99927793,-99.9278
2026-06-11,erc1155,12,48,48,96,444140,0.00021615,0.0216,-0.99978385,-99.9784
2026-06-11,erc1155,13,1323,1323,2646,648943,0.00407740,0.4077,-0.99592260,-99.5923
2026-06-11,erc1155,14,329,329,658,31500,0.02088889,2.0889,-0.97911111,-97.9111
2026-06-11,erc1155,16,253,253,506,626260,0.00080797,0.0808,-0.99919203,-99.9192
2026-06-11,erc1155,17,1060,277,1337,522584,0.00255844,0.2558,-0.99744156,-99.7442
2026-06-11,erc1155,18,750,425,1175,706912,0.00166216,0.1662,-0.99833784,-99.8338
2026-06-11,erc1155,19,39,39,78,445200,0.00017520,0.0175,-0.99982480,-99.9825
2026-06-11,erc1155,20,1000,1166,2166,619080,0.00349874,0.3499,-0.99650126,-99.6501
2026-06-11,erc1155,22,8998,4700,13698,641539,0.02135178,2.1352,-0.97864822,-97.8648
2026-06-11,erc1155,23,1234,573,1807,741286,0.00243766,0.2438,-0.99756234,-99.7562
2026-06-11,erc1155,24,54,54,108,32550,0.00331797,0.3318,-0.99668203,-99.6682
2026-06-11,erc1155,25,983,7069,8052,1213275,0.00663658,0.6637,-0.99336342,-99.3363
2026-06-11,erc1155,27,15940,961,16901,1435061,0.01177720,1.1777,-0.98822280,-98.8223
2026-06-11,erc1155,28,350,350,700,29400,0.02380952,2.3810,-0.97619048,-97.6190
2026-06-11,erc1155,29,161,161,322,1432200,0.00022483,0.0225,-0.99977517,-99.9775
2026-06-11,erc1155,3,274,245,519,165356,0.00313868,0.3139,-0.99686132,-99.6861
2026-06-11,erc1155,30,1,1,2,30975,0.00006457,0.0065,-0.99993543,-99.9935
2026-06-11,erc1155,31,1,1,2,29400,0.00006803,0.0068,-0.99993197,-99.9932
2026-06-11,erc1155,32,1481,4398,5879,1474515,0.00398707,0.3987,-0.99601293,-99.6013
2026-06-11,erc1155,4,186,186,372,238409,0.00156034,0.1560,-0.99843966,-99.8440
2026-06-11,erc1155,5,2,2,4,38010,0.00010524,0.0105,-0.99989476,-99.9895
2026-06-11,erc1155,6,357,357,714,445200,0.00160377,0.1604,-0.99839623,-99.8396
2026-06-11,erc1155,7,1,1,2,33663,0.00005941,0.0059,-0.99994059,-99.9941
2026-06-11,erc1155,8,24,24,48,26775,0.00179272,0.1793,-0.99820728,-99.8207
2026-06-11,erc1155,9,1258,738,1996,308553,0.00646890,0.6469,-0.99353110,-99.3531
2026-06-12,erc1155,10,536,536,1072,33075,0.03241119,3.2411,-0.96758881,-96.7589
2026-06-12,erc1155,11,12,12,24,692451,0.00003466,0.0035,-0.99996534,-99.9965
2026-06-12,erc1155,12,365,365,730,444140,0.00164363,0.1644,-0.99835637,-99.8356
2026-06-12,erc1155,13,488,488,976,648943,0.00150398,0.1504,-0.99849602,-99.8496
2026-06-12,erc1155,14,162,162,324,31500,0.01028571,1.0286,-0.98971429,-98.9714
2026-06-12,erc1155,16,503,503,1006,626260,0.00160636,0.1606,-0.99839364,-99.8394
2026-06-12,erc1155,17,511,334,845,522584,0.00161696,0.1617,-0.99838304,-99.8383
2026-06-12,erc1155,18,239,571,810,706912,0.00114583,0.1146,-0.99885417,-99.8854
2026-06-12,erc1155,19,1246,1246,2492,445200,0.00559748,0.5597,-0.99440252,-99.4403
2026-06-12,erc1155,20,733,563,1296,619080,0.00209343,0.2093,-0.99790657,-99.7907
2026-06-12,erc1155,22,1683,1687,3370,641539,0.00525299,0.5253,-0.99474701,-99.4747
2026-06-12,erc1155,23,4081,928,5009,741286,0.00675718,0.6757,-0.99324282,-99.3243
2026-06-12,erc1155,24,6156,6156,12312,32550,0.37824885,37.8249,-0.62175115,-62.1751
2026-06-12,erc1155,25,5146,4595,9741,1213275,0.00802868,0.8029,-0.99197132,-99.1971
2026-06-12,erc1155,27,973,15952,16925,1435061,0.01179392,1.1794,-0.98820608,-98.8206
2026-06-12,erc1155,28,3206,3206,6412,29400,0.21809524,21.8095,-0.78190476,-78.1905
2026-06-12,erc1155,29,6117,6117,12234,1432200,0.00854210,0.8542,-0.99145790,-99.1458
2026-06-12,erc1155,3,105,134,239,165356,0.00144537,0.1445,-0.99855463,-99.8555
2026-06-12,erc1155,30,572,572,1144,30975,0.03693301,3.6933,-0.96306699,-96.3067
2026-06-12,erc1155,31,10,10,20,29400,0.00068027,0.0680,-0.99931973,-99.9320
2026-06-12,erc1155,32,404,488,892,1474515,0.00060494,0.0605,-0.99939506,-99.9395
2026-06-12,erc1155,4,101,101,202,238409,0.00084728,0.0847,-0.99915272,-99.9153
2026-06-12,erc1155,5,376,376,752,38010,0.01978427,1.9784,-0.98021573,-98.0216
2026-06-12,erc1155,6,141,141,282,445200,0.00063342,0.0633,-0.99936658,-99.9367
2026-06-12,erc1155,7,783,783,1566,33663,0.04651992,4.6520,-0.95348008,-95.3480
2026-06-12,erc1155,8,63,63,126,26775,0.00470588,0.4706,-0.99529412,-99.5294
2026-06-12,erc1155,9,529,453,982,308553,0.00318260,0.3183,-0.99681740,-99.6817
2026-06-13,erc1155,10,17,17,34,33075,0.00102797,0.1028,-0.99897203,-99.8972
2026-06-13,erc1155,11,1046,1046,2092,692451,0.00302115,0.3021,-0.99697885,-99.6979
2026-06-13,erc1155,12,1105,1105,2210,444140,0.00497591,0.4976,-0.99502409,-99.5024
2026-06-13,erc1155,13,337,337,674,648943,0.00103861,0.1039,-0.99896139,-99.8961
2026-06-13,erc1155,14,2,2,4,31500,0.00012698,0.0127,-0.99987302,-99.9873
2026-06-13,erc1155,16,135,135,270,626260,0.00043113,0.0431,-0.99956887,-99.9569
2026-06-13,erc1155,17,640,97,737,522584,0.00141030,0.1410,-0.99858970,-99.8590
2026-06-13,erc1155,18,5989,295,6284,706912,0.00888937,0.8889,-0.99111063,-99.1111
2026-06-13,erc1155,19,178,113,291,445200,0.00065364,0.0654,-0.99934636,-99.9346
2026-06-13,erc1155,20,1556,298,1854,619080,0.00299477,0.2995,-0.99700523,-99.7005
2026-06-13,erc1155,22,1750,4783,6533,641539,0.01018332,1.0183,-0.98981668,-98.9817
2026-06-13,erc1155,23,1434,1434,2868,741286,0.00386895,0.3869,-0.99613105,-99.6131
2026-06-13,erc1155,24,1,1,2,32550,0.00006144,0.0061,-0.99993856,-99.9939
2026-06-13,erc1155,25,3725,2876,6601,1213275,0.00544065,0.5441,-0.99455935,-99.4559
2026-06-13,erc1155,27,1225,1225,2450,1435061,0.00170724,0.1707,-0.99829276,-99.8293
2026-06-13,erc1155,28,5,5,10,29400,0.00034014,0.0340,-0.99965986,-99.9660
2026-06-13,erc1155,29,3407,3407,6814,1432200,0.00475772,0.4758,-0.99524228,-99.5242
2026-06-13,erc1155,3,1,1,2,165356,0.00001210,0.0012,-0.99998790,-99.9988
2026-06-13,erc1155,32,9237,5768,15005,1474515,0.01017623,1.0176,-0.98982377,-98.9824
2026-06-13,erc1155,4,69,69,138,238409,0.00057884,0.0579,-0.99942116,-99.9421
2026-06-13,erc1155,5,51,51,102,38010,0.00268350,0.2684,-0.99731650,-99.7316
2026-06-13,erc1155,6,486,368,854,445200,0.00191824,0.1918,-0.99808176,-99.8082
2026-06-13,erc1155,7,16,16,32,33663,0.00095060,0.0951,-0.99904940,-99.9049
2026-06-13,erc1155,8,43,43,86,26775,0.00321195,0.3212,-0.99678805,-99.6788
2026-06-13,erc1155,9,657,43,700,308553,0.00226865,0.2269,-0.99773135,-99.7731
2026-06-14,erc1155,10,11,11,22,33075,0.00066515,0.0665,-0.99933485,-99.9335
2026-06-14,erc1155,11,66,66,132,692451,0.00019063,0.0191,-0.99980937,-99.9809
2026-06-14,erc1155,12,277,277,554,444140,0.00124735,0.1247,-0.99875265,-99.8753
2026-06-14,erc1155,13,144,142,286,648943,0.00044072,0.0441,-0.99955928,-99.9559
2026-06-14,erc1155,16,64,64,128,626260,0.00020439,0.0204,-0.99979561,-99.9796
2026-06-14,erc1155,17,525,181,706,522584,0.00135098,0.1351,-0.99864902,-99.8649
2026-06-14,erc1155,18,143,257,400,706912,0.00056584,0.0566,-0.99943416,-99.9434
2026-06-14,erc1155,19,477,542,1019,445200,0.00228886,0.2289,-0.99771114,-99.7711
2026-06-14,erc1155,20,111,51,162,619080,0.00026168,0.0262,-0.99973832,-99.9738
2026-06-14,erc1155,22,271,1922,2193,641539,0.00341834,0.3418,-0.99658166,-99.6582
2026-06-14,erc1155,23,586,867,1453,741286,0.00196011,0.1960,-0.99803989,-99.8040
2026-06-14,erc1155,24,5,5,10,32550,0.00030722,0.0307,-0.99969278,-99.9693
2026-06-14,erc1155,25,968,3887,4855,1213275,0.00400157,0.4002,-0.99599843,-99.5998
2026-06-14,erc1155,27,1111,1111,2222,1435061,0.00154837,0.1548,-0.99845163,-99.8452
2026-06-14,erc1155,29,533,533,1066,1432200,0.00074431,0.0744,-0.99925569,-99.9256
2026-06-14,erc1155,3,85,85,170,165356,0.00102808,0.1028,-0.99897192,-99.8972
2026-06-14,erc1155,32,1093,4562,5655,1474515,0.00383516,0.3835,-0.99616484,-99.6165
2026-06-14,erc1155,4,141,141,282,238409,0.00118284,0.1183,-0.99881716,-99.8817
2026-06-14,erc1155,6,62,180,242,445200,0.00054358,0.0544,-0.99945642,-99.9456
2026-06-14,erc1155,7,10,10,20,33663,0.00059412,0.0594,-0.99940588,-99.9406
2026-06-14,erc1155,8,9,9,18,26775,0.00067227,0.0672,-0.99932773,-99.9328
2026-06-14,erc1155,9,781,134,915,308553,0.00296545,0.2965,-0.99703455,-99.7035
2026-06-15,erc1155,10,7,7,14,33075,0.00042328,0.0423,-0.99957672,-99.9577
2026-06-15,erc1155,11,15,15,30,692451,0.00004332,0.0043,-0.99995668,-99.9957
2026-06-15,erc1155,12,234,232,466,444140,0.00104922,0.1049,-0.99895078,-99.8951
2026-06-15,erc1155,13,176,175,351,648943,0.00054088,0.0541,-0.99945912,-99.9459
2026-06-15,erc1155,14,1,1,2,31500,0.00006349,0.0063,-0.99993651,-99.9937
2026-06-15,erc1155,16,985,985,1970,626260,0.00314566,0.3146,-0.99685434,-99.6854
2026-06-15,erc1155,17,799,531,1330,522584,0.00254505,0.2545,-0.99745495,-99.7455
2026-06-15,erc1155,18,398,229,627,706912,0.00088696,0.0887,-0.99911304,-99.9113
2026-06-15,erc1155,19,60,60,120,445200,0.00026954,0.0270,-0.99973046,-99.9730
2026-06-15,erc1155,20,352,507,859,619080,0.00138754,0.1388,-0.99861246,-99.8612
2026-06-15,erc1155,22,1225,753,1978,641539,0.00308321,0.3083,-0.99691679,-99.6917
2026-06-15,erc1155,23,570,2721,3291,741286,0.00443958,0.4440,-0.99556042,-99.5560
2026-06-15,erc1155,24,90,90,180,32550,0.00552995,0.5530,-0.99447005,-99.4470
2026-06-15,erc1155,25,2027,3057,5084,1213275,0.00419031,0.4190,-0.99580969,-99.5810
2026-06-15,erc1155,27,1921,1921,3842,1435061,0.00267724,0.2677,-0.99732276,-99.7323
2026-06-15,erc1155,28,5,5,10,29400,0.00034014,0.0340,-0.99965986,-99.9660
2026-06-15,erc1155,29,2500,2500,5000,1432200,0.00349113,0.3491,-0.99650887,-99.6509
2026-06-15,erc1155,3,647,135,782,165356,0.00472919,0.4729,-0.99527081,-99.5271
2026-06-15,erc1155,31,50,50,100,29400,0.00340136,0.3401,-0.99659864,-99.6599
2026-06-15,erc1155,32,7329,10581,17910,1474515,0.01214637,1.2146,-0.98785363,-98.7854
2026-06-15,erc1155,4,57,57,114,238409,0.00047817,0.0478,-0.99952183,-99.9522
2026-06-15,erc1155,5,14,14,28,38010,0.00073665,0.0737,-0.99926335,-99.9263
2026-06-15,erc1155,6,157,157,314,445200,0.00070530,0.0705,-0.99929470,-99.9295
2026-06-15,erc1155,7,7,7,14,33663,0.00041589,0.0416,-0.99958411,-99.9584
2026-06-15,erc1155,8,2,2,4,26775,0.00014939,0.0149,-0.99985061,-99.9851
2026-06-15,erc1155,9,262,354,616,308553,0.00199642,0.1996,-0.99800358,-99.8004
2026-06-16,erc1155,11,33,33,66,692451,0.00009531,0.0095,-0.99990469,-99.9905
2026-06-16,erc1155,12,323,325,648,444140,0.00145900,0.1459,-0.99854100,-99.8541
2026-06-16,erc1155,13,908,911,1819,648943,0.00280302,0.2803,-0.99719698,-99.7197
2026-06-16,erc1155,14,2,2,4,31500,0.00012698,0.0127,-0.99987302,-99.9873
2026-06-16,erc1155,16,1686,1686,3372,626260,0.00538435,0.5384,-0.99461565,-99.4616
2026-06-16,erc1155,17,4110,228,4338,522584,0.00830106,0.8301,-0.99169894,-99.1699
2026-06-16,erc1155,18,6670,72,6742,706912,0.00953725,0.9537,-0.99046275,-99.0463
2026-06-16,erc1155,19,372,372,744,445200,0.00167116,0.1671,-0.99832884,-99.8329
2026-06-16,erc1155,20,189,199,388,619080,0.00062674,0.0627,-0.99937326,-99.9373
2026-06-16,erc1155,22,5555,1313,6868,641539,0.01070551,1.0706,-0.98929449,-98.9294
2026-06-16,erc1155,23,341,629,970,741286,0.00130854,0.1309,-0.99869146,-99.8691
2026-06-16,erc1155,24,22,22,44,32550,0.00135177,0.1352,-0.99864823,-99.8648
2026-06-16,erc1155,25,18668,2667,21335,1213275,0.01758464,1.7585,-0.98241536,-98.2415
2026-06-16,erc1155,27,2029,1745,3774,1435061,0.00262985,0.2630,-0.99737015,-99.7370
2026-06-16,erc1155,29,3900,3900,7800,1432200,0.00544617,0.5446,-0.99455383,-99.4554
2026-06-16,erc1155,3,93,605,698,165356,0.00422120,0.4221,-0.99577880,-99.5779
2026-06-16,erc1155,32,6237,7853,14090,1474515,0.00955568,0.9556,-0.99044432,-99.0444
2026-06-16,erc1155,4,416,416,832,238409,0.00348980,0.3490,-0.99651020,-99.6510
2026-06-16,erc1155,5,5,5,10,38010,0.00026309,0.0263,-0.99973691,-99.9737
2026-06-16,erc1155,6,206,206,412,445200,0.00092543,0.0925,-0.99907457,-99.9075
2026-06-16,erc1155,7,2,2,4,33663,0.00011882,0.0119,-0.99988118,-99.9881
2026-06-16,erc1155,8,6,6,12,26775,0.00044818,0.0448,-0.99955182,-99.9552
2026-06-16,erc1155,9,235,1035,1270,308553,0.00411599,0.4116,-0.99588401,-99.5884
2026-06-17,erc1155,10,5,5,10,33075,0.00030234,0.0302,-0.99969766,-99.9698
2026-06-17,erc1155,11,83,83,166,692451,0.00023973,0.0240,-0.99976027,-99.9760
2026-06-17,erc1155,12,1311,1248,2559,444140,0.00576170,0.5762,-0.99423830,-99.4238
2026-06-17,erc1155,13,201,201,402,648943,0.00061947,0.0619,-0.99938053,-99.9381
2026-06-17,erc1155,16,1643,1643,3286,626260,0.00524702,0.5247,-0.99475298,-99.4753
2026-06-17,erc1155,17,68,101,169,522584,0.00032339,0.0323,-0.99967661,-99.9677
2026-06-17,erc1155,18,581,128,709,706912,0.00100295,0.1003,-0.99899705,-99.8997
2026-06-17,erc1155,19,59,59,118,445200,0.00026505,0.0265,-0.99973495,-99.9735
2026-06-17,erc1155,20,273,291,564,619080,0.00091103,0.0911,-0.99908897,-99.9089
2026-06-17,erc1155,22,1511,6925,8436,641539,0.01314963,1.3150,-0.98685037,-98.6850
2026-06-17,erc1155,23,327,1227,1554,741286,0.00209636,0.2096,-0.99790364,-99.7904
2026-06-17,erc1155,24,7,7,14,32550,0.00043011,0.0430,-0.99956989,-99.9570
2026-06-17,erc1155,25,961,9486,10447,1213275,0.00861058,0.8611,-0.99138942,-99.1389
2026-06-17,erc1155,27,2291,2575,4866,1435061,0.00339080,0.3391,-0.99660920,-99.6609
2026-06-17,erc1155,29,1249,1249,2498,1432200,0.00174417,0.1744,-0.99825583,-99.8256
2026-06-17,erc1155,3,28,28,56,165356,0.00033866,0.0339,-0.99966134,-99.9661
2026-06-17,erc1155,30,1,1,2,30975,0.00006457,0.0065,-0.99993543,-99.9935
2026-06-17,erc1155,32,1654,3886,5540,1474515,0.00375717,0.3757,-0.99624283,-99.6243
2026-06-17,erc1155,4,36,36,72,238409,0.00030200,0.0302,-0.99969800,-99.9698
2026-06-17,erc1155,5,4,4,8,38010,0.00021047,0.0210,-0.99978953,-99.9790
2026-06-17,erc1155,6,11,11,22,445200,0.00004942,0.0049,-0.99995058,-99.9951
2026-06-17,erc1155,7,5,5,10,33663,0.00029706,0.0297,-0.99970294,-99.9703
2026-06-17,erc1155,8,2,0,2,26775,0.00007470,0.0075,-0.99992530,-99.9925
2026-06-17,erc1155,9,519,629,1148,308553,0.00372059,0.3721,-0.99627941,-99.6279
2026-06-18,erc1155,10,72,72,144,33075,0.00435374,0.4354,-0.99564626,-99.5646
2026-06-18,erc1155,11,94,94,188,692451,0.00027150,0.0271,-0.99972850,-99.9729
2026-06-18,erc1155,12,336,698,1034,444140,0.00232809,0.2328,-0.99767191,-99.7672
2026-06-18,erc1155,13,300,300,600,648943,0.00092458,0.0925,-0.99907542,-99.9075
2026-06-18,erc1155,14,17,17,34,31500,0.00107937,0.1079,-0.99892063,-99.8921
2026-06-18,erc1155,16,515,515,1030,626260,0.00164468,0.1645,-0.99835532,-99.8355
2026-06-18,erc1155,17,2443,2459,4902,522584,0.00938031,0.9380,-0.99061969,-99.0620
2026-06-18,erc1155,18,736,3473,4209,706912,0.00595407,0.5954,-0.99404593,-99.4046
2026-06-18,erc1155,19,238,865,1103,445200,0.00247754,0.2478,-0.99752246,-99.7522
2026-06-18,erc1155,20,1043,882,1925,619080,0.00310945,0.3109,-0.99689055,-99.6891
2026-06-18,erc1155,22,2075,11544,13619,641539,0.02122864,2.1229,-0.97877136,-97.8771
2026-06-18,erc1155,23,6460,5319,11779,741286,0.01588995,1.5890,-0.98411005,-98.4110
2026-06-18,erc1155,25,4481,18381,22862,1213275,0.01884321,1.8843,-0.98115679,-98.1157
2026-06-18,erc1155,27,15312,5232,20544,1435061,0.01431577,1.4316,-0.98568423,-98.5684
2026-06-18,erc1155,28,5,5,10,29400,0.00034014,0.0340,-0.99965986,-99.9660
2026-06-18,erc1155,29,396,396,792,1432200,0.00055300,0.0553,-0.99944700,-99.9447
2026-06-18,erc1155,3,270,270,540,165356,0.00326568,0.3266,-0.99673432,-99.6734
2026-06-18,erc1155,31,1,1,2,29400,0.00006803,0.0068,-0.99993197,-99.9932
2026-06-18,erc1155,32,15551,12762,28313,1474515,0.01920157,1.9202,-0.98079843,-98.0798
2026-06-18,erc1155,4,1465,1465,2930,238409,0.01228980,1.2290,-0.98771020,-98.7710
2026-06-18,erc1155,5,51,51,102,38010,0.00268350,0.2684,-0.99731650,-99.7316
2026-06-18,erc1155,6,338,338,676,445200,0.00151842,0.1518,-0.99848158,-99.8482
2026-06-18,erc1155,7,204,204,408,33663,0.01212013,1.2120,-0.98787987,-98.7880
2026-06-18,erc1155,8,39,41,80,26775,0.00298786,0.2988,-0.99701214,-99.7012
2026-06-18,erc1155,9,314,367,681,308553,0.00220708,0.2207,-0.99779292,-99.7793
2026-06-19,erc1155,10,65,65,130,33075,0.00393046,0.3930,-0.99606954,-99.6070
2026-06-19,erc1155,11,134,134,268,692451,0.00038703,0.0387,-0.99961297,-99.9613
2026-06-19,erc1155,12,363,364,727,444140,0.00163687,0.1637,-0.99836313,-99.8363
2026-06-19,erc1155,13,2203,3676,5879,648943,0.00905935,0.9059,-0.99094065,-99.0941
2026-06-19,erc1155,16,318,318,636,626260,0.00101555,0.1016,-0.99898445,-99.8984
2026-06-19,erc1155,17,2732,3622,6354,522584,0.01215881,1.2159,-0.98784119,-98.7841
2026-06-19,erc1155,18,2324,11650,13974,706912,0.01976767,1.9768,-0.98023233,-98.0232
2026-06-19,erc1155,19,347,347,694,445200,0.00155885,0.1559,-0.99844115,-99.8441
2026-06-19,erc1155,20,4302,2160,6462,619080,0.01043807,1.0438,-0.98956193,-98.9562
2026-06-19,erc1155,22,536,1965,2501,641539,0.00389844,0.3898,-0.99610156,-99.6102
2026-06-19,erc1155,23,923,2268,3191,741286,0.00430468,0.4305,-0.99569532,-99.5695
2026-06-19,erc1155,24,110,110,220,32550,0.00675883,0.6759,-0.99324117,-99.3241
2026-06-19,erc1155,25,7097,7147,14244,1213275,0.01174012,1.1740,-0.98825988,-98.8260
2026-06-19,erc1155,27,23503,16622,40125,1435061,0.02796048,2.7960,-0.97203952,-97.2040
2026-06-19,erc1155,29,254,254,508,1432200,0.00035470,0.0355,-0.99964530,-99.9645
2026-06-19,erc1155,3,175,175,350,165356,0.00211665,0.2117,-0.99788335,-99.7883
2026-06-19,erc1155,30,27,27,54,30975,0.00174334,0.1743,-0.99825666,-99.8257
2026-06-19,erc1155,31,9,9,18,29400,0.00061224,0.0612,-0.99938776,-99.9388
2026-06-19,erc1155,32,19600,13697,33297,1474515,0.02258166,2.2582,-0.97741834,-97.7418
2026-06-19,erc1155,4,207,207,414,238409,0.00173651,0.1737,-0.99826349,-99.8263
2026-06-19,erc1155,5,23,23,46,38010,0.00121021,0.1210,-0.99878979,-99.8790
2026-06-19,erc1155,6,1048,1048,2096,445200,0.00470800,0.4708,-0.99529200,-99.5292
2026-06-19,erc1155,7,102,102,204,33663,0.00606007,0.6060,-0.99393993,-99.3940
2026-06-19,erc1155,8,13,13,26,26775,0.00097106,0.0971,-0.99902894,-99.9029
2026-06-19,erc1155,9,367,367,734,308553,0.00237885,0.2379,-0.99762115,-99.7621
2026-06-20,erc1155,10,10,10,20,33075,0.00060469,0.0605,-0.99939531,-99.9395
2026-06-20,erc1155,11,133,133,266,692451,0.00038414,0.0384,-0.99961586,-99.9616
2026-06-20,erc1155,12,102,102,204,444140,0.00045931,0.0459,-0.99954069,-99.9541
2026-06-20,erc1155,13,227,227,454,648943,0.00069960,0.0700,-0.99930040,-99.9300
2026-06-20,erc1155,14,11,11,22,31500,0.00069841,0.0698,-0.99930159,-99.9302
2026-06-20,erc1155,16,304,294,598,626260,0.00095487,0.0955,-0.99904513,-99.9045
2026-06-20,erc1155,17,232,1962,2194,522584,0.00419837,0.4198,-0.99580163,-99.5802
2026-06-20,erc1155,18,141,2480,2621,706912,0.00370768,0.3708,-0.99629232,-99.6292
2026-06-20,erc1155,19,39,39,78,445200,0.00017520,0.0175,-0.99982480,-99.9825
2026-06-20,erc1155,20,1768,3695,5463,619080,0.00882438,0.8824,-0.99117562,-99.1176
2026-06-20,erc1155,22,698,501,1199,641539,0.00186894,0.1869,-0.99813106,-99.8131
2026-06-20,erc1155,23,360,451,811,741286,0.00109404,0.1094,-0.99890596,-99.8906
2026-06-20,erc1155,25,664,664,1328,1213275,0.00109456,0.1095,-0.99890544,-99.8905
2026-06-20,erc1155,27,4411,18348,22759,1435061,0.01585926,1.5859,-0.98414074,-98.4141
2026-06-20,erc1155,29,697,697,1394,1432200,0.00097333,0.0973,-0.99902667,-99.9027
2026-06-20,erc1155,3,142,142,284,165356,0.00171751,0.1718,-0.99828249,-99.8282
2026-06-20,erc1155,31,9,9,18,29400,0.00061224,0.0612,-0.99938776,-99.9388
2026-06-20,erc1155,32,6605,5025,11630,1474515,0.00788734,0.7887,-0.99211266,-99.2113
2026-06-20,erc1155,4,93,93,186,238409,0.00078017,0.0780,-0.99921983,-99.9220
2026-06-20,erc1155,5,5,5,10,38010,0.00026309,0.0263,-0.99973691,-99.9737
2026-06-20,erc1155,6,501,501,1002,445200,0.00225067,0.2251,-0.99774933,-99.7749
2026-06-20,erc1155,7,5,5,10,33663,0.00029706,0.0297,-0.99970294,-99.9703
2026-06-20,erc1155,8,31,31,62,26775,0.00231559,0.2316,-0.99768441,-99.7684
2026-06-20,erc1155,9,172,171,343,308553,0.00111164,0.1112,-0.99888836,-99.8888
2026-06-21,erc1155,10,15,15,30,33075,0.00090703,0.0907,-0.99909297,-99.9093
2026-06-21,erc1155,11,104,104,208,692451,0.00030038,0.0300,-0.99969962,-99.9700
2026-06-21,erc1155,12,2020,2020,4040,444140,0.00909623,0.9096,-0.99090377,-99.0904
2026-06-21,erc1155,13,2197,2197,4394,648943,0.00677101,0.6771,-0.99322899,-99.3229
2026-06-21,erc1155,16,45,55,100,626260,0.00015968,0.0160,-0.99984032,-99.9840
2026-06-21,erc1155,17,248,970,1218,522584,0.00233073,0.2331,-0.99766927,-99.7669
2026-06-21,erc1155,18,870,644,1514,706912,0.00214171,0.2142,-0.99785829,-99.7858
2026-06-21,erc1155,19,291,291,582,445200,0.00130728,0.1307,-0.99869272,-99.8693
2026-06-21,erc1155,20,459,2318,2777,619080,0.00448569,0.4486,-0.99551431,-99.5514
2026-06-21,erc1155,22,2839,866,3705,641539,0.00577518,0.5775,-0.99422482,-99.4225
2026-06-21,erc1155,23,515,1574,2089,741286,0.00281808,0.2818,-0.99718192,-99.7182
2026-06-21,erc1155,24,101,101,202,32550,0.00620584,0.6206,-0.99379416,-99.3794
2026-06-21,erc1155,25,1770,1602,3372,1213275,0.00277925,0.2779,-0.99722075,-99.7221
2026-06-21,erc1155,27,3070,4642,7712,1435061,0.00537399,0.5374,-0.99462601,-99.4626
2026-06-21,erc1155,28,50,50,100,29400,0.00340136,0.3401,-0.99659864,-99.6599
2026-06-21,erc1155,29,1174,1174,2348,1432200,0.00163944,0.1639,-0.99836056,-99.8361
2026-06-21,erc1155,3,239,143,382,165356,0.00231017,0.2310,-0.99768983,-99.7690
2026-06-21,erc1155,32,13729,8323,22052,1474515,0.01495543,1.4955,-0.98504457,-98.5045
2026-06-21,erc1155,4,348,348,696,238409,0.00291935,0.2919,-0.99708065,-99.7081
2026-06-21,erc1155,5,5,5,10,38010,0.00026309,0.0263,-0.99973691,-99.9737
2026-06-21,erc1155,6,2844,2844,5688,445200,0.01277628,1.2776,-0.98722372,-98.7224
2026-06-21,erc1155,7,1,1,2,33663,0.00005941,0.0059,-0.99994059,-99.9941
2026-06-21,erc1155,8,2,2,4,26775,0.00014939,0.0149,-0.99985061,-99.9851
2026-06-21,erc1155,9,1181,487,1668,308553,0.00540588,0.5406,-0.99459412,-99.4594
2026-06-22,erc1155,10,7,7,14,33075,0.00042328,0.0423,-0.99957672,-99.9577
2026-06-22,erc1155,11,192,192,384,692451,0.00055455,0.0555,-0.99944545,-99.9445
2026-06-22,erc1155,12,1439,1439,2878,444140,0.00647994,0.6480,-0.99352006,-99.3520
2026-06-22,erc1155,13,1011,1011,2022,648943,0.00311584,0.3116,-0.99688416,-99.6884
2026-06-22,erc1155,16,3,3,6,626260,0.00000958,0.0010,-0.99999042,-99.9990
2026-06-22,erc1155,17,541,247,788,522584,0.00150789,0.1508,-0.99849211,-99.8492
2026-06-22,erc1155,18,764,391,1155,706912,0.00163387,0.1634,-0.99836613,-99.8366
2026-06-22,erc1155,19,967,967,1934,445200,0.00434412,0.4344,-0.99565588,-99.5656
2026-06-22,erc1155,20,688,434,1122,619080,0.00181237,0.1812,-0.99818763,-99.8188
2026-06-22,erc1155,22,1171,3344,4515,641539,0.00703776,0.7038,-0.99296224,-99.2962
2026-06-22,erc1155,23,222,3090,3312,741286,0.00446791,0.4468,-0.99553209,-99.5532
2026-06-22,erc1155,25,1265,1433,2698,1213275,0.00222373,0.2224,-0.99777627,-99.7776
2026-06-22,erc1155,27,3671,5123,8794,1435061,0.00612796,0.6128,-0.99387204,-99.3872
2026-06-22,erc1155,29,199,199,398,1432200,0.00027789,0.0278,-0.99972211,-99.9722
2026-06-22,erc1155,3,23,119,142,165356,0.00085875,0.0859,-0.99914125,-99.9141
2026-06-22,erc1155,32,2802,4811,7613,1474515,0.00516305,0.5163,-0.99483695,-99.4837
2026-06-22,erc1155,4,573,462,1035,238409,0.00434128,0.4341,-0.99565872,-99.5659
2026-06-22,erc1155,5,92,92,184,38010,0.00484083,0.4841,-0.99515917,-99.5159
2026-06-22,erc1155,6,144,144,288,445200,0.00064690,0.0647,-0.99935310,-99.9353
2026-06-22,erc1155,7,151,151,302,33663,0.00897127,0.8971,-0.99102873,-99.1029
2026-06-22,erc1155,8,90,90,180,26775,0.00672269,0.6723,-0.99327731,-99.3277
2026-06-22,erc1155,9,1713,1864,3577,308553,0.01159282,1.1593,-0.98840718,-98.8407
2026-06-23,erc1155,10,22,22,44,33075,0.00133031,0.1330,-0.99866969,-99.8670
2026-06-23,erc1155,11,29,29,58,692451,0.00008376,0.0084,-0.99991624,-99.9916
2026-06-23,erc1155,12,477,477,954,444140,0.00214797,0.2148,-0.99785203,-99.7852
2026-06-23,erc1155,13,1087,1087,2174,648943,0.00335006,0.3350,-0.99664994,-99.6650
2026-06-23,erc1155,14,1,1,2,31500,0.00006349,0.0063,-0.99993651,-99.9937
2026-06-23,erc1155,16,207,207,414,626260,0.00066107,0.0661,-0.99933893,-99.9339
2026-06-23,erc1155,17,1462,711,2173,522584,0.00415818,0.4158,-0.99584182,-99.5842
2026-06-23,erc1155,18,357,2810,3167,706912,0.00448005,0.4480,-0.99551995,-99.5520
2026-06-23,erc1155,19,42,42,84,445200,0.00018868,0.0189,-0.99981132,-99.9811
2026-06-23,erc1155,20,631,1086,1717,619080,0.00277347,0.2773,-0.99722653,-99.7227
2026-06-23,erc1155,22,1092,1092,2184,641539,0.00340431,0.3404,-0.99659569,-99.6596
2026-06-23,erc1155,23,545,3618,4163,741286,0.00561592,0.5616,-0.99438408,-99.4384
2026-06-23,erc1155,25,744,744,1488,1213275,0.00122643,0.1226,-0.99877357,-99.8774
2026-06-23,erc1155,27,13063,1936,14999,1435061,0.01045182,1.0452,-0.98954818,-98.9548
2026-06-23,erc1155,29,99,99,198,1432200,0.00013825,0.0138,-0.99986175,-99.9862
2026-06-23,erc1155,3,72,62,134,165356,0.00081037,0.0810,-0.99918963,-99.9190
2026-06-23,erc1155,30,2,2,4,30975,0.00012914,0.0129,-0.99987086,-99.9871
2026-06-23,erc1155,31,10,10,20,29400,0.00068027,0.0680,-0.99931973,-99.9320
2026-06-23,erc1155,32,4299,4777,9076,1474515,0.00615524,0.6155,-0.99384476,-99.3845
2026-06-23,erc1155,4,177,288,465,238409,0.00195043,0.1950,-0.99804957,-99.8050
2026-06-23,erc1155,5,18,18,36,38010,0.00094712,0.0947,-0.99905288,-99.9053
2026-06-23,erc1155,6,236,236,472,445200,0.00106020,0.1060,-0.99893980,-99.8940
2026-06-23,erc1155,7,11,11,22,33663,0.00065354,0.0654,-0.99934646,-99.9346
2026-06-23,erc1155,8,51,41,92,26775,0.00343604,0.3436,-0.99656396,-99.6564
2026-06-23,erc1155,9,379,743,1122,308553,0.00363633,0.3636,-0.99636367,-99.6364
