block_date,token_standard,token_id,amount_in,amount_out
2026-06-23,erc1155,3,72,62
2026-06-23,erc1155,4,177,288
2026-06-23,erc1155,5,18,18
2026-06-23,erc1155,6,236,236
2026-06-23,erc1155,7,11,11
2026-06-23,erc1155,8,51,41
2026-06-23,erc1155,9,379,743
2026-06-23,erc1155,10,22,22
2026-06-23,erc1155,11,29,29
2026-06-23,erc1155,12,477,477
2026-06-23,erc1155,13,1087,1087
2026-06-23,erc1155,14,1,1
2026-06-23,erc1155,16,207,207
2026-06-23,erc1155,17,1462,711
2026-06-23,erc1155,18,357,2810
2026-06-23,erc1155,19,42,42
2026-06-23,erc1155,20,631,1086
2026-06-23,erc1155,22,1092,1092
2026-06-23,erc1155,23,545,3618
2026-06-23,erc1155,25,744,744
2026-06-23,erc1155,27,13063,1936
2026-06-23,erc1155,29,99,99
2026-06-23,erc1155,30,2,2
2026-06-23,erc1155,31,10,10
2026-06-23,erc1155,32,4299,4777
2026-06-22,erc1155,3,23,119
2026-06-22,erc1155,4,573,462
2026-06-22,erc1155,5,92,92
2026-06-22,erc1155,6,144,144
2026-06-22,erc1155,7,151,151
2026-06-22,erc1155,8,90,90
2026-06-22,erc1155,9,1713,1864
2026-06-22,erc1155,10,7,7
2026-06-22,erc1155,11,192,192
2026-06-22,erc1155,12,1439,1439
2026-06-22,erc1155,13,1011,1011
2026-06-22,erc1155,16,3,3
2026-06-22,erc1155,17,541,247
2026-06-22,erc1155,18,764,391
2026-06-22,erc1155,19,967,967
2026-06-22,erc1155,20,688,434
2026-06-22,erc1155,22,1171,3344
2026-06-22,erc1155,23,222,3090
2026-06-22,erc1155,25,1265,1433
2026-06-22,erc1155,27,3671,5123
2026-06-22,erc1155,29,199,199
2026-06-22,erc1155,32,2802,4811
2026-06-21,erc1155,3,239,143
2026-06-21,erc1155,4,348,348
2026-06-21,erc1155,5,5,5
2026-06-21,erc1155,6,2844,2844
2026-06-21,erc1155,7,1,1
2026-06-21,erc1155,8,2,2
2026-06-21,erc1155,9,1181,487
2026-06-21,erc1155,10,15,15
2026-06-21,erc1155,11,104,104
2026-06-21,erc1155,12,2020,2020
2026-06-21,erc1155,13,2197,2197
2026-06-21,erc1155,16,45,55
2026-06-21,erc1155,17,248,970
2026-06-21,erc1155,18,870,644
2026-06-21,erc1155,19,291,291
2026-06-21,erc1155,20,459,2318
2026-06-21,erc1155,22,2839,866
2026-06-21,erc1155,23,515,1574
2026-06-21,erc1155,24,101,101
2026-06-21,erc1155,25,1770,1602
2026-06-21,erc1155,27,3070,4642
2026-06-21,erc1155,28,50,50
2026-06-21,erc1155,29,1174,1174
2026-06-21,erc1155,32,13729,8323
2026-06-20,erc1155,3,142,142
2026-06-20,erc1155,4,93,93
2026-06-20,erc1155,5,5,5
2026-06-20,erc1155,6,501,501
2026-06-20,erc1155,7,5,5
2026-06-20,erc1155,8,31,31
2026-06-20,erc1155,9,172,171
2026-06-20,erc1155,10,10,10
2026-06-20,erc1155,11,133,133
2026-06-20,erc1155,12,102,102
2026-06-20,erc1155,13,227,227
2026-06-20,erc1155,14,11,11
2026-06-20,erc1155,16,304,294
2026-06-20,erc1155,17,232,1962
2026-06-20,erc1155,18,141,2480
2026-06-20,erc1155,19,39,39
2026-06-20,erc1155,20,1768,3695
2026-06-20,erc1155,22,698,501
2026-06-20,erc1155,23,360,451
2026-06-20,erc1155,25,664,664
2026-06-20,erc1155,27,4411,18348
2026-06-20,erc1155,29,697,697
2026-06-20,erc1155,31,9,9
2026-06-20,erc1155,32,6605,5025
2026-06-19,erc1155,3,175,175
2026-06-19,erc1155,4,207,207
2026-06-19,erc1155,5,23,23
2026-06-19,erc1155,6,1048,1048
2026-06-19,erc1155,7,102,102
2026-06-19,erc1155,8,13,13
2026-06-19,erc1155,9,367,367
2026-06-19,erc1155,10,65,65
2026-06-19,erc1155,11,134,134
2026-06-19,erc1155,12,363,364
2026-06-19,erc1155,13,2203,3676
2026-06-19,erc1155,16,318,318
2026-06-19,erc1155,17,2732,3622
2026-06-19,erc1155,18,2324,11650
2026-06-19,erc1155,19,347,347
2026-06-19,erc1155,20,4302,2160
2026-06-19,erc1155,22,536,1965
2026-06-19,erc1155,23,923,2268
2026-06-19,erc1155,24,110,110
2026-06-19,erc1155,25,7097,7147
2026-06-19,erc1155,27,23503,16622
2026-06-19,erc1155,29,254,254
2026-06-19,erc1155,30,27,27
2026-06-19,erc1155,31,9,9
2026-06-19,erc1155,32,19600,13697
2026-06-18,erc1155,3,270,270
2026-06-18,erc1155,4,1465,1465
2026-06-18,erc1155,5,51,51
2026-06-18,erc1155,6,338,338
2026-06-18,erc1155,7,204,204
2026-06-18,erc1155,8,39,41
2026-06-18,erc1155,9,314,367
2026-06-18,erc1155,10,72,72
2026-06-18,erc1155,11,94,94
2026-06-18,erc1155,12,336,698
2026-06-18,erc1155,13,300,300
2026-06-18,erc1155,14,17,17
2026-06-18,erc1155,16,515,515
2026-06-18,erc1155,17,2443,2459
2026-06-18,erc1155,18,736,3473
2026-06-18,erc1155,19,238,865
2026-06-18,erc1155,20,1043,882
2026-06-18,erc1155,22,2075,11544
2026-06-18,erc1155,23,6460,5319
2026-06-18,erc1155,25,4481,18381
2026-06-18,erc1155,27,15312,5232
2026-06-18,erc1155,28,5,5
2026-06-18,erc1155,29,396,396
2026-06-18,erc1155,31,1,1
2026-06-18,erc1155,32,15551,12762
2026-06-17,erc1155,3,28,28
2026-06-17,erc1155,4,36,36
2026-06-17,erc1155,5,4,4
2026-06-17,erc1155,6,11,11
2026-06-17,erc1155,7,5,5
2026-06-17,erc1155,8,2,0
2026-06-17,erc1155,9,519,629
2026-06-17,erc1155,10,5,5
2026-06-17,erc1155,11,83,83
2026-06-17,erc1155,12,1311,1248
2026-06-17,erc1155,13,201,201
2026-06-17,erc1155,16,1643,1643
2026-06-17,erc1155,17,68,101
2026-06-17,erc1155,18,581,128
2026-06-17,erc1155,19,59,59
2026-06-17,erc1155,20,273,291
2026-06-17,erc1155,22,1511,6925
2026-06-17,erc1155,23,327,1227
2026-06-17,erc1155,24,7,7
2026-06-17,erc1155,25,961,9486
2026-06-17,erc1155,27,2291,2575
2026-06-17,erc1155,29,1249,1249
2026-06-17,erc1155,30,1,1
2026-06-17,erc1155,32,1654,3886
2026-06-16,erc1155,3,93,605
2026-06-16,erc1155,4,416,416
2026-06-16,erc1155,5,5,5
2026-06-16,erc1155,6,206,206
2026-06-16,erc1155,7,2,2
2026-06-16,erc1155,8,6,6
2026-06-16,erc1155,9,235,1035
2026-06-16,erc1155,11,33,33
2026-06-16,erc1155,12,323,325
2026-06-16,erc1155,13,908,911
2026-06-16,erc1155,14,2,2
2026-06-16,erc1155,16,1686,1686
2026-06-16,erc1155,17,4110,228
2026-06-16,erc1155,18,6670,72
2026-06-16,erc1155,19,372,372
2026-06-16,erc1155,20,189,199
2026-06-16,erc1155,22,5555,1313
2026-06-16,erc1155,23,341,629
2026-06-16,erc1155,24,22,22
2026-06-16,erc1155,25,18668,2667
2026-06-16,erc1155,27,2029,1745
2026-06-16,erc1155,29,3900,3900
2026-06-16,erc1155,32,6237,7853
2026-06-15,erc1155,3,647,135
2026-06-15,erc1155,4,57,57
2026-06-15,erc1155,5,14,14
2026-06-15,erc1155,6,157,157
2026-06-15,erc1155,7,7,7
2026-06-15,erc1155,8,2,2
2026-06-15,erc1155,9,262,354
2026-06-15,erc1155,10,7,7
2026-06-15,erc1155,11,15,15
2026-06-15,erc1155,12,234,232
2026-06-15,erc1155,13,176,175
2026-06-15,erc1155,14,1,1
2026-06-15,erc1155,16,985,985
2026-06-15,erc1155,17,799,531
2026-06-15,erc1155,18,398,229
2026-06-15,erc1155,19,60,60
2026-06-15,erc1155,20,352,507
2026-06-15,erc1155,22,1225,753
2026-06-15,erc1155,23,570,2721
2026-06-15,erc1155,24,90,90
2026-06-15,erc1155,25,2027,3057
2026-06-15,erc1155,27,1921,1921
2026-06-15,erc1155,28,5,5
2026-06-15,erc1155,29,2500,2500
2026-06-15,erc1155,31,50,50
2026-06-15,erc1155,32,7329,10581
2026-06-14,erc1155,3,85,85
2026-06-14,erc1155,4,141,141
2026-06-14,erc1155,6,62,180
2026-06-14,erc1155,7,10,10
2026-06-14,erc1155,8,9,9
2026-06-14,erc1155,9,781,134
2026-06-14,erc1155,10,11,11
2026-06-14,erc1155,11,66,66
2026-06-14,erc1155,12,277,277
2026-06-14,erc1155,13,144,142
2026-06-14,erc1155,16,64,64
2026-06-14,erc1155,17,525,181
2026-06-14,erc1155,18,143,257
2026-06-14,erc1155,19,477,542
2026-06-14,erc1155,20,111,51
2026-06-14,erc1155,22,271,1922
2026-06-14,erc1155,23,586,867
2026-06-14,erc1155,24,5,5
2026-06-14,erc1155,25,968,3887
2026-06-14,erc1155,27,1111,1111
2026-06-14,erc1155,29,533,533
2026-06-14,erc1155,32,1093,4562
2026-06-13,erc1155,3,1,1
2026-06-13,erc1155,4,69,69
2026-06-13,erc1155,5,51,51
2026-06-13,erc1155,6,486,368
2026-06-13,erc1155,7,16,16
2026-06-13,erc1155,8,43,43
2026-06-13,erc1155,9,657,43
2026-06-13,erc1155,10,17,17
2026-06-13,erc1155,11,1046,1046
2026-06-13,erc1155,12,1105,1105
2026-06-13,erc1155,13,337,337
2026-06-13,erc1155,14,2,2
2026-06-13,erc1155,16,135,135
2026-06-13,erc1155,17,640,97
2026-06-13,erc1155,18,5989,295
2026-06-13,erc1155,19,178,113
2026-06-13,erc1155,20,1556,298
2026-06-13,erc1155,22,1750,4783
2026-06-13,erc1155,23,1434,1434
2026-06-13,erc1155,24,1,1
2026-06-13,erc1155,25,3725,2876
2026-06-13,erc1155,27,1225,1225
2026-06-13,erc1155,28,5,5
2026-06-13,erc1155,29,3407,3407
2026-06-13,erc1155,32,9237,5768
2026-06-12,erc1155,3,105,134
2026-06-12,erc1155,4,101,101
2026-06-12,erc1155,5,376,376
2026-06-12,erc1155,6,141,141
2026-06-12,erc1155,7,783,783
2026-06-12,erc1155,8,63,63
2026-06-12,erc1155,9,529,453
2026-06-12,erc1155,10,536,536
2026-06-12,erc1155,11,12,12
2026-06-12,erc1155,12,365,365
2026-06-12,erc1155,13,488,488
2026-06-12,erc1155,14,162,162
2026-06-12,erc1155,16,503,503
2026-06-12,erc1155,17,511,334
2026-06-12,erc1155,18,239,571
2026-06-12,erc1155,19,1246,1246
2026-06-12,erc1155,20,733,563
2026-06-12,erc1155,22,1683,1687
2026-06-12,erc1155,23,4081,928
2026-06-12,erc1155,24,6156,6156
2026-06-12,erc1155,25,5146,4595
2026-06-12,erc1155,27,973,15952
2026-06-12,erc1155,28,3206,3206
2026-06-12,erc1155,29,6117,6117
2026-06-12,erc1155,30,572,572
2026-06-12,erc1155,31,10,10
2026-06-12,erc1155,32,404,488
2026-06-11,erc1155,3,274,245
2026-06-11,erc1155,4,186,186
2026-06-11,erc1155,5,2,2
2026-06-11,erc1155,6,357,357
2026-06-11,erc1155,7,1,1
2026-06-11,erc1155,8,24,24
2026-06-11,erc1155,9,1258,738
2026-06-11,erc1155,10,11,11
2026-06-11,erc1155,11,250,250
2026-06-11,erc1155,12,48,48
2026-06-11,erc1155,13,1323,1323
2026-06-11,erc1155,14,329,329
2026-06-11,erc1155,16,253,253
2026-06-11,erc1155,17,1060,277
2026-06-11,erc1155,18,750,425
2026-06-11,erc1155,19,39,39
2026-06-11,erc1155,20,1000,1166
2026-06-11,erc1155,22,8998,4700
2026-06-11,erc1155,23,1234,573
2026-06-11,erc1155,24,54,54
2026-06-11,erc1155,25,983,7069
2026-06-11,erc1155,27,15940,961
2026-06-11,erc1155,28,350,350
2026-06-11,erc1155,29,161,161
2026-06-11,erc1155,30,1,1
2026-06-11,erc1155,31,1,1
2026-06-11,erc1155,32,1481,4398
2026-06-10,erc1155,3,118,118
2026-06-10,erc1155,4,95,95
2026-06-10,erc1155,5,14,14
2026-06-10,erc1155,6,132,132
2026-06-10,erc1155,7,6,6
2026-06-10,erc1155,8,1,1
2026-06-10,erc1155,9,1997,2150
2026-06-10,erc1155,10,1,1
2026-06-10,erc1155,11,11,11
2026-06-10,erc1155,12,129,129
2026-06-10,erc1155,13,97,97
2026-06-10,erc1155,14,11,11
2026-06-10,erc1155,16,109,109
2026-06-10,erc1155,17,1313,895
2026-06-10,erc1155,18,422,645
2026-06-10,erc1155,19,397,397
2026-06-10,erc1155,20,399,1342
2026-06-10,erc1155,22,440,3900
2026-06-10,erc1155,23,786,805
2026-06-10,erc1155,25,1157,2052
2026-06-10,erc1155,27,2676,2811
2026-06-10,erc1155,29,336,336
2026-06-10,erc1155,32,2808,5807
2026-06-09,erc1155,3,18,803
2026-06-09,erc1155,4,157,695
2026-06-09,erc1155,5,4,4
2026-06-09,erc1155,6,1143,1537
2026-06-09,erc1155,7,1,1
2026-06-09,erc1155,8,6,6
2026-06-09,erc1155,9,610,240
2026-06-09,erc1155,11,104,104
2026-06-09,erc1155,12,1218,1218
2026-06-09,erc1155,13,510,510
2026-06-09,erc1155,14,11,11
2026-06-09,erc1155,16,465,465
2026-06-09,erc1155,17,265,429
2026-06-09,erc1155,18,497,1068
2026-06-09,erc1155,19,804,804
2026-06-09,erc1155,20,443,680
2026-06-09,erc1155,22,973,1694
2026-06-09,erc1155,23,284,848
2026-06-09,erc1155,24,13,13
2026-06-09,erc1155,25,3747,4457
2026-06-09,erc1155,27,3612,4552
2026-06-09,erc1155,28,6,6
2026-06-09,erc1155,29,2404,2404
2026-06-09,erc1155,30,112,112
2026-06-09,erc1155,32,1546,1546
2026-06-08,erc1155,3,873,88
2026-06-08,erc1155,4,895,357
2026-06-08,erc1155,5,12,12
2026-06-08,erc1155,6,741,347
2026-06-08,erc1155,7,27,27
2026-06-08,erc1155,8,2,2
2026-06-08,erc1155,9,944,349
2026-06-08,erc1155,10,13,13
2026-06-08,erc1155,11,708,708
2026-06-08,erc1155,12,158,158
2026-06-08,erc1155,13,1098,1098
2026-06-08,erc1155,14,25,25
2026-06-08,erc1155,16,914,914
2026-06-08,erc1155,17,1241,5980
2026-06-08,erc1155,18,1038,218
2026-06-08,erc1155,19,1022,1022
2026-06-08,erc1155,20,1617,5382
2026-06-08,erc1155,22,1303,2571
2026-06-08,erc1155,23,743,59
2026-06-08,erc1155,25,2540,4240
2026-06-08,erc1155,27,4107,4041
2026-06-08,erc1155,28,15,15
2026-06-08,erc1155,29,892,892
2026-06-08,erc1155,30,13,13
2026-06-08,erc1155,32,5827,9327
2026-06-07,erc1155,3,121,121
2026-06-07,erc1155,4,138,139
2026-06-07,erc1155,6,920,920
2026-06-07,erc1155,7,13,13
2026-06-07,erc1155,8,3,3
2026-06-07,erc1155,9,313,1236
2026-06-07,erc1155,11,24,24
2026-06-07,erc1155,12,1271,1388
2026-06-07,erc1155,13,242,242
2026-06-07,erc1155,14,16,16
2026-06-07,erc1155,16,822,822
2026-06-07,erc1155,17,1946,234
2026-06-07,erc1155,18,2010,533
2026-06-07,erc1155,19,367,367
2026-06-07,erc1155,20,828,440
2026-06-07,erc1155,22,2903,1466
2026-06-07,erc1155,23,117,208
2026-06-07,erc1155,24,40,40
2026-06-07,erc1155,25,8094,7112
2026-06-07,erc1155,27,1660,5960
2026-06-07,erc1155,28,9,9
2026-06-07,erc1155,29,1119,1119
2026-06-07,erc1155,32,1149,1334
2026-06-06,erc1155,3,103,103
2026-06-06,erc1155,4,45,44
2026-06-06,erc1155,5,9,9
2026-06-06,erc1155,6,1671,1671
2026-06-06,erc1155,8,2,2
2026-06-06,erc1155,9,1203,176
2026-06-06,erc1155,10,20,20
2026-06-06,erc1155,12,767,905
2026-06-06,erc1155,13,1077,1077
2026-06-06,erc1155,14,10,10
2026-06-06,erc1155,16,594,594
2026-06-06,erc1155,17,1852,1279
2026-06-06,erc1155,18,786,463
2026-06-06,erc1155,19,306,306
2026-06-06,erc1155,20,6715,2478
2026-06-06,erc1155,22,855,630
2026-06-06,erc1155,23,1434,1404
2026-06-06,erc1155,25,3196,3839
2026-06-06,erc1155,27,3796,4999
2026-06-06,erc1155,29,1187,1187
2026-06-06,erc1155,30,20,20
2026-06-06,erc1155,32,1645,1460
2026-06-05,erc1155,3,191,276
2026-06-05,erc1155,4,109,111
2026-06-05,erc1155,5,25,25
2026-06-05,erc1155,6,514,514
2026-06-05,erc1155,7,18,18
2026-06-05,erc1155,8,2,2
2026-06-05,erc1155,9,241,536
2026-06-05,erc1155,10,10,10
2026-06-05,erc1155,11,5,5
2026-06-05,erc1155,12,1877,1622
2026-06-05,erc1155,13,2162,2665
2026-06-05,erc1155,14,20,20
2026-06-05,erc1155,16,2266,2266
2026-06-05,erc1155,17,642,423
2026-06-05,erc1155,18,833,448
2026-06-05,erc1155,19,202,202
2026-06-05,erc1155,20,787,283
2026-06-05,erc1155,22,2639,310
2026-06-05,erc1155,23,962,382
2026-06-05,erc1155,24,1,1
2026-06-05,erc1155,25,3556,3232
2026-06-05,erc1155,27,3873,9540
2026-06-05,erc1155,29,2467,2467
2026-06-05,erc1155,31,12,12
2026-06-05,erc1155,32,3818,4735
2026-06-04,erc1155,3,123,38
2026-06-04,erc1155,4,308,306
2026-06-04,erc1155,5,423,423
2026-06-04,erc1155,6,125,125
2026-06-04,erc1155,7,23,23
2026-06-04,erc1155,8,90,90
2026-06-04,erc1155,9,1328,493
2026-06-04,erc1155,10,3,3
2026-06-04,erc1155,11,12,12
2026-06-04,erc1155,12,406,106
2026-06-04,erc1155,13,2464,488
2026-06-04,erc1155,14,9,9
2026-06-04,erc1155,16,602,602
2026-06-04,erc1155,17,1821,189
2026-06-04,erc1155,18,13783,399
2026-06-04,erc1155,19,758,131
2026-06-04,erc1155,20,3705,663
2026-06-04,erc1155,22,5838,592
2026-06-04,erc1155,23,11317,1514
2026-06-04,erc1155,25,9640,7984
2026-06-04,erc1155,27,11425,3246
2026-06-04,erc1155,29,5296,5296
2026-06-04,erc1155,30,1,1
2026-06-04,erc1155,32,21622,6672
2026-06-03,erc1155,3,50,50
2026-06-03,erc1155,4,110,110
2026-06-03,erc1155,5,35,35
2026-06-03,erc1155,6,232,232
2026-06-03,erc1155,7,28,28
2026-06-03,erc1155,8,1,1
2026-06-03,erc1155,9,995,386
2026-06-03,erc1155,10,430,430
2026-06-03,erc1155,11,900,900
2026-06-03,erc1155,12,80,80
2026-06-03,erc1155,13,336,336
2026-06-03,erc1155,14,14,14
2026-06-03,erc1155,16,846,846
2026-06-03,erc1155,17,4092,406
2026-06-03,erc1155,18,2319,536
2026-06-03,erc1155,19,228,228
2026-06-03,erc1155,20,2031,638
2026-06-03,erc1155,22,1465,1010
2026-06-03,erc1155,23,1726,1726
2026-06-03,erc1155,24,12,12
2026-06-03,erc1155,25,3305,1305
2026-06-03,erc1155,27,1395,1395
2026-06-03,erc1155,28,38,38
2026-06-03,erc1155,29,1584,1584
2026-06-03,erc1155,30,5,5
2026-06-03,erc1155,32,14512,9677
2026-06-02,erc1155,3,368,368
2026-06-02,erc1155,4,564,564
2026-06-02,erc1155,5,10,10
2026-06-02,erc1155,6,189,189
2026-06-02,erc1155,7,14,14
2026-06-02,erc1155,8,21,21
2026-06-02,erc1155,9,1846,6478
2026-06-02,erc1155,10,374,374
2026-06-02,erc1155,11,291,291
2026-06-02,erc1155,12,842,842
2026-06-02,erc1155,13,3370,3370
2026-06-02,erc1155,14,28,28
2026-06-02,erc1155,16,1367,1370
2026-06-02,erc1155,17,3767,8880
2026-06-02,erc1155,18,8423,3297
2026-06-02,erc1155,19,399,399
2026-06-02,erc1155,20,7739,7763
2026-06-02,erc1155,22,5526,490
2026-06-02,erc1155,23,5154,2828
2026-06-02,erc1155,24,23,23
2026-06-02,erc1155,25,16487,3809
2026-06-02,erc1155,27,6225,6225
2026-06-02,erc1155,29,4985,4985
2026-06-02,erc1155,30,23,23
2026-06-02,erc1155,31,215,215
2026-06-02,erc1155,32,13043,10106
2026-06-01,erc1155,3,84,84
2026-06-01,erc1155,4,74,74
2026-06-01,erc1155,6,47,75
2026-06-01,erc1155,9,516,606
2026-06-01,erc1155,10,10,10
2026-06-01,erc1155,11,3020,3020
2026-06-01,erc1155,12,210,3949
2026-06-01,erc1155,13,155,155
2026-06-01,erc1155,14,1,1
2026-06-01,erc1155,16,6511,6508
2026-06-01,erc1155,17,50719,191
2026-06-01,erc1155,18,1369,416
2026-06-01,erc1155,19,121,121
2026-06-01,erc1155,20,1061,820
2026-06-01,erc1155,22,1877,271
2026-06-01,erc1155,23,1365,1486
2026-06-01,erc1155,24,11,11
2026-06-01,erc1155,25,3226,5905
2026-06-01,erc1155,27,8827,4827
2026-06-01,erc1155,28,2,2
2026-06-01,erc1155,29,5338,5338
2026-06-01,erc1155,32,6091,20896
2026-05-31,erc1155,3,87,87
2026-05-31,erc1155,4,19,32
2026-05-31,erc1155,5,130,130
2026-05-31,erc1155,6,1529,1501
2026-05-31,erc1155,7,37,37
2026-05-31,erc1155,8,44,44
2026-05-31,erc1155,9,10755,297
2026-05-31,erc1155,10,28,28
2026-05-31,erc1155,11,1033,1033
2026-05-31,erc1155,12,5411,1672
2026-05-31,erc1155,13,1298,1298
2026-05-31,erc1155,14,15,15
2026-05-31,erc1155,16,325,325
2026-05-31,erc1155,17,2284,651
2026-05-31,erc1155,18,913,3474
2026-05-31,erc1155,19,253,253
2026-05-31,erc1155,20,1983,4106
2026-05-31,erc1155,22,1644,1871
2026-05-31,erc1155,23,2638,1530
2026-05-31,erc1155,24,15,15
2026-05-31,erc1155,25,4528,515
2026-05-31,erc1155,27,4043,4043
2026-05-31,erc1155,28,22,22
2026-05-31,erc1155,29,4246,4246
2026-05-31,erc1155,31,20,20
2026-05-31,erc1155,32,1536,1536
2026-05-30,erc1155,3,111,197
2026-05-30,erc1155,4,79,98
2026-05-30,erc1155,5,5,5
2026-05-30,erc1155,6,207,207
2026-05-30,erc1155,7,9,9
2026-05-30,erc1155,8,1,1
2026-05-30,erc1155,9,492,440
2026-05-30,erc1155,10,2,2
2026-05-30,erc1155,11,136,136
2026-05-30,erc1155,12,76,76
2026-05-30,erc1155,13,242,242
2026-05-30,erc1155,14,2,2
2026-05-30,erc1155,16,1410,1410
2026-05-30,erc1155,17,1185,2683
2026-05-30,erc1155,18,623,4368
2026-05-30,erc1155,19,34,34
2026-05-30,erc1155,20,549,1059
2026-05-30,erc1155,22,2522,1760
2026-05-30,erc1155,23,1317,159
2026-05-30,erc1155,24,7,7
2026-05-30,erc1155,25,3207,6624
2026-05-30,erc1155,27,812,812
2026-05-30,erc1155,28,5,5
2026-05-30,erc1155,29,1495,1495
2026-05-30,erc1155,30,21,21
2026-05-30,erc1155,32,1782,9382
2026-05-29,erc1155,3,137,730
2026-05-29,erc1155,4,629,1771
2026-05-29,erc1155,5,4,4
2026-05-29,erc1155,6,5134,5134
2026-05-29,erc1155,7,18,18
2026-05-29,erc1155,8,4,4
2026-05-29,erc1155,9,270,817
2026-05-29,erc1155,10,12,12
2026-05-29,erc1155,11,17,17
2026-05-29,erc1155,12,219,219
2026-05-29,erc1155,13,185,185
2026-05-29,erc1155,16,4348,4348
2026-05-29,erc1155,17,2723,19131
2026-05-29,erc1155,18,4417,6763
2026-05-29,erc1155,19,431,431
2026-05-29,erc1155,20,4696,9960
2026-05-29,erc1155,22,972,4382
2026-05-29,erc1155,23,390,648
2026-05-29,erc1155,25,2446,12909
2026-05-29,erc1155,27,1283,1283
2026-05-29,erc1155,28,46,46
2026-05-29,erc1155,29,2767,2767
2026-05-29,erc1155,30,10,10
2026-05-29,erc1155,32,877,877
2026-05-28,erc1155,3,935,256
2026-05-28,erc1155,4,62,62
2026-05-28,erc1155,5,3,3
2026-05-28,erc1155,6,272,272
2026-05-28,erc1155,7,5,5
2026-05-28,erc1155,8,10,10
2026-05-28,erc1155,9,1063,542
2026-05-28,erc1155,10,8,8
2026-05-28,erc1155,11,246,396
2026-05-28,erc1155,12,1807,1807
2026-05-28,erc1155,13,3649,4458
2026-05-28,erc1155,14,3,3
2026-05-28,erc1155,16,357,2979
2026-05-28,erc1155,17,1524,278
2026-05-28,erc1155,18,3105,212
2026-05-28,erc1155,19,135,135
2026-05-28,erc1155,20,1837,419
2026-05-28,erc1155,22,1725,655
2026-05-28,erc1155,23,1006,1023
2026-05-28,erc1155,25,2708,11491
2026-05-28,erc1155,27,2265,2265
2026-05-28,erc1155,28,10,10
2026-05-28,erc1155,29,196,196
2026-05-28,erc1155,32,8116,8116
2026-05-27,erc1155,3,64,64
2026-05-27,erc1155,4,280,280
2026-05-27,erc1155,5,3,3
2026-05-27,erc1155,6,170,170
2026-05-27,erc1155,7,4,4
2026-05-27,erc1155,9,149,1931
2026-05-27,erc1155,10,23,23
2026-05-27,erc1155,11,150,0
2026-05-27,erc1155,12,86,86
2026-05-27,erc1155,13,290,1040
2026-05-27,erc1155,14,2,2
2026-05-27,erc1155,16,10409,7787
2026-05-27,erc1155,17,1064,636
2026-05-27,erc1155,18,83,69
2026-05-27,erc1155,19,107,107
2026-05-27,erc1155,20,514,993
2026-05-27,erc1155,22,1094,4183
2026-05-27,erc1155,23,593,1965
2026-05-27,erc1155,24,4,4
2026-05-27,erc1155,25,27711,5790
2026-05-27,erc1155,27,621,621
2026-05-27,erc1155,28,1,1
2026-05-27,erc1155,29,353,353
2026-05-27,erc1155,32,1116,5916
2026-05-26,erc1155,3,315,315
2026-05-26,erc1155,4,141,141
2026-05-26,erc1155,5,5,5
2026-05-26,erc1155,6,93,93
2026-05-26,erc1155,7,9,9
2026-05-26,erc1155,8,25,25
2026-05-26,erc1155,9,349,1436
2026-05-26,erc1155,10,21,21
2026-05-26,erc1155,11,212,212
2026-05-26,erc1155,12,1503,1503
2026-05-26,erc1155,13,2186,2186
2026-05-26,erc1155,14,10,10
2026-05-26,erc1155,16,1129,1129
2026-05-26,erc1155,17,5784,504
2026-05-26,erc1155,18,867,1749
2026-05-26,erc1155,19,75,75
2026-05-26,erc1155,20,601,912
2026-05-26,erc1155,22,662,664
2026-05-26,erc1155,23,271,688
2026-05-26,erc1155,24,49,49
2026-05-26,erc1155,25,6508,9192
2026-05-26,erc1155,27,795,795
2026-05-26,erc1155,28,10,10
2026-05-26,erc1155,29,2698,2698
2026-05-26,erc1155,30,101,101
2026-05-26,erc1155,31,31,31
2026-05-26,erc1155,32,5096,16096
2026-05-25,erc1155,3,226,233
2026-05-25,erc1155,4,122,122
2026-05-25,erc1155,5,3,3
2026-05-25,erc1155,6,118,118
2026-05-25,erc1155,7,18,18
2026-05-25,erc1155,8,7,7
2026-05-25,erc1155,9,843,452
2026-05-25,erc1155,10,14,14
2026-05-25,erc1155,11,370,370
2026-05-25,erc1155,12,282,282
2026-05-25,erc1155,13,746,746
2026-05-25,erc1155,14,30,30
2026-05-25,erc1155,16,147,147
2026-05-25,erc1155,17,232,3322
2026-05-25,erc1155,18,1920,9427
2026-05-25,erc1155,19,47,47
2026-05-25,erc1155,20,1685,3427
2026-05-25,erc1155,22,1185,1617
2026-05-25,erc1155,23,683,7670
2026-05-25,erc1155,24,1,1
2026-05-25,erc1155,25,4979,2540
2026-05-25,erc1155,27,4358,4428
2026-05-25,erc1155,29,2068,2068
2026-05-25,erc1155,31,10,10
2026-05-25,erc1155,32,1925,9325
2026-05-24,erc1155,3,110,103
2026-05-24,erc1155,4,105,105
2026-05-24,erc1155,5,7,7
2026-05-24,erc1155,6,750,2175
2026-05-24,erc1155,7,4,4
2026-05-24,erc1155,8,6,6
2026-05-24,erc1155,9,320,475
2026-05-24,erc1155,10,1,1
2026-05-24,erc1155,11,15,15
2026-05-24,erc1155,12,520,1267
2026-05-24,erc1155,13,105,5512
2026-05-24,erc1155,14,4,4
2026-05-24,erc1155,16,240,1083
2026-05-24,erc1155,17,2283,74
2026-05-24,erc1155,18,460,146
2026-05-24,erc1155,19,586,586
2026-05-24,erc1155,20,192,119
2026-05-24,erc1155,22,673,903
2026-05-24,erc1155,23,423,108
2026-05-24,erc1155,25,1464,4711
2026-05-24,erc1155,27,2417,2514
2026-05-24,erc1155,28,95,95
2026-05-24,erc1155,29,3069,3069
2026-05-24,erc1155,30,10,10
2026-05-24,erc1155,32,1819,5419
2026-05-23,erc1155,3,13,20
2026-05-23,erc1155,4,177,374
2026-05-23,erc1155,5,1,1
2026-05-23,erc1155,6,2604,1179
2026-05-23,erc1155,8,2,2
2026-05-23,erc1155,9,416,871
2026-05-23,erc1155,11,9,9
2026-05-23,erc1155,12,1049,302
2026-05-23,erc1155,13,6413,1006
2026-05-23,erc1155,16,5566,4723
2026-05-23,erc1155,17,257,417
2026-05-23,erc1155,18,615,34
2026-05-23,erc1155,19,767,767
2026-05-23,erc1155,20,1470,304
2026-05-23,erc1155,22,2142,1478
2026-05-23,erc1155,23,2152,547
2026-05-23,erc1155,25,8353,4059
2026-05-23,erc1155,27,3025,2858
2026-05-23,erc1155,28,5,5
2026-05-23,erc1155,29,1072,1072
2026-05-23,erc1155,31,13,13
2026-05-23,erc1155,32,3161,7951
2026-05-22,erc1155,3,74,135
2026-05-22,erc1155,4,293,96
2026-05-22,erc1155,5,3,3
2026-05-22,erc1155,6,483,483
2026-05-22,erc1155,7,31,31
2026-05-22,erc1155,8,127,127
2026-05-22,erc1155,9,764,189
2026-05-22,erc1155,10,48,48
2026-05-22,erc1155,11,31,31
2026-05-22,erc1155,12,715,715
2026-05-22,erc1155,13,269,269
2026-05-22,erc1155,16,71,71
2026-05-22,erc1155,17,694,280
2026-05-22,erc1155,18,1634,357
2026-05-22,erc1155,19,83,83
2026-05-22,erc1155,20,650,790
2026-05-22,erc1155,22,2428,7065
2026-05-22,erc1155,23,950,952
2026-05-22,erc1155,24,3,3
2026-05-22,erc1155,25,5005,9706
2026-05-22,erc1155,27,1903,6903
2026-05-22,erc1155,29,1341,1341
2026-05-22,erc1155,30,20,20
2026-05-22,erc1155,31,7,7
2026-05-22,erc1155,32,617,12917
2026-05-21,erc1155,3,104,196
2026-05-21,erc1155,4,84,184
2026-05-21,erc1155,5,58,58
2026-05-21,erc1155,6,614,614
2026-05-21,erc1155,7,1,1
2026-05-21,erc1155,8,21,21
2026-05-21,erc1155,9,404,429
2026-05-21,erc1155,10,119,119
2026-05-21,erc1155,11,634,634
2026-05-21,erc1155,12,303,303
2026-05-21,erc1155,13,1479,1479
2026-05-21,erc1155,14,13,13
2026-05-21,erc1155,16,694,694
2026-05-21,erc1155,17,1495,1591
2026-05-21,erc1155,18,11615,398
2026-05-21,erc1155,19,196,196
2026-05-21,erc1155,20,12518,1128
2026-05-21,erc1155,22,14012,5732
2026-05-21,erc1155,23,5431,3821
2026-05-21,erc1155,24,14,14
2026-05-21,erc1155,25,8492,4407
2026-05-21,erc1155,27,14748,9748
2026-05-21,erc1155,28,2,2
2026-05-21,erc1155,29,12781,12781
2026-05-21,erc1155,30,13,13
2026-05-21,erc1155,31,1,1
2026-05-21,erc1155,32,12675,12675
2026-05-20,erc1155,3,196,1020
2026-05-20,erc1155,4,158,58
2026-05-20,erc1155,5,4,4
2026-05-20,erc1155,6,56,56
2026-05-20,erc1155,7,77,77
2026-05-20,erc1155,8,14,14
2026-05-20,erc1155,9,369,258
2026-05-20,erc1155,10,76,76
2026-05-20,erc1155,11,115,115
2026-05-20,erc1155,12,405,405
2026-05-20,erc1155,13,769,769
2026-05-20,erc1155,14,11,11
2026-05-20,erc1155,16,1040,1040
2026-05-20,erc1155,17,1029,1164
2026-05-20,erc1155,18,743,1253
2026-05-20,erc1155,19,161,161
2026-05-20,erc1155,20,408,656
2026-05-20,erc1155,22,2950,793
2026-05-20,erc1155,23,1898,4362
2026-05-20,erc1155,24,1,1
2026-05-20,erc1155,25,3171,7309
2026-05-20,erc1155,27,1054,1054
2026-05-20,erc1155,28,12,12
2026-05-20,erc1155,29,1257,1257
2026-05-20,erc1155,30,14,14
2026-05-20,erc1155,32,734,4574
2026-05-19,erc1155,3,3880,2910
2026-05-19,erc1155,4,3804,2695
2026-05-19,erc1155,5,65,65
2026-05-19,erc1155,6,583,583
2026-05-19,erc1155,7,123,123
2026-05-19,erc1155,8,21,21
2026-05-19,erc1155,9,2830,1625
2026-05-19,erc1155,10,82,82
2026-05-19,erc1155,11,513,513
2026-05-19,erc1155,12,341,1841
2026-05-19,erc1155,13,305,315
2026-05-19,erc1155,14,27,27
2026-05-19,erc1155,16,1826,1826
2026-05-19,erc1155,17,3866,1730
2026-05-19,erc1155,18,2748,2503
2026-05-19,erc1155,19,144,144
2026-05-19,erc1155,20,1086,719
2026-05-19,erc1155,22,1615,6415
2026-05-19,erc1155,23,1316,2683
2026-05-19,erc1155,24,4,4
2026-05-19,erc1155,25,11035,8838
2026-05-19,erc1155,27,1744,1744
2026-05-19,erc1155,28,1,1
2026-05-19,erc1155,29,3321,3321
2026-05-19,erc1155,30,10,10
2026-05-19,erc1155,31,34,34
2026-05-19,erc1155,32,4225,23425
2026-05-18,erc1155,3,169,417
2026-05-18,erc1155,4,443,378
2026-05-18,erc1155,5,85,85
2026-05-18,erc1155,6,933,933
2026-05-18,erc1155,7,28,28
2026-05-18,erc1155,8,2,2
2026-05-18,erc1155,9,321,543
2026-05-18,erc1155,10,15,15
2026-05-18,erc1155,11,19,19
2026-05-18,erc1155,12,587,587
2026-05-18,erc1155,13,1245,1245
2026-05-18,erc1155,14,2,2
2026-05-18,erc1155,16,604,604
2026-05-18,erc1155,17,8070,1065
2026-05-18,erc1155,18,4759,2065
2026-05-18,erc1155,19,175,175
2026-05-18,erc1155,20,6363,1209
2026-05-18,erc1155,22,807,2208
2026-05-18,erc1155,23,8520,3666
2026-05-18,erc1155,25,8258,5678
2026-05-18,erc1155,27,8550,8572
2026-05-18,erc1155,28,26,26
2026-05-18,erc1155,29,1330,1330
2026-05-18,erc1155,30,113,113
2026-05-18,erc1155,32,12992,35270
2026-05-17,erc1155,3,1412,1150
2026-05-17,erc1155,4,989,989
2026-05-17,erc1155,5,53,53
2026-05-17,erc1155,6,167,167
2026-05-17,erc1155,7,33,33
2026-05-17,erc1155,8,86,86
2026-05-17,erc1155,9,566,354
2026-05-17,erc1155,10,220,220
2026-05-17,erc1155,11,58,58
2026-05-17,erc1155,12,1926,451
2026-05-17,erc1155,13,156,1585
2026-05-17,erc1155,14,34,34
2026-05-17,erc1155,16,201,201
2026-05-17,erc1155,17,761,166
2026-05-17,erc1155,18,869,220
2026-05-17,erc1155,19,2061,2061
2026-05-17,erc1155,20,644,137
2026-05-17,erc1155,22,1443,4004
2026-05-17,erc1155,23,1606,782
2026-05-17,erc1155,24,37,37
2026-05-17,erc1155,25,223,223
2026-05-17,erc1155,27,1361,1492
2026-05-17,erc1155,29,186,186
2026-05-17,erc1155,30,2,2
2026-05-17,erc1155,31,30,30
2026-05-17,erc1155,32,13001,1984
2026-05-16,erc1155,3,222,285
2026-05-16,erc1155,4,268,268
2026-05-16,erc1155,5,17,17
2026-05-16,erc1155,6,659,659
2026-05-16,erc1155,7,31,31
2026-05-16,erc1155,8,1,1
2026-05-16,erc1155,9,1485,609
2026-05-16,erc1155,10,3,3
2026-05-16,erc1155,11,1313,1313
2026-05-16,erc1155,12,1221,1196
2026-05-16,erc1155,13,5442,2444
2026-05-16,erc1155,14,21,21
2026-05-16,erc1155,16,1023,1023
2026-05-16,erc1155,17,811,315
2026-05-16,erc1155,18,699,28
2026-05-16,erc1155,19,1344,1344
2026-05-16,erc1155,20,903,556
2026-05-16,erc1155,22,7875,1929
2026-05-16,erc1155,23,4036,360
2026-05-16,erc1155,25,2764,2764
2026-05-16,erc1155,27,7286,7229
2026-05-16,erc1155,28,25,25
2026-05-16,erc1155,29,27105,27105
2026-05-16,erc1155,32,7530,1898
2026-05-15,erc1155,3,310,507
2026-05-15,erc1155,4,192,192
2026-05-15,erc1155,5,10,10
2026-05-15,erc1155,6,19,19
2026-05-15,erc1155,7,3,3
2026-05-15,erc1155,8,5,5
2026-05-15,erc1155,9,905,523
2026-05-15,erc1155,10,2,2
2026-05-15,erc1155,11,10,10
2026-05-15,erc1155,12,1005,1005
2026-05-15,erc1155,13,2544,2544
2026-05-15,erc1155,14,45,45
2026-05-15,erc1155,16,51,51
2026-05-15,erc1155,17,1023,311
2026-05-15,erc1155,18,1777,149
2026-05-15,erc1155,19,18,18
2026-05-15,erc1155,20,3359,699
2026-05-15,erc1155,22,5745,2729
2026-05-15,erc1155,23,161,161
2026-05-15,erc1155,24,22,22
2026-05-15,erc1155,25,1796,1796
2026-05-15,erc1155,27,3751,6955
2026-05-15,erc1155,29,1095,1095
2026-05-15,erc1155,30,2,2
2026-05-15,erc1155,32,11822,4323
2026-05-14,erc1155,3,715,455
2026-05-14,erc1155,4,58,58
2026-05-14,erc1155,6,85,85
2026-05-14,erc1155,9,555,669
2026-05-14,erc1155,11,150,150
2026-05-14,erc1155,12,169,169
2026-05-14,erc1155,13,541,541
2026-05-14,erc1155,16,555,555
2026-05-14,erc1155,17,848,2450
2026-05-14,erc1155,18,2717,5379
2026-05-14,erc1155,19,96,96
2026-05-14,erc1155,20,408,892
2026-05-14,erc1155,22,335,818
2026-05-14,erc1155,23,500,2041
2026-05-14,erc1155,25,649,1169
2026-05-14,erc1155,27,532,8010
2026-05-14,erc1155,28,4,4
2026-05-14,erc1155,29,835,835
2026-05-14,erc1155,30,1,1
2026-05-14,erc1155,32,1441,3685
2026-05-13,erc1155,3,29,29
2026-05-13,erc1155,4,319,319
2026-05-13,erc1155,5,26,26
2026-05-13,erc1155,6,11,11
2026-05-13,erc1155,7,8,8
2026-05-13,erc1155,8,1,1
2026-05-13,erc1155,9,826,1040
2026-05-13,erc1155,10,1,1
2026-05-13,erc1155,11,5,5
2026-05-13,erc1155,12,212,212
2026-05-13,erc1155,13,4733,4733
2026-05-13,erc1155,14,2,2
2026-05-13,erc1155,16,192,192
2026-05-13,erc1155,17,528,501
2026-05-13,erc1155,18,2033,101
2026-05-13,erc1155,19,95,95
2026-05-13,erc1155,20,1050,1260
2026-05-13,erc1155,22,857,1423
2026-05-13,erc1155,23,3421,1880
2026-05-13,erc1155,24,8,8
2026-05-13,erc1155,25,3659,3139
2026-05-13,erc1155,27,5987,12895
2026-05-13,erc1155,29,12966,12966
2026-05-13,erc1155,30,5,5
2026-05-13,erc1155,32,14715,14279
2026-05-12,erc1155,3,137,141
2026-05-12,erc1155,4,90,90
2026-05-12,erc1155,5,5,5
2026-05-12,erc1155,6,116,116
2026-05-12,erc1155,7,12,12
2026-05-12,erc1155,8,79,79
2026-05-12,erc1155,9,1791,1574
2026-05-12,erc1155,11,28,28
2026-05-12,erc1155,12,275,2211
2026-05-12,erc1155,13,945,945
2026-05-12,erc1155,16,38,38
2026-05-12,erc1155,17,1494,242
2026-05-12,erc1155,18,401,262
2026-05-12,erc1155,19,165,165
2026-05-12,erc1155,20,635,445
2026-05-12,erc1155,22,2432,2008
2026-05-12,erc1155,23,386,682
2026-05-12,erc1155,25,1401,2147
2026-05-12,erc1155,27,19044,1928
2026-05-12,erc1155,29,3087,3087
2026-05-12,erc1155,32,16527,4883
2026-05-11,erc1155,3,92,88
2026-05-11,erc1155,4,647,647
2026-05-11,erc1155,5,1,1
2026-05-11,erc1155,6,68,68
2026-05-11,erc1155,7,2,2
2026-05-11,erc1155,8,25,25
2026-05-11,erc1155,9,1144,1255
2026-05-11,erc1155,10,30,30
2026-05-11,erc1155,11,1,1
2026-05-11,erc1155,12,2518,582
2026-05-11,erc1155,13,654,654
2026-05-11,erc1155,14,12,12
2026-05-11,erc1155,16,13,13
2026-05-11,erc1155,17,103,796
2026-05-11,erc1155,18,458,1722
2026-05-11,erc1155,19,187,187
2026-05-11,erc1155,20,954,874
2026-05-11,erc1155,22,862,303
2026-05-11,erc1155,23,509,618
2026-05-11,erc1155,25,6424,5678
2026-05-11,erc1155,27,3378,2808
2026-05-11,erc1155,29,3762,3762
2026-05-11,erc1155,30,22,22
2026-05-11,erc1155,32,1889,796
2026-05-10,erc1155,3,107,107
2026-05-10,erc1155,4,160,160
2026-05-10,erc1155,5,4,4
2026-05-10,erc1155,6,47,47
2026-05-10,erc1155,9,501,1077
2026-05-10,erc1155,10,1,1
2026-05-10,erc1155,11,96,96
2026-05-10,erc1155,12,264,264
2026-05-10,erc1155,13,2375,2375
2026-05-10,erc1155,17,1936,333
2026-05-10,erc1155,18,532,431
2026-05-10,erc1155,19,145,145
2026-05-10,erc1155,20,53,1682
2026-05-10,erc1155,22,694,1507
2026-05-10,erc1155,23,1795,1990
2026-05-10,erc1155,24,1,1
2026-05-10,erc1155,25,2969,3166
2026-05-10,erc1155,27,1444,7264
2026-05-10,erc1155,29,177,177
2026-05-10,erc1155,32,2743,3561
2026-05-09,erc1155,3,81,81
2026-05-09,erc1155,4,353,353
2026-05-09,erc1155,5,49,49
2026-05-09,erc1155,6,25,25
2026-05-09,erc1155,7,4,4
2026-05-09,erc1155,8,5,5
2026-05-09,erc1155,9,1348,550
2026-05-09,erc1155,10,73,73
2026-05-09,erc1155,11,2536,2536
2026-05-09,erc1155,12,54,54
2026-05-09,erc1155,13,849,849
2026-05-09,erc1155,16,13,13
2026-05-09,erc1155,17,654,283
2026-05-09,erc1155,18,878,786
2026-05-09,erc1155,19,309,309
2026-05-09,erc1155,20,1075,2327
2026-05-09,erc1155,22,1534,655
2026-05-09,erc1155,23,855,255
2026-05-09,erc1155,24,58,58
2026-05-09,erc1155,25,5757,5561
2026-05-09,erc1155,27,11340,5520
2026-05-09,erc1155,28,11,11
2026-05-09,erc1155,29,747,747
2026-05-09,erc1155,30,41,41
2026-05-09,erc1155,32,14730,10912
2026-05-08,erc1155,3,826,826
2026-05-08,erc1155,4,35,35
2026-05-08,erc1155,5,9,9
2026-05-08,erc1155,6,332,332
2026-05-08,erc1155,7,10,10
2026-05-08,erc1155,8,11,11
2026-05-08,erc1155,9,758,758
2026-05-08,erc1155,10,33,33
2026-05-08,erc1155,11,1081,1081
2026-05-08,erc1155,12,417,417
2026-05-08,erc1155,13,529,529
2026-05-08,erc1155,14,10,10
2026-05-08,erc1155,16,308,308
2026-05-08,erc1155,17,5761,9146
2026-05-08,erc1155,18,8358,1272
2026-05-08,erc1155,19,218,218
2026-05-08,erc1155,20,2132,7922
2026-05-08,erc1155,22,2503,2503
2026-05-08,erc1155,23,1800,3723
2026-05-08,erc1155,25,718,2987
2026-05-08,erc1155,27,1004,1334
2026-05-08,erc1155,29,2380,2380
2026-05-08,erc1155,30,422,422
2026-05-08,erc1155,32,3678,45472
2026-05-07,erc1155,3,63,63
2026-05-07,erc1155,4,72,72
2026-05-07,erc1155,5,3,3
2026-05-07,erc1155,6,62,62
2026-05-07,erc1155,8,11,11
2026-05-07,erc1155,9,4,5
2026-05-07,erc1155,10,26,26
2026-05-07,erc1155,11,1108,1108
2026-05-07,erc1155,12,421,421
2026-05-07,erc1155,13,9625,9625
2026-05-07,erc1155,14,13,13
2026-05-07,erc1155,16,10005,10005
2026-05-07,erc1155,17,6196,2811
2026-05-07,erc1155,18,6650,7981
2026-05-07,erc1155,19,10916,10916
2026-05-07,erc1155,20,14441,2832
2026-05-07,erc1155,22,387,387
2026-05-07,erc1155,23,7287,5364
2026-05-07,erc1155,25,21345,19075
2026-05-07,erc1155,27,1962,1632
2026-05-07,erc1155,29,105,105
2026-05-07,erc1155,31,113,113
2026-05-07,erc1155,32,3035,12183
2026-05-06,erc1155,3,116,116
2026-05-06,erc1155,4,171,171
2026-05-06,erc1155,5,9,9
2026-05-06,erc1155,6,14,14
2026-05-06,erc1155,7,4,4
2026-05-06,erc1155,8,4,4
2026-05-06,erc1155,9,2089,2088
2026-05-06,erc1155,10,56,56
2026-05-06,erc1155,11,415,415
2026-05-06,erc1155,12,737,737
2026-05-06,erc1155,13,444,444
2026-05-06,erc1155,14,21,21
2026-05-06,erc1155,16,306,306
2026-05-06,erc1155,17,9957,13596
2026-05-06,erc1155,18,25600,18570
2026-05-06,erc1155,19,246,246
2026-05-06,erc1155,20,19299,19299
2026-05-06,erc1155,22,820,820
2026-05-06,erc1155,23,1478,1478
2026-05-06,erc1155,25,1789,1789
2026-05-06,erc1155,27,4875,4875
2026-05-06,erc1155,28,25,25
2026-05-06,erc1155,29,2053,2053
2026-05-06,erc1155,30,20,20
2026-05-06,erc1155,31,41,41
2026-05-06,erc1155,32,34461,53541
2026-05-05,erc1155,3,202,202
2026-05-05,erc1155,4,230,230
2026-05-05,erc1155,5,4,4
2026-05-05,erc1155,6,102,102
2026-05-05,erc1155,7,44,44
2026-05-05,erc1155,8,2,2
2026-05-05,erc1155,9,1264,1319
2026-05-05,erc1155,10,2,2
2026-05-05,erc1155,11,170,170
2026-05-05,erc1155,12,200,200
2026-05-05,erc1155,13,7440,7440
2026-05-05,erc1155,16,30,30
2026-05-05,erc1155,17,616,5116
2026-05-05,erc1155,18,2119,8239
2026-05-05,erc1155,19,139,139
2026-05-05,erc1155,20,1071,7129
2026-05-05,erc1155,22,1018,1018
2026-05-05,erc1155,23,392,749
2026-05-05,erc1155,25,2450,2451
2026-05-05,erc1155,27,1236,1347
2026-05-05,erc1155,29,1921,1921
2026-05-05,erc1155,32,1620,1620
2026-05-04,erc1155,3,546,546
2026-05-04,erc1155,4,486,486
2026-05-04,erc1155,5,6,6
2026-05-04,erc1155,6,53,53
2026-05-04,erc1155,7,6,6
2026-05-04,erc1155,9,421,368
2026-05-04,erc1155,11,210,210
2026-05-04,erc1155,12,63,63
2026-05-04,erc1155,13,136,136
2026-05-04,erc1155,14,2,2
2026-05-04,erc1155,16,117,117
2026-05-04,erc1155,17,623,2003
2026-05-04,erc1155,18,3944,2005
2026-05-04,erc1155,19,82,82
2026-05-04,erc1155,20,829,877
2026-05-04,erc1155,22,748,2506
2026-05-04,erc1155,23,1352,995
2026-05-04,erc1155,24,10,10
2026-05-04,erc1155,25,2182,2186
2026-05-04,erc1155,27,1168,2183
2026-05-04,erc1155,28,8,8
2026-05-04,erc1155,29,741,741
2026-05-04,erc1155,30,6,6
2026-05-04,erc1155,32,1182,9679
2026-05-03,erc1155,3,279,797
2026-05-03,erc1155,4,6,179
2026-05-03,erc1155,5,12,12
2026-05-03,erc1155,6,58,60
2026-05-03,erc1155,7,3,3
2026-05-03,erc1155,8,10,10
2026-05-03,erc1155,9,199,795
2026-05-03,erc1155,10,9,9
2026-05-03,erc1155,11,139,139
2026-05-03,erc1155,12,1040,1040
2026-05-03,erc1155,13,655,655
2026-05-03,erc1155,14,18,18
2026-05-03,erc1155,16,116,116
2026-05-03,erc1155,17,286,1156
2026-05-03,erc1155,18,2973,2427
2026-05-03,erc1155,19,139,139
2026-05-03,erc1155,20,735,2350
2026-05-03,erc1155,22,1243,3499
2026-05-03,erc1155,23,61,3191
2026-05-03,erc1155,25,418,453
2026-05-03,erc1155,27,3063,7179
2026-05-03,erc1155,29,124,124
2026-05-03,erc1155,32,11179,7950
2026-05-02,erc1155,3,750,232
2026-05-02,erc1155,4,576,403
2026-05-02,erc1155,5,11,11
2026-05-02,erc1155,6,503,501
2026-05-02,erc1155,9,1381,783
2026-05-02,erc1155,10,30,30
2026-05-02,erc1155,11,64,64
2026-05-02,erc1155,12,827,827
2026-05-02,erc1155,13,1421,1421
2026-05-02,erc1155,16,1605,1605
2026-05-02,erc1155,17,4302,625
2026-05-02,erc1155,18,1310,5839
2026-05-02,erc1155,19,579,580
2026-05-02,erc1155,20,5452,814
2026-05-02,erc1155,22,4778,1048
2026-05-02,erc1155,23,3380,300
2026-05-02,erc1155,24,519,519
2026-05-02,erc1155,25,7215,7175
2026-05-02,erc1155,27,11350,6145
2026-05-02,erc1155,28,500,500
2026-05-02,erc1155,29,1464,1464
2026-05-02,erc1155,30,1153,1153
2026-05-02,erc1155,31,500,500
2026-05-02,erc1155,32,11513,15262
2026-05-01,erc1155,3,207,207
2026-05-01,erc1155,4,274,274
2026-05-01,erc1155,5,7,7
2026-05-01,erc1155,6,219,219
2026-05-01,erc1155,7,3,3
2026-05-01,erc1155,8,6,6
2026-05-01,erc1155,9,152,152
2026-05-01,erc1155,11,54,54
2026-05-01,erc1155,12,316,316
2026-05-01,erc1155,13,1544,1544
2026-05-01,erc1155,14,10,10
2026-05-01,erc1155,16,21,21
2026-05-01,erc1155,17,3554,1314
2026-05-01,erc1155,18,8401,12534
2026-05-01,erc1155,19,213,212
2026-05-01,erc1155,20,2454,1366
2026-05-01,erc1155,22,1143,866
2026-05-01,erc1155,23,2044,1994
2026-05-01,erc1155,24,2,2
2026-05-01,erc1155,25,2845,2845
2026-05-01,erc1155,27,6791,6754
2026-05-01,erc1155,29,421,481
2026-05-01,erc1155,30,20,20
2026-05-01,erc1155,31,1,1
2026-05-01,erc1155,32,4997,48120
2026-04-30,erc1155,3,124,124
2026-04-30,erc1155,4,211,211
2026-04-30,erc1155,5,10,10
2026-04-30,erc1155,6,544,544
2026-04-30,erc1155,7,2,2
2026-04-30,erc1155,9,103,103
2026-04-30,erc1155,10,37,37
2026-04-30,erc1155,11,60,60
2026-04-30,erc1155,12,617,617
2026-04-30,erc1155,13,712,712
2026-04-30,erc1155,14,17,17
2026-04-30,erc1155,16,41,41
2026-04-30,erc1155,17,125,188
2026-04-30,erc1155,18,1224,5481
2026-04-30,erc1155,19,800,2691
2026-04-30,erc1155,20,381,3901
2026-04-30,erc1155,22,1352,4902
2026-04-30,erc1155,23,577,773
2026-04-30,erc1155,24,4,4
2026-04-30,erc1155,25,1054,1054
2026-04-30,erc1155,27,2422,2422
2026-04-30,erc1155,28,6,6
2026-04-30,erc1155,29,270,270
2026-04-30,erc1155,31,29,29
2026-04-30,erc1155,32,7105,42038
2026-04-29,erc1155,3,464,464
2026-04-29,erc1155,4,1344,1344
2026-04-29,erc1155,5,11,11
2026-04-29,erc1155,6,1292,1292
2026-04-29,erc1155,7,3,3
2026-04-29,erc1155,8,12,12
2026-04-29,erc1155,9,526,526
2026-04-29,erc1155,10,49,49
2026-04-29,erc1155,11,26,26
2026-04-29,erc1155,12,167,1650
2026-04-29,erc1155,13,78,78
2026-04-29,erc1155,14,3,3
2026-04-29,erc1155,16,17,17
2026-04-29,erc1155,17,788,1818
2026-04-29,erc1155,18,480,2405
2026-04-29,erc1155,19,3079,1188
2026-04-29,erc1155,20,583,5389
2026-04-29,erc1155,22,5720,4166
2026-04-29,erc1155,23,1019,823
2026-04-29,erc1155,24,20,20
2026-04-29,erc1155,25,689,964
2026-04-29,erc1155,27,3513,3517
2026-04-29,erc1155,28,2,2
2026-04-29,erc1155,29,945,945
2026-04-29,erc1155,30,5,5
2026-04-29,erc1155,32,4341,7875
2026-04-28,erc1155,3,60,60
2026-04-28,erc1155,4,44,44
2026-04-28,erc1155,5,1,1
2026-04-28,erc1155,6,426,426
2026-04-28,erc1155,7,53,53
2026-04-28,erc1155,8,6,6
2026-04-28,erc1155,9,244,250
2026-04-28,erc1155,10,1,1
2026-04-28,erc1155,11,120,120
2026-04-28,erc1155,12,2161,678
2026-04-28,erc1155,13,226,252
2026-04-28,erc1155,16,272,272
2026-04-28,erc1155,17,224,5976
2026-04-28,erc1155,18,11417,728
2026-04-28,erc1155,19,28,28
2026-04-28,erc1155,20,10771,526
2026-04-28,erc1155,22,2246,268
2026-04-28,erc1155,23,1167,1167
2026-04-28,erc1155,24,6,6
2026-04-28,erc1155,25,4231,3956
2026-04-28,erc1155,27,1950,1946
2026-04-28,erc1155,29,1033,1033
2026-04-28,erc1155,30,1,1
2026-04-28,erc1155,32,803,19251
2026-04-27,erc1155,3,195,195
2026-04-27,erc1155,4,49,49
2026-04-27,erc1155,5,6,6
2026-04-27,erc1155,6,210,210
2026-04-27,erc1155,7,20,20
2026-04-27,erc1155,8,34,34
2026-04-27,erc1155,9,498,492
2026-04-27,erc1155,11,285,285
2026-04-27,erc1155,12,1308,1308
2026-04-27,erc1155,13,660,634
2026-04-27,erc1155,16,385,385
2026-04-27,erc1155,17,2999,1581
2026-04-27,erc1155,18,1450,3260
2026-04-27,erc1155,19,819,819
2026-04-27,erc1155,20,466,906
2026-04-27,erc1155,22,831,806
2026-04-27,erc1155,23,1049,1589
2026-04-27,erc1155,24,6,6
2026-04-27,erc1155,25,1836,1836
2026-04-27,erc1155,27,1788,1788
2026-04-27,erc1155,29,1336,1386
2026-04-27,erc1155,30,1,1
2026-04-27,erc1155,31,51,51
2026-04-27,erc1155,32,13216,33310
2026-04-26,erc1155,3,102,102
2026-04-26,erc1155,4,75,75
2026-04-26,erc1155,5,9,9
2026-04-26,erc1155,6,276,276
2026-04-26,erc1155,8,1,1
2026-04-26,erc1155,9,70,259
2026-04-26,erc1155,10,12,12
2026-04-26,erc1155,11,88,88
2026-04-26,erc1155,12,261,261
2026-04-26,erc1155,13,161,161
2026-04-26,erc1155,16,51,51
2026-04-26,erc1155,17,509,3107
2026-04-26,erc1155,18,4080,2954
2026-04-26,erc1155,19,107,107
2026-04-26,erc1155,20,646,1695
2026-04-26,erc1155,22,946,1457
2026-04-26,erc1155,23,1195,855
2026-04-26,erc1155,24,23,23
2026-04-26,erc1155,25,758,758
2026-04-26,erc1155,27,1248,1248
2026-04-26,erc1155,28,100,100
2026-04-26,erc1155,29,2581,2566
2026-04-26,erc1155,30,10,10
2026-04-26,erc1155,32,1061,21815
2026-04-25,erc1155,3,112,112
2026-04-25,erc1155,4,28,28
2026-04-25,erc1155,5,4,4
2026-04-25,erc1155,6,2,2
2026-04-25,erc1155,7,32,32
2026-04-25,erc1155,8,145,145
2026-04-25,erc1155,9,499,310
2026-04-25,erc1155,10,10,10
2026-04-25,erc1155,11,50,50
2026-04-25,erc1155,12,759,769
2026-04-25,erc1155,13,1869,1869
2026-04-25,erc1155,14,10,10
2026-04-25,erc1155,16,2,2
2026-04-25,erc1155,17,440,2851
2026-04-25,erc1155,18,3589,11170
2026-04-25,erc1155,19,37,37
2026-04-25,erc1155,20,2105,881
2026-04-25,erc1155,22,2589,3483
2026-04-25,erc1155,23,1390,2190
2026-04-25,erc1155,24,2,2
2026-04-25,erc1155,25,2135,2135
2026-04-25,erc1155,27,1124,1124
2026-04-25,erc1155,28,10,10
2026-04-25,erc1155,29,3392,3547
2026-04-25,erc1155,32,796,13773
2026-04-24,erc1155,3,219,1084
2026-04-24,erc1155,4,47,47
2026-04-24,erc1155,5,2,2
2026-04-24,erc1155,6,28,28
2026-04-24,erc1155,7,3,3
2026-04-24,erc1155,8,5,5
2026-04-24,erc1155,9,77,77
2026-04-24,erc1155,10,2,2
2026-04-24,erc1155,11,16,16
2026-04-24,erc1155,12,138,128
2026-04-24,erc1155,13,880,880
2026-04-24,erc1155,16,288,288
2026-04-24,erc1155,17,4730,194
2026-04-24,erc1155,18,865,2070
2026-04-24,erc1155,19,59,91
2026-04-24,erc1155,20,3431,6626
2026-04-24,erc1155,22,990,4881
2026-04-24,erc1155,23,547,696
2026-04-24,erc1155,25,885,969
2026-04-24,erc1155,27,1254,3665
2026-04-24,erc1155,29,5760,5810
2026-04-24,erc1155,30,1,1
2026-04-24,erc1155,32,3824,14704
2026-04-23,erc1155,3,1093,228
2026-04-23,erc1155,4,57,57
2026-04-23,erc1155,5,1,1
2026-04-23,erc1155,6,8,8
2026-04-23,erc1155,7,2,2
2026-04-23,erc1155,8,2,2
2026-04-23,erc1155,9,266,266
2026-04-23,erc1155,10,15,15
2026-04-23,erc1155,11,3,3
2026-04-23,erc1155,12,581,581
2026-04-23,erc1155,13,603,603
2026-04-23,erc1155,16,167,167
2026-04-23,erc1155,17,2194,726
2026-04-23,erc1155,18,7268,1205
2026-04-23,erc1155,19,1311,1279
2026-04-23,erc1155,20,4252,759
2026-04-23,erc1155,22,4244,2761
2026-04-23,erc1155,23,911,3731
2026-04-23,erc1155,24,12,12
2026-04-23,erc1155,25,1134,1050
2026-04-23,erc1155,27,6785,4375
2026-04-23,erc1155,29,945,1045
2026-04-23,erc1155,30,1,1
2026-04-23,erc1155,32,7825,4950
2026-04-22,erc1155,3,249,249
2026-04-22,erc1155,4,338,1218
2026-04-22,erc1155,5,15,15
2026-04-22,erc1155,6,207,207
2026-04-22,erc1155,7,2,2
2026-04-22,erc1155,8,11,11
2026-04-22,erc1155,9,381,732
2026-04-22,erc1155,10,5,5
2026-04-22,erc1155,11,104,104
2026-04-22,erc1155,12,181,181
2026-04-22,erc1155,13,245,245
2026-04-22,erc1155,14,20,20
2026-04-22,erc1155,16,108,108
2026-04-22,erc1155,17,746,607
2026-04-22,erc1155,18,180,964
2026-04-22,erc1155,19,324,679
2026-04-22,erc1155,20,337,394
2026-04-22,erc1155,22,2175,5268
2026-04-22,erc1155,23,239,1531
2026-04-22,erc1155,24,13,13
2026-04-22,erc1155,25,781,791
2026-04-22,erc1155,27,1817,1916
2026-04-22,erc1155,28,29,29
2026-04-22,erc1155,29,442,442
2026-04-22,erc1155,30,1,1
2026-04-22,erc1155,31,49,49
2026-04-22,erc1155,32,2396,9396
2026-04-21,erc1155,3,345,345
2026-04-21,erc1155,4,1477,597
2026-04-21,erc1155,5,4,4
2026-04-21,erc1155,6,1942,1942
2026-04-21,erc1155,8,50,50
2026-04-21,erc1155,9,1256,1715
2026-04-21,erc1155,10,80,80
2026-04-21,erc1155,11,74,74
2026-04-21,erc1155,12,946,946
2026-04-21,erc1155,13,6893,6893
2026-04-21,erc1155,14,20,20
2026-04-21,erc1155,16,1038,1038
2026-04-21,erc1155,17,1540,1318
2026-04-21,erc1155,18,782,332
2026-04-21,erc1155,19,2623,2268
2026-04-21,erc1155,20,1449,2009
2026-04-21,erc1155,22,6639,2234
2026-04-21,erc1155,23,5704,925
2026-04-21,erc1155,25,2108,2127
2026-04-21,erc1155,27,2362,2286
2026-04-21,erc1155,29,2342,2342
2026-04-21,erc1155,30,68,68
2026-04-21,erc1155,31,23,23
2026-04-21,erc1155,32,11854,28876
2026-04-20,erc1155,3,111,111
2026-04-20,erc1155,4,43,43
2026-04-20,erc1155,5,17,17
2026-04-20,erc1155,6,316,316
2026-04-20,erc1155,7,24,24
2026-04-20,erc1155,8,32,32
2026-04-20,erc1155,9,1040,947
2026-04-20,erc1155,10,35,35
2026-04-20,erc1155,11,58,58
2026-04-20,erc1155,12,459,459
2026-04-20,erc1155,13,670,670
2026-04-20,erc1155,14,36,36
2026-04-20,erc1155,16,683,683
2026-04-20,erc1155,17,910,2864
2026-04-20,erc1155,18,5237,2802
2026-04-20,erc1155,19,329,329
2026-04-20,erc1155,20,1268,608
2026-04-20,erc1155,22,2808,8968
2026-04-20,erc1155,23,2320,11594
2026-04-20,erc1155,24,2,2
2026-04-20,erc1155,25,2005,1976
2026-04-20,erc1155,27,1440,1425
2026-04-20,erc1155,28,20,20
2026-04-20,erc1155,29,6364,6864
2026-04-20,erc1155,30,5,5
2026-04-20,erc1155,31,17,17
2026-04-20,erc1155,32,6508,12121
2026-04-19,erc1155,3,153,664
2026-04-19,erc1155,4,46,184
2026-04-19,erc1155,5,12,12
2026-04-19,erc1155,6,12,12
2026-04-19,erc1155,7,10,10
2026-04-19,erc1155,8,121,121
2026-04-19,erc1155,9,942,2718
2026-04-19,erc1155,10,5,5
2026-04-19,erc1155,11,495,495
2026-04-19,erc1155,12,89,89
2026-04-19,erc1155,13,120,120
2026-04-19,erc1155,16,463,463
2026-04-19,erc1155,17,369,1509
2026-04-19,erc1155,18,478,1320
2026-04-19,erc1155,19,614,614
2026-04-19,erc1155,20,283,283
2026-04-19,erc1155,22,6389,5535
2026-04-19,erc1155,23,2608,2724
2026-04-19,erc1155,25,547,2070
2026-04-19,erc1155,27,3001,5413
2026-04-19,erc1155,28,1,1
2026-04-19,erc1155,29,827,827
2026-04-19,erc1155,30,1,1
2026-04-19,erc1155,31,25,25
2026-04-19,erc1155,32,4474,8841
2026-04-18,erc1155,3,1374,863
2026-04-18,erc1155,4,425,287
2026-04-18,erc1155,5,5,5
2026-04-18,erc1155,6,315,315
2026-04-18,erc1155,7,13,13
2026-04-18,erc1155,8,24,24
2026-04-18,erc1155,9,2828,335
2026-04-18,erc1155,10,6,6
2026-04-18,erc1155,11,4878,4878
2026-04-18,erc1155,12,1164,1164
2026-04-18,erc1155,13,2577,2577
2026-04-18,erc1155,14,1,1
2026-04-18,erc1155,16,649,649
2026-04-18,erc1155,17,4330,4463
2026-04-18,erc1155,18,2069,178
2026-04-18,erc1155,19,138,138
2026-04-18,erc1155,20,4675,4675
2026-04-18,erc1155,22,3561,5382
2026-04-18,erc1155,23,4224,5917
2026-04-18,erc1155,24,195,195
2026-04-18,erc1155,25,3968,4007
2026-04-18,erc1155,27,11697,9276
2026-04-18,erc1155,28,10,10
2026-04-18,erc1155,29,7062,7062
2026-04-18,erc1155,30,20,20
2026-04-18,erc1155,32,8214,14618
2026-04-17,erc1155,3,319,320
2026-04-17,erc1155,4,119,120
2026-04-17,erc1155,5,28,28
2026-04-17,erc1155,6,89,96
2026-04-17,erc1155,7,49,49
2026-04-17,erc1155,8,4,4
2026-04-17,erc1155,9,936,936
2026-04-17,erc1155,10,244,244
2026-04-17,erc1155,11,48,48
2026-04-17,erc1155,12,198,198
2026-04-17,erc1155,13,528,528
2026-04-17,erc1155,14,1,1
2026-04-17,erc1155,16,409,409
2026-04-17,erc1155,17,3181,6766
2026-04-17,erc1155,18,6991,2209
2026-04-17,erc1155,19,54,54
2026-04-17,erc1155,20,872,872
2026-04-17,erc1155,22,14363,4735
2026-04-17,erc1155,23,9695,7274
2026-04-17,erc1155,24,18,18
2026-04-17,erc1155,25,8766,7204
2026-04-17,erc1155,27,14056,14056
2026-04-17,erc1155,28,4,4
2026-04-17,erc1155,29,4921,4921
2026-04-17,erc1155,30,4,4
2026-04-17,erc1155,31,12,12
2026-04-17,erc1155,32,10780,41812
2026-04-16,erc1155,3,101,100
2026-04-16,erc1155,4,69,68
2026-04-16,erc1155,5,8,8
2026-04-16,erc1155,6,1445,1438
2026-04-16,erc1155,7,12,12
2026-04-16,erc1155,8,14,14
2026-04-16,erc1155,9,324,1777
2026-04-16,erc1155,10,11,11
2026-04-16,erc1155,11,8,8
2026-04-16,erc1155,12,366,372
2026-04-16,erc1155,13,305,305
2026-04-16,erc1155,14,4,4
2026-04-16,erc1155,16,634,634
2026-04-16,erc1155,17,1680,2731
2026-04-16,erc1155,18,5281,2065
2026-04-16,erc1155,19,631,631
2026-04-16,erc1155,20,722,1596
2026-04-16,erc1155,22,1299,1317
2026-04-16,erc1155,23,10019,895
2026-04-16,erc1155,25,1619,3869
2026-04-16,erc1155,27,3952,6077
2026-04-16,erc1155,28,3,3
2026-04-16,erc1155,29,1664,1664
2026-04-16,erc1155,30,180,180
2026-04-16,erc1155,32,2670,35726
2026-04-15,erc1155,3,158,158
2026-04-15,erc1155,4,444,444
2026-04-15,erc1155,5,18,18
2026-04-15,erc1155,6,400,400
2026-04-15,erc1155,7,11,11
2026-04-15,erc1155,9,1627,181
2026-04-15,erc1155,10,10,10
2026-04-15,erc1155,11,54,54
2026-04-15,erc1155,12,317,311
2026-04-15,erc1155,13,339,339
2026-04-15,erc1155,14,12,12
2026-04-15,erc1155,16,82,82
2026-04-15,erc1155,17,2170,5972
2026-04-15,erc1155,18,1203,1154
2026-04-15,erc1155,19,160,160
2026-04-15,erc1155,20,1077,404
2026-04-15,erc1155,22,1699,1681
2026-04-15,erc1155,23,1430,1412
2026-04-15,erc1155,24,1,1
2026-04-15,erc1155,25,3745,1756
2026-04-15,erc1155,27,7156,5041
2026-04-15,erc1155,28,112,112
2026-04-15,erc1155,29,1247,12923
2026-04-15,erc1155,30,4,4
2026-04-15,erc1155,32,2230,8885
2026-04-14,erc1155,3,37,37
2026-04-14,erc1155,4,67,67
2026-04-14,erc1155,5,8,8
2026-04-14,erc1155,6,8,8
2026-04-14,erc1155,7,2,2
2026-04-14,erc1155,9,124,127
2026-04-14,erc1155,10,6,6
2026-04-14,erc1155,11,65,65
2026-04-14,erc1155,12,116,116
2026-04-14,erc1155,13,345,345
2026-04-14,erc1155,14,1,1
2026-04-14,erc1155,16,231,231
2026-04-14,erc1155,17,275,5441
2026-04-14,erc1155,18,1554,3334
2026-04-14,erc1155,19,1155,1155
2026-04-14,erc1155,20,355,2977
2026-04-14,erc1155,22,477,1947
2026-04-14,erc1155,23,581,1675
2026-04-14,erc1155,24,3,3
2026-04-14,erc1155,25,2133,2249
2026-04-14,erc1155,27,3156,5450
2026-04-14,erc1155,29,15602,3926
2026-04-14,erc1155,32,2450,15626
2026-04-13,erc1155,3,387,387
2026-04-13,erc1155,4,228,228
2026-04-13,erc1155,5,191,191
2026-04-13,erc1155,6,351,351
2026-04-13,erc1155,7,52,52
2026-04-13,erc1155,8,9,9
2026-04-13,erc1155,9,219,242
2026-04-13,erc1155,10,33,33
2026-04-13,erc1155,11,100,100
2026-04-13,erc1155,12,446,446
2026-04-13,erc1155,13,578,678
2026-04-13,erc1155,14,137,137
2026-04-13,erc1155,16,488,488
2026-04-13,erc1155,17,2405,761
2026-04-13,erc1155,18,340,595
2026-04-13,erc1155,19,464,464
2026-04-13,erc1155,20,909,583
2026-04-13,erc1155,22,2616,1329
2026-04-13,erc1155,23,1511,3604
2026-04-13,erc1155,24,33,33
2026-04-13,erc1155,25,1166,789
2026-04-13,erc1155,27,5174,6506
2026-04-13,erc1155,29,5602,7480
2026-04-13,erc1155,30,19,19
2026-04-13,erc1155,31,40,40
2026-04-13,erc1155,32,4247,3157
2026-04-12,erc1155,3,33,33
2026-04-12,erc1155,4,200,200
2026-04-12,erc1155,5,7,7
2026-04-12,erc1155,6,108,108
2026-04-12,erc1155,7,26,26
2026-04-12,erc1155,8,2,2
2026-04-12,erc1155,9,1978,1945
2026-04-12,erc1155,10,4,4
2026-04-12,erc1155,11,35,35
2026-04-12,erc1155,12,73,1460
2026-04-12,erc1155,13,2274,2174
2026-04-12,erc1155,16,12,12
2026-04-12,erc1155,17,2181,3248
2026-04-12,erc1155,18,2042,947
2026-04-12,erc1155,19,80,80
2026-04-12,erc1155,20,2507,10
2026-04-12,erc1155,22,441,258
2026-04-12,erc1155,23,1362,1040
2026-04-12,erc1155,25,753,1069
2026-04-12,erc1155,27,2859,9292
2026-04-12,erc1155,29,4239,2361
2026-04-12,erc1155,30,54,54
2026-04-12,erc1155,32,355,4316
2026-04-11,erc1155,3,257,257
2026-04-11,erc1155,4,316,324
2026-04-11,erc1155,5,40,40
2026-04-11,erc1155,6,190,190
2026-04-11,erc1155,7,15,15
2026-04-11,erc1155,8,3,3
2026-04-11,erc1155,9,265,265
2026-04-11,erc1155,10,91,91
2026-04-11,erc1155,11,25,25
2026-04-11,erc1155,12,2182,795
2026-04-11,erc1155,13,346,346
2026-04-11,erc1155,14,6,6
2026-04-11,erc1155,16,191,191
2026-04-11,erc1155,17,1848,8389
2026-04-11,erc1155,18,2000,1087
2026-04-11,erc1155,19,319,319
2026-04-11,erc1155,20,743,879
2026-04-11,erc1155,22,675,718
2026-04-11,erc1155,23,3172,315
2026-04-11,erc1155,24,13,13
2026-04-11,erc1155,25,1003,867
2026-04-11,erc1155,27,15090,5225
2026-04-11,erc1155,29,2816,2817
2026-04-11,erc1155,30,17,17
2026-04-11,erc1155,31,10,10
2026-04-11,erc1155,32,767,45806
2026-04-10,erc1155,3,34,34
2026-04-10,erc1155,4,33,25
2026-04-10,erc1155,5,37,37
2026-04-10,erc1155,6,8,8
2026-04-10,erc1155,7,2,2
2026-04-10,erc1155,9,129,838
2026-04-10,erc1155,11,742,742
2026-04-10,erc1155,12,130,130
2026-04-10,erc1155,13,286,743
2026-04-10,erc1155,16,180,180
2026-04-10,erc1155,17,124,20757
2026-04-10,erc1155,18,418,33356
2026-04-10,erc1155,19,179,179
2026-04-10,erc1155,20,289,22273
2026-04-10,erc1155,22,270,228
2026-04-10,erc1155,23,1368,1883
2026-04-10,erc1155,25,748,568
2026-04-10,erc1155,27,15846,21841
2026-04-10,erc1155,29,324,7668
2026-04-10,erc1155,30,10,10
2026-04-10,erc1155,32,2520,16420
2026-04-09,erc1155,3,365,365
2026-04-09,erc1155,4,1741,1741
2026-04-09,erc1155,5,13,13
2026-04-09,erc1155,6,1,1
2026-04-09,erc1155,7,4,4
2026-04-09,erc1155,9,484,3219
2026-04-09,erc1155,10,11,11
2026-04-09,erc1155,11,97,97
2026-04-09,erc1155,12,1571,1571
2026-04-09,erc1155,13,7252,6795
2026-04-09,erc1155,16,4346,4346
2026-04-09,erc1155,17,596,2170
2026-04-09,erc1155,18,2067,1633
2026-04-09,erc1155,19,13,13
2026-04-09,erc1155,20,7907,1773
2026-04-09,erc1155,22,875,1126
2026-04-09,erc1155,23,2141,3520
2026-04-09,erc1155,24,5,5
2026-04-09,erc1155,25,2261,2636
2026-04-09,erc1155,27,9366,11412
2026-04-09,erc1155,28,22,22
2026-04-09,erc1155,29,19798,21056
2026-04-09,erc1155,32,7113,9800
2026-04-08,erc1155,3,99,99
2026-04-08,erc1155,4,8,8
2026-04-08,erc1155,5,9,9
2026-04-08,erc1155,6,1651,1651
2026-04-08,erc1155,8,5,5
2026-04-08,erc1155,9,3500,4278
2026-04-08,erc1155,10,1,1
2026-04-08,erc1155,11,555,555
2026-04-08,erc1155,12,110,110
2026-04-08,erc1155,13,1630,1630
2026-04-08,erc1155,14,19,19
2026-04-08,erc1155,16,37,37
2026-04-08,erc1155,17,723,1293
2026-04-08,erc1155,18,818,6123
2026-04-08,erc1155,19,384,384
2026-04-08,erc1155,20,1377,3334
2026-04-08,erc1155,22,6334,6082
2026-04-08,erc1155,23,2159,3682
2026-04-08,erc1155,25,3907,8740
2026-04-08,erc1155,27,9708,1463
2026-04-08,erc1155,29,12240,3587
2026-04-08,erc1155,32,4597,12164
2026-04-07,erc1155,3,428,428
2026-04-07,erc1155,4,625,625
2026-04-07,erc1155,5,10,10
2026-04-07,erc1155,6,1074,1074
2026-04-07,erc1155,7,3,3
2026-04-07,erc1155,8,2,2
2026-04-07,erc1155,9,1688,695
2026-04-07,erc1155,10,3,3
2026-04-07,erc1155,11,50,50
2026-04-07,erc1155,12,2052,2054
2026-04-07,erc1155,13,955,955
2026-04-07,erc1155,14,2,2
2026-04-07,erc1155,16,150,150
2026-04-07,erc1155,17,2984,1962
2026-04-07,erc1155,18,4904,4531
2026-04-07,erc1155,19,1329,1329
2026-04-07,erc1155,20,5962,4577
2026-04-07,erc1155,22,458,458
2026-04-07,erc1155,23,3668,241
2026-04-07,erc1155,25,7776,2568
2026-04-07,erc1155,27,11610,11612
2026-04-07,erc1155,28,1,1
2026-04-07,erc1155,29,13805,13855
2026-04-07,erc1155,30,106,106
2026-04-07,erc1155,32,11351,11837
2026-04-06,erc1155,3,560,560
2026-04-06,erc1155,4,85,85
2026-04-06,erc1155,5,3,3
2026-04-06,erc1155,6,27,27
2026-04-06,erc1155,8,2,2
2026-04-06,erc1155,9,194,3916
2026-04-06,erc1155,10,143,143
2026-04-06,erc1155,11,208,208
2026-04-06,erc1155,12,286,358
2026-04-06,erc1155,13,882,1002
2026-04-06,erc1155,16,3,3
2026-04-06,erc1155,17,2786,1576
2026-04-06,erc1155,18,197,3735
2026-04-06,erc1155,19,79,79
2026-04-06,erc1155,20,962,3922
2026-04-06,erc1155,22,693,1646
2026-04-06,erc1155,23,87,6103
2026-04-06,erc1155,25,1219,1219
2026-04-06,erc1155,27,2601,3201
2026-04-06,erc1155,28,231,231
2026-04-06,erc1155,29,3598,4829
2026-04-06,erc1155,30,182,182
2026-04-06,erc1155,31,278,278
2026-04-06,erc1155,32,681,1221
2026-04-05,erc1155,3,50,50
2026-04-05,erc1155,4,305,305
2026-04-05,erc1155,5,24,24
2026-04-05,erc1155,6,421,421
2026-04-05,erc1155,7,12,12
2026-04-05,erc1155,8,53,53
2026-04-05,erc1155,9,284,1333
2026-04-05,erc1155,10,42,42
2026-04-05,erc1155,11,46,46
2026-04-05,erc1155,12,1163,1089
2026-04-05,erc1155,13,1601,2186
2026-04-05,erc1155,14,10,10
2026-04-05,erc1155,16,28,28
2026-04-05,erc1155,17,1053,4878
2026-04-05,erc1155,18,3506,2599
2026-04-05,erc1155,19,651,3733
2026-04-05,erc1155,20,241,2346
2026-04-05,erc1155,22,1252,4921
2026-04-05,erc1155,23,6962,4439
2026-04-05,erc1155,24,12,12
2026-04-05,erc1155,25,1586,1587
2026-04-05,erc1155,27,4545,3943
2026-04-05,erc1155,28,5,5
2026-04-05,erc1155,29,5675,4244
2026-04-05,erc1155,30,29,29
2026-04-05,erc1155,32,5136,4596
2026-04-04,erc1155,3,1172,1172
2026-04-04,erc1155,4,175,175
2026-04-04,erc1155,5,72,72
2026-04-04,erc1155,6,49,49
2026-04-04,erc1155,7,23,23
2026-04-04,erc1155,8,37,37
2026-04-04,erc1155,9,157,330
2026-04-04,erc1155,10,36,36
2026-04-04,erc1155,11,844,844
2026-04-04,erc1155,12,547,566
2026-04-04,erc1155,13,1282,582
2026-04-04,erc1155,14,38,38
2026-04-04,erc1155,16,1076,1076
2026-04-04,erc1155,17,620,620
2026-04-04,erc1155,18,1208,1933
2026-04-04,erc1155,19,844,844
2026-04-04,erc1155,20,1212,658
2026-04-04,erc1155,22,5294,2150
2026-04-04,erc1155,23,321,1069
2026-04-04,erc1155,25,883,2064
2026-04-04,erc1155,27,5212,5212
2026-04-04,erc1155,29,4511,5661
2026-04-04,erc1155,32,18676,15391
2026-04-03,erc1155,3,231,231
2026-04-03,erc1155,4,65,102
2026-04-03,erc1155,5,21,21
2026-04-03,erc1155,6,1743,1743
2026-04-03,erc1155,7,39,39
2026-04-03,erc1155,8,29,29
2026-04-03,erc1155,9,352,4119
2026-04-03,erc1155,10,29,29
2026-04-03,erc1155,11,24,70
2026-04-03,erc1155,12,353,334
2026-04-03,erc1155,13,481,492
2026-04-03,erc1155,14,59,59
2026-04-03,erc1155,16,349,349
2026-04-03,erc1155,17,316,316
2026-04-03,erc1155,18,320,2942
2026-04-03,erc1155,19,281,281
2026-04-03,erc1155,20,197,2843
2026-04-03,erc1155,22,4018,9292
2026-04-03,erc1155,23,5004,763
2026-04-03,erc1155,24,32,32
2026-04-03,erc1155,25,4610,4235
2026-04-03,erc1155,27,4001,4056
2026-04-03,erc1155,28,10,10
2026-04-03,erc1155,29,4944,19747
2026-04-03,erc1155,30,7,7
2026-04-03,erc1155,31,206,206
2026-04-03,erc1155,32,7083,4887
2026-04-02,erc1155,3,268,268
2026-04-02,erc1155,4,895,1881
2026-04-02,erc1155,5,13,13
2026-04-02,erc1155,6,262,262
2026-04-02,erc1155,7,20,20
2026-04-02,erc1155,8,14,14
2026-04-02,erc1155,9,4400,466
2026-04-02,erc1155,10,32,32
2026-04-02,erc1155,11,983,983
2026-04-02,erc1155,12,914,914
2026-04-02,erc1155,13,794,778
2026-04-02,erc1155,14,5,5
2026-04-02,erc1155,16,323,323
2026-04-02,erc1155,17,953,953
2026-04-02,erc1155,18,1735,9087
2026-04-02,erc1155,19,186,186
2026-04-02,erc1155,20,2893,8132
2026-04-02,erc1155,22,6431,2115
2026-04-02,erc1155,23,954,954
2026-04-02,erc1155,25,1702,8214
2026-04-02,erc1155,27,9119,11954
2026-04-02,erc1155,29,22901,16578
2026-04-02,erc1155,30,20,20
2026-04-02,erc1155,32,5044,7616
2026-04-01,erc1155,3,86,96
2026-04-01,erc1155,4,1262,1307
2026-04-01,erc1155,5,5,5
2026-04-01,erc1155,6,638,649
2026-04-01,erc1155,7,2,2
2026-04-01,erc1155,8,4,4
2026-04-01,erc1155,9,212,470
2026-04-01,erc1155,10,16,16
2026-04-01,erc1155,11,69,69
2026-04-01,erc1155,12,4452,5015
2026-04-01,erc1155,13,609,4770
2026-04-01,erc1155,14,9,9
2026-04-01,erc1155,16,763,763
2026-04-01,erc1155,17,5915,5916
2026-04-01,erc1155,18,7606,12972
2026-04-01,erc1155,19,807,807
2026-04-01,erc1155,20,8890,7099
2026-04-01,erc1155,22,1754,11492
2026-04-01,erc1155,23,1214,1224
2026-04-01,erc1155,24,16,16
2026-04-01,erc1155,25,8961,9438
2026-04-01,erc1155,27,9060,15220
2026-04-01,erc1155,29,4215,18826
2026-04-01,erc1155,32,2081,1704
2026-03-31,erc1155,3,520,510
2026-03-31,erc1155,4,345,392
2026-03-31,erc1155,5,320,320
2026-03-31,erc1155,6,631,620
2026-03-31,erc1155,7,3,3
2026-03-31,erc1155,8,30,30
2026-03-31,erc1155,9,1278,2737
2026-03-31,erc1155,10,375,375
2026-03-31,erc1155,11,205,205
2026-03-31,erc1155,12,1575,1012
2026-03-31,erc1155,13,4589,3875
2026-03-31,erc1155,14,11,11
2026-03-31,erc1155,16,70,70
2026-03-31,erc1155,17,466,661
2026-03-31,erc1155,18,10875,8519
2026-03-31,erc1155,19,430,452
2026-03-31,erc1155,20,952,1902
2026-03-31,erc1155,22,4747,2640
2026-03-31,erc1155,23,1776,8370
2026-03-31,erc1155,24,3,3
2026-03-31,erc1155,25,3019,9310
2026-03-31,erc1155,27,3612,17206
2026-03-31,erc1155,29,24862,12151
2026-03-31,erc1155,30,1,1
2026-03-31,erc1155,32,1019,7772
2026-03-30,erc1155,3,43,43
2026-03-30,erc1155,4,196,1106
2026-03-30,erc1155,5,12,12
2026-03-30,erc1155,6,37,37
2026-03-30,erc1155,7,15,15
2026-03-30,erc1155,8,20,20
2026-03-30,erc1155,9,1643,1821
2026-03-30,erc1155,10,505,505
2026-03-30,erc1155,11,142,142
2026-03-30,erc1155,12,1871,1871
2026-03-30,erc1155,13,1485,1472
2026-03-30,erc1155,14,11,11
2026-03-30,erc1155,16,1513,1513
2026-03-30,erc1155,17,1623,1427
2026-03-30,erc1155,18,1339,942
2026-03-30,erc1155,19,1756,1823
2026-03-30,erc1155,20,2336,1965
2026-03-30,erc1155,22,4056,4138
2026-03-30,erc1155,23,904,1631
2026-03-30,erc1155,24,2,2
2026-03-30,erc1155,25,5160,7496
2026-03-30,erc1155,27,14276,21684
2026-03-30,erc1155,28,10,10
2026-03-30,erc1155,29,943,1743
2026-03-30,erc1155,30,5,5
2026-03-30,erc1155,32,13283,6636
2026-03-29,erc1155,3,107,107
2026-03-29,erc1155,4,1083,126
2026-03-29,erc1155,5,26,26
2026-03-29,erc1155,6,554,554
2026-03-29,erc1155,7,12,12
2026-03-29,erc1155,8,2,2
2026-03-29,erc1155,9,1764,900
2026-03-29,erc1155,10,189,189
2026-03-29,erc1155,11,1,1
2026-03-29,erc1155,12,1896,1896
2026-03-29,erc1155,13,544,544
2026-03-29,erc1155,14,1,1
2026-03-29,erc1155,16,2,2
2026-03-29,erc1155,17,627,627
2026-03-29,erc1155,18,293,408
2026-03-29,erc1155,19,1512,923
2026-03-29,erc1155,20,1079,190
2026-03-29,erc1155,22,681,599
2026-03-29,erc1155,23,1356,629
2026-03-29,erc1155,25,11977,1766
2026-03-29,erc1155,27,10037,4541
2026-03-29,erc1155,29,3443,7724
2026-03-29,erc1155,32,3691,2817
2026-03-28,erc1155,3,78,78
2026-03-28,erc1155,4,1126,58
2026-03-28,erc1155,6,64,64
2026-03-28,erc1155,7,4,4
2026-03-28,erc1155,9,116,229
2026-03-28,erc1155,10,26,26
2026-03-28,erc1155,11,640,640
2026-03-28,erc1155,12,490,490
2026-03-28,erc1155,13,3755,4654
2026-03-28,erc1155,16,5394,5394
2026-03-28,erc1155,17,391,856
2026-03-28,erc1155,18,191,281
2026-03-28,erc1155,19,229,237
2026-03-28,erc1155,20,4041,302
2026-03-28,erc1155,22,11022,960
2026-03-28,erc1155,23,238,1398
2026-03-28,erc1155,25,2443,1226
2026-03-28,erc1155,27,4513,3879
2026-03-28,erc1155,29,8986,28640
2026-03-28,erc1155,30,1,1
2026-03-28,erc1155,32,9526,2583
2026-03-27,erc1155,3,175,194
2026-03-27,erc1155,4,200,329
2026-03-27,erc1155,5,22,22
2026-03-27,erc1155,6,281,281
2026-03-27,erc1155,7,17,17
2026-03-27,erc1155,8,2,2
2026-03-27,erc1155,9,457,830
2026-03-27,erc1155,10,14,14
2026-03-27,erc1155,11,15,15
2026-03-27,erc1155,12,671,671
2026-03-27,erc1155,13,5870,1537
2026-03-27,erc1155,14,118,118
2026-03-27,erc1155,16,55,55
2026-03-27,erc1155,17,2161,3179
2026-03-27,erc1155,18,4487,1204
2026-03-27,erc1155,19,2866,276
2026-03-27,erc1155,20,12804,2656
2026-03-27,erc1155,22,2109,2104
2026-03-27,erc1155,23,12683,4919
2026-03-27,erc1155,25,7215,2357
2026-03-27,erc1155,27,26184,2367
2026-03-27,erc1155,29,61427,24462
2026-03-27,erc1155,30,3,161
2026-03-27,erc1155,32,11024,16136
2026-03-26,erc1155,3,404,385
2026-03-26,erc1155,4,170,41
2026-03-26,erc1155,6,258,258
2026-03-26,erc1155,7,4,4
2026-03-26,erc1155,8,2,2
2026-03-26,erc1155,9,10685,1342
2026-03-26,erc1155,10,2,2
2026-03-26,erc1155,11,164,189
2026-03-26,erc1155,12,550,550
2026-03-26,erc1155,13,437,437
2026-03-26,erc1155,14,21,21
2026-03-26,erc1155,16,78,78
2026-03-26,erc1155,17,5308,3309
2026-03-26,erc1155,18,5993,777
2026-03-26,erc1155,19,126,263
2026-03-26,erc1155,20,1134,3893
2026-03-26,erc1155,22,861,861
2026-03-26,erc1155,23,325,325
2026-03-26,erc1155,24,7,7
2026-03-26,erc1155,25,2976,4322
2026-03-26,erc1155,27,8610,8505
2026-03-26,erc1155,29,701,701
2026-03-26,erc1155,30,192,34
2026-03-26,erc1155,32,1453,8544
2026-03-25,erc1155,3,875,1415
2026-03-25,erc1155,4,229,229
2026-03-25,erc1155,5,7,7
2026-03-25,erc1155,6,17,17
2026-03-25,erc1155,7,41,41
2026-03-25,erc1155,8,3,3
2026-03-25,erc1155,9,543,363
2026-03-25,erc1155,10,53,53
2026-03-25,erc1155,11,532,542
2026-03-25,erc1155,12,461,461
2026-03-25,erc1155,13,703,703
2026-03-25,erc1155,14,1,1
2026-03-25,erc1155,16,166,166
2026-03-25,erc1155,17,332,5252
2026-03-25,erc1155,18,433,2995
2026-03-25,erc1155,19,502,2052
2026-03-25,erc1155,20,406,2724
2026-03-25,erc1155,22,1441,2062
2026-03-25,erc1155,23,2163,13749
2026-03-25,erc1155,24,51,51
2026-03-25,erc1155,25,2028,11276
2026-03-25,erc1155,27,568,2153
2026-03-25,erc1155,28,3,3
2026-03-25,erc1155,29,925,1031
2026-03-25,erc1155,30,24,24
2026-03-25,erc1155,31,65,65
2026-03-25,erc1155,32,6954,16724
2026-03-24,erc1155,3,175,2645
2026-03-24,erc1155,4,514,514
2026-03-24,erc1155,5,16,16
2026-03-24,erc1155,6,723,723
2026-03-24,erc1155,7,28,28
2026-03-24,erc1155,8,6,6
2026-03-24,erc1155,9,398,968
2026-03-24,erc1155,10,48,48
2026-03-24,erc1155,12,448,448
2026-03-24,erc1155,13,318,318
2026-03-24,erc1155,14,13,13
2026-03-24,erc1155,16,81,81
2026-03-24,erc1155,17,638,588
2026-03-24,erc1155,18,792,590
2026-03-24,erc1155,19,869,3342
2026-03-24,erc1155,20,384,73
2026-03-24,erc1155,22,1607,1362
2026-03-24,erc1155,23,138,1170
2026-03-24,erc1155,24,13,13
2026-03-24,erc1155,25,1100,2786
2026-03-24,erc1155,27,2386,2292
2026-03-24,erc1155,28,3,3
2026-03-24,erc1155,29,11022,11022
2026-03-24,erc1155,30,25,25
2026-03-24,erc1155,32,12743,2215
2026-03-23,erc1155,3,6032,3022
2026-03-23,erc1155,4,278,278
2026-03-23,erc1155,5,7,7
2026-03-23,erc1155,6,14,14
2026-03-23,erc1155,7,195,195
2026-03-23,erc1155,8,8,8
2026-03-23,erc1155,9,2166,1596
2026-03-23,erc1155,10,8,8
2026-03-23,erc1155,11,223,223
2026-03-23,erc1155,12,753,763
2026-03-23,erc1155,13,1901,1901
2026-03-23,erc1155,16,892,892
2026-03-23,erc1155,17,790,853
2026-03-23,erc1155,18,1439,2426
2026-03-23,erc1155,19,3760,1287
2026-03-23,erc1155,20,3106,2202
2026-03-23,erc1155,22,2217,1841
2026-03-23,erc1155,23,4334,3302
2026-03-23,erc1155,24,34,34
2026-03-23,erc1155,25,16262,7618
2026-03-23,erc1155,27,2815,2815
2026-03-23,erc1155,29,1974,1974
2026-03-23,erc1155,30,28,28
2026-03-23,erc1155,32,1290,3203
2026-03-22,erc1155,3,89,185
2026-03-22,erc1155,4,12,343
2026-03-22,erc1155,5,1,1
2026-03-22,erc1155,6,10,10
2026-03-22,erc1155,7,1,1
2026-03-22,erc1155,8,1,1
2026-03-22,erc1155,9,5,5
2026-03-22,erc1155,10,1,1
2026-03-22,erc1155,11,1,159
2026-03-22,erc1155,12,201,191
2026-03-22,erc1155,13,1491,1491
2026-03-22,erc1155,14,2,2
2026-03-22,erc1155,16,244,244
2026-03-22,erc1155,17,187,124
2026-03-22,erc1155,18,2477,1131
2026-03-22,erc1155,20,574,1882
2026-03-22,erc1155,22,108,118
2026-03-22,erc1155,23,215,765
2026-03-22,erc1155,24,1,1
2026-03-22,erc1155,25,2828,3865
2026-03-22,erc1155,27,968,11978
2026-03-22,erc1155,28,1,1
2026-03-22,erc1155,29,1958,2026
2026-03-22,erc1155,30,1,1
2026-03-22,erc1155,31,1,1
2026-03-22,erc1155,32,259,14754
2026-03-21,erc1155,3,340,340
2026-03-21,erc1155,4,240,245
2026-03-21,erc1155,5,11,11
2026-03-21,erc1155,6,80,80
2026-03-21,erc1155,7,2,2
2026-03-21,erc1155,9,151,164
2026-03-21,erc1155,10,2,2
2026-03-21,erc1155,11,20,20
2026-03-21,erc1155,12,569,569
2026-03-21,erc1155,13,313,313
2026-03-21,erc1155,14,10,10
2026-03-21,erc1155,16,40,40
2026-03-21,erc1155,17,225,255
2026-03-21,erc1155,18,611,5097
2026-03-21,erc1155,19,252,252
2026-03-21,erc1155,20,2816,8185
2026-03-21,erc1155,22,4129,4195
2026-03-21,erc1155,23,476,476
2026-03-21,erc1155,24,1,1
2026-03-21,erc1155,25,1399,1492
2026-03-21,erc1155,27,2825,3565
2026-03-21,erc1155,29,318,318
2026-03-21,erc1155,30,10,10
2026-03-21,erc1155,32,3643,9581
2026-03-20,erc1155,3,117,168
2026-03-20,erc1155,4,678,342
2026-03-20,erc1155,5,3,3
2026-03-20,erc1155,6,404,404
2026-03-20,erc1155,7,115,115
2026-03-20,erc1155,8,5,5
2026-03-20,erc1155,9,401,438
2026-03-20,erc1155,10,56,56
2026-03-20,erc1155,11,96,174
2026-03-20,erc1155,12,950,2644
2026-03-20,erc1155,13,1052,1696
2026-03-20,erc1155,14,216,216
2026-03-20,erc1155,16,1833,2249
2026-03-20,erc1155,17,1088,778
2026-03-20,erc1155,18,10750,1281
2026-03-20,erc1155,19,463,434
2026-03-20,erc1155,20,14840,4077
2026-03-20,erc1155,22,3855,4575
2026-03-20,erc1155,23,1565,1682
2026-03-20,erc1155,24,96,96
2026-03-20,erc1155,25,4789,6227
2026-03-20,erc1155,27,15093,10235
2026-03-20,erc1155,29,3334,3385
2026-03-20,erc1155,30,30,30
2026-03-20,erc1155,32,2754,4752
2026-03-19,erc1155,3,280,133
2026-03-19,erc1155,4,101,185
2026-03-19,erc1155,5,11,11
2026-03-19,erc1155,6,484,484
2026-03-19,erc1155,7,19,19
2026-03-19,erc1155,8,12,12
2026-03-19,erc1155,9,809,10439
2026-03-19,erc1155,10,12,12
2026-03-19,erc1155,11,392,450
2026-03-19,erc1155,12,2091,397
2026-03-19,erc1155,13,4301,3657
2026-03-19,erc1155,14,127,127
2026-03-19,erc1155,16,2133,1717
2026-03-19,erc1155,17,9722,7463
2026-03-19,erc1155,18,1453,15297
2026-03-19,erc1155,19,3249,1591
2026-03-19,erc1155,20,12844,6451
2026-03-19,erc1155,22,3295,2499
2026-03-19,erc1155,23,16723,4470
2026-03-19,erc1155,24,19,19
2026-03-19,erc1155,25,9584,3993
2026-03-19,erc1155,27,23537,16944
2026-03-19,erc1155,29,5741,5740
2026-03-19,erc1155,30,2,2
2026-03-19,erc1155,31,18,18
2026-03-19,erc1155,32,12624,19264
2026-03-18,erc1155,3,157,169
2026-03-18,erc1155,4,154,70
2026-03-18,erc1155,5,9,9
2026-03-18,erc1155,6,100,100
2026-03-18,erc1155,7,1,1
2026-03-18,erc1155,9,612,2020
2026-03-18,erc1155,10,18,18
2026-03-18,erc1155,11,255,255
2026-03-18,erc1155,12,233,233
2026-03-18,erc1155,13,1325,1325
2026-03-18,erc1155,16,2288,7257
2026-03-18,erc1155,17,575,2825
2026-03-18,erc1155,18,476,8692
2026-03-18,erc1155,19,1900,1986
2026-03-18,erc1155,20,1787,12562
2026-03-18,erc1155,22,71,8884
2026-03-18,erc1155,23,1661,1661
2026-03-18,erc1155,25,785,8144
2026-03-18,erc1155,27,4255,2465
2026-03-18,erc1155,29,3232,3582
2026-03-18,erc1155,30,16,16
2026-03-18,erc1155,31,3,3
2026-03-18,erc1155,32,8485,31052
2026-03-17,erc1155,3,553,621
2026-03-17,erc1155,4,263,1706
2026-03-17,erc1155,5,15,15
2026-03-17,erc1155,6,144,144
2026-03-17,erc1155,7,2,2
2026-03-17,erc1155,8,13,13
2026-03-17,erc1155,9,2758,1058
2026-03-17,erc1155,10,2,2
2026-03-17,erc1155,11,190,235
2026-03-17,erc1155,12,2738,3111
2026-03-17,erc1155,13,734,734
2026-03-17,erc1155,16,5090,121
2026-03-17,erc1155,17,7436,2491
2026-03-17,erc1155,18,5335,5873
2026-03-17,erc1155,19,661,575
2026-03-17,erc1155,20,9492,8047
2026-03-17,erc1155,22,9102,326
2026-03-17,erc1155,23,2650,2650
2026-03-17,erc1155,24,5,5
2026-03-17,erc1155,25,13104,5053
2026-03-17,erc1155,27,5052,5052
2026-03-17,erc1155,28,10,10
2026-03-17,erc1155,29,7707,9283
2026-03-17,erc1155,32,25276,29108
2026-03-16,erc1155,3,339,259
2026-03-16,erc1155,4,2606,1163
2026-03-16,erc1155,5,7,7
2026-03-16,erc1155,6,1262,1262
2026-03-16,erc1155,7,6,6
2026-03-16,erc1155,8,3,3
2026-03-16,erc1155,9,1232,1151
2026-03-16,erc1155,10,10,10
2026-03-16,erc1155,11,524,914
2026-03-16,erc1155,12,2599,2326
2026-03-16,erc1155,13,3292,3292
2026-03-16,erc1155,14,5,5
2026-03-16,erc1155,16,1364,1364
2026-03-16,erc1155,17,1330,8591
2026-03-16,erc1155,18,7541,17378
2026-03-16,erc1155,19,56,3050
2026-03-16,erc1155,20,1296,5085
2026-03-16,erc1155,22,4237,6220
2026-03-16,erc1155,23,159,159
2026-03-16,erc1155,24,5,5
2026-03-16,erc1155,25,8874,8879
2026-03-16,erc1155,27,5179,5179
2026-03-16,erc1155,28,2,2
2026-03-16,erc1155,29,20951,18801
2026-03-16,erc1155,30,14,14
2026-03-16,erc1155,32,8764,18096
2026-03-15,erc1155,3,66,66
2026-03-15,erc1155,4,189,207
2026-03-15,erc1155,5,53,53
2026-03-15,erc1155,6,244,691
2026-03-15,erc1155,7,2,2
2026-03-15,erc1155,8,5,5
2026-03-15,erc1155,9,320,432
2026-03-15,erc1155,10,8,8
2026-03-15,erc1155,11,204,3494
2026-03-15,erc1155,12,404,304
2026-03-15,erc1155,13,971,4071
2026-03-15,erc1155,14,1,1
2026-03-15,erc1155,16,77,77
2026-03-15,erc1155,17,3994,605
2026-03-15,erc1155,18,385,88
2026-03-15,erc1155,19,5037,2043
2026-03-15,erc1155,20,425,628
2026-03-15,erc1155,22,2373,791
2026-03-15,erc1155,23,867,867
2026-03-15,erc1155,24,25,25
2026-03-15,erc1155,25,2332,2352
2026-03-15,erc1155,27,1773,1773
2026-03-15,erc1155,28,20,20
2026-03-15,erc1155,29,170,170
2026-03-15,erc1155,30,51,51
2026-03-15,erc1155,32,1238,15130
2026-03-14,erc1155,3,62,64
2026-03-14,erc1155,4,79,73
2026-03-14,erc1155,5,6,6
2026-03-14,erc1155,6,716,269
2026-03-14,erc1155,7,1,1
2026-03-14,erc1155,8,15,15
2026-03-14,erc1155,9,305,184
2026-03-14,erc1155,10,24,24
2026-03-14,erc1155,11,13853,9753
2026-03-14,erc1155,12,196,196
2026-03-14,erc1155,13,5246,2146
2026-03-14,erc1155,16,1507,1507
2026-03-14,erc1155,17,677,344
2026-03-14,erc1155,18,3210,104
2026-03-14,erc1155,19,529,529
2026-03-14,erc1155,20,78,147
2026-03-14,erc1155,22,1535,3543
2026-03-14,erc1155,23,1121,5158
2026-03-14,erc1155,24,37,37
2026-03-14,erc1155,25,1539,1456
2026-03-14,erc1155,27,5405,5405
2026-03-14,erc1155,28,31,31
2026-03-14,erc1155,29,5365,6014
2026-03-14,erc1155,31,10,10
2026-03-14,erc1155,32,7433,13647
2026-03-13,erc1155,3,125,190
2026-03-13,erc1155,4,2561,2595
2026-03-13,erc1155,5,14,14
2026-03-13,erc1155,6,85,85
2026-03-13,erc1155,7,9,9
2026-03-13,erc1155,8,71,71
2026-03-13,erc1155,9,223,223
2026-03-13,erc1155,10,1,1
2026-03-13,erc1155,11,9,9
2026-03-13,erc1155,12,2730,2730
2026-03-13,erc1155,13,584,584
2026-03-13,erc1155,16,852,852
2026-03-13,erc1155,17,633,2776
2026-03-13,erc1155,18,3340,146
2026-03-13,erc1155,19,1255,1308
2026-03-13,erc1155,20,461,893
2026-03-13,erc1155,22,795,3299
2026-03-13,erc1155,23,4516,479
2026-03-13,erc1155,24,8,8
2026-03-13,erc1155,25,1707,5831
2026-03-13,erc1155,27,7749,7749
2026-03-13,erc1155,29,19643,18994
2026-03-13,erc1155,30,11,11
2026-03-13,erc1155,31,4,4
2026-03-13,erc1155,32,8836,14187
2026-03-12,erc1155,3,492,425
2026-03-12,erc1155,4,100,54
2026-03-12,erc1155,5,20,20
2026-03-12,erc1155,6,153,153
2026-03-12,erc1155,7,3,3
2026-03-12,erc1155,8,24,24
2026-03-12,erc1155,9,64,68
2026-03-12,erc1155,10,87,87
2026-03-12,erc1155,11,120,120
2026-03-12,erc1155,12,96,96
2026-03-12,erc1155,13,1377,1385
2026-03-12,erc1155,14,3,3
2026-03-12,erc1155,16,35,35
2026-03-12,erc1155,17,5112,591
2026-03-12,erc1155,18,196,257
2026-03-12,erc1155,19,628,575
2026-03-12,erc1155,20,211,1845
2026-03-12,erc1155,22,120,3525
2026-03-12,erc1155,23,691,691
2026-03-12,erc1155,24,5,5
2026-03-12,erc1155,25,2126,4027
2026-03-12,erc1155,27,3601,3601
2026-03-12,erc1155,29,825,825
2026-03-12,erc1155,31,3,3
2026-03-12,erc1155,32,4787,23991
2026-03-11,erc1155,3,1696,2694
2026-03-11,erc1155,4,785,794
2026-03-11,erc1155,5,69,69
2026-03-11,erc1155,6,2605,2605
2026-03-11,erc1155,7,26,26
2026-03-11,erc1155,8,252,252
2026-03-11,erc1155,9,1655,5601
2026-03-11,erc1155,10,21,21
2026-03-11,erc1155,11,256,256
2026-03-11,erc1155,12,2009,4922
2026-03-11,erc1155,13,2846,15737
2026-03-11,erc1155,14,3,3
2026-03-11,erc1155,16,2478,2478
2026-03-11,erc1155,17,7957,8865
2026-03-11,erc1155,18,5718,11622
2026-03-11,erc1155,19,2003,2092
2026-03-11,erc1155,20,7388,7208
2026-03-11,erc1155,22,8467,10302
2026-03-11,erc1155,23,3971,7488
2026-03-11,erc1155,24,33,33
2026-03-11,erc1155,25,23052,17272
2026-03-11,erc1155,27,12795,12795
2026-03-11,erc1155,28,14,14
2026-03-11,erc1155,29,10463,10463
2026-03-11,erc1155,30,20,20
2026-03-11,erc1155,31,3,3
2026-03-11,erc1155,32,27160,67620
2026-03-08,erc1155,3,1031,33
2026-03-08,erc1155,4,423,414
2026-03-08,erc1155,5,4,4
2026-03-08,erc1155,6,157,1266
2026-03-08,erc1155,7,3,3
2026-03-08,erc1155,9,3709,407
2026-03-08,erc1155,11,1,1
2026-03-08,erc1155,12,371,2060
2026-03-08,erc1155,13,669,619
2026-03-08,erc1155,16,1104,2851
2026-03-08,erc1155,17,18804,4202
2026-03-08,erc1155,18,6263,809
2026-03-08,erc1155,19,195,216
2026-03-08,erc1155,20,488,618
2026-03-08,erc1155,22,1062,1613
2026-03-08,erc1155,23,9288,5771
2026-03-08,erc1155,25,734,2602
2026-03-08,erc1155,27,114,114
2026-03-08,erc1155,29,3426,3426
2026-03-08,erc1155,30,5,5
2026-03-08,erc1155,32,7160,8700
2026-03-07,erc1155,3,87,87
2026-03-07,erc1155,4,29,29
2026-03-07,erc1155,5,15,15
2026-03-07,erc1155,6,1388,2484
2026-03-07,erc1155,9,854,1326
2026-03-07,erc1155,10,4,4
2026-03-07,erc1155,11,273,273
2026-03-07,erc1155,12,1924,689
2026-03-07,erc1155,13,188,188
2026-03-07,erc1155,14,11,11
2026-03-07,erc1155,16,2376,629
2026-03-07,erc1155,17,5435,887
2026-03-07,erc1155,18,3389,595
2026-03-07,erc1155,19,227,117
2026-03-07,erc1155,20,333,490
2026-03-07,erc1155,22,1324,567
2026-03-07,erc1155,23,1396,1571
2026-03-07,erc1155,24,5,5
2026-03-07,erc1155,25,3659,5416
2026-03-07,erc1155,27,2287,2287
2026-03-07,erc1155,28,1,1
2026-03-07,erc1155,29,624,624
2026-03-07,erc1155,30,10,10
2026-03-07,erc1155,32,4836,19892
2026-03-06,erc1155,3,59,59
2026-03-06,erc1155,4,67,67
2026-03-06,erc1155,5,3,3
2026-03-06,erc1155,6,27,27
2026-03-06,erc1155,7,5,5
2026-03-06,erc1155,8,6,6
2026-03-06,erc1155,9,64,73
2026-03-06,erc1155,10,2,2
2026-03-06,erc1155,11,84,84
2026-03-06,erc1155,12,5614,5175
2026-03-06,erc1155,13,416,416
2026-03-06,erc1155,14,11,11
2026-03-06,erc1155,16,161,161
2026-03-06,erc1155,17,1596,5975
2026-03-06,erc1155,18,798,756
2026-03-06,erc1155,19,350,350
2026-03-06,erc1155,20,3179,1045
2026-03-06,erc1155,22,1351,1782
2026-03-06,erc1155,23,742,2543
2026-03-06,erc1155,24,1,1
2026-03-06,erc1155,25,8636,7602
2026-03-06,erc1155,27,1628,1628
2026-03-06,erc1155,28,91,91
2026-03-06,erc1155,29,1021,1021
2026-03-06,erc1155,31,1,1
2026-03-06,erc1155,32,4582,27625
2026-03-05,erc1155,3,590,704
2026-03-05,erc1155,4,316,316
2026-03-05,erc1155,5,49,49
2026-03-05,erc1155,6,669,669
2026-03-05,erc1155,7,33,33
2026-03-05,erc1155,8,34,34
2026-03-05,erc1155,9,232,1528
2026-03-05,erc1155,10,35,35
2026-03-05,erc1155,11,273,273
2026-03-05,erc1155,12,914,922
2026-03-05,erc1155,13,1573,7366
2026-03-05,erc1155,14,23,23
2026-03-05,erc1155,16,1825,1825
2026-03-05,erc1155,17,1335,3181
2026-03-05,erc1155,18,6975,853
2026-03-05,erc1155,19,2610,2610
2026-03-05,erc1155,20,5403,3826
2026-03-05,erc1155,22,6613,8085
2026-03-05,erc1155,23,6602,4626
2026-03-05,erc1155,24,1,1
2026-03-05,erc1155,25,14504,18112
2026-03-05,erc1155,27,2724,2724
2026-03-05,erc1155,28,50,50
2026-03-05,erc1155,29,4365,4365
2026-03-05,erc1155,30,40,40
2026-03-05,erc1155,31,1,1
2026-03-05,erc1155,32,13052,39126
2026-03-04,erc1155,12,1,310
2026-03-04,erc1155,13,0,99
2026-03-04,erc1155,17,16,5
2026-03-04,erc1155,18,30,8
2026-03-04,erc1155,19,0,1
2026-03-04,erc1155,22,490,0
2026-03-04,erc1155,23,7,7
2026-03-04,erc1155,25,20,0
2026-03-04,erc1155,27,3,3
2026-03-04,erc1155,32,1000,42
2026-03-03,erc1155,3,490,1058
2026-03-03,erc1155,4,733,733
2026-03-03,erc1155,6,273,279
2026-03-03,erc1155,7,4,4
2026-03-03,erc1155,8,116,116
2026-03-03,erc1155,9,3183,1053
2026-03-03,erc1155,10,9,9
2026-03-03,erc1155,11,211,211
2026-03-03,erc1155,12,1728,1396
2026-03-03,erc1155,13,2172,6632
2026-03-03,erc1155,14,17,17
2026-03-03,erc1155,16,703,703
2026-03-03,erc1155,17,7384,1659
2026-03-03,erc1155,18,21405,362
2026-03-03,erc1155,19,800,799
2026-03-03,erc1155,20,5946,458
2026-03-03,erc1155,22,5990,3626
2026-03-03,erc1155,23,8987,8987
2026-03-03,erc1155,24,221,221
2026-03-03,erc1155,25,9580,3494
2026-03-03,erc1155,27,16790,16790
2026-03-03,erc1155,28,2,2
2026-03-03,erc1155,29,7349,7349
2026-03-03,erc1155,30,31,31
2026-03-03,erc1155,32,6781,13743
2026-03-02,erc1155,3,1325,643
2026-03-02,erc1155,4,89,89
2026-03-02,erc1155,5,4,4
2026-03-02,erc1155,6,657,651
2026-03-02,erc1155,7,21,21
2026-03-02,erc1155,8,51,51
2026-03-02,erc1155,9,859,1131
2026-03-02,erc1155,10,61,61
2026-03-02,erc1155,11,202,202
2026-03-02,erc1155,12,2398,2881
2026-03-02,erc1155,13,12833,4114
2026-03-02,erc1155,14,32,32
2026-03-02,erc1155,16,2245,2245
2026-03-02,erc1155,17,3243,1372
2026-03-02,erc1155,18,1052,3677
2026-03-02,erc1155,19,277,277
2026-03-02,erc1155,20,9804,13620
2026-03-02,erc1155,22,1611,1117
2026-03-02,erc1155,23,1677,1678
2026-03-02,erc1155,24,49,49
2026-03-02,erc1155,25,5831,8350
2026-03-02,erc1155,27,10357,10382
2026-03-02,erc1155,29,25730,25730
2026-03-02,erc1155,30,2,2
2026-03-02,erc1155,31,1,1
2026-03-02,erc1155,32,8347,14632
2026-03-01,erc1155,3,240,2046
2026-03-01,erc1155,4,385,385
2026-03-01,erc1155,5,27,27
2026-03-01,erc1155,6,945,945
2026-03-01,erc1155,7,19,19
2026-03-01,erc1155,8,19,19
2026-03-01,erc1155,9,257,501
2026-03-01,erc1155,10,17,17
2026-03-01,erc1155,11,934,934
2026-03-01,erc1155,12,1384,2714
2026-03-01,erc1155,13,8605,3772
2026-03-01,erc1155,14,23,23
2026-03-01,erc1155,16,2969,2969
2026-03-01,erc1155,17,266,1169
2026-03-01,erc1155,18,4351,784
2026-03-01,erc1155,19,1258,1258
2026-03-01,erc1155,20,4266,1858
2026-03-01,erc1155,22,2374,2229
2026-03-01,erc1155,23,541,540
2026-03-01,erc1155,24,8,8
2026-03-01,erc1155,25,5992,5619
2026-03-01,erc1155,27,2951,2926
2026-03-01,erc1155,28,11,11
2026-03-01,erc1155,29,5554,8253
2026-03-01,erc1155,30,37,37
2026-03-01,erc1155,31,50,50
2026-03-01,erc1155,32,3014,9679
2026-02-28,erc1155,3,1715,2854
2026-02-28,erc1155,4,81,81
2026-02-28,erc1155,5,11,11
2026-02-28,erc1155,6,165,165
2026-02-28,erc1155,7,2,2
2026-02-28,erc1155,8,1,1
2026-02-28,erc1155,9,2036,1143
2026-02-28,erc1155,11,50,50
2026-02-28,erc1155,12,4076,3963
2026-02-28,erc1155,13,2148,2148
2026-02-28,erc1155,14,31,31
2026-02-28,erc1155,16,204,204
2026-02-28,erc1155,17,4486,1660
2026-02-28,erc1155,18,446,2041
2026-02-28,erc1155,19,2678,2678
2026-02-28,erc1155,20,12918,2514
2026-02-28,erc1155,22,192,192
2026-02-28,erc1155,23,3948,3948
2026-02-28,erc1155,24,28,28
2026-02-28,erc1155,25,3205,4193
2026-02-28,erc1155,27,1434,1434
2026-02-28,erc1155,29,9108,6409
2026-02-28,erc1155,30,21,21
2026-02-28,erc1155,31,11,11
2026-02-28,erc1155,32,4690,12505
2026-02-27,erc1155,3,3165,1503
2026-02-27,erc1155,4,104,104
2026-02-27,erc1155,5,17,17
2026-02-27,erc1155,6,1409,2277
2026-02-27,erc1155,7,11,11
2026-02-27,erc1155,8,11,11
2026-02-27,erc1155,9,241,242
2026-02-27,erc1155,11,6,6
2026-02-27,erc1155,12,329,3759
2026-02-27,erc1155,13,1110,4310
2026-02-27,erc1155,16,1118,1118
2026-02-27,erc1155,17,1116,4698
2026-02-27,erc1155,18,631,916
2026-02-27,erc1155,19,2686,2686
2026-02-27,erc1155,20,1504,6393
2026-02-27,erc1155,22,1316,1316
2026-02-27,erc1155,23,1923,1923
2026-02-27,erc1155,24,50,50
2026-02-27,erc1155,25,6872,7155
2026-02-27,erc1155,27,4280,4280
2026-02-27,erc1155,29,3174,3174
2026-02-27,erc1155,30,366,366
2026-02-27,erc1155,31,2,2
2026-02-27,erc1155,32,1740,33340
2026-02-26,erc1155,3,2182,899
2026-02-26,erc1155,4,115,115
2026-02-26,erc1155,5,59,59
2026-02-26,erc1155,6,5211,4343
2026-02-26,erc1155,7,31,31
2026-02-26,erc1155,8,110,110
2026-02-26,erc1155,9,700,1331
2026-02-26,erc1155,10,17,17
2026-02-26,erc1155,11,3083,3083
2026-02-26,erc1155,12,1170,1170
2026-02-26,erc1155,13,464,464
2026-02-26,erc1155,14,56,56
2026-02-26,erc1155,16,210,215
2026-02-26,erc1155,17,2272,541
2026-02-26,erc1155,18,6158,1459
2026-02-26,erc1155,19,2924,5528
2026-02-26,erc1155,20,3528,1077
2026-02-26,erc1155,22,1634,1634
2026-02-26,erc1155,23,270,270
2026-02-26,erc1155,24,2,2
2026-02-26,erc1155,25,8125,8303
2026-02-26,erc1155,27,694,694
2026-02-26,erc1155,29,23961,23961
2026-02-26,erc1155,30,2,2
2026-02-26,erc1155,31,28,28
2026-02-26,erc1155,32,3625,21615
2026-02-25,erc1155,3,100,519
2026-02-25,erc1155,4,229,229
2026-02-25,erc1155,5,12,12
2026-02-25,erc1155,6,462,462
2026-02-25,erc1155,7,23,23
2026-02-25,erc1155,8,5,5
2026-02-25,erc1155,9,284,3690
2026-02-25,erc1155,10,4,4
2026-02-25,erc1155,11,162,162
2026-02-25,erc1155,12,122,122
2026-02-25,erc1155,13,1628,3482
2026-02-25,erc1155,14,24,24
2026-02-25,erc1155,16,370,365
2026-02-25,erc1155,17,1196,2063
2026-02-25,erc1155,18,4615,7089
2026-02-25,erc1155,19,1276,2699
2026-02-25,erc1155,20,3742,5113
2026-02-25,erc1155,22,897,1031
2026-02-25,erc1155,23,805,805
2026-02-25,erc1155,24,59,59
2026-02-25,erc1155,25,9539,6181
2026-02-25,erc1155,27,11671,11671
2026-02-25,erc1155,28,19,19
2026-02-25,erc1155,29,7028,7028
2026-02-25,erc1155,30,17,17
2026-02-25,erc1155,31,36,36
2026-02-25,erc1155,32,4862,21752
2026-02-24,erc1155,3,2066,2295
2026-02-24,erc1155,4,603,603
2026-02-24,erc1155,5,4,4
2026-02-24,erc1155,6,233,3033
2026-02-24,erc1155,7,43,43
2026-02-24,erc1155,8,5,5
2026-02-24,erc1155,9,6181,1743
2026-02-24,erc1155,10,13,13
2026-02-24,erc1155,11,71,71
2026-02-24,erc1155,12,237,237
2026-02-24,erc1155,13,2898,1225
2026-02-24,erc1155,14,63,63
2026-02-24,erc1155,16,684,684
2026-02-24,erc1155,17,1051,622
2026-02-24,erc1155,18,3883,5402
2026-02-24,erc1155,19,977,1316
2026-02-24,erc1155,20,217,678
2026-02-24,erc1155,22,1378,1244
2026-02-24,erc1155,23,5215,5221
2026-02-24,erc1155,24,32,32
2026-02-24,erc1155,25,2056,2421
2026-02-24,erc1155,27,2493,2493
2026-02-24,erc1155,28,64,64
2026-02-24,erc1155,29,2484,2484
2026-02-24,erc1155,30,151,151
2026-02-24,erc1155,31,13,13
2026-02-24,erc1155,32,2484,15944
2026-02-23,erc1155,3,2410,2668
2026-02-23,erc1155,4,70,70
2026-02-23,erc1155,5,24,39
2026-02-23,erc1155,6,3251,3251
2026-02-23,erc1155,7,10,10
2026-02-23,erc1155,8,2,72
2026-02-23,erc1155,9,632,250
2026-02-23,erc1155,10,181,181
2026-02-23,erc1155,11,727,727
2026-02-23,erc1155,12,2393,2393
2026-02-23,erc1155,13,2839,2660
2026-02-23,erc1155,14,77,192
2026-02-23,erc1155,16,777,777
2026-02-23,erc1155,17,1975,1396
2026-02-23,erc1155,18,3581,4489
2026-02-23,erc1155,19,735,1708
2026-02-23,erc1155,20,6826,3268
2026-02-23,erc1155,22,1689,1910
2026-02-23,erc1155,23,424,836
2026-02-23,erc1155,24,166,406
2026-02-23,erc1155,25,4748,4094
2026-02-23,erc1155,27,3015,3115
2026-02-23,erc1155,28,40,40
2026-02-23,erc1155,29,461,461
2026-02-23,erc1155,30,23,23
2026-02-23,erc1155,31,42,42
2026-02-23,erc1155,32,2134,11334
2026-02-22,erc1155,3,391,446
2026-02-22,erc1155,4,516,516
2026-02-22,erc1155,5,126,111
2026-02-22,erc1155,6,644,1562
2026-02-22,erc1155,7,15,15
2026-02-22,erc1155,8,125,55
2026-02-22,erc1155,9,1289,372
2026-02-22,erc1155,10,74,74
2026-02-22,erc1155,11,32,32
2026-02-22,erc1155,12,642,642
2026-02-22,erc1155,13,531,529
2026-02-22,erc1155,14,169,54
2026-02-22,erc1155,16,982,982
2026-02-22,erc1155,17,613,814
2026-02-22,erc1155,18,2470,138
2026-02-22,erc1155,19,1068,2645
2026-02-22,erc1155,20,1467,1046
2026-02-22,erc1155,22,1800,1579
2026-02-22,erc1155,23,2858,2443
2026-02-22,erc1155,24,256,16
2026-02-22,erc1155,25,2965,8858
2026-02-22,erc1155,27,2894,10324
2026-02-22,erc1155,28,9,9
2026-02-22,erc1155,29,2101,6026
2026-02-22,erc1155,30,25,25
2026-02-22,erc1155,32,827,20877
2026-02-21,erc1155,3,315,7576
2026-02-21,erc1155,4,28,28
2026-02-21,erc1155,5,47,47
2026-02-21,erc1155,6,1811,893
2026-02-21,erc1155,7,16,16
2026-02-21,erc1155,8,11,11
2026-02-21,erc1155,9,924,703
2026-02-21,erc1155,10,13,13
2026-02-21,erc1155,11,187,187
2026-02-21,erc1155,12,1421,1422
2026-02-21,erc1155,13,634,5758
2026-02-21,erc1155,14,40,40
2026-02-21,erc1155,16,1118,1118
2026-02-21,erc1155,17,703,1440
2026-02-21,erc1155,18,2734,8233
2026-02-21,erc1155,19,3444,292
2026-02-21,erc1155,20,437,754
2026-02-21,erc1155,22,414,414
2026-02-21,erc1155,23,861,858
2026-02-21,erc1155,24,234,234
2026-02-21,erc1155,25,4150,3727
2026-02-21,erc1155,27,10054,2525
2026-02-21,erc1155,28,11,11
2026-02-21,erc1155,29,5258,1333
2026-02-21,erc1155,30,72,72
2026-02-21,erc1155,31,1,1
2026-02-21,erc1155,32,800,13940
2026-02-20,erc1155,3,5733,7540
2026-02-20,erc1155,4,2858,8948
2026-02-20,erc1155,5,66,66
2026-02-20,erc1155,6,4699,4700
2026-02-20,erc1155,7,27,27
2026-02-20,erc1155,8,136,136
2026-02-20,erc1155,9,1979,1601
2026-02-20,erc1155,10,55,55
2026-02-20,erc1155,11,1692,1692
2026-02-20,erc1155,12,763,762
2026-02-20,erc1155,13,16287,11649
2026-02-20,erc1155,14,75,75
2026-02-20,erc1155,16,1084,1084
2026-02-20,erc1155,17,9201,23894
2026-02-20,erc1155,18,12517,7402
2026-02-20,erc1155,19,3560,3522
2026-02-20,erc1155,20,4990,20841
2026-02-20,erc1155,22,2816,2816
2026-02-20,erc1155,23,3858,3858
2026-02-20,erc1155,24,61,61
2026-02-20,erc1155,25,12068,14072
2026-02-20,erc1155,27,14440,18298
2026-02-20,erc1155,28,15,15
2026-02-20,erc1155,29,2279,2279
2026-02-20,erc1155,30,27,27
2026-02-20,erc1155,31,320,320
2026-02-20,erc1155,32,2086,47026
2026-02-19,erc1155,3,926,2101
2026-02-19,erc1155,4,829,886
2026-02-19,erc1155,5,44,44
2026-02-19,erc1155,6,717,716
2026-02-19,erc1155,7,23,23
2026-02-19,erc1155,8,25,25
2026-02-19,erc1155,9,275,2663
2026-02-19,erc1155,10,30,30
2026-02-19,erc1155,11,86,86
2026-02-19,erc1155,12,1137,1193
2026-02-19,erc1155,13,998,513
2026-02-19,erc1155,14,30,30
2026-02-19,erc1155,16,301,301
2026-02-19,erc1155,17,23645,6404
2026-02-19,erc1155,18,19293,1429
2026-02-19,erc1155,19,189,417
2026-02-19,erc1155,20,14802,3186
2026-02-19,erc1155,22,400,2694
2026-02-19,erc1155,23,261,3454
2026-02-19,erc1155,24,41,41
2026-02-19,erc1155,25,6574,12241
2026-02-19,erc1155,27,9320,12445
2026-02-19,erc1155,28,3,3
2026-02-19,erc1155,29,301,351
2026-02-19,erc1155,30,36,36
2026-02-19,erc1155,32,721,8659
2026-02-18,erc1155,3,310,164
2026-02-18,erc1155,4,1120,1103
2026-02-18,erc1155,5,45,45
2026-02-18,erc1155,6,4094,4094
2026-02-18,erc1155,7,43,43
2026-02-18,erc1155,8,14,14
2026-02-18,erc1155,9,1226,2117
2026-02-18,erc1155,10,72,72
2026-02-18,erc1155,11,1603,1603
2026-02-18,erc1155,12,1541,4105
2026-02-18,erc1155,13,2215,2220
2026-02-18,erc1155,14,111,111
2026-02-18,erc1155,16,3120,3120
2026-02-18,erc1155,17,3763,2059
2026-02-18,erc1155,18,5968,4246
2026-02-18,erc1155,19,2036,1808
2026-02-18,erc1155,20,5186,2388
2026-02-18,erc1155,22,5588,5720
2026-02-18,erc1155,23,6187,4151
2026-02-18,erc1155,24,72,72
2026-02-18,erc1155,25,11119,6173
2026-02-18,erc1155,27,17437,20318
2026-02-18,erc1155,28,2,2
2026-02-18,erc1155,29,19441,19391
2026-02-18,erc1155,30,13,13
2026-02-18,erc1155,31,13,13
2026-02-18,erc1155,32,685,685
2026-02-16,erc1155,3,3,90
2026-02-16,erc1155,4,50,10
2026-02-16,erc1155,7,1,1
2026-02-16,erc1155,9,1021,44
2026-02-16,erc1155,12,4,20
2026-02-16,erc1155,13,30,25
2026-02-16,erc1155,16,14,14
2026-02-16,erc1155,17,20,27
2026-02-16,erc1155,18,18,495
2026-02-16,erc1155,19,60,60
2026-02-16,erc1155,20,10,1244
2026-02-16,erc1155,22,48,934
2026-02-16,erc1155,23,1521,612
2026-02-16,erc1155,25,200,1106
2026-02-16,erc1155,27,5248,1568
2026-02-16,erc1155,29,263,263
2026-02-16,erc1155,32,0,200
2026-02-15,erc1155,3,231,144
2026-02-15,erc1155,4,124,165
2026-02-15,erc1155,5,117,117
2026-02-15,erc1155,6,59,59
2026-02-15,erc1155,7,110,110
2026-02-15,erc1155,9,196,495
2026-02-15,erc1155,10,119,119
2026-02-15,erc1155,11,26,26
2026-02-15,erc1155,12,3126,923
2026-02-15,erc1155,13,173,173
2026-02-15,erc1155,14,2,2
2026-02-15,erc1155,16,287,287
2026-02-15,erc1155,17,183,437
2026-02-15,erc1155,18,1615,3084
2026-02-15,erc1155,19,195,195
2026-02-15,erc1155,20,2271,1551
2026-02-15,erc1155,22,2260,4436
2026-02-15,erc1155,23,1902,2428
2026-02-15,erc1155,25,895,4371
2026-02-15,erc1155,27,6297,10996
2026-02-15,erc1155,28,1,1
2026-02-15,erc1155,29,2965,2965
2026-02-15,erc1155,30,2,2
2026-02-15,erc1155,32,339,669
2026-02-14,erc1155,3,174,174
2026-02-14,erc1155,4,191,150
2026-02-14,erc1155,5,7,7
2026-02-14,erc1155,6,354,354
2026-02-14,erc1155,7,21,21
2026-02-14,erc1155,8,3,3
2026-02-14,erc1155,9,2707,319
2026-02-14,erc1155,10,8,8
2026-02-14,erc1155,11,498,498
2026-02-14,erc1155,12,1045,2106
2026-02-14,erc1155,13,289,289
2026-02-14,erc1155,14,2,2
2026-02-14,erc1155,16,378,378
2026-02-14,erc1155,17,527,282
2026-02-14,erc1155,18,2224,1625
2026-02-14,erc1155,19,411,411
2026-02-14,erc1155,20,3952,149
2026-02-14,erc1155,22,7516,2028
2026-02-14,erc1155,23,935,161
2026-02-14,erc1155,24,2,2
2026-02-14,erc1155,25,3690,1226
2026-02-14,erc1155,27,9855,11218
2026-02-14,erc1155,28,2,2
2026-02-14,erc1155,29,1662,1662
2026-02-14,erc1155,30,4,4
2026-02-14,erc1155,31,1,1
2026-02-14,erc1155,32,34,499
2026-02-13,erc1155,3,67,146
2026-02-13,erc1155,4,77,79
2026-02-13,erc1155,5,39,39
2026-02-13,erc1155,6,196,196
2026-02-13,erc1155,8,38,38
2026-02-13,erc1155,9,243,166
2026-02-13,erc1155,10,11,11
2026-02-13,erc1155,11,67,67
2026-02-13,erc1155,12,1912,508
2026-02-13,erc1155,13,106,106
2026-02-13,erc1155,14,40,40
2026-02-13,erc1155,16,48,48
2026-02-13,erc1155,17,384,2732
2026-02-13,erc1155,18,2546,4879
2026-02-13,erc1155,19,156,161
2026-02-13,erc1155,20,439,681
2026-02-13,erc1155,22,47,50
2026-02-13,erc1155,23,1776,1776
2026-02-13,erc1155,24,13,13
2026-02-13,erc1155,25,4226,3358
2026-02-13,erc1155,27,12536,20583
2026-02-13,erc1155,28,1,1
2026-02-13,erc1155,29,862,862
2026-02-13,erc1155,30,13,13
2026-02-13,erc1155,32,17,17
2026-02-12,erc1155,3,168,383
2026-02-12,erc1155,4,2570,2568
2026-02-12,erc1155,5,49,49
2026-02-12,erc1155,6,249,249
2026-02-12,erc1155,7,87,87
2026-02-12,erc1155,8,23,23
2026-02-12,erc1155,9,239,123
2026-02-12,erc1155,10,49,49
2026-02-12,erc1155,11,3217,3217
2026-02-12,erc1155,12,697,1968
2026-02-12,erc1155,13,264,265
2026-02-12,erc1155,14,66,66
2026-02-12,erc1155,16,3386,3386
2026-02-12,erc1155,17,1952,1556
2026-02-12,erc1155,18,2730,2558
2026-02-12,erc1155,19,625,620
2026-02-12,erc1155,20,1011,5250
2026-02-12,erc1155,22,1396,1909
2026-02-12,erc1155,23,1069,1213
2026-02-12,erc1155,24,21,21
2026-02-12,erc1155,25,1353,13903
2026-02-12,erc1155,27,12952,14974
2026-02-12,erc1155,28,50,50
2026-02-12,erc1155,29,1971,1971
2026-02-12,erc1155,30,31,31
2026-02-12,erc1155,31,61,61
2026-02-12,erc1155,32,1350,1520
2026-02-11,erc1155,3,418,124
2026-02-11,erc1155,4,535,535
2026-02-11,erc1155,5,2,2
2026-02-11,erc1155,6,687,687
2026-02-11,erc1155,7,24,24
2026-02-11,erc1155,8,151,151
2026-02-11,erc1155,9,2465,2445
2026-02-11,erc1155,10,3,3
2026-02-11,erc1155,11,2035,2035
2026-02-11,erc1155,12,263,2866
2026-02-11,erc1155,13,404,404
2026-02-11,erc1155,14,32,32
2026-02-11,erc1155,16,470,470
2026-02-11,erc1155,17,1574,3165
2026-02-11,erc1155,18,6636,7283
2026-02-11,erc1155,19,1243,1907
2026-02-11,erc1155,20,2026,2823
2026-02-11,erc1155,22,886,4717
2026-02-11,erc1155,23,1310,2047
2026-02-11,erc1155,24,16,16
2026-02-11,erc1155,25,7084,4342
2026-02-11,erc1155,27,2103,11405
2026-02-11,erc1155,29,1951,1951
2026-02-11,erc1155,30,10,10
2026-02-11,erc1155,31,12,12
2026-02-11,erc1155,32,19,669
2026-02-10,erc1155,3,303,303
2026-02-10,erc1155,4,71,76
2026-02-10,erc1155,6,40,40
2026-02-10,erc1155,7,22,22
2026-02-10,erc1155,9,179,179
2026-02-10,erc1155,11,179,179
2026-02-10,erc1155,12,2526,1078
2026-02-10,erc1155,13,145,145
2026-02-10,erc1155,16,194,194
2026-02-10,erc1155,17,135,1638
2026-02-10,erc1155,18,5556,8855
2026-02-10,erc1155,19,849,185
2026-02-10,erc1155,20,2587,2270
2026-02-10,erc1155,22,1542,910
2026-02-10,erc1155,23,191,3915
2026-02-10,erc1155,24,11,11
2026-02-10,erc1155,25,4273,11684
2026-02-10,erc1155,27,2180,2350
2026-02-10,erc1155,28,6,6
2026-02-10,erc1155,29,580,580
2026-02-10,erc1155,31,10,10
2026-02-10,erc1155,32,0,420
2026-02-09,erc1155,3,895,895
2026-02-09,erc1155,4,2861,2641
2026-02-09,erc1155,5,55,55
2026-02-09,erc1155,6,1621,5810
2026-02-09,erc1155,7,132,132
2026-02-09,erc1155,8,62,62
2026-02-09,erc1155,9,737,737
2026-02-09,erc1155,10,30,30
2026-02-09,erc1155,11,1874,1874
2026-02-09,erc1155,12,7745,5229
2026-02-09,erc1155,13,2921,2921
2026-02-09,erc1155,14,83,83
2026-02-09,erc1155,16,2812,2812
2026-02-09,erc1155,17,10936,5859
2026-02-09,erc1155,18,14255,8893
2026-02-09,erc1155,19,7101,7101
2026-02-09,erc1155,20,7219,9362
2026-02-09,erc1155,22,19487,20165
2026-02-09,erc1155,23,6992,7454
2026-02-09,erc1155,24,46,46
2026-02-09,erc1155,25,19348,19598
2026-02-09,erc1155,27,16518,16436
2026-02-09,erc1155,28,15,15
2026-02-09,erc1155,29,5621,11139
2026-02-09,erc1155,30,67,67
2026-02-09,erc1155,31,123,123
2026-02-09,erc1155,32,978,26341
2026-02-06,erc1155,3,508,636
2026-02-06,erc1155,4,860,1163
2026-02-06,erc1155,5,17,17
2026-02-06,erc1155,6,413,534
2026-02-06,erc1155,7,19,19
2026-02-06,erc1155,9,167,204
2026-02-06,erc1155,10,30,30
2026-02-06,erc1155,11,57,57
2026-02-06,erc1155,12,1152,1152
2026-02-06,erc1155,13,1930,1930
2026-02-06,erc1155,16,65,65
2026-02-06,erc1155,17,464,464
2026-02-06,erc1155,18,394,1302
2026-02-06,erc1155,19,570,570
2026-02-06,erc1155,20,6114,1982
2026-02-06,erc1155,22,850,1357
2026-02-06,erc1155,23,594,2080
2026-02-06,erc1155,24,8,8
2026-02-06,erc1155,25,9131,17160
2026-02-06,erc1155,27,6875,12046
2026-02-06,erc1155,28,11,11
2026-02-06,erc1155,29,664,664
2026-02-06,erc1155,31,3,3
2026-02-06,erc1155,32,52,17627
2026-02-05,erc1155,3,245,117
2026-02-05,erc1155,4,1963,387
2026-02-05,erc1155,5,9,9
2026-02-05,erc1155,6,613,464
2026-02-05,erc1155,7,4,4
2026-02-05,erc1155,8,41,41
2026-02-05,erc1155,9,232,197
2026-02-05,erc1155,10,45,45
2026-02-05,erc1155,11,4719,4719
2026-02-05,erc1155,12,521,577
2026-02-05,erc1155,13,3415,867
2026-02-05,erc1155,16,168,168
2026-02-05,erc1155,17,208,93
2026-02-05,erc1155,18,557,256
2026-02-05,erc1155,19,1316,2316
2026-02-05,erc1155,20,188,187
2026-02-05,erc1155,22,1786,6915
2026-02-05,erc1155,23,1817,7937
2026-02-05,erc1155,24,7,7
2026-02-05,erc1155,25,9526,3136
2026-02-05,erc1155,27,9854,9086
2026-02-05,erc1155,28,9,9
2026-02-05,erc1155,29,11396,11396
2026-02-05,erc1155,30,10,10
2026-02-05,erc1155,31,3,3
2026-02-05,erc1155,32,23,9263
2026-02-04,erc1155,3,928,181
2026-02-04,erc1155,4,788,617
2026-02-04,erc1155,5,17,17
2026-02-04,erc1155,6,1124,1235
2026-02-04,erc1155,7,2,2
2026-02-04,erc1155,8,18,18
2026-02-04,erc1155,9,2749,448
2026-02-04,erc1155,10,2,2
2026-02-04,erc1155,11,362,362
2026-02-04,erc1155,12,5949,333
2026-02-04,erc1155,13,548,548
2026-02-04,erc1155,16,357,357
2026-02-04,erc1155,17,3064,2516
2026-02-04,erc1155,18,2513,476
2026-02-04,erc1155,19,1392,393
2026-02-04,erc1155,20,1054,6496
2026-02-04,erc1155,22,10805,330
2026-02-04,erc1155,23,18730,6938
2026-02-04,erc1155,24,16,16
2026-02-04,erc1155,25,3527,8240
2026-02-04,erc1155,27,7175,5605
2026-02-04,erc1155,28,1,1
2026-02-04,erc1155,29,11601,11601
2026-02-04,erc1155,30,55,55
2026-02-04,erc1155,32,14,169
2026-02-03,erc1155,3,171,118
2026-02-03,erc1155,4,767,279
2026-02-03,erc1155,5,32,32
2026-02-03,erc1155,6,940,514
2026-02-03,erc1155,7,63,63
2026-02-03,erc1155,8,4,4
2026-02-03,erc1155,9,2474,155
2026-02-03,erc1155,10,26,26
2026-02-03,erc1155,11,267,267
2026-02-03,erc1155,12,1484,851
2026-02-03,erc1155,13,1546,1192
2026-02-03,erc1155,14,1,1
2026-02-03,erc1155,16,250,250
2026-02-03,erc1155,17,1674,2422
2026-02-03,erc1155,18,693,2691
2026-02-03,erc1155,19,801,626
2026-02-03,erc1155,20,1336,650
2026-02-03,erc1155,22,1396,3107
2026-02-03,erc1155,23,1403,1197
2026-02-03,erc1155,24,60,60
2026-02-03,erc1155,25,1454,3347
2026-02-03,erc1155,27,15230,12626
2026-02-03,erc1155,28,1,1
2026-02-03,erc1155,29,7018,7867
2026-02-03,erc1155,30,12,12
2026-02-03,erc1155,32,933,2143
2026-02-02,erc1155,3,166,166
2026-02-02,erc1155,4,632,607
2026-02-02,erc1155,5,14,14
2026-02-02,erc1155,6,2044,2044
2026-02-02,erc1155,7,80,80
2026-02-02,erc1155,8,1,1
2026-02-02,erc1155,9,1426,1583
2026-02-02,erc1155,10,21,21
2026-02-02,erc1155,11,1063,1063
2026-02-02,erc1155,12,1068,409
2026-02-02,erc1155,13,436,708
2026-02-02,erc1155,14,18,18
2026-02-02,erc1155,16,948,1185
2026-02-02,erc1155,17,2979,1239
2026-02-02,erc1155,18,3976,2625
2026-02-02,erc1155,19,5974,3597
2026-02-02,erc1155,20,6654,2262
2026-02-02,erc1155,22,3681,4462
2026-02-02,erc1155,23,1289,1529
2026-02-02,erc1155,25,18278,1451
2026-02-02,erc1155,27,24302,17176
2026-02-02,erc1155,28,12,12
2026-02-02,erc1155,29,12213,11364
2026-02-02,erc1155,31,11,11
2026-02-02,erc1155,32,299,1548
2026-02-01,erc1155,3,163,260
2026-02-01,erc1155,4,324,269
2026-02-01,erc1155,5,35,35
2026-02-01,erc1155,6,339,1091
2026-02-01,erc1155,7,52,52
2026-02-01,erc1155,8,14,14
2026-02-01,erc1155,9,580,8915
2026-02-01,erc1155,10,14,14
2026-02-01,erc1155,11,561,561
2026-02-01,erc1155,12,1754,3660
2026-02-01,erc1155,13,819,574
2026-02-01,erc1155,14,18,18
2026-02-01,erc1155,16,646,409
2026-02-01,erc1155,17,4786,915
2026-02-01,erc1155,18,3780,4154
2026-02-01,erc1155,19,2946,2133
2026-02-01,erc1155,20,911,2023
2026-02-01,erc1155,22,1434,1606
2026-02-01,erc1155,23,1398,3477
2026-02-01,erc1155,24,19,19
2026-02-01,erc1155,25,5435,1927
2026-02-01,erc1155,27,15819,7229
2026-02-01,erc1155,28,20,20
2026-02-01,erc1155,29,19209,32339
2026-02-01,erc1155,30,1,1
2026-02-01,erc1155,31,105,105
2026-02-01,erc1155,32,53,1953
2026-01-31,erc1155,3,208,111
2026-01-31,erc1155,4,108,1734
2026-01-31,erc1155,5,3,3
2026-01-31,erc1155,6,1547,990
2026-01-31,erc1155,7,58,58
2026-01-31,erc1155,8,2,2
2026-01-31,erc1155,9,520,192
2026-01-31,erc1155,10,24,24
2026-01-31,erc1155,11,16,16
2026-01-31,erc1155,12,3538,2343
2026-01-31,erc1155,13,3524,3502
2026-01-31,erc1155,14,10,12
2026-01-31,erc1155,16,1192,1192
2026-01-31,erc1155,17,497,913
2026-01-31,erc1155,18,4554,713
2026-01-31,erc1155,19,1027,665
2026-01-31,erc1155,20,1938,7361
2026-01-31,erc1155,22,4234,617
2026-01-31,erc1155,23,3516,3696
2026-01-31,erc1155,24,136,136
2026-01-31,erc1155,25,3681,3560
2026-01-31,erc1155,27,3495,3751
2026-01-31,erc1155,29,18574,5444
2026-01-31,erc1155,30,2,2
2026-01-31,erc1155,31,52,52
2026-01-31,erc1155,32,1055,1055
2026-01-30,erc1155,3,49,49
2026-01-30,erc1155,4,357,601
2026-01-30,erc1155,5,27,27
2026-01-30,erc1155,6,755,1060
2026-01-30,erc1155,7,14,14
2026-01-30,erc1155,8,5,5
2026-01-30,erc1155,9,436,957
2026-01-30,erc1155,10,4,4
2026-01-30,erc1155,11,31,31
2026-01-30,erc1155,12,2209,846
2026-01-30,erc1155,13,306,3971
2026-01-30,erc1155,14,9,7
2026-01-30,erc1155,16,138,138
2026-01-30,erc1155,17,1433,535
2026-01-30,erc1155,18,4544,1525
2026-01-30,erc1155,19,565,566
2026-01-30,erc1155,20,923,1008
2026-01-30,erc1155,22,1251,3067
2026-01-30,erc1155,23,594,4905
2026-01-30,erc1155,24,4,4
2026-01-30,erc1155,25,2235,8869
2026-01-30,erc1155,27,3002,3389
2026-01-30,erc1155,28,5,5
2026-01-30,erc1155,29,2128,2571
2026-01-30,erc1155,30,23,23
2026-01-30,erc1155,31,10,10
2026-01-30,erc1155,32,10,740
2026-01-29,erc1155,3,152,160
2026-01-29,erc1155,4,1530,413
2026-01-29,erc1155,5,62,62
2026-01-29,erc1155,6,2426,439
2026-01-29,erc1155,7,108,108
2026-01-29,erc1155,8,35,35
2026-01-29,erc1155,9,366,121
2026-01-29,erc1155,10,8,8
2026-01-29,erc1155,11,8801,8801
2026-01-29,erc1155,12,771,1926
2026-01-29,erc1155,13,5631,2605
2026-01-29,erc1155,14,19,19
2026-01-29,erc1155,16,1339,1339
2026-01-29,erc1155,17,1562,126
2026-01-29,erc1155,18,6735,1173
2026-01-29,erc1155,19,2432,2601
2026-01-29,erc1155,20,6033,141
2026-01-29,erc1155,22,2729,1735
2026-01-29,erc1155,23,2392,1778
2026-01-29,erc1155,24,446,446
2026-01-29,erc1155,25,6705,3210
2026-01-29,erc1155,27,10965,6141
2026-01-29,erc1155,28,131,131
2026-01-29,erc1155,29,23250,17289
2026-01-29,erc1155,30,212,212
2026-01-29,erc1155,31,74,74
2026-01-29,erc1155,32,1881,1881
2026-01-28,erc1155,3,217,809
2026-01-28,erc1155,4,1053,299
2026-01-28,erc1155,5,5,5
2026-01-28,erc1155,6,1454,1223
2026-01-28,erc1155,7,4,4
2026-01-28,erc1155,9,338,299
2026-01-28,erc1155,10,38,38
2026-01-28,erc1155,11,610,610
2026-01-28,erc1155,12,2293,599
2026-01-28,erc1155,13,1736,1895
2026-01-28,erc1155,14,77,77
2026-01-28,erc1155,16,6136,7136
2026-01-28,erc1155,17,1313,3466
2026-01-28,erc1155,18,8377,6532
2026-01-28,erc1155,19,836,666
2026-01-28,erc1155,20,4386,275
2026-01-28,erc1155,22,2817,2483
2026-01-28,erc1155,23,7392,1144
2026-01-28,erc1155,24,110,110
2026-01-28,erc1155,25,8112,3428
2026-01-28,erc1155,27,6027,3876
2026-01-28,erc1155,28,2,2
2026-01-28,erc1155,29,11586,11894
2026-01-28,erc1155,30,158,158
2026-01-28,erc1155,31,51,51
2026-01-28,erc1155,32,3,573
2026-01-27,erc1155,3,800,208
2026-01-27,erc1155,4,224,224
2026-01-27,erc1155,5,15,15
2026-01-27,erc1155,6,204,204
2026-01-27,erc1155,7,43,43
2026-01-27,erc1155,8,1,1
2026-01-27,erc1155,9,714,136
2026-01-27,erc1155,10,24,45
2026-01-27,erc1155,11,526,526
2026-01-27,erc1155,12,674,1477
2026-01-27,erc1155,13,2183,2538
2026-01-27,erc1155,14,11,11
2026-01-27,erc1155,16,5541,4541
2026-01-27,erc1155,17,4581,850
2026-01-27,erc1155,18,6792,1411
2026-01-27,erc1155,19,3687,3687
2026-01-27,erc1155,20,3260,1055
2026-01-27,erc1155,22,1339,7017
2026-01-27,erc1155,23,1891,2617
2026-01-27,erc1155,24,8,8
2026-01-27,erc1155,25,4674,3195
2026-01-27,erc1155,27,8967,3411
2026-01-27,erc1155,28,50,50
2026-01-27,erc1155,29,2954,2646
2026-01-27,erc1155,30,5,5
2026-01-27,erc1155,31,30,30
2026-01-27,erc1155,32,1000,1142
2026-01-26,erc1155,3,132,125
2026-01-26,erc1155,4,158,359
2026-01-26,erc1155,5,72,72
2026-01-26,erc1155,6,87,437
2026-01-26,erc1155,7,21,21
2026-01-26,erc1155,8,7,7
2026-01-26,erc1155,9,517,1194
2026-01-26,erc1155,10,70,49
2026-01-26,erc1155,11,163,163
2026-01-26,erc1155,12,1450,3702
2026-01-26,erc1155,13,2304,2177
2026-01-26,erc1155,14,10,10
2026-01-26,erc1155,16,165,165
2026-01-26,erc1155,17,1752,14246
2026-01-26,erc1155,18,1567,2002
2026-01-26,erc1155,19,1150,1150
2026-01-26,erc1155,20,2100,12119
2026-01-26,erc1155,22,276,869
2026-01-26,erc1155,23,1843,5196
2026-01-26,erc1155,24,52,52
2026-01-26,erc1155,25,2671,503
2026-01-26,erc1155,27,7511,5280
2026-01-26,erc1155,29,2519,2519
2026-01-26,erc1155,30,31,31
2026-01-26,erc1155,32,2,3105
2026-01-25,erc1155,3,1985,1986
2026-01-25,erc1155,4,3542,4296
2026-01-25,erc1155,5,70,70
2026-01-25,erc1155,6,2854,2854
2026-01-25,erc1155,7,253,253
2026-01-25,erc1155,8,209,209
2026-01-25,erc1155,9,12324,11221
2026-01-25,erc1155,10,367,367
2026-01-25,erc1155,11,3356,3356
2026-01-25,erc1155,12,4321,3530
2026-01-25,erc1155,13,4020,2989
2026-01-25,erc1155,14,81,81
2026-01-25,erc1155,16,10195,10195
2026-01-25,erc1155,17,19575,9726
2026-01-25,erc1155,18,19390,20346
2026-01-25,erc1155,19,13611,13611
2026-01-25,erc1155,20,19485,17840
2026-01-25,erc1155,22,9332,21381
2026-01-25,erc1155,23,8953,14422
2026-01-25,erc1155,24,206,206
2026-01-25,erc1155,25,44256,46391
2026-01-25,erc1155,27,41953,39853
2026-01-25,erc1155,28,32,32
2026-01-25,erc1155,29,12673,12673
2026-01-25,erc1155,30,77,77
2026-01-25,erc1155,31,256,256
2026-01-25,erc1155,32,358,10188
2026-01-24,erc1155,3,5423,1521
2026-01-24,erc1155,4,8853,4036
2026-01-24,erc1155,5,378,378
2026-01-24,erc1155,6,30093,30093
2026-01-24,erc1155,7,632,632
2026-01-24,erc1155,8,582,582
2026-01-24,erc1155,9,9951,7171
2026-01-24,erc1155,10,683,683
2026-01-24,erc1155,11,5971,5971
2026-01-24,erc1155,12,16590,16399
2026-01-24,erc1155,13,14412,14412
2026-01-24,erc1155,14,731,731
2026-01-24,erc1155,16,5237,5237
2026-01-24,erc1155,17,13037,6817
2026-01-24,erc1155,18,17713,52834
2026-01-24,erc1155,19,9635,9635
2026-01-24,erc1155,20,18117,15875
2026-01-24,erc1155,22,44735,20776
2026-01-24,erc1155,23,20665,19704
2026-01-24,erc1155,24,581,581
2026-01-24,erc1155,25,65007,53278
2026-01-24,erc1155,27,56738,56922
2026-01-24,erc1155,28,421,421
2026-01-24,erc1155,29,58879,58879
2026-01-24,erc1155,30,548,548
2026-01-24,erc1155,31,570,570
2026-01-24,erc1155,32,1533,8041
2026-01-23,erc1155,3,949,760
2026-01-23,erc1155,4,1944,1949
2026-01-23,erc1155,5,195,195
2026-01-23,erc1155,6,1729,1729
2026-01-23,erc1155,7,178,178
2026-01-23,erc1155,8,365,365
2026-01-23,erc1155,9,4428,2506
2026-01-23,erc1155,10,204,204
2026-01-23,erc1155,11,6394,6394
2026-01-23,erc1155,12,5646,4822
2026-01-23,erc1155,13,12567,8164
2026-01-23,erc1155,14,38,38
2026-01-23,erc1155,16,2923,2923
2026-01-23,erc1155,17,2106,1624
2026-01-23,erc1155,18,30768,30663
2026-01-23,erc1155,19,3507,3507
2026-01-23,erc1155,20,7111,4348
2026-01-23,erc1155,22,10008,10008
2026-01-23,erc1155,23,17904,13984
2026-01-23,erc1155,24,230,230
2026-01-23,erc1155,25,4518,4515
2026-01-23,erc1155,27,38912,39610
2026-01-23,erc1155,28,11,11
2026-01-23,erc1155,29,5961,5961
2026-01-23,erc1155,30,39,39
2026-01-23,erc1155,31,10,10
2026-01-23,erc1155,32,495,9705
2026-01-22,erc1155,3,435,624
2026-01-22,erc1155,4,107,658
2026-01-22,erc1155,5,26,26
2026-01-22,erc1155,6,330,330
2026-01-22,erc1155,7,2,2
2026-01-22,erc1155,8,1,1
2026-01-22,erc1155,9,312,246
2026-01-22,erc1155,10,7,7
2026-01-22,erc1155,11,310,310
2026-01-22,erc1155,12,2317,4884
2026-01-22,erc1155,13,2876,2356
2026-01-22,erc1155,14,28,28
2026-01-22,erc1155,16,5909,5909
2026-01-22,erc1155,17,144,2100
2026-01-22,erc1155,18,4618,6773
2026-01-22,erc1155,19,805,805
2026-01-22,erc1155,20,879,1913
2026-01-22,erc1155,22,839,839
2026-01-22,erc1155,23,711,711
2026-01-22,erc1155,24,7,7
2026-01-22,erc1155,25,1779,1779
2026-01-22,erc1155,27,26638,25756
2026-01-22,erc1155,28,1,1
2026-01-22,erc1155,29,1863,1863
2026-01-22,erc1155,30,1,1
2026-01-22,erc1155,32,194,7624
2026-01-21,erc1155,3,1048,853
2026-01-21,erc1155,4,964,408
2026-01-21,erc1155,5,253,253
2026-01-21,erc1155,6,2117,2117
2026-01-21,erc1155,7,121,121
2026-01-21,erc1155,8,166,166
2026-01-21,erc1155,9,344,332
2026-01-21,erc1155,10,179,179
2026-01-21,erc1155,11,6392,6392
2026-01-21,erc1155,12,4104,1535
2026-01-21,erc1155,13,3252,4337
2026-01-21,erc1155,14,185,185
2026-01-21,erc1155,16,1901,1901
2026-01-21,erc1155,17,3814,2711
2026-01-21,erc1155,18,16147,13010
2026-01-21,erc1155,19,498,1206
2026-01-21,erc1155,20,2724,2285
2026-01-21,erc1155,22,6400,6400
2026-01-21,erc1155,23,2270,2383
2026-01-21,erc1155,24,90,91
2026-01-21,erc1155,25,2115,2115
2026-01-21,erc1155,27,19091,19091
2026-01-21,erc1155,28,3,3
2026-01-21,erc1155,29,15878,15878
2026-01-21,erc1155,30,395,395
2026-01-21,erc1155,31,32,32
2026-01-21,erc1155,32,6749,9013
2026-01-20,erc1155,3,1136,534
2026-01-20,erc1155,4,2467,2467
2026-01-20,erc1155,5,16,16
2026-01-20,erc1155,6,5129,3628
2026-01-20,erc1155,7,49,49
2026-01-20,erc1155,8,18,18
2026-01-20,erc1155,9,2494,350
2026-01-20,erc1155,10,96,96
2026-01-20,erc1155,11,850,850
2026-01-20,erc1155,12,2093,5307
2026-01-20,erc1155,13,4954,5918
2026-01-20,erc1155,14,3,3
2026-01-20,erc1155,16,1016,1931
2026-01-20,erc1155,17,1940,1439
2026-01-20,erc1155,18,6908,6902
2026-01-20,erc1155,19,1855,1423
2026-01-20,erc1155,20,2868,2284
2026-01-20,erc1155,22,5060,3551
2026-01-20,erc1155,23,2209,2190
2026-01-20,erc1155,24,106,105
2026-01-20,erc1155,25,1515,1515
2026-01-20,erc1155,27,9783,11695
2026-01-20,erc1155,28,130,130
2026-01-20,erc1155,29,2958,2958
2026-01-20,erc1155,30,5,5
2026-01-20,erc1155,31,11,11
2026-01-20,erc1155,32,5146,14873
2026-01-19,erc1155,3,197,79
2026-01-19,erc1155,4,54,54
2026-01-19,erc1155,5,14,14
2026-01-19,erc1155,6,2387,4762
2026-01-19,erc1155,7,104,104
2026-01-19,erc1155,8,23,23
2026-01-19,erc1155,9,106,285
2026-01-19,erc1155,10,10,10
2026-01-19,erc1155,11,1198,1198
2026-01-19,erc1155,12,1020,2422
2026-01-19,erc1155,13,4198,2767
2026-01-19,erc1155,14,2,2
2026-01-19,erc1155,16,2479,1564
2026-01-19,erc1155,17,512,1132
2026-01-19,erc1155,18,19978,11487
2026-01-19,erc1155,19,381,105
2026-01-19,erc1155,20,183,174
2026-01-19,erc1155,22,778,451
2026-01-19,erc1155,23,517,443
2026-01-19,erc1155,24,20,20
2026-01-19,erc1155,25,2829,2829
2026-01-19,erc1155,27,25167,23255
2026-01-19,erc1155,28,11,11
2026-01-19,erc1155,29,2475,2475
2026-01-19,erc1155,30,32,32
2026-01-19,erc1155,31,50,50
2026-01-19,erc1155,32,7,7
2026-01-15,erc1155,3,12,42
2026-01-15,erc1155,4,6,6
2026-01-15,erc1155,5,14,14
2026-01-15,erc1155,6,1,124
2026-01-15,erc1155,7,29,29
2026-01-15,erc1155,9,260,112
2026-01-15,erc1155,12,225,1097
2026-01-15,erc1155,13,0,866
2026-01-15,erc1155,14,10,10
2026-01-15,erc1155,16,60,550
2026-01-15,erc1155,17,12,76
2026-01-15,erc1155,18,2103,1092
2026-01-15,erc1155,19,34,34
2026-01-15,erc1155,20,36,220
2026-01-15,erc1155,22,68,101
2026-01-15,erc1155,23,667,647
2026-01-15,erc1155,25,220,220
2026-01-15,erc1155,27,42,42
2026-01-15,erc1155,28,1,1
2026-01-15,erc1155,29,10,10
2026-01-15,erc1155,30,4,4
2026-01-14,erc1155,3,273,243
2026-01-14,erc1155,4,156,156
2026-01-14,erc1155,5,15,15
2026-01-14,erc1155,6,3548,2070
2026-01-14,erc1155,7,8,8
2026-01-14,erc1155,8,61,61
2026-01-14,erc1155,9,290,320
2026-01-14,erc1155,10,30,30
2026-01-14,erc1155,11,346,346
2026-01-14,erc1155,12,2696,443
2026-01-14,erc1155,13,3273,5315
2026-01-14,erc1155,14,41,41
2026-01-14,erc1155,16,748,260
2026-01-14,erc1155,17,2182,1146
2026-01-14,erc1155,18,6931,8870
2026-01-14,erc1155,19,604,604
2026-01-14,erc1155,20,996,3509
2026-01-14,erc1155,22,265,224
2026-01-14,erc1155,23,1024,1024
2026-01-14,erc1155,24,10,10
2026-01-14,erc1155,25,1423,1423
2026-01-14,erc1155,27,1632,1644
2026-01-14,erc1155,29,1184,1184
2026-01-14,erc1155,30,48,48
2026-01-14,erc1155,31,18,18
2026-01-14,erc1155,32,586,5586
2026-01-13,erc1155,3,14,14
2026-01-13,erc1155,4,83,157
2026-01-13,erc1155,5,5,5
2026-01-13,erc1155,6,1220,598
2026-01-13,erc1155,7,14,14
2026-01-13,erc1155,9,148,87
2026-01-13,erc1155,11,360,360
2026-01-13,erc1155,12,233,618
2026-01-13,erc1155,13,428,825
2026-01-13,erc1155,14,7,7
2026-01-13,erc1155,16,1422,1420
2026-01-13,erc1155,17,21,157
2026-01-13,erc1155,18,3225,5830
2026-01-13,erc1155,19,102,102
2026-01-13,erc1155,20,1073,410
2026-01-13,erc1155,22,260,260
2026-01-13,erc1155,23,127,252
2026-01-13,erc1155,25,535,536
2026-01-13,erc1155,27,814,3075
2026-01-13,erc1155,28,2,2
2026-01-13,erc1155,29,508,508
2026-01-12,erc1155,4,8,220
2026-01-12,erc1155,6,0,58
2026-01-12,erc1155,9,6,24
2026-01-12,erc1155,11,0,10
2026-01-12,erc1155,12,5,20
2026-01-12,erc1155,13,0,3
2026-01-12,erc1155,17,10,51
2026-01-12,erc1155,18,190,2705
2026-01-12,erc1155,20,15,66
2026-01-12,erc1155,22,95,95
2026-01-12,erc1155,23,3,6
2026-01-12,erc1155,25,101,100
2026-01-12,erc1155,27,7,2330
2026-01-11,erc1155,3,609,609
2026-01-11,erc1155,4,152,540
2026-01-11,erc1155,6,5507,220
2026-01-11,erc1155,7,10,10
2026-01-11,erc1155,8,10,10
2026-01-11,erc1155,9,24,6
2026-01-11,erc1155,11,4750,4740
2026-01-11,erc1155,12,689,59
2026-01-11,erc1155,13,3402,94
2026-01-11,erc1155,14,1,1
2026-01-11,erc1155,16,920,920
2026-01-11,erc1155,17,39,197
2026-01-11,erc1155,18,162,64
2026-01-11,erc1155,20,33,185
2026-01-11,erc1155,22,5,5
2026-01-11,erc1155,23,436,308
2026-01-11,erc1155,25,132,132
2026-01-11,erc1155,27,3790,1966
2026-01-11,erc1155,28,50,50
2026-01-11,erc1155,29,4095,4095
2026-01-10,erc1155,3,24,63
2026-01-10,erc1155,4,836,584
2026-01-10,erc1155,5,22,22
2026-01-10,erc1155,6,42,42
2026-01-10,erc1155,7,5,5
2026-01-10,erc1155,9,37,134
2026-01-10,erc1155,10,13,13
2026-01-10,erc1155,11,629,629
2026-01-10,erc1155,12,114,600
2026-01-10,erc1155,13,81,81
2026-01-10,erc1155,14,11,11
2026-01-10,erc1155,16,50,50
2026-01-10,erc1155,17,101,579
2026-01-10,erc1155,18,67,3534
2026-01-10,erc1155,19,54,54
2026-01-10,erc1155,20,35,1068
2026-01-10,erc1155,22,197,197
2026-01-10,erc1155,23,93,93
2026-01-10,erc1155,24,43,43
2026-01-10,erc1155,25,253,253
2026-01-10,erc1155,27,163,163
2026-01-10,erc1155,29,284,284
2026-01-10,erc1155,32,500,500
2026-01-05,erc1155,3,56,17
2026-01-05,erc1155,4,29,452
2026-01-05,erc1155,6,258,258
2026-01-05,erc1155,7,11,11
2026-01-05,erc1155,8,5,5
2026-01-05,erc1155,9,117,20
2026-01-05,erc1155,11,981,981
2026-01-05,erc1155,12,182,762
2026-01-05,erc1155,13,763,763
2026-01-05,erc1155,17,356,64
2026-01-05,erc1155,18,216,152
2026-01-05,erc1155,19,180,180
2026-01-05,erc1155,20,553,231
2026-01-05,erc1155,22,22,22
2026-01-05,erc1155,23,280,291
2026-01-05,erc1155,24,4,4
2026-01-05,erc1155,25,138,138
2026-01-05,erc1155,27,87,87
2026-01-05,erc1155,29,218,218
2026-01-05,erc1155,30,7,7
2026-01-04,erc1155,3,439,482
2026-01-04,erc1155,4,1336,832
2026-01-04,erc1155,5,46,46
2026-01-04,erc1155,6,1397,1425
2026-01-04,erc1155,7,23,23
2026-01-04,erc1155,8,6,6
2026-01-04,erc1155,9,913,2232
2026-01-04,erc1155,10,20,20
2026-01-04,erc1155,11,1019,1072
2026-01-04,erc1155,12,3442,1258
2026-01-04,erc1155,13,3235,2230
2026-01-04,erc1155,14,6,6
2026-01-04,erc1155,16,1367,1367
2026-01-04,erc1155,17,1798,749
2026-01-04,erc1155,18,5282,1650
2026-01-04,erc1155,19,2028,2028
2026-01-04,erc1155,20,2231,2312
2026-01-04,erc1155,22,1093,1093
2026-01-04,erc1155,23,836,7529
2026-01-04,erc1155,24,24,24
2026-01-04,erc1155,25,3731,3732
2026-01-04,erc1155,27,11956,13925
2026-01-04,erc1155,28,4,4
2026-01-04,erc1155,29,6867,6867
2026-01-04,erc1155,30,105,105
2026-01-04,erc1155,31,16,16
2026-01-04,erc1155,32,11777,11777
2026-01-03,erc1155,3,46,3
2026-01-03,erc1155,4,357,41
2026-01-03,erc1155,5,8,8
2026-01-03,erc1155,6,43,81
2026-01-03,erc1155,7,1,1
2026-01-03,erc1155,9,46,0
2026-01-03,erc1155,11,78,25
2026-01-03,erc1155,12,501,110
2026-01-03,erc1155,13,580,1015
2026-01-03,erc1155,14,5,5
2026-01-03,erc1155,16,50,82
2026-01-03,erc1155,17,260,0
2026-01-03,erc1155,18,186,35
2026-01-03,erc1155,20,193,41
2026-01-03,erc1155,22,12,109
2026-01-03,erc1155,23,12,0
2026-01-03,erc1155,24,3,3
2026-01-03,erc1155,25,524,523
2026-01-03,erc1155,27,300,2020
2026-01-03,erc1155,30,62,62
2026-01-02,erc1155,3,412,412
2026-01-02,erc1155,4,837,813
2026-01-02,erc1155,5,120,120
2026-01-02,erc1155,6,912,846
2026-01-02,erc1155,7,22,22
2026-01-02,erc1155,8,79,79
2026-01-02,erc1155,9,2102,1531
2026-01-02,erc1155,10,18,18
2026-01-02,erc1155,11,244,244
2026-01-02,erc1155,12,1551,771
2026-01-02,erc1155,13,2490,1557
2026-01-02,erc1155,14,14,14
2026-01-02,erc1155,16,1135,1103
2026-01-02,erc1155,17,3710,482
2026-01-02,erc1155,18,6960,574
2026-01-02,erc1155,19,853,854
2026-01-02,erc1155,20,898,1692
2026-01-02,erc1155,22,2725,2629
2026-01-02,erc1155,23,13475,1493
2026-01-02,erc1155,25,2200,2200
2026-01-02,erc1155,27,23469,17008
2026-01-02,erc1155,29,1688,1688
2026-01-02,erc1155,32,100,100
2026-01-01,erc1155,3,393,393
2026-01-01,erc1155,4,340,354
2026-01-01,erc1155,5,22,22
2026-01-01,erc1155,6,2463,1312
2026-01-01,erc1155,7,18,18
2026-01-01,erc1155,8,4,4
2026-01-01,erc1155,9,5194,2281
2026-01-01,erc1155,10,33,33
2026-01-01,erc1155,11,400,400
2026-01-01,erc1155,12,950,796
2026-01-01,erc1155,13,3154,2920
2026-01-01,erc1155,14,20,20
2026-01-01,erc1155,16,1507,1507
2026-01-01,erc1155,17,4280,4944
2026-01-01,erc1155,18,2796,2185
2026-01-01,erc1155,19,475,474
2026-01-01,erc1155,20,1241,4628
2026-01-01,erc1155,22,2930,2929
2026-01-01,erc1155,23,2797,3907
2026-01-01,erc1155,24,23,23
2026-01-01,erc1155,25,2156,2156
2026-01-01,erc1155,27,5716,6265
2026-01-01,erc1155,28,12,12
2026-01-01,erc1155,29,469,469
2026-01-01,erc1155,30,21,21
2026-01-01,erc1155,32,10,10
2025-12-31,erc1155,3,730,1038
2025-12-31,erc1155,4,1137,9221
2025-12-31,erc1155,5,352,352
2025-12-31,erc1155,6,2546,5600
2025-12-31,erc1155,7,7,7
2025-12-31,erc1155,8,48,48
2025-12-31,erc1155,9,2344,9169
2025-12-31,erc1155,10,54,54
2025-12-31,erc1155,11,841,841
2025-12-31,erc1155,12,1786,1699
2025-12-31,erc1155,13,5889,7608
2025-12-31,erc1155,16,508,508
2025-12-31,erc1155,17,3125,696
2025-12-31,erc1155,18,12299,5231
2025-12-31,erc1155,19,1570,1607
2025-12-31,erc1155,20,8395,4603
2025-12-31,erc1155,22,2169,2205
2025-12-31,erc1155,23,1502,577
2025-12-31,erc1155,25,3543,3543
2025-12-31,erc1155,27,3249,6650
2025-12-31,erc1155,29,961,961
2025-12-31,erc1155,32,905,905
2025-12-30,erc1155,3,455,2235
2025-12-30,erc1155,4,8862,1489
2025-12-30,erc1155,5,68,68
2025-12-30,erc1155,6,6701,3647
2025-12-30,erc1155,7,41,41
2025-12-30,erc1155,8,23,26
2025-12-30,erc1155,9,8999,1612
2025-12-30,erc1155,10,56,56
2025-12-30,erc1155,11,1486,1486
2025-12-30,erc1155,12,1066,882
2025-12-30,erc1155,13,6087,4384
2025-12-30,erc1155,14,51,51
2025-12-30,erc1155,16,543,543
2025-12-30,erc1155,17,2696,2215
2025-12-30,erc1155,18,13338,13562
2025-12-30,erc1155,19,555,518
2025-12-30,erc1155,20,9178,7463
2025-12-30,erc1155,22,6282,6246
2025-12-30,erc1155,23,1695,2813
2025-12-30,erc1155,24,54,54
2025-12-30,erc1155,25,4877,4877
2025-12-30,erc1155,27,26128,22178
2025-12-30,erc1155,28,116,116
2025-12-30,erc1155,29,5146,5146
2025-12-30,erc1155,30,126,136
2025-12-30,erc1155,32,6246,6246
2025-12-29,erc1155,3,2699,611
2025-12-29,erc1155,4,1139,1909
2025-12-29,erc1155,5,9,9
2025-12-29,erc1155,6,3658,4276
2025-12-29,erc1155,7,51,51
2025-12-29,erc1155,8,10,7
2025-12-29,erc1155,9,1461,3064
2025-12-29,erc1155,10,2,2
2025-12-29,erc1155,11,161,161
2025-12-29,erc1155,12,660,659
2025-12-29,erc1155,13,3993,3977
2025-12-29,erc1155,14,10,10
2025-12-29,erc1155,16,786,786
2025-12-29,erc1155,17,1765,932
2025-12-29,erc1155,18,10342,9393
2025-12-29,erc1155,19,932,932
2025-12-29,erc1155,20,6490,1376
2025-12-29,erc1155,22,1790,1790
2025-12-29,erc1155,23,2551,1248
2025-12-29,erc1155,24,46,46
2025-12-29,erc1155,25,12336,12336
2025-12-29,erc1155,27,14528,14528
2025-12-29,erc1155,28,45,45
2025-12-29,erc1155,29,1884,1884
2025-12-29,erc1155,30,96,86
2025-12-29,erc1155,31,350,350
2025-12-29,erc1155,32,1555,1555
2025-12-28,erc1155,3,1100,1131
2025-12-28,erc1155,4,2001,517
2025-12-28,erc1155,5,37,37
2025-12-28,erc1155,6,1234,624
2025-12-28,erc1155,7,118,118
2025-12-28,erc1155,8,10,10
2025-12-28,erc1155,9,689,4114
2025-12-28,erc1155,10,293,293
2025-12-28,erc1155,11,1973,1973
2025-12-28,erc1155,12,130,130
2025-12-28,erc1155,13,1729,2921
2025-12-28,erc1155,14,27,27
2025-12-28,erc1155,16,108,231
2025-12-28,erc1155,17,1395,2624
2025-12-28,erc1155,18,14102,10400
2025-12-28,erc1155,19,1013,1013
2025-12-28,erc1155,20,1943,1922
2025-12-28,erc1155,22,189,189
2025-12-28,erc1155,23,810,810
2025-12-28,erc1155,24,80,80
2025-12-28,erc1155,25,1826,1826
2025-12-28,erc1155,27,981,981
2025-12-28,erc1155,28,5,5
2025-12-28,erc1155,29,469,469
2025-12-28,erc1155,30,17,17
2025-12-28,erc1155,31,12,12
2025-12-28,erc1155,32,100,100
2025-12-27,erc1155,3,52,21
2025-12-27,erc1155,4,36,24
2025-12-27,erc1155,5,66,66
2025-12-27,erc1155,6,353,353
2025-12-27,erc1155,7,124,124
2025-12-27,erc1155,8,2,2
2025-12-27,erc1155,9,187,159
2025-12-27,erc1155,10,53,53
2025-12-27,erc1155,11,117,117
2025-12-27,erc1155,12,184,184
2025-12-27,erc1155,13,1562,370
2025-12-27,erc1155,14,1,1
2025-12-27,erc1155,16,2432,2309
2025-12-27,erc1155,17,1940,4036
2025-12-27,erc1155,18,2154,6531
2025-12-27,erc1155,19,344,344
2025-12-27,erc1155,20,1247,5260
2025-12-27,erc1155,22,360,360
2025-12-27,erc1155,23,632,632
2025-12-27,erc1155,24,42,42
2025-12-27,erc1155,25,228,228
2025-12-27,erc1155,27,1299,1299
2025-12-27,erc1155,28,9,9
2025-12-27,erc1155,29,58,58
2025-12-27,erc1155,30,35,35
2025-12-27,erc1155,32,141,141
2025-12-26,erc1155,3,1014,1019
2025-12-26,erc1155,4,627,627
2025-12-26,erc1155,5,86,86
2025-12-26,erc1155,6,1103,1103
2025-12-26,erc1155,7,176,176
2025-12-26,erc1155,8,142,142
2025-12-26,erc1155,9,930,933
2025-12-26,erc1155,10,364,364
2025-12-26,erc1155,11,389,389
2025-12-26,erc1155,12,1373,3069
2025-12-26,erc1155,13,2369,2370
2025-12-26,erc1155,14,33,33
2025-12-26,erc1155,16,1933,1933
2025-12-26,erc1155,17,4252,793
2025-12-26,erc1155,18,14749,18806
2025-12-26,erc1155,19,1848,1848
2025-12-26,erc1155,20,8106,4085
2025-12-26,erc1155,22,1596,3667
2025-12-26,erc1155,23,2567,2567
2025-12-26,erc1155,24,219,219
2025-12-26,erc1155,25,5142,5143
2025-12-26,erc1155,27,12517,12532
2025-12-26,erc1155,28,10,10
2025-12-26,erc1155,29,894,894
2025-12-26,erc1155,30,364,364
2025-12-26,erc1155,31,41,41
2025-12-26,erc1155,32,140,140
2025-12-25,erc1155,3,433,826
2025-12-25,erc1155,4,346,346
2025-12-25,erc1155,5,9,9
2025-12-25,erc1155,6,313,313
2025-12-25,erc1155,7,74,74
2025-12-25,erc1155,8,9,9
2025-12-25,erc1155,9,968,6429
2025-12-25,erc1155,10,86,86
2025-12-25,erc1155,11,1350,1350
2025-12-25,erc1155,12,2929,6196
2025-12-25,erc1155,13,1001,1000
2025-12-25,erc1155,14,75,75
2025-12-25,erc1155,16,898,898
2025-12-25,erc1155,17,685,8179
2025-12-25,erc1155,18,13221,7879
2025-12-25,erc1155,19,583,1179
2025-12-25,erc1155,20,1421,2977
2025-12-25,erc1155,22,4151,2080
2025-12-25,erc1155,23,303,3061
2025-12-25,erc1155,24,68,68
2025-12-25,erc1155,25,2245,2954
2025-12-25,erc1155,27,7939,7924
2025-12-25,erc1155,28,2,2
2025-12-25,erc1155,29,2149,2149
2025-12-25,erc1155,30,5,5
2025-12-25,erc1155,31,4,4
2025-12-25,erc1155,32,98,98
2025-12-24,erc1155,3,801,403
2025-12-24,erc1155,4,3362,3362
2025-12-24,erc1155,5,22,22
2025-12-24,erc1155,6,2841,2841
2025-12-24,erc1155,7,37,37
2025-12-24,erc1155,8,8,8
2025-12-24,erc1155,9,12687,2223
2025-12-24,erc1155,10,79,79
2025-12-24,erc1155,11,1601,1601
2025-12-24,erc1155,12,5247,2140
2025-12-24,erc1155,13,6252,7586
2025-12-24,erc1155,14,236,236
2025-12-24,erc1155,16,3698,3698
2025-12-24,erc1155,17,19927,5077
2025-12-24,erc1155,18,17170,25528
2025-12-24,erc1155,19,1556,960
2025-12-24,erc1155,20,4556,4606
2025-12-24,erc1155,22,11240,11240
2025-12-24,erc1155,23,14890,13058
2025-12-24,erc1155,24,92,92
2025-12-24,erc1155,25,14939,14229
2025-12-24,erc1155,27,27394,32384
2025-12-24,erc1155,28,12,12
2025-12-24,erc1155,29,17961,17961
2025-12-24,erc1155,30,75,75
2025-12-24,erc1155,31,1053,1053
2025-12-24,erc1155,32,1769,1769
2025-12-23,erc1155,3,1026,2195
2025-12-23,erc1155,4,295,558
2025-12-23,erc1155,5,38,38
2025-12-23,erc1155,6,654,736
2025-12-23,erc1155,7,24,24
2025-12-23,erc1155,8,22,22
2025-12-23,erc1155,9,1101,2748
2025-12-23,erc1155,10,9,9
2025-12-23,erc1155,11,1925,1925
2025-12-23,erc1155,12,3560,4965
2025-12-23,erc1155,13,3288,3288
2025-12-23,erc1155,14,22,22
2025-12-23,erc1155,16,3669,3669
2025-12-23,erc1155,17,2556,13921
2025-12-23,erc1155,18,3301,16442
2025-12-23,erc1155,19,540,540
2025-12-23,erc1155,20,9475,12183
2025-12-23,erc1155,22,3059,3079
2025-12-23,erc1155,23,2747,5270
2025-12-23,erc1155,24,40,40
2025-12-23,erc1155,25,1141,1141
2025-12-23,erc1155,27,7142,16252
2025-12-23,erc1155,29,1352,1352
2025-12-23,erc1155,30,110,110
2025-12-23,erc1155,31,5,5
2025-12-23,erc1155,32,9,9
2025-12-22,erc1155,3,1630,837
2025-12-22,erc1155,4,454,3935
2025-12-22,erc1155,5,17,17
2025-12-22,erc1155,6,3193,3808
2025-12-22,erc1155,7,21,26
2025-12-22,erc1155,8,50,50
2025-12-22,erc1155,9,2424,1009
2025-12-22,erc1155,10,64,64
2025-12-22,erc1155,11,1670,1670
2025-12-22,erc1155,12,4128,2874
2025-12-22,erc1155,13,5302,5302
2025-12-22,erc1155,14,16,16
2025-12-22,erc1155,16,9414,9414
2025-12-22,erc1155,17,16603,5986
2025-12-22,erc1155,18,41335,4728
2025-12-22,erc1155,19,290,290
2025-12-22,erc1155,20,9281,6912
2025-12-22,erc1155,22,1470,1450
2025-12-22,erc1155,23,17216,14976
2025-12-22,erc1155,24,10,10
2025-12-22,erc1155,25,22005,22005
2025-12-22,erc1155,27,34222,20122
2025-12-22,erc1155,28,111,111
2025-12-22,erc1155,29,984,984
2025-12-22,erc1155,30,43,43
2025-12-22,erc1155,31,7,7
2025-12-22,erc1155,32,547,547
2025-12-21,erc1155,3,1667,3691
2025-12-21,erc1155,4,420,3017
2025-12-21,erc1155,5,11,11
2025-12-21,erc1155,6,4196,3499
2025-12-21,erc1155,7,43,38
2025-12-21,erc1155,8,3,8
2025-12-21,erc1155,9,648,779
2025-12-21,erc1155,10,6,6
2025-12-21,erc1155,11,2348,2348
2025-12-21,erc1155,12,1680,2557
2025-12-21,erc1155,13,2516,2630
2025-12-21,erc1155,14,7,7
2025-12-21,erc1155,16,253,253
2025-12-21,erc1155,17,8363,4932
2025-12-21,erc1155,18,4005,2263
2025-12-21,erc1155,19,235,235
2025-12-21,erc1155,20,4288,2612
2025-12-21,erc1155,22,7033,8150
2025-12-21,erc1155,23,2388,2264
2025-12-21,erc1155,24,19,19
2025-12-21,erc1155,25,1444,1444
2025-12-21,erc1155,27,3141,3742
2025-12-21,erc1155,28,25,25
2025-12-21,erc1155,29,1047,1047
2025-12-21,erc1155,30,51,51
2025-12-21,erc1155,31,242,242
2025-12-21,erc1155,32,35,35
2025-12-20,erc1155,3,168,168
2025-12-20,erc1155,4,2834,3118
2025-12-20,erc1155,5,27,27
2025-12-20,erc1155,6,8687,8687
2025-12-20,erc1155,7,23,23
2025-12-20,erc1155,8,25,20
2025-12-20,erc1155,9,1267,904
2025-12-20,erc1155,10,79,79
2025-12-20,erc1155,11,10214,10214
2025-12-20,erc1155,12,2989,1568
2025-12-20,erc1155,13,5725,5611
2025-12-20,erc1155,14,11,11
2025-12-20,erc1155,16,1079,1079
2025-12-20,erc1155,17,9142,10105
2025-12-20,erc1155,18,1089,964
2025-12-20,erc1155,19,1080,1080
2025-12-20,erc1155,20,1897,1809
2025-12-20,erc1155,22,4477,3360
2025-12-20,erc1155,23,1919,834
2025-12-20,erc1155,24,124,124
2025-12-20,erc1155,25,4347,4347
2025-12-20,erc1155,27,11027,10426
2025-12-20,erc1155,28,63,63
2025-12-20,erc1155,29,1673,1673
2025-12-20,erc1155,31,14,14
2025-12-20,erc1155,32,2000,2000
2025-12-19,erc1155,3,950,1208
2025-12-19,erc1155,4,2948,2840
2025-12-19,erc1155,5,20,20
2025-12-19,erc1155,6,1439,1440
2025-12-19,erc1155,7,11,11
2025-12-19,erc1155,8,4,4
2025-12-19,erc1155,9,571,684
2025-12-19,erc1155,10,3,3
2025-12-19,erc1155,11,1118,1118
2025-12-19,erc1155,12,4337,9642
2025-12-19,erc1155,13,3070,3070
2025-12-19,erc1155,14,81,81
2025-12-19,erc1155,16,372,372
2025-12-19,erc1155,17,1739,3325
2025-12-19,erc1155,18,1972,5432
2025-12-19,erc1155,19,505,505
2025-12-19,erc1155,20,12858,13829
2025-12-19,erc1155,22,1354,1354
2025-12-19,erc1155,23,1833,11566
2025-12-19,erc1155,24,59,59
2025-12-19,erc1155,25,1978,1978
2025-12-19,erc1155,27,9117,9117
2025-12-19,erc1155,28,2,2
2025-12-19,erc1155,29,1504,1504
2025-12-19,erc1155,30,1068,1068
2025-12-19,erc1155,31,10,10
2025-12-19,erc1155,32,38,38
2025-12-18,erc1155,3,8449,608
2025-12-18,erc1155,4,7098,929
2025-12-18,erc1155,5,30,30
2025-12-18,erc1155,6,13750,14073
2025-12-18,erc1155,7,94,94
2025-12-18,erc1155,8,15,15
2025-12-18,erc1155,9,2192,2202
2025-12-18,erc1155,10,30,30
2025-12-18,erc1155,11,20262,20262
2025-12-18,erc1155,12,15847,7711
2025-12-18,erc1155,13,33837,28647
2025-12-18,erc1155,14,109,109
2025-12-18,erc1155,16,31618,31618
2025-12-18,erc1155,17,14256,9374
2025-12-18,erc1155,18,20038,18247
2025-12-18,erc1155,19,12559,13924
2025-12-18,erc1155,20,8070,7007
2025-12-18,erc1155,22,19107,20132
2025-12-18,erc1155,23,17052,8487
2025-12-18,erc1155,24,31,31
2025-12-18,erc1155,25,10066,11271
2025-12-18,erc1155,27,23402,24814
2025-12-18,erc1155,28,38,38
2025-12-18,erc1155,29,1729,1729
2025-12-18,erc1155,30,187,187
2025-12-18,erc1155,31,15,15
2025-12-18,erc1155,32,1713,2713
2025-12-17,erc1155,3,337,77
2025-12-17,erc1155,4,1320,972
2025-12-17,erc1155,5,37,37
2025-12-17,erc1155,6,2346,2022
2025-12-17,erc1155,7,28,28
2025-12-17,erc1155,8,21,21
2025-12-17,erc1155,9,790,1504
2025-12-17,erc1155,10,63,63
2025-12-17,erc1155,11,6107,6107
2025-12-17,erc1155,12,5843,5674
2025-12-17,erc1155,13,3028,2977
2025-12-17,erc1155,14,14,14
2025-12-17,erc1155,16,1264,1264
2025-12-17,erc1155,17,5841,7144
2025-12-17,erc1155,18,10587,28468
2025-12-17,erc1155,19,1481,116
2025-12-17,erc1155,20,6657,9809
2025-12-17,erc1155,22,3251,2226
2025-12-17,erc1155,23,1393,225
2025-12-17,erc1155,24,55,55
2025-12-17,erc1155,25,13940,12735
2025-12-17,erc1155,27,22329,20917
2025-12-17,erc1155,28,100,100
2025-12-17,erc1155,29,3340,3340
2025-12-17,erc1155,30,47,47
2025-12-17,erc1155,31,14,14
2025-12-17,erc1155,32,1045,1045
2025-12-16,erc1155,3,468,522
2025-12-16,erc1155,4,1488,2781
2025-12-16,erc1155,5,13,13
2025-12-16,erc1155,6,19,11
2025-12-16,erc1155,7,11,13
2025-12-16,erc1155,8,19,19
2025-12-16,erc1155,9,3735,5109
2025-12-16,erc1155,10,13,13
2025-12-16,erc1155,11,2005,2005
2025-12-16,erc1155,12,586,586
2025-12-16,erc1155,13,3431,3431
2025-12-16,erc1155,14,50,50
2025-12-16,erc1155,16,611,611
2025-12-16,erc1155,17,6398,12297
2025-12-16,erc1155,18,21024,6660
2025-12-16,erc1155,19,181,181
2025-12-16,erc1155,20,1003,8182
2025-12-16,erc1155,22,220,220
2025-12-16,erc1155,23,100,100
2025-12-16,erc1155,24,39,39
2025-12-16,erc1155,25,5932,8109
2025-12-16,erc1155,27,6988,6988
2025-12-16,erc1155,29,326,326
2025-12-16,erc1155,30,10,10
2025-12-16,erc1155,31,2,2
2025-12-16,erc1155,32,1168,1168
2025-12-15,erc1155,3,218,164
2025-12-15,erc1155,4,2936,1643
2025-12-15,erc1155,5,15,15
2025-12-15,erc1155,6,3668,3668
2025-12-15,erc1155,7,17,15
2025-12-15,erc1155,8,99,99
2025-12-15,erc1155,9,3426,1215
2025-12-15,erc1155,10,9,9
2025-12-15,erc1155,11,3570,3570
2025-12-15,erc1155,12,605,605
2025-12-15,erc1155,13,3987,3987
2025-12-15,erc1155,14,12,12
2025-12-15,erc1155,16,5244,5244
2025-12-15,erc1155,17,9459,2114
2025-12-15,erc1155,18,6075,669
2025-12-15,erc1155,19,350,350
2025-12-15,erc1155,20,13661,3241
2025-12-15,erc1155,22,1905,1905
2025-12-15,erc1155,23,953,953
2025-12-15,erc1155,24,14,14
2025-12-15,erc1155,25,11023,8846
2025-12-15,erc1155,27,10212,10212
2025-12-15,erc1155,29,3402,3402
2025-12-15,erc1155,30,179,179
2025-12-15,erc1155,31,106,106
2025-12-15,erc1155,32,5,5
2025-12-14,erc1155,3,496,496
2025-12-14,erc1155,4,5634,5634
2025-12-14,erc1155,5,16,16
2025-12-14,erc1155,6,575,575
2025-12-14,erc1155,7,2,2
2025-12-14,erc1155,8,52,52
2025-12-14,erc1155,9,2550,2550
2025-12-14,erc1155,10,123,123
2025-12-14,erc1155,11,2131,2131
2025-12-14,erc1155,12,951,951
2025-12-14,erc1155,13,365,365
2025-12-14,erc1155,16,1518,1518
2025-12-14,erc1155,17,3017,3017
2025-12-14,erc1155,18,3294,3294
2025-12-14,erc1155,19,304,304
2025-12-14,erc1155,20,17396,17396
2025-12-14,erc1155,22,225,225
2025-12-14,erc1155,23,159,159
2025-12-14,erc1155,24,3,3
2025-12-14,erc1155,25,2819,2819
2025-12-14,erc1155,27,2810,2810
2025-12-14,erc1155,28,87,87
2025-12-14,erc1155,29,2680,2680
2025-12-14,erc1155,30,70,70
2025-12-14,erc1155,31,195,195
2025-12-14,erc1155,32,495,495
2025-12-13,erc1155,3,803,803
2025-12-13,erc1155,4,414,414
2025-12-13,erc1155,5,25,25
2025-12-13,erc1155,6,564,564
2025-12-13,erc1155,7,27,27
2025-12-13,erc1155,8,88,94
2025-12-13,erc1155,9,873,873
2025-12-13,erc1155,10,14,14
2025-12-13,erc1155,11,25,25
2025-12-13,erc1155,12,615,615
2025-12-13,erc1155,13,494,494
2025-12-13,erc1155,14,10,10
2025-12-13,erc1155,16,157,157
2025-12-13,erc1155,17,247,247
2025-12-13,erc1155,18,929,929
2025-12-13,erc1155,19,781,781
2025-12-13,erc1155,20,400,400
2025-12-13,erc1155,22,293,293
2025-12-13,erc1155,23,109,109
2025-12-13,erc1155,24,29,29
2025-12-13,erc1155,25,865,865
2025-12-13,erc1155,27,1607,1607
2025-12-13,erc1155,28,1,1
2025-12-13,erc1155,29,444,444
2025-12-13,erc1155,30,2,2
2025-12-13,erc1155,31,100,100
2025-12-13,erc1155,32,10,10
2025-12-12,erc1155,3,177,240
2025-12-12,erc1155,4,455,455
2025-12-12,erc1155,5,63,63
2025-12-12,erc1155,6,2087,2087
2025-12-12,erc1155,7,24,24
2025-12-12,erc1155,8,99,93
2025-12-12,erc1155,9,793,1148
2025-12-12,erc1155,10,49,132
2025-12-12,erc1155,11,11123,11123
2025-12-12,erc1155,12,2332,2336
2025-12-12,erc1155,13,840,840
2025-12-12,erc1155,14,2,2
2025-12-12,erc1155,16,6092,6092
2025-12-12,erc1155,17,845,1000
2025-12-12,erc1155,18,1775,1775
2025-12-12,erc1155,19,1015,1015
2025-12-12,erc1155,20,2152,2178
2025-12-12,erc1155,22,1074,1074
2025-12-12,erc1155,23,803,803
2025-12-12,erc1155,24,130,130
2025-12-12,erc1155,25,4122,4182
2025-12-12,erc1155,27,6071,9620
2025-12-12,erc1155,28,10,10
2025-12-12,erc1155,29,5642,5645
2025-12-12,erc1155,30,1267,1267
2025-12-12,erc1155,31,531,531
2025-12-12,erc1155,32,252,252
2025-12-11,erc1155,3,116,92
2025-12-11,erc1155,4,227,227
2025-12-11,erc1155,6,647,647
2025-12-11,erc1155,7,17,17
2025-12-11,erc1155,9,639,2920
2025-12-11,erc1155,10,150,88
2025-12-11,erc1155,11,16,16
2025-12-11,erc1155,12,168,164
2025-12-11,erc1155,13,405,405
2025-12-11,erc1155,14,3,3
2025-12-11,erc1155,16,921,921
2025-12-11,erc1155,17,517,367
2025-12-11,erc1155,18,379,1059
2025-12-11,erc1155,19,205,205
2025-12-11,erc1155,20,659,633
2025-12-11,erc1155,22,1,1
2025-12-11,erc1155,23,285,285
2025-12-11,erc1155,24,51,51
2025-12-11,erc1155,25,960,4572
2025-12-11,erc1155,27,7678,4129
2025-12-11,erc1155,28,3,3
2025-12-11,erc1155,29,1278,1275
2025-12-11,erc1155,30,55,71
2025-12-11,erc1155,31,1,1
2025-12-11,erc1155,32,15,15
2025-12-10,erc1155,3,742,1051
2025-12-10,erc1155,4,660,689
2025-12-10,erc1155,5,16,16
2025-12-10,erc1155,6,2934,2934
2025-12-10,erc1155,7,8,8
2025-12-10,erc1155,8,24,24
2025-12-10,erc1155,9,3528,2496
2025-12-10,erc1155,10,34,13
2025-12-10,erc1155,11,36,36
2025-12-10,erc1155,12,409,419
2025-12-10,erc1155,13,4421,4421
2025-12-10,erc1155,14,10,10
2025-12-10,erc1155,16,3099,3099
2025-12-10,erc1155,17,556,586
2025-12-10,erc1155,18,12107,16438
2025-12-10,erc1155,19,224,224
2025-12-10,erc1155,20,1003,1410
2025-12-10,erc1155,22,338,338
2025-12-10,erc1155,23,181,181
2025-12-10,erc1155,24,48,48
2025-12-10,erc1155,25,6566,2894
2025-12-10,erc1155,27,3121,3121
2025-12-10,erc1155,29,1142,1142
2025-12-10,erc1155,30,146,130
2025-12-10,erc1155,31,106,106
2025-12-10,erc1155,32,162,162
2025-12-09,erc1155,3,552,506
2025-12-09,erc1155,4,246,336
2025-12-09,erc1155,5,9,9
2025-12-09,erc1155,6,54,54
2025-12-09,erc1155,7,25,25
2025-12-09,erc1155,8,2,2
2025-12-09,erc1155,9,2035,840
2025-12-09,erc1155,10,3,3
2025-12-09,erc1155,11,389,389
2025-12-09,erc1155,12,278,292
2025-12-09,erc1155,13,261,261
2025-12-09,erc1155,14,3,3
2025-12-09,erc1155,16,62,62
2025-12-09,erc1155,17,262,504
2025-12-09,erc1155,18,2428,7634
2025-12-09,erc1155,19,888,888
2025-12-09,erc1155,20,1509,2351
2025-12-09,erc1155,22,227,227
2025-12-09,erc1155,23,604,604
2025-12-09,erc1155,24,64,64
2025-12-09,erc1155,25,1915,5021
2025-12-09,erc1155,27,862,862
2025-12-09,erc1155,29,370,370
2025-12-09,erc1155,30,15,15
2025-12-09,erc1155,31,5,5
2025-12-09,erc1155,32,144,144
2025-12-08,erc1155,3,402,1834
2025-12-08,erc1155,4,244,169
2025-12-08,erc1155,5,12,12
2025-12-08,erc1155,6,4339,4339
2025-12-08,erc1155,7,12,12
2025-12-08,erc1155,8,12,12
2025-12-08,erc1155,9,755,2179
2025-12-08,erc1155,10,29,29
2025-12-08,erc1155,11,1240,1240
2025-12-08,erc1155,12,2529,2505
2025-12-08,erc1155,13,806,806
2025-12-08,erc1155,14,22,22
2025-12-08,erc1155,16,9534,9534
2025-12-08,erc1155,17,671,4150
2025-12-08,erc1155,18,11187,3799
2025-12-08,erc1155,19,1122,1122
2025-12-08,erc1155,20,1956,1120
2025-12-08,erc1155,22,1354,1354
2025-12-08,erc1155,23,644,644
2025-12-08,erc1155,24,9,9
2025-12-08,erc1155,25,7913,4807
2025-12-08,erc1155,27,7154,7547
2025-12-08,erc1155,29,3351,3351
2025-12-08,erc1155,30,18,18
2025-12-08,erc1155,31,458,458
2025-12-08,erc1155,32,57,57
2025-12-07,erc1155,3,69,219
2025-12-07,erc1155,4,132,88
2025-12-07,erc1155,5,2,2
2025-12-07,erc1155,6,440,440
2025-12-07,erc1155,7,5,5
2025-12-07,erc1155,8,7,7
2025-12-07,erc1155,9,332,1193
2025-12-07,erc1155,10,3,3
2025-12-07,erc1155,11,200,200
2025-12-07,erc1155,12,351,1174
2025-12-07,erc1155,13,199,199
2025-12-07,erc1155,16,428,428
2025-12-07,erc1155,17,2559,468
2025-12-07,erc1155,18,5197,2368
2025-12-07,erc1155,19,69,69
2025-12-07,erc1155,20,1361,6688
2025-12-07,erc1155,22,151,151
2025-12-07,erc1155,23,57,57
2025-12-07,erc1155,25,813,8021
2025-12-07,erc1155,27,3992,3762
2025-12-07,erc1155,29,466,466
2025-12-07,erc1155,30,256,256
2025-12-07,erc1155,32,102,102
2025-12-06,erc1155,3,1142,1528
2025-12-06,erc1155,4,119,402
2025-12-06,erc1155,5,26,26
2025-12-06,erc1155,6,120,120
2025-12-06,erc1155,7,13,13
2025-12-06,erc1155,8,2,2
2025-12-06,erc1155,9,1316,2964
2025-12-06,erc1155,10,3,3
2025-12-06,erc1155,11,2000,2000
2025-12-06,erc1155,12,1347,5236
2025-12-06,erc1155,13,396,396
2025-12-06,erc1155,14,3,3
2025-12-06,erc1155,16,1481,1481
2025-12-06,erc1155,17,979,1778
2025-12-06,erc1155,18,1735,2258
2025-12-06,erc1155,19,2322,2322
2025-12-06,erc1155,20,2686,473
2025-12-06,erc1155,22,431,431
2025-12-06,erc1155,23,432,432
2025-12-06,erc1155,24,112,112
2025-12-06,erc1155,25,9242,12400
2025-12-06,erc1155,27,5918,7991
2025-12-06,erc1155,29,394,394
2025-12-06,erc1155,30,32,32
2025-12-06,erc1155,31,50,50
2025-12-06,erc1155,32,749,749
2025-12-05,erc1155,3,3276,2026
2025-12-05,erc1155,4,2077,2492
2025-12-05,erc1155,5,71,71
2025-12-05,erc1155,6,12344,12344
2025-12-05,erc1155,7,89,89
2025-12-05,erc1155,8,293,293
2025-12-05,erc1155,9,15941,11960
2025-12-05,erc1155,10,57,57
2025-12-05,erc1155,11,1300,1339
2025-12-05,erc1155,12,7673,2961
2025-12-05,erc1155,13,17256,17256
2025-12-05,erc1155,14,23,23
2025-12-05,erc1155,16,13255,13255
2025-12-05,erc1155,17,4442,1978
2025-12-05,erc1155,18,15577,15176
2025-12-05,erc1155,19,11305,11305
2025-12-05,erc1155,20,6514,4670
2025-12-05,erc1155,22,7006,7006
2025-12-05,erc1155,23,3244,3244
2025-12-05,erc1155,24,111,111
2025-12-05,erc1155,25,30381,29028
2025-12-05,erc1155,27,31047,28929
2025-12-05,erc1155,28,43,43
2025-12-05,erc1155,29,18539,18539
2025-12-05,erc1155,30,73,73
2025-12-05,erc1155,31,160,160
2025-12-05,erc1155,32,68,5068
2025-12-04,erc1155,3,9947,12524
2025-12-04,erc1155,4,2275,1577
2025-12-04,erc1155,5,22,22
2025-12-04,erc1155,6,954,954
2025-12-04,erc1155,7,33,33
2025-12-04,erc1155,8,24,24
2025-12-04,erc1155,9,2452,2562
2025-12-04,erc1155,10,83,83
2025-12-04,erc1155,11,1668,1629
2025-12-04,erc1155,12,3771,3771
2025-12-04,erc1155,13,772,772
2025-12-04,erc1155,14,13,13
2025-12-04,erc1155,16,963,963
2025-12-04,erc1155,17,5063,5517
2025-12-04,erc1155,18,1595,1473
2025-12-04,erc1155,19,755,755
2025-12-04,erc1155,20,5643,4841
2025-12-04,erc1155,22,3042,3047
2025-12-04,erc1155,23,1676,1676
2025-12-04,erc1155,24,23,23
2025-12-04,erc1155,25,17134,8788
2025-12-04,erc1155,27,8749,9319
2025-12-04,erc1155,28,22,22
2025-12-04,erc1155,29,6980,6980
2025-12-04,erc1155,30,85,117
2025-12-04,erc1155,31,1,1
2025-12-04,erc1155,32,1,1
2025-12-01,erc1155,3,3750,153
2025-12-01,erc1155,4,235,235
2025-12-01,erc1155,5,28,28
2025-12-01,erc1155,6,332,332
2025-12-01,erc1155,7,21,21
2025-12-01,erc1155,8,32,32
2025-12-01,erc1155,9,1267,2858
2025-12-01,erc1155,10,61,61
2025-12-01,erc1155,11,280,280
2025-12-01,erc1155,12,617,617
2025-12-01,erc1155,13,2015,2015
2025-12-01,erc1155,14,8,8
2025-12-01,erc1155,16,4,4
2025-12-01,erc1155,17,1827,1373
2025-12-01,erc1155,18,1805,1805
2025-12-01,erc1155,19,106,106
2025-12-01,erc1155,20,1377,496
2025-12-01,erc1155,22,495,490
2025-12-01,erc1155,23,226,226
2025-12-01,erc1155,24,67,67
2025-12-01,erc1155,25,5276,4609
2025-12-01,erc1155,27,10844,10176
2025-12-01,erc1155,28,10,10
2025-12-01,erc1155,29,3444,3444
2025-12-01,erc1155,30,310,278
2025-12-01,erc1155,31,5,5
2025-12-01,erc1155,32,0,123
2025-11-30,erc1155,3,97,5200
2025-11-30,erc1155,4,22,102
2025-11-30,erc1155,5,15,15
2025-11-30,erc1155,6,551,551
2025-11-30,erc1155,7,3,3
2025-11-30,erc1155,8,2,2
2025-11-30,erc1155,9,567,11325
2025-11-30,erc1155,10,14,14
2025-11-30,erc1155,11,2884,2884
2025-11-30,erc1155,12,180,180
2025-11-30,erc1155,13,2541,2541
2025-11-30,erc1155,14,3,3
2025-11-30,erc1155,16,1150,1150
2025-11-30,erc1155,17,1077,3978
2025-11-30,erc1155,18,694,1305
2025-11-30,erc1155,19,42,42
2025-11-30,erc1155,20,164,245
2025-11-30,erc1155,22,701,701
2025-11-30,erc1155,23,157,157
2025-11-30,erc1155,24,10,10
2025-11-30,erc1155,25,3435,3485
2025-11-30,erc1155,27,2871,3143
2025-11-30,erc1155,28,12,12
2025-11-30,erc1155,29,539,539
2025-11-30,erc1155,30,928,928
2025-11-30,erc1155,31,12,12
2025-11-30,erc1155,32,560,437
2025-11-29,erc1155,3,1581,1103
2025-11-29,erc1155,4,101,2257
2025-11-29,erc1155,5,34,34
2025-11-29,erc1155,6,1222,1222
2025-11-29,erc1155,7,4,4
2025-11-29,erc1155,9,3673,5108
2025-11-29,erc1155,10,51,51
2025-11-29,erc1155,11,635,635
2025-11-29,erc1155,12,382,382
2025-11-29,erc1155,13,287,288
2025-11-29,erc1155,14,15,15
2025-11-29,erc1155,16,642,642
2025-11-29,erc1155,17,480,832
2025-11-29,erc1155,18,1330,2336
2025-11-29,erc1155,19,638,638
2025-11-29,erc1155,20,412,331
2025-11-29,erc1155,22,977,977
2025-11-29,erc1155,23,242,242
2025-11-29,erc1155,24,26,26
2025-11-29,erc1155,25,3584,7377
2025-11-29,erc1155,27,3256,4851
2025-11-29,erc1155,28,31,31
2025-11-29,erc1155,29,2018,2018
2025-11-29,erc1155,30,122,122
2025-11-29,erc1155,31,27,27
2025-11-28,erc1155,3,1000,151
2025-11-28,erc1155,4,3249,1909
2025-11-28,erc1155,5,37,37
2025-11-28,erc1155,6,7414,7414
2025-11-28,erc1155,7,8,8
2025-11-28,erc1155,8,6,6
2025-11-28,erc1155,9,1564,3902
2025-11-28,erc1155,10,23,23
2025-11-28,erc1155,11,2810,2810
2025-11-28,erc1155,12,690,690
2025-11-28,erc1155,13,1083,1082
2025-11-28,erc1155,14,6,6
2025-11-28,erc1155,16,187,187
2025-11-28,erc1155,17,593,639
2025-11-28,erc1155,18,2309,1080
2025-11-28,erc1155,19,323,323
2025-11-28,erc1155,20,558,1050
2025-11-28,erc1155,22,6104,6104
2025-11-28,erc1155,23,2144,2144
2025-11-28,erc1155,24,75,75
2025-11-28,erc1155,25,9729,7691
2025-11-28,erc1155,27,23089,27318
2025-11-28,erc1155,28,1,1
2025-11-28,erc1155,29,4662,4662
2025-11-28,erc1155,30,123,123
2025-11-28,erc1155,31,25,25
2025-11-28,erc1155,32,279,25279
2025-11-27,erc1155,3,27,143
2025-11-27,erc1155,4,2232,5377
2025-11-27,erc1155,5,10,12
2025-11-27,erc1155,6,2210,2210
2025-11-27,erc1155,7,13,13
2025-11-27,erc1155,8,12,12
2025-11-27,erc1155,9,6021,7177
2025-11-27,erc1155,10,16,16
2025-11-27,erc1155,12,339,339
2025-11-27,erc1155,13,199,199
2025-11-27,erc1155,14,1,1
2025-11-27,erc1155,16,111,111
2025-11-27,erc1155,17,1882,3280
2025-11-27,erc1155,18,1976,1976
2025-11-27,erc1155,19,204,204
2025-11-27,erc1155,20,3115,7069
2025-11-27,erc1155,22,180,180
2025-11-27,erc1155,23,392,392
2025-11-27,erc1155,24,19,29
2025-11-27,erc1155,25,6471,5434
2025-11-27,erc1155,27,7575,17834
2025-11-27,erc1155,28,1,1
2025-11-27,erc1155,29,7909,7909
2025-11-27,erc1155,30,151,491
2025-11-27,erc1155,31,2,2
2025-11-26,erc1155,3,279,338
2025-11-26,erc1155,4,592,1320
2025-11-26,erc1155,5,8,22
2025-11-26,erc1155,6,2622,2743
2025-11-26,erc1155,7,13,13
2025-11-26,erc1155,8,15,15
2025-11-26,erc1155,9,1762,539
2025-11-26,erc1155,10,10,30
2025-11-26,erc1155,11,104,104
2025-11-26,erc1155,12,247,247
2025-11-26,erc1155,13,323,323
2025-11-26,erc1155,14,12,12
2025-11-26,erc1155,16,95,95
2025-11-26,erc1155,17,2003,1569
2025-11-26,erc1155,18,2301,2381
2025-11-26,erc1155,19,201,201
2025-11-26,erc1155,20,728,3951
2025-11-26,erc1155,22,1170,1546
2025-11-26,erc1155,23,1532,2466
2025-11-26,erc1155,24,12,2
2025-11-26,erc1155,25,2055,7737
2025-11-26,erc1155,27,7591,9244
2025-11-26,erc1155,28,40,40
2025-11-26,erc1155,29,1128,1128
2025-11-26,erc1155,30,1840,1500
2025-11-26,erc1155,31,10,10
2025-11-26,erc1155,32,55,55
2025-11-25,erc1155,3,606,431
2025-11-25,erc1155,4,5084,2229
2025-11-25,erc1155,5,71,55
2025-11-25,erc1155,6,2622,6001
2025-11-25,erc1155,7,59,186
2025-11-25,erc1155,8,46,46
2025-11-25,erc1155,9,2531,1118
2025-11-25,erc1155,10,373,503
2025-11-25,erc1155,11,62,62
2025-11-25,erc1155,12,862,862
2025-11-25,erc1155,13,1851,1851
2025-11-25,erc1155,14,50,50
2025-11-25,erc1155,16,8234,8234
2025-11-25,erc1155,17,1326,10318
2025-11-25,erc1155,18,3249,3178
2025-11-25,erc1155,19,571,571
2025-11-25,erc1155,20,2277,4433
2025-11-25,erc1155,22,4472,4096
2025-11-25,erc1155,23,9539,8605
2025-11-25,erc1155,24,464,613
2025-11-25,erc1155,25,9931,4854
2025-11-25,erc1155,27,20239,20392
2025-11-25,erc1155,28,11,83
2025-11-25,erc1155,29,11447,11447
2025-11-25,erc1155,30,209,209
2025-11-25,erc1155,31,7,147
2025-11-25,erc1155,32,80,80
2025-11-24,erc1155,3,1199,1481
2025-11-24,erc1155,4,4660,2746
2025-11-24,erc1155,5,55,55
2025-11-24,erc1155,6,7756,15883
2025-11-24,erc1155,7,152,26
2025-11-24,erc1155,8,102,102
2025-11-24,erc1155,9,1910,805
2025-11-24,erc1155,10,170,20
2025-11-24,erc1155,11,131,131
2025-11-24,erc1155,12,2617,2617
2025-11-24,erc1155,13,815,815
2025-11-24,erc1155,14,2,2
2025-11-24,erc1155,16,6602,6602
2025-11-24,erc1155,17,4282,499
2025-11-24,erc1155,18,3834,3664
2025-11-24,erc1155,19,112,112
2025-11-24,erc1155,20,5727,2858
2025-11-24,erc1155,22,1525,1525
2025-11-24,erc1155,23,1801,1801
2025-11-24,erc1155,24,261,112
2025-11-24,erc1155,25,7539,6166
2025-11-24,erc1155,27,30486,23153
2025-11-24,erc1155,28,155,83
2025-11-24,erc1155,29,1548,2187
2025-11-24,erc1155,30,18,18
2025-11-24,erc1155,31,152,12
2025-11-24,erc1155,32,123,123
2025-11-23,erc1155,3,2388,1015
2025-11-23,erc1155,4,598,2249
2025-11-23,erc1155,5,24,24
2025-11-23,erc1155,6,12697,1070
2025-11-23,erc1155,7,30,29
2025-11-23,erc1155,8,14,14
2025-11-23,erc1155,9,2996,841
2025-11-23,erc1155,10,10,10
2025-11-23,erc1155,11,56,56
2025-11-23,erc1155,12,1216,1312
2025-11-23,erc1155,13,1481,1481
2025-11-23,erc1155,14,3,3
2025-11-23,erc1155,16,36,36
2025-11-23,erc1155,17,1790,2372
2025-11-23,erc1155,18,3176,3341
2025-11-23,erc1155,19,221,221
2025-11-23,erc1155,20,1586,1233
2025-11-23,erc1155,22,190,190
2025-11-23,erc1155,23,166,166
2025-11-23,erc1155,24,24,24
2025-11-23,erc1155,25,1941,4859
2025-11-23,erc1155,27,23878,18729
2025-11-23,erc1155,28,1,1
2025-11-23,erc1155,29,15361,14722
2025-11-23,erc1155,30,1,1
2025-11-23,erc1155,31,102,102
2025-11-22,erc1155,3,775,1270
2025-11-22,erc1155,4,2427,836
2025-11-22,erc1155,5,26,26
2025-11-22,erc1155,6,380,380
2025-11-22,erc1155,7,58,58
2025-11-22,erc1155,8,13,13
2025-11-22,erc1155,9,7471,949
2025-11-22,erc1155,10,30,30
2025-11-22,erc1155,11,285,285
2025-11-22,erc1155,12,1261,2617
2025-11-22,erc1155,13,439,439
2025-11-22,erc1155,14,67,67
2025-11-22,erc1155,16,102,102
2025-11-22,erc1155,17,4186,792
2025-11-22,erc1155,18,830,438
2025-11-22,erc1155,19,28,28
2025-11-22,erc1155,20,3257,510
2025-11-22,erc1155,22,351,351
2025-11-22,erc1155,23,1262,1262
2025-11-22,erc1155,24,222,222
2025-11-22,erc1155,25,8178,14412
2025-11-22,erc1155,27,8760,8349
2025-11-22,erc1155,28,8,8
2025-11-22,erc1155,29,1212,2284
2025-11-22,erc1155,30,128,128
2025-11-22,erc1155,31,19,19
2025-11-22,erc1155,32,59,59
2025-11-21,erc1155,3,825,330
2025-11-21,erc1155,4,4350,4290
2025-11-21,erc1155,5,3,3
2025-11-21,erc1155,6,7831,7831
2025-11-21,erc1155,7,13,13
2025-11-21,erc1155,8,38,55
2025-11-21,erc1155,9,1511,1539
2025-11-21,erc1155,10,26,35
2025-11-21,erc1155,11,20,20
2025-11-21,erc1155,12,3185,2157
2025-11-21,erc1155,13,13943,13943
2025-11-21,erc1155,14,6,50
2025-11-21,erc1155,16,3377,3377
2025-11-21,erc1155,17,9109,6572
2025-11-21,erc1155,18,847,1763
2025-11-21,erc1155,19,322,322
2025-11-21,erc1155,20,6240,4316
2025-11-21,erc1155,22,7278,7278
2025-11-21,erc1155,23,899,1120
2025-11-21,erc1155,24,75,190
2025-11-21,erc1155,25,13739,7633
2025-11-21,erc1155,27,20340,18167
2025-11-21,erc1155,28,127,127
2025-11-21,erc1155,29,2898,1826
2025-11-21,erc1155,30,25,25
2025-11-21,erc1155,31,208,208
2025-11-21,erc1155,32,14,14
2025-11-20,erc1155,3,5685,3260
2025-11-20,erc1155,4,2833,4535
2025-11-20,erc1155,5,37,37
2025-11-20,erc1155,6,8069,8069
2025-11-20,erc1155,7,118,119
2025-11-20,erc1155,8,114,97
2025-11-20,erc1155,9,6439,4674
2025-11-20,erc1155,10,134,125
2025-11-20,erc1155,11,195,195
2025-11-20,erc1155,12,2114,10794
2025-11-20,erc1155,13,3938,3939
2025-11-20,erc1155,14,195,151
2025-11-20,erc1155,16,1691,1691
2025-11-20,erc1155,17,4608,2720
2025-11-20,erc1155,18,4224,3393
2025-11-20,erc1155,19,2175,2209
2025-11-20,erc1155,20,4765,6162
2025-11-20,erc1155,22,2372,2372
2025-11-20,erc1155,23,1275,1054
2025-11-20,erc1155,24,261,146
2025-11-20,erc1155,25,9914,7180
2025-11-20,erc1155,27,31140,28025
2025-11-20,erc1155,28,12,12
2025-11-20,erc1155,29,4207,4207
2025-11-20,erc1155,30,84,84
2025-11-20,erc1155,31,7,7
2025-11-20,erc1155,32,55,55
2025-11-19,erc1155,3,389,220
2025-11-19,erc1155,4,1899,213
2025-11-19,erc1155,5,6,6
2025-11-19,erc1155,6,1938,1938
2025-11-19,erc1155,7,15,14
2025-11-19,erc1155,8,18,18
2025-11-19,erc1155,9,4072,578
2025-11-19,erc1155,10,24,24
2025-11-19,erc1155,11,352,352
2025-11-19,erc1155,12,13169,4075
2025-11-19,erc1155,13,2725,2724
2025-11-19,erc1155,14,5,5
2025-11-19,erc1155,16,298,298
2025-11-19,erc1155,17,2772,596
2025-11-19,erc1155,18,1007,926
2025-11-19,erc1155,19,524,490
2025-11-19,erc1155,20,4072,793
2025-11-19,erc1155,22,4721,4722
2025-11-19,erc1155,23,3355,3355
2025-11-19,erc1155,24,34,34
2025-11-19,erc1155,25,7645,7452
2025-11-19,erc1155,27,14408,14431
2025-11-19,erc1155,28,109,109
2025-11-19,erc1155,29,4673,4688
2025-11-19,erc1155,30,319,319
2025-11-19,erc1155,31,14,14
2025-11-19,erc1155,32,250,250
2025-11-18,erc1155,3,616,969
2025-11-18,erc1155,4,1408,1808
2025-11-18,erc1155,5,21,21
2025-11-18,erc1155,6,1238,1338
2025-11-18,erc1155,7,66,115
2025-11-18,erc1155,8,3,3
2025-11-18,erc1155,9,1678,1578
2025-11-18,erc1155,10,7,31
2025-11-18,erc1155,11,252,252
2025-11-18,erc1155,12,1371,1361
2025-11-18,erc1155,13,1847,1847
2025-11-18,erc1155,14,12,12
2025-11-18,erc1155,16,1062,1062
2025-11-18,erc1155,17,2033,2571
2025-11-18,erc1155,18,730,727
2025-11-18,erc1155,19,2707,2707
2025-11-18,erc1155,20,5200,7989
2025-11-18,erc1155,22,1677,1676
2025-11-18,erc1155,23,1550,1550
2025-11-18,erc1155,24,39,39
2025-11-18,erc1155,25,4140,7236
2025-11-18,erc1155,27,7311,12745
2025-11-18,erc1155,28,10,10
2025-11-18,erc1155,29,3990,3975
2025-11-18,erc1155,30,189,189
2025-11-18,erc1155,31,1,1
2025-11-18,erc1155,32,100,100
2025-11-17,erc1155,3,558,1195
2025-11-17,erc1155,4,454,1011
2025-11-17,erc1155,5,6,6
2025-11-17,erc1155,6,465,365
2025-11-17,erc1155,7,114,65
2025-11-17,erc1155,8,38,38
2025-11-17,erc1155,9,1103,1112
2025-11-17,erc1155,10,27,3
2025-11-17,erc1155,11,3116,3116
2025-11-17,erc1155,12,331,494
2025-11-17,erc1155,13,4362,4362
2025-11-17,erc1155,14,21,21
2025-11-17,erc1155,16,4250,4250
2025-11-17,erc1155,17,860,268
2025-11-17,erc1155,18,1207,2114
2025-11-17,erc1155,19,1735,1735
2025-11-17,erc1155,20,4732,4418
2025-11-17,erc1155,22,2290,2290
2025-11-17,erc1155,23,2247,2247
2025-11-17,erc1155,24,26,26
2025-11-17,erc1155,25,8949,5998
2025-11-17,erc1155,27,8740,3557
2025-11-17,erc1155,28,1,1
2025-11-17,erc1155,29,5741,5741
2025-11-17,erc1155,30,21,21
2025-11-17,erc1155,31,101,101
2025-11-17,erc1155,32,155,25155
2025-11-16,erc1155,3,2925,1844
2025-11-16,erc1155,4,2077,2351
2025-11-16,erc1155,5,16,17
2025-11-16,erc1155,6,4298,4298
2025-11-16,erc1155,7,75,75
2025-11-16,erc1155,8,65,65
2025-11-16,erc1155,9,5128,5270
2025-11-16,erc1155,10,191,191
2025-11-16,erc1155,11,184,201
2025-11-16,erc1155,12,2920,2757
2025-11-16,erc1155,13,1237,1237
2025-11-16,erc1155,14,28,28
2025-11-16,erc1155,16,2358,2358
2025-11-16,erc1155,17,5909,6261
2025-11-16,erc1155,18,5842,4934
2025-11-16,erc1155,19,2126,2126
2025-11-16,erc1155,20,3903,2286
2025-11-16,erc1155,22,1524,1524
2025-11-16,erc1155,23,996,996
2025-11-16,erc1155,24,79,79
2025-11-16,erc1155,25,8100,14061
2025-11-16,erc1155,27,18497,21249
2025-11-16,erc1155,28,54,54
2025-11-16,erc1155,29,9929,9929
2025-11-16,erc1155,30,435,435
2025-11-16,erc1155,31,28,28
2025-11-16,erc1155,32,10,10
2025-11-15,erc1155,3,344,461
2025-11-15,erc1155,4,2663,1416
2025-11-15,erc1155,5,80,79
2025-11-15,erc1155,6,3333,4134
2025-11-15,erc1155,7,55,55
2025-11-15,erc1155,8,21,21
2025-11-15,erc1155,9,1135,1012
2025-11-15,erc1155,10,6,6
2025-11-15,erc1155,11,381,364
2025-11-15,erc1155,12,1603,1603
2025-11-15,erc1155,13,2396,2396
2025-11-15,erc1155,14,3,3
2025-11-15,erc1155,16,616,616
2025-11-15,erc1155,17,1685,1331
2025-11-15,erc1155,18,464,469
2025-11-15,erc1155,19,432,432
2025-11-15,erc1155,20,2529,1621
2025-11-15,erc1155,22,1403,1403
2025-11-15,erc1155,23,1965,1965
2025-11-15,erc1155,24,41,41
2025-11-15,erc1155,25,8745,2536
2025-11-15,erc1155,27,11161,8135
2025-11-15,erc1155,28,2,2
2025-11-15,erc1155,29,7961,7961
2025-11-15,erc1155,30,20,20
2025-11-15,erc1155,31,37,37
2025-11-15,erc1155,32,100,100
2025-11-14,erc1155,3,884,767
2025-11-14,erc1155,4,1351,1351
2025-11-14,erc1155,5,69,69
2025-11-14,erc1155,6,20712,19911
2025-11-14,erc1155,7,88,88
2025-11-14,erc1155,8,65,65
2025-11-14,erc1155,9,3311,3283
2025-11-14,erc1155,10,211,211
2025-11-14,erc1155,11,665,665
2025-11-14,erc1155,12,1169,1169
2025-11-14,erc1155,13,7355,7355
2025-11-14,erc1155,14,114,114
2025-11-14,erc1155,16,508,508
2025-11-14,erc1155,17,1893,1890
2025-11-14,erc1155,18,3503,3498
2025-11-14,erc1155,19,1653,1653
2025-11-14,erc1155,20,2584,2584
2025-11-14,erc1155,22,1041,1041
2025-11-14,erc1155,23,1671,1671
2025-11-14,erc1155,24,102,102
2025-11-14,erc1155,25,8175,8159
2025-11-14,erc1155,27,16393,16393
2025-11-14,erc1155,28,226,226
2025-11-14,erc1155,29,14186,14186
2025-11-14,erc1155,30,217,217
2025-11-14,erc1155,31,1052,1052
2025-11-14,erc1155,32,1075,1075
2025-11-13,erc1155,3,149,157
2025-11-13,erc1155,4,1192,1198
2025-11-13,erc1155,5,5,5
2025-11-13,erc1155,6,2016,2016
2025-11-13,erc1155,7,17,17
2025-11-13,erc1155,8,2,2
2025-11-13,erc1155,9,1409,9935
2025-11-13,erc1155,10,75,75
2025-11-13,erc1155,11,339,339
2025-11-13,erc1155,12,1011,1464
2025-11-13,erc1155,13,847,847
2025-11-13,erc1155,14,2,2
2025-11-13,erc1155,16,1186,1186
2025-11-13,erc1155,17,874,1149
2025-11-13,erc1155,18,2407,4606
2025-11-13,erc1155,19,93,93
2025-11-13,erc1155,20,914,1002
2025-11-13,erc1155,22,93,93
2025-11-13,erc1155,23,1038,1521
2025-11-13,erc1155,24,10,10
2025-11-13,erc1155,25,1486,1487
2025-11-13,erc1155,27,6540,6540
2025-11-13,erc1155,28,1,1
2025-11-13,erc1155,29,8385,8385
2025-11-13,erc1155,30,237,237
2025-11-13,erc1155,31,7,7
2025-11-13,erc1155,32,172,172
2025-11-12,erc1155,3,185,262
2025-11-12,erc1155,4,134,711
2025-11-12,erc1155,5,7,39
2025-11-12,erc1155,6,174,174
2025-11-12,erc1155,7,13,16
2025-11-12,erc1155,8,2,22
2025-11-12,erc1155,9,792,3482
2025-11-12,erc1155,10,12,18
2025-11-12,erc1155,11,494,494
2025-11-12,erc1155,12,851,398
2025-11-12,erc1155,13,317,317
2025-11-12,erc1155,14,7,7
2025-11-12,erc1155,16,127,127
2025-11-12,erc1155,17,901,1336
2025-11-12,erc1155,18,3068,6400
2025-11-12,erc1155,19,289,1259
2025-11-12,erc1155,20,303,306
2025-11-12,erc1155,22,446,989
2025-11-12,erc1155,23,1318,1822
2025-11-12,erc1155,24,10,10
2025-11-12,erc1155,25,2872,5734
2025-11-12,erc1155,27,959,1033
2025-11-12,erc1155,28,19,19
2025-11-12,erc1155,29,358,358
2025-11-12,erc1155,30,20,41
2025-11-12,erc1155,31,14,14
2025-11-12,erc1155,32,220,220
2025-11-11,erc1155,3,609,524
2025-11-11,erc1155,4,722,381
2025-11-11,erc1155,5,46,14
2025-11-11,erc1155,6,5710,5710
2025-11-11,erc1155,7,43,40
2025-11-11,erc1155,8,55,35
2025-11-11,erc1155,9,1371,522
2025-11-11,erc1155,10,70,64
2025-11-11,erc1155,11,2370,2370
2025-11-11,erc1155,12,513,644
2025-11-11,erc1155,13,77,77
2025-11-11,erc1155,14,27,27
2025-11-11,erc1155,16,1658,1658
2025-11-11,erc1155,17,1178,1820
2025-11-11,erc1155,18,5990,3065
2025-11-11,erc1155,19,1243,273
2025-11-11,erc1155,20,827,736
2025-11-11,erc1155,22,6445,5902
2025-11-11,erc1155,23,2738,17836
2025-11-11,erc1155,24,30,30
2025-11-11,erc1155,25,4097,6067
2025-11-11,erc1155,27,727,653
2025-11-11,erc1155,28,2,2
2025-11-11,erc1155,29,4990,4990
2025-11-11,erc1155,30,57,36
2025-11-11,erc1155,31,3,3
2025-11-11,erc1155,32,3814,3814
2025-11-10,erc1155,3,66,219
2025-11-10,erc1155,4,854,654
2025-11-10,erc1155,5,14,26
2025-11-10,erc1155,6,3195,3195
2025-11-10,erc1155,7,10,97
2025-11-10,erc1155,8,13,23
2025-11-10,erc1155,9,2489,1339
2025-11-10,erc1155,10,49,75
2025-11-10,erc1155,11,67,67
2025-11-10,erc1155,12,1497,1392
2025-11-10,erc1155,13,681,681
2025-11-10,erc1155,14,30,30
2025-11-10,erc1155,16,3902,3902
2025-11-10,erc1155,17,3314,7328
2025-11-10,erc1155,18,3008,712
2025-11-10,erc1155,19,430,430
2025-11-10,erc1155,20,2013,2747
2025-11-10,erc1155,22,8628,8628
2025-11-10,erc1155,23,16804,1480
2025-11-10,erc1155,24,78,78
2025-11-10,erc1155,25,6504,1994
2025-11-10,erc1155,27,1799,1799
2025-11-10,erc1155,28,2,2
2025-11-10,erc1155,29,7894,7894
2025-11-10,erc1155,30,274,447
2025-11-10,erc1155,31,2167,2235
2025-11-10,erc1155,32,5282,155282
2025-11-09,erc1155,3,310,172
2025-11-09,erc1155,4,169,170
2025-11-09,erc1155,5,35,25
2025-11-09,erc1155,6,16,16
2025-11-09,erc1155,7,118,31
2025-11-09,erc1155,8,32,22
2025-11-09,erc1155,9,462,998
2025-11-09,erc1155,10,50,24
2025-11-09,erc1155,11,1,1
2025-11-09,erc1155,12,1579,1553
2025-11-09,erc1155,13,31,31
2025-11-09,erc1155,14,66,66
2025-11-09,erc1155,16,649,649
2025-11-09,erc1155,17,2336,3279
2025-11-09,erc1155,18,1056,3429
2025-11-09,erc1155,19,199,199
2025-11-09,erc1155,20,1584,850
2025-11-09,erc1155,22,367,367
2025-11-09,erc1155,23,2200,3890
2025-11-09,erc1155,24,83,83
2025-11-09,erc1155,25,2388,2065
2025-11-09,erc1155,27,1274,1274
2025-11-09,erc1155,28,61,61
2025-11-09,erc1155,29,1056,1056
2025-11-09,erc1155,30,552,379
2025-11-09,erc1155,31,68,0
2025-11-08,erc1155,3,184,174
2025-11-08,erc1155,4,289,336
2025-11-08,erc1155,5,11,9
2025-11-08,erc1155,6,4,4
2025-11-08,erc1155,7,5,5
2025-11-08,erc1155,8,48,48
2025-11-08,erc1155,9,309,772
2025-11-08,erc1155,10,1,1
2025-11-08,erc1155,11,51,51
2025-11-08,erc1155,12,438,7553
2025-11-08,erc1155,13,12,12
2025-11-08,erc1155,14,27,27
2025-11-08,erc1155,16,79,79
2025-11-08,erc1155,17,4885,1375
2025-11-08,erc1155,18,990,2642
2025-11-08,erc1155,19,1012,1092
2025-11-08,erc1155,20,434,5099
2025-11-08,erc1155,22,221,221
2025-11-08,erc1155,23,3338,5189
2025-11-08,erc1155,24,11,11
2025-11-08,erc1155,25,2685,29925
2025-11-08,erc1155,27,3099,3143
2025-11-08,erc1155,28,60,60
2025-11-08,erc1155,29,2441,3070
2025-11-08,erc1155,30,12,12
2025-11-08,erc1155,31,146,146
2025-11-07,erc1155,3,338,333
2025-11-07,erc1155,4,1619,1529
2025-11-07,erc1155,5,19,19
2025-11-07,erc1155,6,6196,6196
2025-11-07,erc1155,7,8,8
2025-11-07,erc1155,8,9,9
2025-11-07,erc1155,9,10427,211
2025-11-07,erc1155,10,24,24
2025-11-07,erc1155,11,382,382
2025-11-07,erc1155,12,9902,2787
2025-11-07,erc1155,13,1141,1141
2025-11-07,erc1155,14,114,114
2025-11-07,erc1155,16,12599,12599
2025-11-07,erc1155,17,3175,377
2025-11-07,erc1155,18,5891,2597
2025-11-07,erc1155,19,4070,3990
2025-11-07,erc1155,20,12033,7565
2025-11-07,erc1155,22,4576,4576
2025-11-07,erc1155,23,8901,4599
2025-11-07,erc1155,24,13,23
2025-11-07,erc1155,25,30649,3416
2025-11-07,erc1155,27,13578,13534
2025-11-07,erc1155,28,233,233
2025-11-07,erc1155,29,6797,6168
2025-11-07,erc1155,30,537,547
2025-11-07,erc1155,31,650,650
2025-11-07,erc1155,32,564,100564
2025-11-06,erc1155,3,125,125
2025-11-06,erc1155,4,853,853
2025-11-06,erc1155,5,4,4
2025-11-06,erc1155,6,92,92
2025-11-06,erc1155,7,7,7
2025-11-06,erc1155,8,2,2
2025-11-06,erc1155,9,2481,2631
2025-11-06,erc1155,10,55,55
2025-11-06,erc1155,11,282,282
2025-11-06,erc1155,12,799,799
2025-11-06,erc1155,13,163,163
2025-11-06,erc1155,14,13,13
2025-11-06,erc1155,16,126,126
2025-11-06,erc1155,17,1283,1283
2025-11-06,erc1155,18,6844,5841
2025-11-06,erc1155,19,435,435
2025-11-06,erc1155,20,1250,1053
2025-11-06,erc1155,22,387,387
2025-11-06,erc1155,23,640,640
2025-11-06,erc1155,24,93,83
2025-11-06,erc1155,25,1742,1735
2025-11-06,erc1155,27,3224,3224
2025-11-06,erc1155,28,53,53
2025-11-06,erc1155,29,2878,2878
2025-11-06,erc1155,30,48,38
2025-11-06,erc1155,31,29,29
2025-11-05,erc1155,3,56,56
2025-11-05,erc1155,4,481,481
2025-11-05,erc1155,5,11,11
2025-11-05,erc1155,6,314,314
2025-11-05,erc1155,7,37,37
2025-11-05,erc1155,8,34,34
2025-11-05,erc1155,9,1408,2012
2025-11-05,erc1155,10,73,73
2025-11-05,erc1155,11,493,493
2025-11-05,erc1155,12,1011,1011
2025-11-05,erc1155,13,363,363
2025-11-05,erc1155,14,1,1
2025-11-05,erc1155,16,173,173
2025-11-05,erc1155,17,1625,1664
2025-11-05,erc1155,18,2211,2498
2025-11-05,erc1155,19,151,151
2025-11-05,erc1155,20,1058,1058
2025-11-05,erc1155,22,1036,1036
2025-11-05,erc1155,23,3782,3782
2025-11-05,erc1155,24,24,24
2025-11-05,erc1155,25,2167,2167
2025-11-05,erc1155,27,4310,4310
2025-11-05,erc1155,28,12,12
2025-11-05,erc1155,29,5659,5659
2025-11-05,erc1155,30,41,41
2025-11-05,erc1155,31,11,11
2025-11-04,erc1155,3,122,122
2025-11-04,erc1155,4,1360,1702
2025-11-04,erc1155,5,109,109
2025-11-04,erc1155,6,707,707
2025-11-04,erc1155,7,13,13
2025-11-04,erc1155,8,3,3
2025-11-04,erc1155,9,1466,712
2025-11-04,erc1155,10,24,24
2025-11-04,erc1155,11,379,379
2025-11-04,erc1155,12,1071,1884
2025-11-04,erc1155,13,308,308
2025-11-04,erc1155,14,18,18
2025-11-04,erc1155,16,270,270
2025-11-04,erc1155,17,1227,4919
2025-11-04,erc1155,18,2474,2689
2025-11-04,erc1155,19,935,935
2025-11-04,erc1155,20,424,424
2025-11-04,erc1155,22,474,474
2025-11-04,erc1155,23,1083,7245
2025-11-04,erc1155,24,125,125
2025-11-04,erc1155,25,1696,1997
2025-11-04,erc1155,27,2042,2042
2025-11-04,erc1155,28,10,10
2025-11-04,erc1155,29,1941,2367
2025-11-04,erc1155,30,38,38
2025-11-03,erc1155,3,316,317
2025-11-03,erc1155,4,1201,4278
2025-11-03,erc1155,5,16,16
2025-11-03,erc1155,6,3,3
2025-11-03,erc1155,7,41,41
2025-11-03,erc1155,8,4,13
2025-11-03,erc1155,9,331,331
2025-11-03,erc1155,10,13,13
2025-11-03,erc1155,11,177,177
2025-11-03,erc1155,12,2641,1828
2025-11-03,erc1155,13,126,126
2025-11-03,erc1155,14,61,61
2025-11-03,erc1155,16,802,802
2025-11-03,erc1155,17,5666,3706
2025-11-03,erc1155,18,1582,1288
2025-11-03,erc1155,19,78,78
2025-11-03,erc1155,20,987,987
2025-11-03,erc1155,22,1742,1742
2025-11-03,erc1155,23,7289,1127
2025-11-03,erc1155,24,21,21
2025-11-03,erc1155,25,7498,7197
2025-11-03,erc1155,27,3474,3474
2025-11-03,erc1155,28,6,6
2025-11-03,erc1155,29,5679,5253
2025-11-03,erc1155,30,179,179
2025-11-03,erc1155,31,25,25
2025-11-02,erc1155,3,479,478
2025-11-02,erc1155,4,3599,180
2025-11-02,erc1155,5,42,42
2025-11-02,erc1155,6,246,246
2025-11-02,erc1155,7,5,5
2025-11-02,erc1155,8,200,191
2025-11-02,erc1155,9,1809,1809
2025-11-02,erc1155,10,11,11
2025-11-02,erc1155,11,115,115
2025-11-02,erc1155,12,1409,1409
2025-11-02,erc1155,13,438,438
2025-11-02,erc1155,14,1,1
2025-11-02,erc1155,16,1887,1887
2025-11-02,erc1155,17,8736,8685
2025-11-02,erc1155,18,1114,3174
2025-11-02,erc1155,19,1128,1128
2025-11-02,erc1155,20,372,373
2025-11-02,erc1155,22,1237,1246
2025-11-02,erc1155,23,222,222
2025-11-02,erc1155,24,300,300
2025-11-02,erc1155,25,5991,5991
2025-11-02,erc1155,27,2429,2429
2025-11-02,erc1155,29,1687,1687
2025-11-02,erc1155,30,20,20
2025-11-02,erc1155,31,2,2
2025-11-01,erc1155,3,301,301
2025-11-01,erc1155,4,410,410
2025-11-01,erc1155,5,10,10
2025-11-01,erc1155,6,35,35
2025-11-01,erc1155,7,5,5
2025-11-01,erc1155,8,8,8
2025-11-01,erc1155,9,895,895
2025-11-01,erc1155,10,1,1
2025-11-01,erc1155,11,90,90
2025-11-01,erc1155,12,2360,2376
2025-11-01,erc1155,13,773,773
2025-11-01,erc1155,14,20,20
2025-11-01,erc1155,16,883,883
2025-11-01,erc1155,17,4904,4522
2025-11-01,erc1155,18,9594,9463
2025-11-01,erc1155,19,251,251
2025-11-01,erc1155,20,1127,1126
2025-11-01,erc1155,22,2044,2035
2025-11-01,erc1155,23,1946,4625
2025-11-01,erc1155,24,15,15
2025-11-01,erc1155,25,9429,12832
2025-11-01,erc1155,27,1833,1833
2025-11-01,erc1155,29,4254,4254
2025-11-01,erc1155,30,176,176
2025-11-01,erc1155,31,137,137
2025-10-31,erc1155,3,511,511
2025-10-31,erc1155,4,218,218
2025-10-31,erc1155,5,23,23
2025-10-31,erc1155,6,2525,2525
2025-10-31,erc1155,7,197,197
2025-10-31,erc1155,8,57,57
2025-10-31,erc1155,9,392,392
2025-10-31,erc1155,10,43,43
2025-10-31,erc1155,11,126,126
2025-10-31,erc1155,12,792,776
2025-10-31,erc1155,13,1589,1589
2025-10-31,erc1155,14,90,90
2025-10-31,erc1155,16,6019,6019
2025-10-31,erc1155,17,3171,1933
2025-10-31,erc1155,18,4559,2384
2025-10-31,erc1155,19,309,309
2025-10-31,erc1155,20,2078,2078
2025-10-31,erc1155,22,2176,2181
2025-10-31,erc1155,23,3933,1254
2025-10-31,erc1155,24,55,55
2025-10-31,erc1155,25,8112,4709
2025-10-31,erc1155,27,5485,5610
2025-10-31,erc1155,28,266,266
2025-10-31,erc1155,29,25444,25444
2025-10-31,erc1155,30,280,280
2025-10-31,erc1155,31,72,72
2025-10-30,erc1155,3,92,312
2025-10-30,erc1155,4,130,130
2025-10-30,erc1155,5,4,4
2025-10-30,erc1155,6,48,48
2025-10-30,erc1155,7,2,2
2025-10-30,erc1155,8,1,1
2025-10-30,erc1155,9,352,518
2025-10-30,erc1155,10,4,4
2025-10-30,erc1155,11,25,25
2025-10-30,erc1155,12,2255,2255
2025-10-30,erc1155,13,1621,1621
2025-10-30,erc1155,16,2331,2331
2025-10-30,erc1155,17,502,13400
2025-10-30,erc1155,18,8454,9809
2025-10-30,erc1155,19,558,558
2025-10-30,erc1155,20,3122,3122
2025-10-30,erc1155,22,86,81
2025-10-30,erc1155,23,1204,1205
2025-10-30,erc1155,24,44,44
2025-10-30,erc1155,25,722,722
2025-10-30,erc1155,27,1090,1242
2025-10-30,erc1155,28,1,1
2025-10-30,erc1155,29,717,717
2025-10-30,erc1155,30,50,50
2025-10-29,erc1155,3,399,179
2025-10-29,erc1155,4,622,808
2025-10-29,erc1155,5,1,1
2025-10-29,erc1155,6,673,673
2025-10-29,erc1155,7,36,38
2025-10-29,erc1155,8,40,40
2025-10-29,erc1155,9,848,1223
2025-10-29,erc1155,10,44,44
2025-10-29,erc1155,11,464,464
2025-10-29,erc1155,12,931,931
2025-10-29,erc1155,13,728,728
2025-10-29,erc1155,14,51,51
2025-10-29,erc1155,16,538,538
2025-10-29,erc1155,17,1628,8386
2025-10-29,erc1155,18,8291,16583
2025-10-29,erc1155,19,9813,9813
2025-10-29,erc1155,20,1388,1388
2025-10-29,erc1155,22,5428,5428
2025-10-29,erc1155,23,2345,4152
2025-10-29,erc1155,24,60,60
2025-10-29,erc1155,25,9309,9309
2025-10-29,erc1155,27,15098,15246
2025-10-29,erc1155,28,175,176
2025-10-29,erc1155,29,2307,2327
2025-10-29,erc1155,30,1,1
2025-10-29,erc1155,31,2,2
2025-10-28,erc1155,3,573,573
2025-10-28,erc1155,4,1103,917
2025-10-28,erc1155,5,17,17
2025-10-28,erc1155,6,46,46
2025-10-28,erc1155,7,22,20
2025-10-28,erc1155,8,21,21
2025-10-28,erc1155,9,1155,614
2025-10-28,erc1155,10,13,13
2025-10-28,erc1155,11,140,140
2025-10-28,erc1155,12,3342,3342
2025-10-28,erc1155,13,900,900
2025-10-28,erc1155,14,78,78
2025-10-28,erc1155,16,918,918
2025-10-28,erc1155,17,6389,12186
2025-10-28,erc1155,18,11080,17864
2025-10-28,erc1155,19,1074,1074
2025-10-28,erc1155,20,668,668
2025-10-28,erc1155,22,605,606
2025-10-28,erc1155,23,2869,1061
2025-10-28,erc1155,24,16,16
2025-10-28,erc1155,25,14740,14895
2025-10-28,erc1155,27,12541,13733
2025-10-28,erc1155,28,13,12
2025-10-28,erc1155,29,2459,2439
2025-10-28,erc1155,30,32,32
2025-10-28,erc1155,31,195,195
2025-10-27,erc1155,3,60,60
2025-10-27,erc1155,4,2262,3354
2025-10-27,erc1155,5,33,33
2025-10-27,erc1155,6,110,110
2025-10-27,erc1155,7,12,12
2025-10-27,erc1155,8,20,20
2025-10-27,erc1155,9,618,1811
2025-10-27,erc1155,10,33,33
2025-10-27,erc1155,11,2233,2233
2025-10-27,erc1155,12,527,527
2025-10-27,erc1155,13,96,96
2025-10-27,erc1155,14,35,35
2025-10-27,erc1155,16,135,135
2025-10-27,erc1155,17,4569,2545
2025-10-27,erc1155,18,12644,7134
2025-10-27,erc1155,19,227,227
2025-10-27,erc1155,20,501,501
2025-10-27,erc1155,22,2702,2701
2025-10-27,erc1155,23,444,444
2025-10-27,erc1155,24,11,11
2025-10-27,erc1155,25,4798,4643
2025-10-27,erc1155,27,3294,2698
2025-10-27,erc1155,28,60,60
2025-10-27,erc1155,29,1007,1007
2025-10-27,erc1155,30,14,14
2025-10-27,erc1155,31,22,22
2025-10-26,erc1155,3,504,504
2025-10-26,erc1155,4,284,284
2025-10-26,erc1155,5,6,6
2025-10-26,erc1155,6,81,81
2025-10-26,erc1155,7,10,10
2025-10-26,erc1155,8,5,5
2025-10-26,erc1155,9,87,88
2025-10-26,erc1155,10,35,35
2025-10-26,erc1155,11,30,30
2025-10-26,erc1155,12,1466,6288
2025-10-26,erc1155,13,475,475
2025-10-26,erc1155,14,54,54
2025-10-26,erc1155,16,273,273
2025-10-26,erc1155,17,2865,1199
2025-10-26,erc1155,18,4008,10870
2025-10-26,erc1155,19,293,293
2025-10-26,erc1155,20,211,212
2025-10-26,erc1155,22,693,694
2025-10-26,erc1155,23,1943,2502
2025-10-26,erc1155,24,10,10
2025-10-26,erc1155,25,1655,2082
2025-10-26,erc1155,27,1557,1597
2025-10-26,erc1155,29,2313,2313
2025-10-26,erc1155,30,67,67
2025-10-25,erc1155,3,34,34
2025-10-25,erc1155,4,778,1167
2025-10-25,erc1155,5,19,21
2025-10-25,erc1155,6,272,272
2025-10-25,erc1155,7,51,51
2025-10-25,erc1155,8,27,27
2025-10-25,erc1155,9,625,773
2025-10-25,erc1155,10,10,14
2025-10-25,erc1155,11,745,745
2025-10-25,erc1155,12,5277,458
2025-10-25,erc1155,13,16,16
2025-10-25,erc1155,14,20,20
2025-10-25,erc1155,16,44,44
2025-10-25,erc1155,17,152,1096
2025-10-25,erc1155,18,8115,6715
2025-10-25,erc1155,19,534,2088
2025-10-25,erc1155,20,953,970
2025-10-25,erc1155,22,2805,6394
2025-10-25,erc1155,23,1825,1715
2025-10-25,erc1155,24,53,53
2025-10-25,erc1155,25,5997,12692
2025-10-25,erc1155,27,6823,6783
2025-10-25,erc1155,28,1,1
2025-10-25,erc1155,29,1360,1360
2025-10-25,erc1155,30,7,44
2025-10-25,erc1155,31,63,591
2025-10-24,erc1155,3,469,469
2025-10-24,erc1155,4,434,2547
2025-10-24,erc1155,5,25,23
2025-10-24,erc1155,6,202,202
2025-10-24,erc1155,7,6,6
2025-10-24,erc1155,8,3,3
2025-10-24,erc1155,9,468,625
2025-10-24,erc1155,10,50,46
2025-10-24,erc1155,11,205,205
2025-10-24,erc1155,12,513,1495
2025-10-24,erc1155,13,201,201
2025-10-24,erc1155,14,9,9
2025-10-24,erc1155,16,1121,1121
2025-10-24,erc1155,17,1936,993
2025-10-24,erc1155,18,7490,9602
2025-10-24,erc1155,19,2635,1081
2025-10-24,erc1155,20,812,794
2025-10-24,erc1155,22,6169,2579
2025-10-24,erc1155,23,1397,1068
2025-10-24,erc1155,24,71,71
2025-10-24,erc1155,25,7466,10937
2025-10-24,erc1155,27,4331,4881
2025-10-24,erc1155,28,69,69
2025-10-24,erc1155,29,2344,2344
2025-10-24,erc1155,30,136,99
2025-10-24,erc1155,31,687,159
2025-10-23,erc1155,3,97,97
2025-10-23,erc1155,4,579,1862
2025-10-23,erc1155,5,22,22
2025-10-23,erc1155,6,305,305
2025-10-23,erc1155,7,14,14
2025-10-23,erc1155,8,9,9
2025-10-23,erc1155,9,798,492
2025-10-23,erc1155,10,18,18
2025-10-23,erc1155,11,82,82
2025-10-23,erc1155,12,1869,884
2025-10-23,erc1155,13,574,574
2025-10-23,erc1155,14,2,2
2025-10-23,erc1155,16,546,546
2025-10-23,erc1155,17,657,5551
2025-10-23,erc1155,18,18482,25267
2025-10-23,erc1155,19,522,1767
2025-10-23,erc1155,20,398,398
2025-10-23,erc1155,22,9236,9236
2025-10-23,erc1155,23,668,2461
2025-10-23,erc1155,24,42,42
2025-10-23,erc1155,25,8825,8336
2025-10-23,erc1155,27,6998,6448
2025-10-23,erc1155,28,13,13
2025-10-23,erc1155,29,1570,1570
2025-10-23,erc1155,30,74,74
2025-10-23,erc1155,31,51,51
2025-10-22,erc1155,3,1552,1616
2025-10-22,erc1155,4,663,663
2025-10-22,erc1155,5,49,57
2025-10-22,erc1155,6,268,268
2025-10-22,erc1155,7,49,69
2025-10-22,erc1155,8,47,47
2025-10-22,erc1155,9,1362,1410
2025-10-22,erc1155,10,30,37
2025-10-22,erc1155,11,146,146
2025-10-22,erc1155,12,1174,3300
2025-10-22,erc1155,13,779,799
2025-10-22,erc1155,14,442,443
2025-10-22,erc1155,16,318,318
2025-10-22,erc1155,17,3579,1400
2025-10-22,erc1155,18,7376,8864
2025-10-22,erc1155,19,1473,1473
2025-10-22,erc1155,20,1439,1617
2025-10-22,erc1155,22,1457,1561
2025-10-22,erc1155,23,2020,3097
2025-10-22,erc1155,24,44,44
2025-10-22,erc1155,25,10719,20443
2025-10-22,erc1155,27,5461,5483
2025-10-22,erc1155,28,128,128
2025-10-22,erc1155,29,5128,6078
2025-10-22,erc1155,30,433,433
2025-10-22,erc1155,31,40,40
2025-10-21,erc1155,3,246,182
2025-10-21,erc1155,4,70,252
2025-10-21,erc1155,5,8,0
2025-10-21,erc1155,6,146,146
2025-10-21,erc1155,7,45,27
2025-10-21,erc1155,8,4,4
2025-10-21,erc1155,9,291,443
2025-10-21,erc1155,10,8,1
2025-10-21,erc1155,11,269,269
2025-10-21,erc1155,12,2272,146
2025-10-21,erc1155,13,134,114
2025-10-21,erc1155,14,7,6
2025-10-21,erc1155,16,227,227
2025-10-21,erc1155,17,1353,968
2025-10-21,erc1155,18,967,2800
2025-10-21,erc1155,19,62,62
2025-10-21,erc1155,20,567,389
2025-10-21,erc1155,22,975,871
2025-10-21,erc1155,23,3392,457
2025-10-21,erc1155,24,39,39
2025-10-21,erc1155,25,5218,6215
2025-10-21,erc1155,27,2327,2953
2025-10-21,erc1155,28,6,6
2025-10-21,erc1155,29,3635,5331
2025-10-21,erc1155,30,183,183
2025-10-21,erc1155,31,121,121
2025-10-20,erc1155,3,193,1158
2025-10-20,erc1155,4,472,858
2025-10-20,erc1155,5,89,89
2025-10-20,erc1155,6,130,130
2025-10-20,erc1155,7,57,55
2025-10-20,erc1155,8,1,1
2025-10-20,erc1155,9,528,466
2025-10-20,erc1155,10,35,181
2025-10-20,erc1155,11,292,292
2025-10-20,erc1155,12,1036,1036
2025-10-20,erc1155,13,272,272
2025-10-20,erc1155,14,67,67
2025-10-20,erc1155,16,228,228
2025-10-20,erc1155,17,906,795
2025-10-20,erc1155,18,7107,525
2025-10-20,erc1155,19,295,295
2025-10-20,erc1155,20,801,3600
2025-10-20,erc1155,22,434,438
2025-10-20,erc1155,23,2481,8361
2025-10-20,erc1155,24,104,104
2025-10-20,erc1155,25,4509,4747
2025-10-20,erc1155,27,2209,2209
2025-10-20,erc1155,28,7,7
2025-10-20,erc1155,29,1938,4716
2025-10-20,erc1155,30,180,1495
2025-10-20,erc1155,31,264,1585
2025-10-19,erc1155,3,1161,304
2025-10-19,erc1155,4,696,128
2025-10-19,erc1155,5,18,18
2025-10-19,erc1155,6,421,421
2025-10-19,erc1155,7,9,9
2025-10-19,erc1155,8,5,67
2025-10-19,erc1155,9,344,281
2025-10-19,erc1155,10,329,183
2025-10-19,erc1155,11,622,622
2025-10-19,erc1155,12,880,1444
2025-10-19,erc1155,13,901,901
2025-10-19,erc1155,14,18,18
2025-10-19,erc1155,16,406,406
2025-10-19,erc1155,17,786,122
2025-10-19,erc1155,18,1123,1331
2025-10-19,erc1155,19,1317,1317
2025-10-19,erc1155,20,1548,5280
2025-10-19,erc1155,22,1165,1302
2025-10-19,erc1155,23,1025,280
2025-10-19,erc1155,24,57,59
2025-10-19,erc1155,25,4742,6198
2025-10-19,erc1155,27,4719,3784
2025-10-19,erc1155,28,21,21
2025-10-19,erc1155,29,5247,3184
2025-10-19,erc1155,30,1493,178
2025-10-19,erc1155,31,84,2712
2025-10-18,erc1155,3,506,398
2025-10-18,erc1155,4,141,89
2025-10-18,erc1155,5,17,17
2025-10-18,erc1155,6,227,227
2025-10-18,erc1155,7,174,243
2025-10-18,erc1155,8,176,123
2025-10-18,erc1155,9,1593,1470
2025-10-18,erc1155,10,411,421
2025-10-18,erc1155,11,185,185
2025-10-18,erc1155,12,1639,1075
2025-10-18,erc1155,13,2497,2497
2025-10-18,erc1155,14,78,214
2025-10-18,erc1155,16,3194,3194
2025-10-18,erc1155,17,2562,2316
2025-10-18,erc1155,18,16663,3185
2025-10-18,erc1155,19,2108,863
2025-10-18,erc1155,20,10990,5834
2025-10-18,erc1155,22,1763,1622
2025-10-18,erc1155,23,6831,21775
2025-10-18,erc1155,24,91,125
2025-10-18,erc1155,25,11003,4900
2025-10-18,erc1155,27,17308,16576
2025-10-18,erc1155,28,22,22
2025-10-18,erc1155,29,5665,2312
2025-10-18,erc1155,30,248,248
2025-10-18,erc1155,31,255,11292
2025-10-17,erc1155,3,921,1453
2025-10-17,erc1155,4,2381,3405
2025-10-17,erc1155,5,202,203
2025-10-17,erc1155,6,1230,1230
2025-10-17,erc1155,7,92,32
2025-10-17,erc1155,8,58,49
2025-10-17,erc1155,9,2242,3959
2025-10-17,erc1155,10,239,229
2025-10-17,erc1155,11,1072,1085
2025-10-17,erc1155,12,3582,4589
2025-10-17,erc1155,13,1812,1812
2025-10-17,erc1155,14,239,109
2025-10-17,erc1155,16,3125,3125
2025-10-17,erc1155,17,10811,3464
2025-10-17,erc1155,18,7962,1359
2025-10-17,erc1155,19,1917,1942
2025-10-17,erc1155,20,3306,1942
2025-10-17,erc1155,22,1133,1134
2025-10-17,erc1155,23,13866,4102
2025-10-17,erc1155,24,535,499
2025-10-17,erc1155,25,28292,43228
2025-10-17,erc1155,27,9921,36778
2025-10-17,erc1155,28,88,88
2025-10-17,erc1155,29,14491,14485
2025-10-17,erc1155,30,403,404
2025-10-17,erc1155,31,121,14535
2025-10-16,erc1155,3,1841,1309
2025-10-16,erc1155,4,3100,1670
2025-10-16,erc1155,5,58,98
2025-10-16,erc1155,6,13665,13665
2025-10-16,erc1155,7,118,109
2025-10-16,erc1155,8,92,92
2025-10-16,erc1155,9,3276,2912
2025-10-16,erc1155,10,64,64
2025-10-16,erc1155,11,964,951
2025-10-16,erc1155,12,10561,9554
2025-10-16,erc1155,13,1285,1285
2025-10-16,erc1155,14,213,207
2025-10-16,erc1155,16,1521,1521
2025-10-16,erc1155,17,3408,3017
2025-10-16,erc1155,18,3949,1814
2025-10-16,erc1155,19,1829,1804
2025-10-16,erc1155,20,750,6704
2025-10-16,erc1155,22,1199,3975
2025-10-16,erc1155,23,13720,4770
2025-10-16,erc1155,24,95,95
2025-10-16,erc1155,25,40079,8727
2025-10-16,erc1155,27,29163,102408
2025-10-16,erc1155,28,5,5
2025-10-16,erc1155,29,25177,28938
2025-10-16,erc1155,30,188,207
2025-10-15,erc1155,3,185,185
2025-10-15,erc1155,4,113,113
2025-10-15,erc1155,5,3,3
2025-10-15,erc1155,6,98,98
2025-10-15,erc1155,7,143,143
2025-10-15,erc1155,8,51,51
2025-10-15,erc1155,9,326,490
2025-10-15,erc1155,10,12,12
2025-10-15,erc1155,11,64,64
2025-10-15,erc1155,12,967,967
2025-10-15,erc1155,13,249,249
2025-10-15,erc1155,14,2,2
2025-10-15,erc1155,16,85,85
2025-10-15,erc1155,17,736,745
2025-10-15,erc1155,18,1962,1951
2025-10-15,erc1155,19,304,304
2025-10-15,erc1155,20,1135,1519
2025-10-15,erc1155,22,399,399
2025-10-15,erc1155,23,1586,843
2025-10-15,erc1155,24,40,40
2025-10-15,erc1155,25,2957,2984
2025-10-15,erc1155,27,21604,4149
2025-10-15,erc1155,28,29,29
2025-10-15,erc1155,29,32780,32111
2025-10-15,erc1155,30,123,103
2025-10-14,erc1155,3,105,105
2025-10-14,erc1155,4,309,405
2025-10-14,erc1155,5,19,19
2025-10-14,erc1155,6,332,332
2025-10-14,erc1155,7,23,23
2025-10-14,erc1155,8,3,3
2025-10-14,erc1155,9,925,670
2025-10-14,erc1155,10,50,50
2025-10-14,erc1155,11,354,354
2025-10-14,erc1155,12,1535,1535
2025-10-14,erc1155,13,1646,1646
2025-10-14,erc1155,14,61,61
2025-10-14,erc1155,16,1114,1114
2025-10-14,erc1155,17,755,746
2025-10-14,erc1155,18,412,412
2025-10-14,erc1155,19,603,603
2025-10-14,erc1155,20,2750,2748
2025-10-14,erc1155,22,1535,1535
2025-10-14,erc1155,23,2055,1378
2025-10-14,erc1155,24,23,23
2025-10-14,erc1155,25,2950,3665
2025-10-14,erc1155,27,4614,9139
2025-10-14,erc1155,28,101,101
2025-10-14,erc1155,29,6891,10051
2025-10-14,erc1155,30,122,122
2025-10-13,erc1155,3,644,1627
2025-10-13,erc1155,4,1014,918
2025-10-13,erc1155,5,67,69
2025-10-13,erc1155,6,9,9
2025-10-13,erc1155,7,57,57
2025-10-13,erc1155,8,29,29
2025-10-13,erc1155,9,10639,10639
2025-10-13,erc1155,10,20,20
2025-10-13,erc1155,11,1008,1008
2025-10-13,erc1155,12,642,642
2025-10-13,erc1155,13,115,115
2025-10-13,erc1155,14,69,69
2025-10-13,erc1155,16,1998,1998
2025-10-13,erc1155,17,569,569
2025-10-13,erc1155,18,2185,2185
2025-10-13,erc1155,19,411,411
2025-10-13,erc1155,20,3121,5112
2025-10-13,erc1155,22,972,972
2025-10-13,erc1155,23,1836,1836
2025-10-13,erc1155,24,413,413
2025-10-13,erc1155,25,4599,5840
2025-10-13,erc1155,27,29806,14511
2025-10-13,erc1155,28,158,158
2025-10-13,erc1155,29,12395,6141
2025-10-13,erc1155,30,128,128
2025-10-12,erc1155,3,4612,3780
2025-10-12,erc1155,4,50,50
2025-10-12,erc1155,5,12,10
2025-10-12,erc1155,6,662,662
2025-10-12,erc1155,7,14,14
2025-10-12,erc1155,8,4,4
2025-10-12,erc1155,9,100,110
2025-10-12,erc1155,10,15,15
2025-10-12,erc1155,11,455,455
2025-10-12,erc1155,12,2165,2165
2025-10-12,erc1155,13,95,95
2025-10-12,erc1155,14,4,4
2025-10-12,erc1155,16,4667,4667
2025-10-12,erc1155,17,1745,7180
2025-10-12,erc1155,18,803,5096
2025-10-12,erc1155,19,127,127
2025-10-12,erc1155,20,292,207
2025-10-12,erc1155,22,237,237
2025-10-12,erc1155,23,814,861
2025-10-12,erc1155,24,14,14
2025-10-12,erc1155,25,1996,1108
2025-10-12,erc1155,27,15872,16008
2025-10-12,erc1155,28,108,108
2025-10-12,erc1155,29,3903,3909
2025-10-12,erc1155,30,540,1854
2025-10-11,erc1155,3,270,355
2025-10-11,erc1155,4,75,75
2025-10-11,erc1155,5,258,258
2025-10-11,erc1155,6,13,13
2025-10-11,erc1155,7,51,51
2025-10-11,erc1155,8,232,232
2025-10-11,erc1155,9,352,362
2025-10-11,erc1155,10,124,124
2025-10-11,erc1155,11,329,329
2025-10-11,erc1155,12,1340,1340
2025-10-11,erc1155,13,46,46
2025-10-11,erc1155,14,7,7
2025-10-11,erc1155,16,271,271
2025-10-11,erc1155,17,222,222
2025-10-11,erc1155,18,102,102
2025-10-11,erc1155,19,834,834
2025-10-11,erc1155,20,567,574
2025-10-11,erc1155,22,2417,2417
2025-10-11,erc1155,23,1355,1654
2025-10-11,erc1155,24,565,565
2025-10-11,erc1155,25,1759,3362
2025-10-11,erc1155,27,11130,11141
2025-10-11,erc1155,28,151,151
2025-10-11,erc1155,29,7972,8720
2025-10-11,erc1155,30,350,897
2025-10-10,erc1155,3,404,319
2025-10-10,erc1155,4,64,64
2025-10-10,erc1155,5,34,34
2025-10-10,erc1155,6,3514,3514
2025-10-10,erc1155,7,47,47
2025-10-10,erc1155,8,29,29
2025-10-10,erc1155,9,311,796
2025-10-10,erc1155,10,17,17
2025-10-10,erc1155,11,2482,2482
2025-10-10,erc1155,12,296,296
2025-10-10,erc1155,13,1756,1756
2025-10-10,erc1155,14,21,21
2025-10-10,erc1155,16,2463,2463
2025-10-10,erc1155,17,242,1476
2025-10-10,erc1155,18,1419,3975
2025-10-10,erc1155,19,85,85
2025-10-10,erc1155,20,1199,1200
2025-10-10,erc1155,22,880,880
2025-10-10,erc1155,23,761,421
2025-10-10,erc1155,24,62,62
2025-10-10,erc1155,25,2570,7061
2025-10-10,erc1155,27,17042,6100
2025-10-10,erc1155,28,9,9
2025-10-10,erc1155,29,8613,8042
2025-10-10,erc1155,30,515,1462
2025-10-09,erc1155,3,60,60
2025-10-09,erc1155,4,1336,490
2025-10-09,erc1155,5,72,72
2025-10-09,erc1155,6,2224,2224
2025-10-09,erc1155,7,53,63
2025-10-09,erc1155,8,101,101
2025-10-09,erc1155,9,1852,1135
2025-10-09,erc1155,10,35,35
2025-10-09,erc1155,11,3841,3841
2025-10-09,erc1155,12,1077,1077
2025-10-09,erc1155,13,1769,1769
2025-10-09,erc1155,14,32,32
2025-10-09,erc1155,16,2375,2375
2025-10-09,erc1155,17,2393,1554
2025-10-09,erc1155,18,6784,2736
2025-10-09,erc1155,19,1000,1000
2025-10-09,erc1155,20,2918,2233
2025-10-09,erc1155,22,4510,4510
2025-10-09,erc1155,23,762,756
2025-10-09,erc1155,24,693,693
2025-10-09,erc1155,25,3826,4313
2025-10-09,erc1155,27,16815,7538
2025-10-09,erc1155,28,35,35
2025-10-09,erc1155,29,19666,21818
2025-10-09,erc1155,30,1331,2387
2025-10-08,erc1155,3,320,169
2025-10-08,erc1155,4,865,929
2025-10-08,erc1155,5,16,17
2025-10-08,erc1155,6,5,5
2025-10-08,erc1155,7,14,4
2025-10-08,erc1155,8,42,42
2025-10-08,erc1155,9,343,350
2025-10-08,erc1155,10,309,309
2025-10-08,erc1155,11,75,75
2025-10-08,erc1155,12,1366,1366
2025-10-08,erc1155,13,428,428
2025-10-08,erc1155,14,59,59
2025-10-08,erc1155,16,530,530
2025-10-08,erc1155,17,3067,1003
2025-10-08,erc1155,18,3098,2704
2025-10-08,erc1155,19,39,39
2025-10-08,erc1155,20,1799,804
2025-10-08,erc1155,22,185,185
2025-10-08,erc1155,23,1887,5522
2025-10-08,erc1155,25,1476,7349
2025-10-08,erc1155,27,13932,12324
2025-10-08,erc1155,28,1,1
2025-10-08,erc1155,29,12716,11035
2025-10-08,erc1155,30,57,74
2025-10-07,erc1155,3,628,628
2025-10-07,erc1155,4,1261,667
2025-10-07,erc1155,5,58,58
2025-10-07,erc1155,6,75,75
2025-10-07,erc1155,7,43,43
2025-10-07,erc1155,8,68,68
2025-10-07,erc1155,9,1531,635
2025-10-07,erc1155,10,52,52
2025-10-07,erc1155,11,20,20
2025-10-07,erc1155,12,3801,3801
2025-10-07,erc1155,13,976,976
2025-10-07,erc1155,14,5,5
2025-10-07,erc1155,16,556,556
2025-10-07,erc1155,17,5962,838
2025-10-07,erc1155,18,3161,754
2025-10-07,erc1155,19,1532,1532
2025-10-07,erc1155,20,2485,496
2025-10-07,erc1155,22,875,875
2025-10-07,erc1155,23,1378,1775
2025-10-07,erc1155,24,46,46
2025-10-07,erc1155,25,9661,3862
2025-10-07,erc1155,27,18410,1850
2025-10-07,erc1155,28,2,2
2025-10-07,erc1155,29,10650,19446
2025-10-07,erc1155,30,1134,1645
2025-10-06,erc1155,3,147,1145
2025-10-06,erc1155,4,318,303
2025-10-06,erc1155,5,15,15
2025-10-06,erc1155,7,83,83
2025-10-06,erc1155,8,4,4
2025-10-06,erc1155,9,1090,1090
2025-10-06,erc1155,10,237,237
2025-10-06,erc1155,11,2,2
2025-10-06,erc1155,12,194,194
2025-10-06,erc1155,13,572,572
2025-10-06,erc1155,14,1,1
2025-10-06,erc1155,16,563,563
2025-10-06,erc1155,17,2743,319
2025-10-06,erc1155,18,956,956
2025-10-06,erc1155,19,166,166
2025-10-06,erc1155,20,906,1270
2025-10-06,erc1155,22,513,513
2025-10-06,erc1155,23,4207,229
2025-10-06,erc1155,24,13,13
2025-10-06,erc1155,25,9924,2174
2025-10-06,erc1155,27,4236,4448
2025-10-06,erc1155,28,6,6
2025-10-06,erc1155,29,15934,6485
2025-10-06,erc1155,30,4614,2378
2025-10-05,erc1155,3,76,76
2025-10-05,erc1155,4,348,271
2025-10-05,erc1155,5,32,32
2025-10-05,erc1155,6,93,93
2025-10-05,erc1155,7,45,45
2025-10-05,erc1155,8,50,50
2025-10-05,erc1155,9,170,170
2025-10-05,erc1155,10,14,14
2025-10-05,erc1155,11,2011,2011
2025-10-05,erc1155,12,217,217
2025-10-05,erc1155,13,61,61
2025-10-05,erc1155,14,35,35
2025-10-05,erc1155,16,116,116
2025-10-05,erc1155,17,612,7612
2025-10-05,erc1155,18,1000,1000
2025-10-05,erc1155,19,32,32
2025-10-05,erc1155,20,3396,3032
2025-10-05,erc1155,22,858,858
2025-10-05,erc1155,23,1137,1083
2025-10-05,erc1155,24,171,171
2025-10-05,erc1155,25,1428,3547
2025-10-05,erc1155,27,1189,1061
2025-10-05,erc1155,28,206,206
2025-10-05,erc1155,29,3556,3555
2025-10-05,erc1155,30,1468,6080
2025-10-04,erc1155,3,147,147
2025-10-04,erc1155,4,280,146
2025-10-04,erc1155,5,4,4
2025-10-04,erc1155,6,12,12
2025-10-04,erc1155,7,12,12
2025-10-04,erc1155,8,125,125
2025-10-04,erc1155,9,588,588
2025-10-04,erc1155,10,13,13
2025-10-04,erc1155,11,224,224
2025-10-04,erc1155,12,241,241
2025-10-04,erc1155,13,261,261
2025-10-04,erc1155,14,50,50
2025-10-04,erc1155,16,743,743
2025-10-04,erc1155,17,5117,1001
2025-10-04,erc1155,18,1514,1514
2025-10-04,erc1155,19,176,176
2025-10-04,erc1155,20,2181,1080
2025-10-04,erc1155,22,973,357
2025-10-04,erc1155,23,1496,5412
2025-10-04,erc1155,24,12,12
2025-10-04,erc1155,25,13340,21556
2025-10-04,erc1155,27,33352,9137
2025-10-04,erc1155,28,54,54
2025-10-04,erc1155,29,20495,20495
2025-10-04,erc1155,30,1460,8486
2025-10-03,erc1155,3,1859,1859
2025-10-03,erc1155,4,677,677
2025-10-03,erc1155,5,26,26
2025-10-03,erc1155,6,459,459
2025-10-03,erc1155,7,479,479
2025-10-03,erc1155,8,101,101
2025-10-03,erc1155,9,1590,284
2025-10-03,erc1155,10,358,358
2025-10-03,erc1155,11,979,979
2025-10-03,erc1155,12,727,1227
2025-10-03,erc1155,13,155,155
2025-10-03,erc1155,14,13,13
2025-10-03,erc1155,16,120,120
2025-10-03,erc1155,17,662,1223
2025-10-03,erc1155,18,1359,1359
2025-10-03,erc1155,19,375,375
2025-10-03,erc1155,20,3890,4502
2025-10-03,erc1155,22,2787,2787
2025-10-03,erc1155,23,6818,3644
2025-10-03,erc1155,24,226,226
2025-10-03,erc1155,25,7697,5869
2025-10-03,erc1155,27,4850,4124
2025-10-03,erc1155,28,33,33
2025-10-03,erc1155,29,4545,4545
2025-10-03,erc1155,30,1241,18422
2025-10-02,erc1155,3,1414,1490
2025-10-02,erc1155,4,2249,1262
2025-10-02,erc1155,5,10,10
2025-10-02,erc1155,6,55,55
2025-10-02,erc1155,7,35,35
2025-10-02,erc1155,8,41,41
2025-10-02,erc1155,9,298,1770
2025-10-02,erc1155,10,53,53
2025-10-02,erc1155,11,248,248
2025-10-02,erc1155,12,966,3239
2025-10-02,erc1155,13,784,1906
2025-10-02,erc1155,14,78,78
2025-10-02,erc1155,16,165,165
2025-10-02,erc1155,17,417,636
2025-10-02,erc1155,18,1610,5422
2025-10-02,erc1155,19,787,2205
2025-10-02,erc1155,20,2585,6067
2025-10-02,erc1155,22,821,821
2025-10-02,erc1155,23,1481,1758
2025-10-02,erc1155,24,7,7
2025-10-02,erc1155,25,3049,5957
2025-10-02,erc1155,27,6018,2711
2025-10-02,erc1155,28,5,11
2025-10-02,erc1155,29,8227,9808
2025-10-01,erc1155,3,1401,385
2025-10-01,erc1155,4,2454,624
2025-10-01,erc1155,5,14,14
2025-10-01,erc1155,6,460,460
2025-10-01,erc1155,7,11,11
2025-10-01,erc1155,8,35,35
2025-10-01,erc1155,9,788,3841
2025-10-01,erc1155,10,40,40
2025-10-01,erc1155,11,442,442
2025-10-01,erc1155,12,4949,4039
2025-10-01,erc1155,13,1022,1022
2025-10-01,erc1155,14,16,16
2025-10-01,erc1155,16,3083,3083
2025-10-01,erc1155,17,889,390
2025-10-01,erc1155,18,5375,4146
2025-10-01,erc1155,19,346,346
2025-10-01,erc1155,20,7370,4539
2025-10-01,erc1155,22,2948,1404
2025-10-01,erc1155,23,5217,6889
2025-10-01,erc1155,24,36,36
2025-10-01,erc1155,25,9822,6521
2025-10-01,erc1155,27,13016,13297
2025-10-01,erc1155,28,94,88
2025-10-01,erc1155,29,15763,14566
2025-09-30,erc1155,3,3378,8764
2025-09-30,erc1155,4,886,886
2025-09-30,erc1155,5,199,157
2025-09-30,erc1155,6,25,25
2025-09-30,erc1155,7,467,467
2025-09-30,erc1155,8,11,11
2025-09-30,erc1155,9,3053,4870
2025-09-30,erc1155,10,262,262
2025-09-30,erc1155,11,143,143
2025-09-30,erc1155,12,241,1781
2025-09-30,erc1155,13,1463,341
2025-09-30,erc1155,14,98,98
2025-09-30,erc1155,16,162,162
2025-09-30,erc1155,17,529,531
2025-09-30,erc1155,18,4558,8098
2025-09-30,erc1155,19,1006,1355
2025-09-30,erc1155,20,3927,5834
2025-09-30,erc1155,22,2837,2967
2025-09-30,erc1155,23,5378,7162
2025-09-30,erc1155,24,55,237
2025-09-30,erc1155,25,6916,11092
2025-09-30,erc1155,27,5475,23576
2025-09-30,erc1155,28,49,49
2025-09-30,erc1155,29,7453,23331
2025-09-29,erc1155,3,560,6946
2025-09-29,erc1155,4,472,472
2025-09-29,erc1155,5,52,52
2025-09-29,erc1155,6,401,401
2025-09-29,erc1155,7,63,63
2025-09-29,erc1155,8,10,10
2025-09-29,erc1155,9,909,3107
2025-09-29,erc1155,10,29,29
2025-09-29,erc1155,11,2076,2076
2025-09-29,erc1155,12,2415,2415
2025-09-29,erc1155,13,553,553
2025-09-29,erc1155,14,3,3
2025-09-29,erc1155,16,1119,1119
2025-09-29,erc1155,17,240,18351
2025-09-29,erc1155,18,1631,6891
2025-09-29,erc1155,19,1089,1649
2025-09-29,erc1155,20,1557,1557
2025-09-29,erc1155,22,2098,1351
2025-09-29,erc1155,23,2169,11293
2025-09-29,erc1155,24,313,131
2025-09-29,erc1155,25,4093,14328
2025-09-29,erc1155,27,6705,6205
2025-09-29,erc1155,28,29,29
2025-09-29,erc1155,29,19126,23386
2025-09-28,erc1155,3,763,2658
2025-09-28,erc1155,4,371,948
2025-09-28,erc1155,5,14,14
2025-09-28,erc1155,6,57,57
2025-09-28,erc1155,7,162,162
2025-09-28,erc1155,8,2,2
2025-09-28,erc1155,9,1062,1473
2025-09-28,erc1155,10,36,37
2025-09-28,erc1155,11,297,297
2025-09-28,erc1155,12,1215,2219
2025-09-28,erc1155,13,220,220
2025-09-28,erc1155,14,73,73
2025-09-28,erc1155,16,40,40
2025-09-28,erc1155,17,1800,16723
2025-09-28,erc1155,18,857,265
2025-09-28,erc1155,19,757,757
2025-09-28,erc1155,20,1130,1217
2025-09-28,erc1155,22,658,2999
2025-09-28,erc1155,23,1959,7394
2025-09-28,erc1155,24,63,863
2025-09-28,erc1155,25,14747,13887
2025-09-28,erc1155,27,7038,3436
2025-09-28,erc1155,29,2598,8139
2025-09-27,erc1155,3,154,295
2025-09-27,erc1155,4,1188,611
2025-09-27,erc1155,5,119,119
2025-09-27,erc1155,6,1133,1133
2025-09-27,erc1155,7,73,73
2025-09-27,erc1155,8,5,5
2025-09-27,erc1155,9,1416,445
2025-09-27,erc1155,10,52,51
2025-09-27,erc1155,11,52,52
2025-09-27,erc1155,12,3271,495
2025-09-27,erc1155,13,2494,2494
2025-09-27,erc1155,14,64,64
2025-09-27,erc1155,16,844,844
2025-09-27,erc1155,17,3028,12864
2025-09-27,erc1155,18,3395,7804
2025-09-27,erc1155,19,30,4025
2025-09-27,erc1155,20,2265,2066
2025-09-27,erc1155,22,1377,1305
2025-09-27,erc1155,23,2762,37165
2025-09-27,erc1155,24,1206,406
2025-09-27,erc1155,25,2530,9799
2025-09-27,erc1155,27,5178,3323
2025-09-27,erc1155,28,203,203
2025-09-27,erc1155,29,9249,14233
2025-09-26,erc1155,3,243,244
2025-09-26,erc1155,4,202,2679
2025-09-26,erc1155,5,240,240
2025-09-26,erc1155,6,35,35
2025-09-26,erc1155,7,238,238
2025-09-26,erc1155,8,212,212
2025-09-26,erc1155,9,1050,291
2025-09-26,erc1155,10,281,281
2025-09-26,erc1155,11,486,486
2025-09-26,erc1155,12,247,247
2025-09-26,erc1155,13,104,104
2025-09-26,erc1155,14,202,202
2025-09-26,erc1155,16,90,90
2025-09-26,erc1155,17,874,2951
2025-09-26,erc1155,18,7600,8146
2025-09-26,erc1155,19,412,5477
2025-09-26,erc1155,20,651,393
2025-09-26,erc1155,22,1461,1325
2025-09-26,erc1155,23,1811,21997
2025-09-26,erc1155,24,1136,1136
2025-09-26,erc1155,25,4537,9780
2025-09-26,erc1155,27,6957,6160
2025-09-26,erc1155,28,618,618
2025-09-26,erc1155,29,713,10261
2025-09-25,erc1155,3,41,41
2025-09-25,erc1155,4,227,3278
2025-09-25,erc1155,5,18,18
2025-09-25,erc1155,6,43,43
2025-09-25,erc1155,7,26,26
2025-09-25,erc1155,8,4,4
2025-09-25,erc1155,9,370,6529
2025-09-25,erc1155,10,30,30
2025-09-25,erc1155,11,160,160
2025-09-25,erc1155,12,374,374
2025-09-25,erc1155,13,178,178
2025-09-25,erc1155,14,15,15
2025-09-25,erc1155,16,322,322
2025-09-25,erc1155,17,728,9481
2025-09-25,erc1155,18,3923,16745
2025-09-25,erc1155,19,174,174
2025-09-25,erc1155,20,490,594
2025-09-25,erc1155,22,1296,4722
2025-09-25,erc1155,23,251,2815
2025-09-25,erc1155,24,1399,4389
2025-09-25,erc1155,25,1923,1794
2025-09-25,erc1155,27,14740,11819
2025-09-25,erc1155,28,1,1
2025-09-25,erc1155,29,3774,6561
2025-09-24,erc1155,3,1268,246
2025-09-24,erc1155,4,836,836
2025-09-24,erc1155,5,462,462
2025-09-24,erc1155,6,10,10
2025-09-24,erc1155,7,118,118
2025-09-24,erc1155,8,153,153
2025-09-24,erc1155,9,216,339
2025-09-24,erc1155,10,109,109
2025-09-24,erc1155,11,517,517
2025-09-24,erc1155,12,1158,2747
2025-09-24,erc1155,13,12,12
2025-09-24,erc1155,14,452,452
2025-09-24,erc1155,16,1881,1881
2025-09-24,erc1155,17,3002,677
2025-09-24,erc1155,18,750,45546
2025-09-24,erc1155,19,173,1421
2025-09-24,erc1155,20,707,603
2025-09-24,erc1155,22,576,721
2025-09-24,erc1155,23,342,1219
2025-09-24,erc1155,24,4432,1447
2025-09-24,erc1155,25,5438,13509
2025-09-24,erc1155,27,4271,5016
2025-09-24,erc1155,28,50,50
2025-09-24,erc1155,29,19435,12667
2025-09-23,erc1155,3,136,138
2025-09-23,erc1155,4,591,591
2025-09-23,erc1155,5,50,50
2025-09-23,erc1155,6,214,214
2025-09-23,erc1155,7,10,10
2025-09-23,erc1155,8,29,29
2025-09-23,erc1155,9,566,443
2025-09-23,erc1155,10,32,32
2025-09-23,erc1155,11,816,816
2025-09-23,erc1155,12,252,252
2025-09-23,erc1155,13,438,438
2025-09-23,erc1155,14,47,47
2025-09-23,erc1155,16,1340,1340
2025-09-23,erc1155,17,285,235
2025-09-23,erc1155,18,1278,3013
2025-09-23,erc1155,19,315,315
2025-09-23,erc1155,20,1066,1066
2025-09-23,erc1155,22,2770,2665
2025-09-23,erc1155,23,1896,1017
2025-09-23,erc1155,24,104,99
2025-09-23,erc1155,25,8031,63670
2025-09-23,erc1155,27,2503,8916
2025-09-23,erc1155,28,22,22
2025-09-23,erc1155,29,3527,6101
2025-09-22,erc1155,3,180,178
2025-09-22,erc1155,4,1347,882
2025-09-22,erc1155,5,117,117
2025-09-22,erc1155,6,654,654
2025-09-22,erc1155,7,122,122
2025-09-22,erc1155,8,232,232
2025-09-22,erc1155,9,639,798
2025-09-22,erc1155,10,99,99
2025-09-22,erc1155,11,146,146
2025-09-22,erc1155,12,1006,1006
2025-09-22,erc1155,13,1048,1048
2025-09-22,erc1155,14,59,59
2025-09-22,erc1155,16,1520,1520
2025-09-22,erc1155,17,534,534
2025-09-22,erc1155,18,2176,5221
2025-09-22,erc1155,19,362,7654
2025-09-22,erc1155,20,1415,737
2025-09-22,erc1155,22,3218,1742
2025-09-22,erc1155,23,1074,1630
2025-09-22,erc1155,24,67,67
2025-09-22,erc1155,25,5459,13285
2025-09-22,erc1155,27,12073,13272
2025-09-22,erc1155,28,239,239
2025-09-22,erc1155,29,5812,5812
2025-09-21,erc1155,3,181,181
2025-09-21,erc1155,4,375,910
2025-09-21,erc1155,5,105,105
2025-09-21,erc1155,6,1196,1196
2025-09-21,erc1155,7,107,107
2025-09-21,erc1155,8,3,3
2025-09-21,erc1155,9,359,200
2025-09-21,erc1155,10,38,38
2025-09-21,erc1155,11,3928,3928
2025-09-21,erc1155,12,314,1818
2025-09-21,erc1155,13,404,404
2025-09-21,erc1155,14,109,109
2025-09-21,erc1155,16,1452,1452
2025-09-21,erc1155,17,1890,2288
2025-09-21,erc1155,18,1332,2512
2025-09-21,erc1155,19,119,4357
2025-09-21,erc1155,20,1990,1061
2025-09-21,erc1155,22,1164,668
2025-09-21,erc1155,23,5949,1803
2025-09-21,erc1155,24,113,113
2025-09-21,erc1155,25,6037,13962
2025-09-21,erc1155,27,22116,12057
2025-09-21,erc1155,28,203,203
2025-09-21,erc1155,29,8723,19335
2025-09-20,erc1155,3,209,209
2025-09-20,erc1155,4,804,189
2025-09-20,erc1155,5,34,34
2025-09-20,erc1155,6,137,137
2025-09-20,erc1155,7,22,22
2025-09-20,erc1155,8,6,6
2025-09-20,erc1155,9,1656,637
2025-09-20,erc1155,10,12,12
2025-09-20,erc1155,11,160,160
2025-09-20,erc1155,12,408,3478
2025-09-20,erc1155,13,2518,2518
2025-09-20,erc1155,14,14,14
2025-09-20,erc1155,16,60,60
2025-09-20,erc1155,17,1472,378
2025-09-20,erc1155,18,4584,4353
2025-09-20,erc1155,19,2031,5270
2025-09-20,erc1155,20,2390,1698
2025-09-20,erc1155,22,3120,1924
2025-09-20,erc1155,23,3537,1472
2025-09-20,erc1155,24,5,5
2025-09-20,erc1155,25,9548,14707
2025-09-20,erc1155,27,9634,14215
2025-09-20,erc1155,28,1,1
2025-09-20,erc1155,29,5371,5371
2025-09-19,erc1155,3,391,391
2025-09-19,erc1155,4,1304,629
2025-09-19,erc1155,5,37,39
2025-09-19,erc1155,6,461,461
2025-09-19,erc1155,7,62,62
2025-09-19,erc1155,8,16,16
2025-09-19,erc1155,9,2483,4099
2025-09-19,erc1155,10,290,290
2025-09-19,erc1155,11,912,912
2025-09-19,erc1155,12,323,323
2025-09-19,erc1155,13,672,672
2025-09-19,erc1155,14,45,45
2025-09-19,erc1155,16,256,256
2025-09-19,erc1155,17,1499,429
2025-09-19,erc1155,18,9534,14829
2025-09-19,erc1155,19,474,474
2025-09-19,erc1155,20,7465,5456
2025-09-19,erc1155,22,3555,1202
2025-09-19,erc1155,23,1617,2627
2025-09-19,erc1155,24,149,149
2025-09-19,erc1155,25,10023,23750
2025-09-19,erc1155,27,13487,21828
2025-09-19,erc1155,28,45,45
2025-09-19,erc1155,29,8013,8043
2025-09-18,erc1155,3,194,194
2025-09-18,erc1155,4,9092,8543
2025-09-18,erc1155,5,73,71
2025-09-18,erc1155,6,309,309
2025-09-18,erc1155,7,114,114
2025-09-18,erc1155,8,46,46
2025-09-18,erc1155,9,7052,2783
2025-09-18,erc1155,10,353,353
2025-09-18,erc1155,11,756,756
2025-09-18,erc1155,12,1379,1379
2025-09-18,erc1155,13,3001,3003
2025-09-18,erc1155,14,58,58
2025-09-18,erc1155,16,2471,2471
2025-09-18,erc1155,17,1463,4149
2025-09-18,erc1155,18,6419,8363
2025-09-18,erc1155,19,1946,1946
2025-09-18,erc1155,20,3002,3533
2025-09-18,erc1155,22,4953,8650
2025-09-18,erc1155,23,1727,13546
2025-09-18,erc1155,24,237,237
2025-09-18,erc1155,25,22114,24421
2025-09-18,erc1155,27,40344,19144
2025-09-18,erc1155,28,325,325
2025-09-18,erc1155,29,19479,24469
2025-09-17,erc1155,3,170,170
2025-09-17,erc1155,4,1141,3425
2025-09-17,erc1155,5,13,13
2025-09-17,erc1155,6,712,3782
2025-09-17,erc1155,7,59,410
2025-09-17,erc1155,8,83,83
2025-09-17,erc1155,9,298,1242
2025-09-17,erc1155,10,200,200
2025-09-17,erc1155,11,2079,2079
2025-09-17,erc1155,12,3301,42194
2025-09-17,erc1155,13,4457,4455
2025-09-17,erc1155,14,166,166
2025-09-17,erc1155,16,4024,4024
2025-09-17,erc1155,17,711,2000
2025-09-17,erc1155,18,2055,1567
2025-09-17,erc1155,19,3262,3262
2025-09-17,erc1155,20,4525,2011
2025-09-17,erc1155,22,6457,4923
2025-09-17,erc1155,23,9744,5063
2025-09-17,erc1155,24,198,198
2025-09-17,erc1155,25,48096,52287
2025-09-17,erc1155,27,41092,36890
2025-09-17,erc1155,28,317,317
2025-09-17,erc1155,29,69253,64233
2025-09-16,erc1155,3,41,41
2025-09-16,erc1155,4,383,600
2025-09-16,erc1155,5,11,11
2025-09-16,erc1155,6,1052,1052
2025-09-16,erc1155,7,432,81
2025-09-16,erc1155,8,1,1
2025-09-16,erc1155,9,1675,977
2025-09-16,erc1155,10,481,481
2025-09-16,erc1155,11,1359,1359
2025-09-16,erc1155,12,1062,1510
2025-09-16,erc1155,13,1191,1191
2025-09-16,erc1155,16,426,426
2025-09-16,erc1155,17,982,2378
2025-09-16,erc1155,18,985,8323
2025-09-16,erc1155,19,78,2664
2025-09-16,erc1155,20,757,760
2025-09-16,erc1155,22,4500,4763
2025-09-16,erc1155,23,1924,2339
2025-09-16,erc1155,24,43,43
2025-09-16,erc1155,25,21657,13040
2025-09-16,erc1155,27,3045,3045
2025-09-16,erc1155,29,4218,4218
2025-09-15,erc1155,3,112,2061
2025-09-15,erc1155,4,119,1311
2025-09-15,erc1155,5,10,10
2025-09-15,erc1155,6,2945,2945
2025-09-15,erc1155,7,12,12
2025-09-15,erc1155,8,7,7
2025-09-15,erc1155,9,480,1555
2025-09-15,erc1155,10,27,27
2025-09-15,erc1155,11,898,898
2025-09-15,erc1155,12,387,675
2025-09-15,erc1155,13,208,278
2025-09-15,erc1155,14,28,28
2025-09-15,erc1155,16,926,926
2025-09-15,erc1155,17,863,228
2025-09-15,erc1155,18,2321,1546
2025-09-15,erc1155,19,596,510
2025-09-15,erc1155,20,178,1291
2025-09-15,erc1155,22,1895,14558
2025-09-15,erc1155,23,3304,841
2025-09-15,erc1155,24,17,17
2025-09-15,erc1155,25,18690,13588
2025-09-15,erc1155,27,1480,1480
2025-09-15,erc1155,28,5,5
2025-09-15,erc1155,29,1018,1018
2025-09-14,erc1155,3,87,93
2025-09-14,erc1155,4,74,1374
2025-09-14,erc1155,5,23,23
2025-09-14,erc1155,6,599,599
2025-09-14,erc1155,7,35,35
2025-09-14,erc1155,8,3,3
2025-09-14,erc1155,9,459,72
2025-09-14,erc1155,10,12,12
2025-09-14,erc1155,11,3,3
2025-09-14,erc1155,12,258,151
2025-09-14,erc1155,13,1057,987
2025-09-14,erc1155,16,195,195
2025-09-14,erc1155,17,492,1160
2025-09-14,erc1155,18,933,3681
2025-09-14,erc1155,19,122,122
2025-09-14,erc1155,20,407,382
2025-09-14,erc1155,22,2167,3233
2025-09-14,erc1155,23,746,1505
2025-09-14,erc1155,25,5780,8741
2025-09-14,erc1155,27,3566,3566
2025-09-14,erc1155,28,47,61
2025-09-14,erc1155,29,291,291
2025-09-13,erc1155,3,598,634
2025-09-13,erc1155,4,301,1188
2025-09-13,erc1155,5,37,37
2025-09-13,erc1155,6,364,664
2025-09-13,erc1155,7,39,39
2025-09-13,erc1155,8,1,1
2025-09-13,erc1155,9,397,1350
2025-09-13,erc1155,10,4,4
2025-09-13,erc1155,11,71,71
2025-09-13,erc1155,12,429,7051
2025-09-13,erc1155,13,96,96
2025-09-13,erc1155,14,0,1
2025-09-13,erc1155,16,45,45
2025-09-13,erc1155,17,492,1387
2025-09-13,erc1155,18,1035,718
2025-09-13,erc1155,19,125,352
2025-09-13,erc1155,20,613,8176
2025-09-13,erc1155,22,547,1145
2025-09-13,erc1155,23,2064,1718
2025-09-13,erc1155,24,10,10
2025-09-13,erc1155,25,20278,9205
2025-09-13,erc1155,27,2901,2901
2025-09-13,erc1155,28,195,181
2025-09-13,erc1155,29,412,412
2025-09-12,erc1155,3,96,57
2025-09-12,erc1155,4,826,369
2025-09-12,erc1155,5,33,33
2025-09-12,erc1155,6,1237,937
2025-09-12,erc1155,7,54,54
2025-09-12,erc1155,8,26,26
2025-09-12,erc1155,9,262,780
2025-09-12,erc1155,10,565,565
2025-09-12,erc1155,11,302,302
2025-09-12,erc1155,12,810,1428
2025-09-12,erc1155,13,844,844
2025-09-12,erc1155,14,188,187
2025-09-12,erc1155,16,317,317
2025-09-12,erc1155,17,1165,110
2025-09-12,erc1155,18,2012,344
2025-09-12,erc1155,19,1034,1197
2025-09-12,erc1155,20,362,1510
2025-09-12,erc1155,22,3364,3699
2025-09-12,erc1155,23,1756,634
2025-09-12,erc1155,24,69,69
2025-09-12,erc1155,25,9993,11033
2025-09-12,erc1155,27,4934,18667
2025-09-12,erc1155,28,37,37
2025-09-12,erc1155,29,930,930
2025-09-11,erc1155,3,1183,1215
2025-09-11,erc1155,4,1277,200
2025-09-11,erc1155,5,35,40
2025-09-11,erc1155,6,292,292
2025-09-11,erc1155,7,6,6
2025-09-11,erc1155,8,14,14
2025-09-11,erc1155,9,2274,1003
2025-09-11,erc1155,10,48,48
2025-09-11,erc1155,11,65,65
2025-09-11,erc1155,12,2628,747
2025-09-11,erc1155,13,659,659
2025-09-11,erc1155,14,16,16
2025-09-11,erc1155,16,103,103
2025-09-11,erc1155,17,3211,722
2025-09-11,erc1155,18,1583,775
2025-09-11,erc1155,19,633,939
2025-09-11,erc1155,20,4500,1637
2025-09-11,erc1155,22,1174,1134
2025-09-11,erc1155,23,2658,591
2025-09-11,erc1155,24,31,31
2025-09-11,erc1155,25,14729,6947
2025-09-11,erc1155,27,8860,22767
2025-09-11,erc1155,28,103,103
2025-09-11,erc1155,29,287,287
2025-09-10,erc1155,3,1973,576
2025-09-10,erc1155,4,4902,2745
2025-09-10,erc1155,5,39,34
2025-09-10,erc1155,6,5536,4202
2025-09-10,erc1155,7,197,197
2025-09-10,erc1155,8,13,13
2025-09-10,erc1155,9,2539,1129
2025-09-10,erc1155,10,610,610
2025-09-10,erc1155,11,77,77
2025-09-10,erc1155,12,5134,728
2025-09-10,erc1155,13,12084,21656
2025-09-10,erc1155,14,17,17
2025-09-10,erc1155,16,5895,5895
2025-09-10,erc1155,17,4268,1601
2025-09-10,erc1155,18,4158,1737
2025-09-10,erc1155,19,4292,1664
2025-09-10,erc1155,20,7445,1134
2025-09-10,erc1155,22,10753,3037
2025-09-10,erc1155,23,10902,1555
2025-09-10,erc1155,24,75,75
2025-09-10,erc1155,25,46736,21840
2025-09-10,erc1155,27,114030,86790
2025-09-10,erc1155,28,2097,2778
2025-09-10,erc1155,29,7065,7065
2025-09-09,erc1155,3,1241,797
2025-09-09,erc1155,4,6493,767
2025-09-09,erc1155,5,20,20
2025-09-09,erc1155,6,2178,1212
2025-09-09,erc1155,7,171,202
2025-09-09,erc1155,8,21,21
2025-09-09,erc1155,9,611,257
2025-09-09,erc1155,10,61,229
2025-09-09,erc1155,11,96,96
2025-09-09,erc1155,12,1393,440
2025-09-09,erc1155,13,19833,10261
2025-09-09,erc1155,14,2,2
2025-09-09,erc1155,16,2702,2702
2025-09-09,erc1155,17,2301,2320
2025-09-09,erc1155,18,11572,10942
2025-09-09,erc1155,19,328,1302
2025-09-09,erc1155,20,2557,1929
2025-09-09,erc1155,22,642,642
2025-09-09,erc1155,23,3212,2712
2025-09-09,erc1155,24,55,55
2025-09-09,erc1155,25,17516,11137
2025-09-09,erc1155,27,10007,9607
2025-09-09,erc1155,28,1355,674
2025-09-09,erc1155,29,1127,1127
2025-09-08,erc1155,3,1465,1333
2025-09-08,erc1155,4,412,201
2025-09-08,erc1155,5,77,77
2025-09-08,erc1155,6,1218,1218
2025-09-08,erc1155,7,69,38
2025-09-08,erc1155,8,8,8
2025-09-08,erc1155,9,1193,2712
2025-09-08,erc1155,10,220,52
2025-09-08,erc1155,11,30,30
2025-09-08,erc1155,12,571,934
2025-09-08,erc1155,13,182,182
2025-09-08,erc1155,14,63,63
2025-09-08,erc1155,16,61,61
2025-09-08,erc1155,17,1030,1799
2025-09-08,erc1155,18,3747,8143
2025-09-08,erc1155,19,120,120
2025-09-08,erc1155,20,611,615
2025-09-08,erc1155,22,1282,953
2025-09-08,erc1155,23,599,463
2025-09-08,erc1155,24,564,564
2025-09-08,erc1155,25,5138,4693
2025-09-08,erc1155,27,5837,5837
2025-09-08,erc1155,28,140,140
2025-09-08,erc1155,29,584,584
2025-09-07,erc1155,3,434,1443
2025-09-07,erc1155,4,747,2246
2025-09-07,erc1155,5,10,10
2025-09-07,erc1155,6,907,907
2025-09-07,erc1155,7,16,16
2025-09-07,erc1155,9,1957,379
2025-09-07,erc1155,10,3,3
2025-09-07,erc1155,11,231,231
2025-09-07,erc1155,12,297,297
2025-09-07,erc1155,13,17,17
2025-09-07,erc1155,14,203,203
2025-09-07,erc1155,16,212,212
2025-09-07,erc1155,17,1335,2067
2025-09-07,erc1155,18,2848,2315
2025-09-07,erc1155,19,48,48
2025-09-07,erc1155,20,462,458
2025-09-07,erc1155,22,369,369
2025-09-07,erc1155,23,3957,5118
2025-09-07,erc1155,24,27,27
2025-09-07,erc1155,25,16071,9655
2025-09-07,erc1155,27,4435,4435
2025-09-07,erc1155,28,10,10
2025-09-07,erc1155,29,222,222
2025-09-06,erc1155,3,1640,998
2025-09-06,erc1155,4,1222,424
2025-09-06,erc1155,6,818,818
2025-09-06,erc1155,7,9,9
2025-09-06,erc1155,8,5,5
2025-09-06,erc1155,9,152,152
2025-09-06,erc1155,10,3,3
2025-09-06,erc1155,11,3922,3922
2025-09-06,erc1155,12,443,493
2025-09-06,erc1155,13,695,695
2025-09-06,erc1155,14,9,9
2025-09-06,erc1155,16,727,727
2025-09-06,erc1155,17,345,345
2025-09-06,erc1155,18,5540,3505
2025-09-06,erc1155,19,1670,1670
2025-09-06,erc1155,20,1568,2088
2025-09-06,erc1155,22,1021,1021
2025-09-06,erc1155,23,1084,1839
2025-09-06,erc1155,24,21,21
2025-09-06,erc1155,25,4370,5513
2025-09-06,erc1155,27,8775,8775
2025-09-06,erc1155,29,2783,2783
2025-09-05,erc1155,3,211,211
2025-09-05,erc1155,4,426,2297
2025-09-05,erc1155,5,16,16
2025-09-05,erc1155,6,2947,2947
2025-09-05,erc1155,7,18,18
2025-09-05,erc1155,8,23,23
2025-09-05,erc1155,9,612,612
2025-09-05,erc1155,10,60,60
2025-09-05,erc1155,11,169,169
2025-09-05,erc1155,12,676,1485
2025-09-05,erc1155,13,314,314
2025-09-05,erc1155,14,142,142
2025-09-05,erc1155,16,264,264
2025-09-05,erc1155,17,181,629
2025-09-05,erc1155,18,4258,4165
2025-09-05,erc1155,19,553,553
2025-09-05,erc1155,20,865,3589
2025-09-05,erc1155,22,669,669
2025-09-05,erc1155,23,739,5049
2025-09-05,erc1155,24,33,33
2025-09-05,erc1155,25,4353,4921
2025-09-05,erc1155,27,2184,2184
2025-09-05,erc1155,28,11,11
2025-09-05,erc1155,29,1444,1444
2025-09-04,erc1155,3,199,199
2025-09-04,erc1155,4,1542,2928
2025-09-04,erc1155,5,33,33
2025-09-04,erc1155,6,990,990
2025-09-04,erc1155,7,27,27
2025-09-04,erc1155,8,10,10
2025-09-04,erc1155,9,6000,4912
2025-09-04,erc1155,10,27,27
2025-09-04,erc1155,11,405,405
2025-09-04,erc1155,12,890,1334
2025-09-04,erc1155,13,226,226
2025-09-04,erc1155,14,30,30
2025-09-04,erc1155,16,197,197
2025-09-04,erc1155,17,1036,589
2025-09-04,erc1155,18,13405,12422
2025-09-04,erc1155,19,417,418
2025-09-04,erc1155,20,2242,4938
2025-09-04,erc1155,22,317,317
2025-09-04,erc1155,23,1909,5542
2025-09-04,erc1155,24,15,15
2025-09-04,erc1155,25,8649,9491
2025-09-04,erc1155,27,3344,3344
2025-09-04,erc1155,28,61,61
2025-09-04,erc1155,29,2497,2497
2025-09-03,erc1155,3,260,260
2025-09-03,erc1155,4,787,1791
2025-09-03,erc1155,5,23,23
2025-09-03,erc1155,6,1724,1894
2025-09-03,erc1155,7,23,23
2025-09-03,erc1155,8,2,2
2025-09-03,erc1155,9,433,278
2025-09-03,erc1155,10,6,6
2025-09-03,erc1155,11,85,85
2025-09-03,erc1155,12,1138,694
2025-09-03,erc1155,13,891,891
2025-09-03,erc1155,14,158,158
2025-09-03,erc1155,16,674,674
2025-09-03,erc1155,17,648,1151
2025-09-03,erc1155,18,668,890
2025-09-03,erc1155,19,661,1240
2025-09-03,erc1155,20,2000,1780
2025-09-03,erc1155,22,2153,2178
2025-09-03,erc1155,23,2224,4284
2025-09-03,erc1155,24,8,8
2025-09-03,erc1155,25,5061,5007
2025-09-03,erc1155,27,3545,3545
2025-09-03,erc1155,28,63,63
2025-09-03,erc1155,29,5788,5788
2025-09-02,erc1155,3,931,931
2025-09-02,erc1155,4,3167,1670
2025-09-02,erc1155,5,26,26
2025-09-02,erc1155,6,3560,3560
2025-09-02,erc1155,7,37,37
2025-09-02,erc1155,8,3,3
2025-09-02,erc1155,9,748,765
2025-09-02,erc1155,10,69,69
2025-09-02,erc1155,11,59,59
2025-09-02,erc1155,12,1836,2645
2025-09-02,erc1155,13,441,441
2025-09-02,erc1155,14,206,206
2025-09-02,erc1155,16,291,291
2025-09-02,erc1155,17,2298,2232
2025-09-02,erc1155,18,2755,3694
2025-09-02,erc1155,19,1598,1662
2025-09-02,erc1155,20,4581,4846
2025-09-02,erc1155,22,3306,3405
2025-09-02,erc1155,23,5108,7668
2025-09-02,erc1155,24,2,3
2025-09-02,erc1155,25,6038,7544
2025-09-02,erc1155,27,1986,1986
2025-09-02,erc1155,28,307,307
2025-09-02,erc1155,29,1716,1716
2025-09-01,erc1155,3,322,322
2025-09-01,erc1155,4,2569,1251
2025-09-01,erc1155,5,255,255
2025-09-01,erc1155,6,165,165
2025-09-01,erc1155,7,178,178
2025-09-01,erc1155,8,5,5
2025-09-01,erc1155,9,466,449
2025-09-01,erc1155,10,213,213
2025-09-01,erc1155,11,328,328
2025-09-01,erc1155,12,3377,1321
2025-09-01,erc1155,13,611,611
2025-09-01,erc1155,14,74,74
2025-09-01,erc1155,16,292,292
2025-09-01,erc1155,17,1362,475
2025-09-01,erc1155,18,7359,3098
2025-09-01,erc1155,19,444,380
2025-09-01,erc1155,20,4779,4494
2025-09-01,erc1155,22,6093,4647
2025-09-01,erc1155,23,4079,3932
2025-09-01,erc1155,24,29,28
2025-09-01,erc1155,25,15142,25983
2025-09-01,erc1155,27,4806,4806
2025-09-01,erc1155,28,23,23
2025-09-01,erc1155,29,2685,2685
2025-08-31,erc1155,3,5070,1441
2025-08-31,erc1155,4,2728,815
2025-08-31,erc1155,5,16,16
2025-08-31,erc1155,6,5918,5918
2025-08-31,erc1155,7,31,31
2025-08-31,erc1155,8,8,8
2025-08-31,erc1155,9,2175,326
2025-08-31,erc1155,10,45,45
2025-08-31,erc1155,11,537,537
2025-08-31,erc1155,12,1169,302
2025-08-31,erc1155,13,1386,1386
2025-08-31,erc1155,14,800,821
2025-08-31,erc1155,16,3240,3240
2025-08-31,erc1155,17,1719,592
2025-08-31,erc1155,18,6925,629
2025-08-31,erc1155,19,1679,1679
2025-08-31,erc1155,20,9914,4214
2025-08-31,erc1155,22,8115,2092
2025-08-31,erc1155,23,18336,18024
2025-08-31,erc1155,24,421,421
2025-08-31,erc1155,25,44987,19252
2025-08-31,erc1155,27,7959,7959
2025-08-31,erc1155,28,1005,1005
2025-08-31,erc1155,29,6849,6849
2025-08-30,erc1155,3,370,373
2025-08-30,erc1155,4,475,5710
2025-08-30,erc1155,5,13,13
2025-08-30,erc1155,6,1476,1536
2025-08-30,erc1155,7,29,29
2025-08-30,erc1155,9,801,798
2025-08-30,erc1155,10,38,38
2025-08-30,erc1155,11,341,341
2025-08-30,erc1155,12,1177,1177
2025-08-30,erc1155,13,589,589
2025-08-30,erc1155,14,268,247
2025-08-30,erc1155,16,2731,2731
2025-08-30,erc1155,17,247,247
2025-08-30,erc1155,18,1839,1131
2025-08-30,erc1155,19,91,91
2025-08-30,erc1155,20,755,19328
2025-08-30,erc1155,22,2989,9253
2025-08-30,erc1155,23,9666,3778
2025-08-30,erc1155,24,87,87
2025-08-30,erc1155,25,5924,7810
2025-08-30,erc1155,27,1346,1346
2025-08-30,erc1155,28,26,26
2025-08-30,erc1155,29,273,310
2025-08-29,erc1155,3,991,988
2025-08-29,erc1155,4,305,318
2025-08-29,erc1155,5,17,17
2025-08-29,erc1155,6,254,274
2025-08-29,erc1155,7,18,18
2025-08-29,erc1155,8,42,42
2025-08-29,erc1155,9,3181,2794
2025-08-29,erc1155,10,13,13
2025-08-29,erc1155,11,18,18
2025-08-29,erc1155,12,1391,1422
2025-08-29,erc1155,13,741,741
2025-08-29,erc1155,14,50,50
2025-08-29,erc1155,16,115,115
2025-08-29,erc1155,17,1893,1893
2025-08-29,erc1155,18,1893,222
2025-08-29,erc1155,19,850,850
2025-08-29,erc1155,20,3005,14752
2025-08-29,erc1155,22,1766,1804
2025-08-29,erc1155,23,2523,16686
2025-08-29,erc1155,24,14,14
2025-08-29,erc1155,25,1669,1669
2025-08-29,erc1155,27,1940,1940
2025-08-29,erc1155,28,67,67
2025-08-29,erc1155,29,218,331
2025-08-28,erc1155,3,87,87
2025-08-28,erc1155,4,92,92
2025-08-28,erc1155,5,68,68
2025-08-28,erc1155,6,151,207
2025-08-28,erc1155,7,36,36
2025-08-28,erc1155,8,1,1
2025-08-28,erc1155,9,5057,12718
2025-08-28,erc1155,10,16,16
2025-08-28,erc1155,11,720,720
2025-08-28,erc1155,12,714,1060
2025-08-28,erc1155,13,3370,3370
2025-08-28,erc1155,14,269,269
2025-08-28,erc1155,16,3320,3320
2025-08-28,erc1155,17,199,870
2025-08-28,erc1155,18,2187,5500
2025-08-28,erc1155,19,248,248
2025-08-28,erc1155,20,1770,1240
2025-08-28,erc1155,22,302,302
2025-08-28,erc1155,23,5757,20304
2025-08-28,erc1155,24,94,94
2025-08-28,erc1155,25,3143,3143
2025-08-28,erc1155,27,8258,8258
2025-08-28,erc1155,28,196,196
2025-08-28,erc1155,29,669,669
2025-08-27,erc1155,3,536,615
2025-08-27,erc1155,4,887,887
2025-08-27,erc1155,5,88,88
2025-08-27,erc1155,6,1581,1581
2025-08-27,erc1155,7,50,50
2025-08-27,erc1155,8,14,14
2025-08-27,erc1155,9,897,639
2025-08-27,erc1155,10,17,17
2025-08-27,erc1155,11,1572,1572
2025-08-27,erc1155,12,2143,1309
2025-08-27,erc1155,13,1238,1238
2025-08-27,erc1155,14,949,949
2025-08-27,erc1155,16,1536,1536
2025-08-27,erc1155,17,1476,805
2025-08-27,erc1155,18,3193,5492
2025-08-27,erc1155,19,807,807
2025-08-27,erc1155,20,2763,2763
2025-08-27,erc1155,22,2112,2112
2025-08-27,erc1155,23,1333,1331
2025-08-27,erc1155,24,207,207
2025-08-27,erc1155,25,4805,6811
2025-08-27,erc1155,27,9333,9333
2025-08-27,erc1155,28,36,36
2025-08-27,erc1155,29,1154,1154
2025-08-26,erc1155,3,1559,317
2025-08-26,erc1155,4,1156,693
2025-08-26,erc1155,5,205,205
2025-08-26,erc1155,6,1537,1537
2025-08-26,erc1155,7,240,240
2025-08-26,erc1155,8,50,50
2025-08-26,erc1155,9,906,318
2025-08-26,erc1155,10,98,98
2025-08-26,erc1155,11,132,132
2025-08-26,erc1155,12,902,929
2025-08-26,erc1155,13,559,559
2025-08-26,erc1155,14,103,103
2025-08-26,erc1155,16,1288,1288
2025-08-26,erc1155,17,1123,760
2025-08-26,erc1155,18,5546,5765
2025-08-26,erc1155,19,532,532
2025-08-26,erc1155,20,1349,980
2025-08-26,erc1155,22,1243,593
2025-08-26,erc1155,23,2189,8141
2025-08-26,erc1155,24,210,210
2025-08-26,erc1155,25,7399,5401
2025-08-26,erc1155,27,4408,4408
2025-08-26,erc1155,28,95,95
2025-08-26,erc1155,29,11231,11281
2025-08-25,erc1155,3,652,799
2025-08-25,erc1155,4,370,370
2025-08-25,erc1155,5,48,48
2025-08-25,erc1155,6,1671,1671
2025-08-25,erc1155,7,66,66
2025-08-25,erc1155,8,6,6
2025-08-25,erc1155,9,1507,3092
2025-08-25,erc1155,10,46,46
2025-08-25,erc1155,11,81,81
2025-08-25,erc1155,12,1978,809
2025-08-25,erc1155,13,157,157
2025-08-25,erc1155,14,191,191
2025-08-25,erc1155,16,303,303
2025-08-25,erc1155,17,728,601
2025-08-25,erc1155,18,3928,21976
2025-08-25,erc1155,19,1319,1319
2025-08-25,erc1155,20,287,259
2025-08-25,erc1155,22,1319,1278
2025-08-25,erc1155,23,8506,2843
2025-08-25,erc1155,24,22,22
2025-08-25,erc1155,25,4142,5949
2025-08-25,erc1155,27,3212,3212
2025-08-25,erc1155,28,181,181
2025-08-25,erc1155,29,922,922
2025-08-24,erc1155,3,425,133
2025-08-24,erc1155,4,58,170
2025-08-24,erc1155,5,14,14
2025-08-24,erc1155,6,962,962
2025-08-24,erc1155,7,56,60
2025-08-24,erc1155,8,9,9
2025-08-24,erc1155,9,1626,41
2025-08-24,erc1155,10,14,14
2025-08-24,erc1155,11,4,4
2025-08-24,erc1155,12,85,85
2025-08-24,erc1155,13,97,97
2025-08-24,erc1155,14,2,2
2025-08-24,erc1155,16,106,106
2025-08-24,erc1155,17,230,289
2025-08-24,erc1155,18,1076,1214
2025-08-24,erc1155,19,118,118
2025-08-24,erc1155,20,1085,1085
2025-08-24,erc1155,22,305,305
2025-08-24,erc1155,23,1354,1887
2025-08-24,erc1155,24,63,63
2025-08-24,erc1155,25,3076,16629
2025-08-24,erc1155,27,1372,1372
2025-08-24,erc1155,28,54,54
2025-08-24,erc1155,29,278,278
2025-08-23,erc1155,3,630,630
2025-08-23,erc1155,4,202,90
2025-08-23,erc1155,5,15,15
2025-08-23,erc1155,6,780,2680
2025-08-23,erc1155,7,140,136
2025-08-23,erc1155,8,12,12
2025-08-23,erc1155,9,126,156
2025-08-23,erc1155,10,17,17
2025-08-23,erc1155,11,16,16
2025-08-23,erc1155,12,967,974
2025-08-23,erc1155,13,1877,1877
2025-08-23,erc1155,14,25,25
2025-08-23,erc1155,16,2114,2114
2025-08-23,erc1155,17,1264,429
2025-08-23,erc1155,18,785,1353
2025-08-23,erc1155,19,677,199
2025-08-23,erc1155,20,546,546
2025-08-23,erc1155,22,427,427
2025-08-23,erc1155,23,3907,1945
2025-08-23,erc1155,24,15,15
2025-08-23,erc1155,25,7558,20900
2025-08-23,erc1155,27,2905,2905
2025-08-23,erc1155,28,77,77
2025-08-23,erc1155,29,1883,1883
2025-08-22,erc1155,3,566,163
2025-08-22,erc1155,4,3076,4666
2025-08-22,erc1155,5,29,32
2025-08-22,erc1155,6,2541,641
2025-08-22,erc1155,7,48,58
2025-08-22,erc1155,8,1,4
2025-08-22,erc1155,9,166,626
2025-08-22,erc1155,10,44,51
2025-08-22,erc1155,11,288,288
2025-08-22,erc1155,12,948,998
2025-08-22,erc1155,13,2338,2338
2025-08-22,erc1155,14,13,13
2025-08-22,erc1155,16,549,549
2025-08-22,erc1155,17,840,2233
2025-08-22,erc1155,18,2433,2125
2025-08-22,erc1155,19,1095,1279
2025-08-22,erc1155,20,1348,668
2025-08-22,erc1155,22,1421,1509
2025-08-22,erc1155,23,2354,2788
2025-08-22,erc1155,24,67,67
2025-08-22,erc1155,25,12360,23721
2025-08-22,erc1155,27,5545,5545
2025-08-22,erc1155,28,151,183
2025-08-22,erc1155,29,4077,4080
2025-08-21,erc1155,3,327,327
2025-08-21,erc1155,4,4408,988
2025-08-21,erc1155,5,23,20
2025-08-21,erc1155,6,4670,20882
2025-08-21,erc1155,7,249,239
2025-08-21,erc1155,8,55,52
2025-08-21,erc1155,9,8691,878
2025-08-21,erc1155,10,26,19
2025-08-21,erc1155,11,1603,1603
2025-08-21,erc1155,12,4658,226
2025-08-21,erc1155,13,1550,1560
2025-08-21,erc1155,14,84,84
2025-08-21,erc1155,16,6839,6839
2025-08-21,erc1155,17,825,1899
2025-08-21,erc1155,18,1349,170
2025-08-21,erc1155,19,1850,2593
2025-08-21,erc1155,20,915,1061
2025-08-21,erc1155,22,3847,3211
2025-08-21,erc1155,23,1301,434
2025-08-21,erc1155,24,57,57
2025-08-21,erc1155,25,15663,14401
2025-08-21,erc1155,27,17602,17627
2025-08-21,erc1155,28,760,728
2025-08-21,erc1155,29,4190,4187
2025-08-20,erc1155,3,525,525
2025-08-20,erc1155,4,686,686
2025-08-20,erc1155,5,54,54
2025-08-20,erc1155,6,19454,2166
2025-08-20,erc1155,7,34,34
2025-08-20,erc1155,8,17,17
2025-08-20,erc1155,9,1650,1280
2025-08-20,erc1155,10,473,473
2025-08-20,erc1155,11,540,540
2025-08-20,erc1155,12,1849,552
2025-08-20,erc1155,13,653,643
2025-08-20,erc1155,14,180,180
2025-08-20,erc1155,16,10258,10258
2025-08-20,erc1155,17,631,526
2025-08-20,erc1155,18,4878,1326
2025-08-20,erc1155,19,2599,4312
2025-08-20,erc1155,20,3127,2592
2025-08-20,erc1155,22,2717,728
2025-08-20,erc1155,23,4957,1666
2025-08-20,erc1155,24,61,61
2025-08-20,erc1155,25,18245,22266
2025-08-20,erc1155,27,10526,10501
2025-08-20,erc1155,28,262,262
2025-08-20,erc1155,29,10745,10745
2025-08-19,erc1155,3,220,237
2025-08-19,erc1155,4,157,245
2025-08-19,erc1155,5,45,45
2025-08-19,erc1155,6,321,321
2025-08-19,erc1155,7,65,65
2025-08-19,erc1155,8,37,37
2025-08-19,erc1155,9,592,1400
2025-08-19,erc1155,10,132,132
2025-08-19,erc1155,11,78,78
2025-08-19,erc1155,12,1005,1819
2025-08-19,erc1155,13,591,591
2025-08-19,erc1155,14,55,55
2025-08-19,erc1155,16,506,506
2025-08-19,erc1155,17,7434,928
2025-08-19,erc1155,18,6528,594
2025-08-19,erc1155,19,688,5834
2025-08-19,erc1155,20,1742,5146
2025-08-19,erc1155,22,415,395
2025-08-19,erc1155,23,691,3480
2025-08-19,erc1155,24,53,53
2025-08-19,erc1155,25,3612,29776
2025-08-19,erc1155,27,1197,1197
2025-08-19,erc1155,28,27,27
2025-08-19,erc1155,29,1331,1331
2025-08-18,erc1155,3,815,1384
2025-08-18,erc1155,4,429,341
2025-08-18,erc1155,5,33,34
2025-08-18,erc1155,6,5508,5508
2025-08-18,erc1155,7,443,443
2025-08-18,erc1155,8,8,8
2025-08-18,erc1155,9,1925,2559
2025-08-18,erc1155,10,60,60
2025-08-18,erc1155,11,412,412
2025-08-18,erc1155,12,6534,788
2025-08-18,erc1155,13,2829,2829
2025-08-18,erc1155,14,77,77
2025-08-18,erc1155,16,2426,2426
2025-08-18,erc1155,17,913,807
2025-08-18,erc1155,18,2339,1694
2025-08-18,erc1155,19,4975,6955
2025-08-18,erc1155,20,5482,7447
2025-08-18,erc1155,22,1675,1700
2025-08-18,erc1155,23,7450,907
2025-08-18,erc1155,24,114,114
2025-08-18,erc1155,25,12587,60492
2025-08-18,erc1155,27,4555,4555
2025-08-18,erc1155,28,372,372
2025-08-18,erc1155,29,4359,4359
2025-08-17,erc1155,3,958,3771
2025-08-17,erc1155,4,1036,1350
2025-08-17,erc1155,5,77,76
2025-08-17,erc1155,6,985,985
2025-08-17,erc1155,7,15,15
2025-08-17,erc1155,8,25,25
2025-08-17,erc1155,9,314,1224
2025-08-17,erc1155,10,65,65
2025-08-17,erc1155,11,119,119
2025-08-17,erc1155,12,450,783
2025-08-17,erc1155,13,297,297
2025-08-17,erc1155,14,28,28
2025-08-17,erc1155,16,4414,4414
2025-08-17,erc1155,17,2481,751
2025-08-17,erc1155,18,1936,612
2025-08-17,erc1155,19,1393,8562
2025-08-17,erc1155,20,5699,2200
2025-08-17,erc1155,22,1903,14454
2025-08-17,erc1155,23,1668,3664
2025-08-17,erc1155,24,64,64
2025-08-17,erc1155,25,9039,27940
2025-08-17,erc1155,27,2110,2110
2025-08-17,erc1155,28,549,549
2025-08-17,erc1155,29,4208,4208
2025-08-16,erc1155,3,8493,4680
2025-08-16,erc1155,4,9878,6380
2025-08-16,erc1155,5,167,167
2025-08-16,erc1155,6,39984,43518
2025-08-16,erc1155,7,104,105
2025-08-16,erc1155,8,69,79
2025-08-16,erc1155,9,8236,2235
2025-08-16,erc1155,10,129,140
2025-08-16,erc1155,11,1687,1687
2025-08-16,erc1155,12,14573,739
2025-08-16,erc1155,13,3491,3791
2025-08-16,erc1155,14,458,458
2025-08-16,erc1155,16,3352,3352
2025-08-16,erc1155,17,13707,2009
2025-08-16,erc1155,18,17601,1134
2025-08-16,erc1155,19,25136,8659
2025-08-16,erc1155,20,21794,1834
2025-08-16,erc1155,22,25936,16070
2025-08-16,erc1155,23,81299,1525
2025-08-16,erc1155,24,1403,1467
2025-08-16,erc1155,25,145208,53527
2025-08-16,erc1155,27,74207,76297
2025-08-16,erc1155,28,6078,6086
2025-08-16,erc1155,29,45126,413242
2025-08-15,erc1155,3,3088,1495
2025-08-15,erc1155,4,188,1394
2025-08-15,erc1155,5,92,92
2025-08-15,erc1155,6,19955,16421
2025-08-15,erc1155,7,247,246
2025-08-15,erc1155,8,119,109
2025-08-15,erc1155,9,1417,407
2025-08-15,erc1155,10,433,422
2025-08-15,erc1155,11,773,773
2025-08-15,erc1155,12,14355,804
2025-08-15,erc1155,13,1408,1108
2025-08-15,erc1155,14,743,743
2025-08-15,erc1155,16,5305,5305
2025-08-15,erc1155,17,1588,2277
2025-08-15,erc1155,18,17086,1109
2025-08-15,erc1155,19,28257,966
2025-08-15,erc1155,20,1401,5223
2025-08-15,erc1155,22,9178,1678
2025-08-15,erc1155,23,15093,936
2025-08-15,erc1155,24,149,85
2025-08-15,erc1155,25,109407,2207
2025-08-15,erc1155,27,9247,7157
2025-08-15,erc1155,28,4995,4987
2025-08-15,erc1155,29,14287,258771
2025-08-14,erc1155,3,82,1201
2025-08-14,erc1155,4,619,665
2025-08-14,erc1155,5,29,29
2025-08-14,erc1155,6,560,560
2025-08-14,erc1155,7,13,13
2025-08-14,erc1155,8,3,3
2025-08-14,erc1155,9,177,394
2025-08-14,erc1155,11,1132,1132
2025-08-14,erc1155,12,1151,1151
2025-08-14,erc1155,13,327,569
2025-08-14,erc1155,14,12,12
2025-08-14,erc1155,16,127,127
2025-08-14,erc1155,17,5665,927
2025-08-14,erc1155,18,3005,1555
2025-08-14,erc1155,19,424,1164
2025-08-14,erc1155,20,1052,3645
2025-08-14,erc1155,22,200,2441
2025-08-14,erc1155,23,811,761
2025-08-14,erc1155,24,29,29
2025-08-14,erc1155,25,307,208
2025-08-14,erc1155,27,1404,1449
2025-08-14,erc1155,28,3,3
2025-08-14,erc1155,29,9761,20078
2025-08-13,erc1155,3,486,3576
2025-08-13,erc1155,4,735,334
2025-08-13,erc1155,5,5,5
2025-08-13,erc1155,6,100,100
2025-08-13,erc1155,7,24,24
2025-08-13,erc1155,8,5,5
2025-08-13,erc1155,9,401,383
2025-08-13,erc1155,10,38,38
2025-08-13,erc1155,11,109,109
2025-08-13,erc1155,12,353,792
2025-08-13,erc1155,13,1084,984
2025-08-13,erc1155,14,6,6
2025-08-13,erc1155,16,396,396
2025-08-13,erc1155,17,1411,806
2025-08-13,erc1155,18,2765,357
2025-08-13,erc1155,19,945,205
2025-08-13,erc1155,20,305,1030
2025-08-13,erc1155,22,2681,466
2025-08-13,erc1155,23,306,203
2025-08-13,erc1155,24,10,10
2025-08-13,erc1155,25,1080,1079
2025-08-13,erc1155,27,3442,3397
2025-08-13,erc1155,28,3,3
2025-08-13,erc1155,29,3699,23874
2025-08-12,erc1155,3,227,382
2025-08-12,erc1155,4,1474,629
2025-08-12,erc1155,5,68,68
2025-08-12,erc1155,6,196,196
2025-08-12,erc1155,7,33,33
2025-08-12,erc1155,8,54,54
2025-08-12,erc1155,9,401,202
2025-08-12,erc1155,10,62,62
2025-08-12,erc1155,11,752,752
2025-08-12,erc1155,12,640,226
2025-08-12,erc1155,13,1028,1410
2025-08-12,erc1155,14,146,146
2025-08-12,erc1155,16,668,668
2025-08-12,erc1155,17,2284,215
2025-08-12,erc1155,18,1478,1974
2025-08-12,erc1155,19,327,327
2025-08-12,erc1155,20,1150,404
2025-08-12,erc1155,22,790,1718
2025-08-12,erc1155,23,707,712
2025-08-12,erc1155,24,43,43
2025-08-12,erc1155,25,1808,2701
2025-08-12,erc1155,27,1868,2602
2025-08-12,erc1155,28,10,10
2025-08-12,erc1155,29,4462,12979
2025-08-11,erc1155,3,726,770
2025-08-11,erc1155,4,294,272
2025-08-11,erc1155,5,37,37
2025-08-11,erc1155,6,1,2
2025-08-11,erc1155,7,5,5
2025-08-11,erc1155,8,15,15
2025-08-11,erc1155,9,203,512
2025-08-11,erc1155,10,10,10
2025-08-11,erc1155,11,72,72
2025-08-11,erc1155,12,279,3258
2025-08-11,erc1155,13,1149,693
2025-08-11,erc1155,14,175,175
2025-08-11,erc1155,16,108,108
2025-08-11,erc1155,17,11515,572
2025-08-11,erc1155,18,1687,1220
2025-08-11,erc1155,19,329,520
2025-08-11,erc1155,20,11708,3632
2025-08-11,erc1155,22,1544,1007
2025-08-11,erc1155,23,598,701
2025-08-11,erc1155,24,46,46
2025-08-11,erc1155,25,1796,1022
2025-08-11,erc1155,27,2019,1885
2025-08-11,erc1155,28,555,555
2025-08-11,erc1155,29,7248,50223
2025-08-10,erc1155,3,645,372
2025-08-10,erc1155,4,55,55
2025-08-10,erc1155,5,24,24
2025-08-10,erc1155,6,492,491
2025-08-10,erc1155,7,9,9
2025-08-10,erc1155,8,1,1
2025-08-10,erc1155,9,380,71
2025-08-10,erc1155,10,3,3
2025-08-10,erc1155,11,1420,1420
2025-08-10,erc1155,12,3296,1370
2025-08-10,erc1155,13,471,403
2025-08-10,erc1155,14,4,4
2025-08-10,erc1155,16,1271,1271
2025-08-10,erc1155,17,3030,1768
2025-08-10,erc1155,18,1659,964
2025-08-10,erc1155,19,463,272
2025-08-10,erc1155,20,762,38
2025-08-10,erc1155,22,711,682
2025-08-10,erc1155,23,196,88
2025-08-10,erc1155,24,74,74
2025-08-10,erc1155,25,3856,3737
2025-08-10,erc1155,27,1790,1190
2025-08-10,erc1155,28,26,26
2025-08-10,erc1155,29,5629,13805
2025-08-09,erc1155,3,259,983
2025-08-09,erc1155,4,152,779
2025-08-09,erc1155,5,163,163
2025-08-09,erc1155,6,139,139
2025-08-09,erc1155,7,12,12
2025-08-09,erc1155,8,11,11
2025-08-09,erc1155,9,427,427
2025-08-09,erc1155,10,170,170
2025-08-09,erc1155,11,378,378
2025-08-09,erc1155,12,1266,238
2025-08-09,erc1155,13,589,589
2025-08-09,erc1155,14,44,44
2025-08-09,erc1155,16,145,145
2025-08-09,erc1155,17,251,351
2025-08-09,erc1155,18,693,2685
2025-08-09,erc1155,19,17,538
2025-08-09,erc1155,20,202,202
2025-08-09,erc1155,22,780,392
2025-08-09,erc1155,23,265,267
2025-08-09,erc1155,24,6,6
2025-08-09,erc1155,25,661,665
2025-08-09,erc1155,27,387,425
2025-08-09,erc1155,28,5,5
2025-08-09,erc1155,29,4431,9593
2025-08-08,erc1155,3,1043,1596
2025-08-08,erc1155,4,854,227
2025-08-08,erc1155,5,1,1
2025-08-08,erc1155,6,66,66
2025-08-08,erc1155,8,7,7
2025-08-08,erc1155,9,64,64
2025-08-08,erc1155,10,35,35
2025-08-08,erc1155,11,65,65
2025-08-08,erc1155,12,1355,3034
2025-08-08,erc1155,13,491,495
2025-08-08,erc1155,14,4,4
2025-08-08,erc1155,16,236,236
2025-08-08,erc1155,17,701,10700
2025-08-08,erc1155,18,3520,753
2025-08-08,erc1155,19,3492,13089
2025-08-08,erc1155,20,275,12519
2025-08-08,erc1155,22,405,1906
2025-08-08,erc1155,23,695,853
2025-08-08,erc1155,24,9,9
2025-08-08,erc1155,25,1658,1654
2025-08-08,erc1155,27,1339,1426
2025-08-08,erc1155,28,10,10
2025-08-08,erc1155,29,40664,11326
2025-08-07,erc1155,3,353,448
2025-08-07,erc1155,4,269,269
2025-08-07,erc1155,5,39,39
2025-08-07,erc1155,6,306,306
2025-08-07,erc1155,7,18,18
2025-08-07,erc1155,8,70,70
2025-08-07,erc1155,9,280,280
2025-08-07,erc1155,10,113,113
2025-08-07,erc1155,11,882,882
2025-08-07,erc1155,12,583,1093
2025-08-07,erc1155,13,1227,2886
2025-08-07,erc1155,14,62,62
2025-08-07,erc1155,16,1250,1250
2025-08-07,erc1155,17,1171,1061
2025-08-07,erc1155,18,1228,530
2025-08-07,erc1155,19,2109,1010
2025-08-07,erc1155,20,866,4756
2025-08-07,erc1155,22,2265,764
2025-08-07,erc1155,23,536,397
2025-08-07,erc1155,24,63,63
2025-08-07,erc1155,25,2763,2766
2025-08-07,erc1155,27,2451,2326
2025-08-07,erc1155,28,23,23
2025-08-07,erc1155,29,7423,11848
2025-08-06,erc1155,3,1408,1222
2025-08-06,erc1155,4,28,28
2025-08-06,erc1155,5,31,31
2025-08-06,erc1155,6,33,33
2025-08-06,erc1155,7,17,17
2025-08-06,erc1155,8,40,40
2025-08-06,erc1155,9,375,556
2025-08-06,erc1155,10,38,38
2025-08-06,erc1155,11,113,113
2025-08-06,erc1155,12,117,3133
2025-08-06,erc1155,13,2335,1364
2025-08-06,erc1155,14,11,11
2025-08-06,erc1155,16,426,426
2025-08-06,erc1155,17,598,2240
2025-08-06,erc1155,18,615,1424
2025-08-06,erc1155,19,803,536
2025-08-06,erc1155,20,4541,1335
2025-08-06,erc1155,22,3725,4540
2025-08-06,erc1155,23,1272,1775
2025-08-06,erc1155,24,40,40
2025-08-06,erc1155,25,1127,6616
2025-08-06,erc1155,27,343,344
2025-08-06,erc1155,28,18,18
2025-08-06,erc1155,29,8569,27583
2025-08-05,erc1155,3,4867,4838
2025-08-05,erc1155,4,259,259
2025-08-05,erc1155,5,33,33
2025-08-05,erc1155,6,802,802
2025-08-05,erc1155,7,69,69
2025-08-05,erc1155,8,3,3
2025-08-05,erc1155,9,419,238
2025-08-05,erc1155,11,1272,1272
2025-08-05,erc1155,12,1069,1146
2025-08-05,erc1155,13,2371,1679
2025-08-05,erc1155,14,60,60
2025-08-05,erc1155,16,72,72
2025-08-05,erc1155,17,4276,260
2025-08-05,erc1155,18,6545,811
2025-08-05,erc1155,19,3916,1670
2025-08-05,erc1155,20,3716,1366
2025-08-05,erc1155,22,1261,2064
2025-08-05,erc1155,23,3147,2618
2025-08-05,erc1155,24,274,274
2025-08-05,erc1155,25,26764,21282
2025-08-05,erc1155,27,10966,16744
2025-08-05,erc1155,28,1,1
2025-08-05,erc1155,29,5979,29514
2025-08-04,erc1155,3,690,1762
2025-08-04,erc1155,4,767,3318
2025-08-04,erc1155,5,14,14
2025-08-04,erc1155,6,66,66
2025-08-04,erc1155,7,13,13
2025-08-04,erc1155,8,1,1
2025-08-04,erc1155,9,131,131
2025-08-04,erc1155,10,22,22
2025-08-04,erc1155,11,118,118
2025-08-04,erc1155,12,447,8660
2025-08-04,erc1155,13,1400,2619
2025-08-04,erc1155,14,70,70
2025-08-04,erc1155,16,618,618
2025-08-04,erc1155,17,1548,1955
2025-08-04,erc1155,18,936,2381
2025-08-04,erc1155,19,991,5932
2025-08-04,erc1155,20,488,1632
2025-08-04,erc1155,22,3124,1523
2025-08-04,erc1155,23,1029,1029
2025-08-04,erc1155,24,50,50
2025-08-04,erc1155,25,2156,2146
2025-08-04,erc1155,27,9414,3865
2025-08-04,erc1155,28,70,70
2025-08-04,erc1155,29,2548,36100
2025-08-03,erc1155,3,772,1079
2025-08-03,erc1155,4,435,834
2025-08-03,erc1155,5,77,77
2025-08-03,erc1155,6,1416,1416
2025-08-03,erc1155,7,1,1
2025-08-03,erc1155,9,604,1162
2025-08-03,erc1155,10,11,11
2025-08-03,erc1155,11,334,334
2025-08-03,erc1155,12,832,244
2025-08-03,erc1155,13,2113,5861
2025-08-03,erc1155,14,3,3
2025-08-03,erc1155,16,367,367
2025-08-03,erc1155,17,1037,911
2025-08-03,erc1155,18,3224,189
2025-08-03,erc1155,19,1126,4059
2025-08-03,erc1155,20,4478,3850
2025-08-03,erc1155,22,1174,1157
2025-08-03,erc1155,23,905,905
2025-08-03,erc1155,24,23,23
2025-08-03,erc1155,25,502,502
2025-08-03,erc1155,27,1722,1570
2025-08-03,erc1155,28,240,240
2025-08-03,erc1155,29,1913,12047
2025-08-02,erc1155,3,274,634
2025-08-02,erc1155,4,3257,589
2025-08-02,erc1155,5,14,14
2025-08-02,erc1155,6,12760,12760
2025-08-02,erc1155,7,15,15
2025-08-02,erc1155,8,4,4
2025-08-02,erc1155,9,621,943
2025-08-02,erc1155,10,19,19
2025-08-02,erc1155,11,2679,2679
2025-08-02,erc1155,12,2245,2899
2025-08-02,erc1155,13,11356,7736
2025-08-02,erc1155,14,7,7
2025-08-02,erc1155,16,695,695
2025-08-02,erc1155,17,3189,560
2025-08-02,erc1155,18,970,2795
2025-08-02,erc1155,19,12839,924
2025-08-02,erc1155,20,449,1035
2025-08-02,erc1155,22,2890,3176
2025-08-02,erc1155,23,2081,2081
2025-08-02,erc1155,24,100,100
2025-08-02,erc1155,25,2995,8295
2025-08-02,erc1155,27,5305,7142
2025-08-02,erc1155,28,279,279
2025-08-02,erc1155,29,6953,46035
2025-08-01,erc1155,3,2776,755
2025-08-01,erc1155,4,860,956
2025-08-01,erc1155,5,15,15
2025-08-01,erc1155,6,15579,15579
2025-08-01,erc1155,7,36,36
2025-08-01,erc1155,8,103,103
2025-08-01,erc1155,9,1217,630
2025-08-01,erc1155,10,126,126
2025-08-01,erc1155,11,608,608
2025-08-01,erc1155,12,5472,359
2025-08-01,erc1155,13,3244,2863
2025-08-01,erc1155,14,21,21
2025-08-01,erc1155,16,516,516
2025-08-01,erc1155,17,5415,283
2025-08-01,erc1155,18,3028,287
2025-08-01,erc1155,19,6061,1386
2025-08-01,erc1155,20,2002,540
2025-08-01,erc1155,22,2075,2529
2025-08-01,erc1155,23,3156,3469
2025-08-01,erc1155,24,30,30
2025-08-01,erc1155,25,13712,8412
2025-08-01,erc1155,27,10516,14923
2025-08-01,erc1155,28,56,56
2025-08-01,erc1155,29,9123,51389
2025-07-31,erc1155,3,1405,1525
2025-07-31,erc1155,4,829,509
2025-07-31,erc1155,5,44,44
2025-07-31,erc1155,6,9461,9461
2025-07-31,erc1155,7,275,275
2025-07-31,erc1155,8,31,31
2025-07-31,erc1155,9,574,281
2025-07-31,erc1155,10,144,144
2025-07-31,erc1155,11,2125,2125
2025-07-31,erc1155,12,1776,6324
2025-07-31,erc1155,13,5307,4467
2025-07-31,erc1155,14,29,29
2025-07-31,erc1155,16,518,518
2025-07-31,erc1155,17,1852,818
2025-07-31,erc1155,18,2040,892
2025-07-31,erc1155,19,2513,2508
2025-07-31,erc1155,20,1431,4938
2025-07-31,erc1155,22,4056,3316
2025-07-31,erc1155,23,1729,1417
2025-07-31,erc1155,24,16,16
2025-07-31,erc1155,25,5889,5891
2025-07-31,erc1155,27,15385,9063
2025-07-31,erc1155,28,17,17
2025-07-31,erc1155,29,8550,69092
2025-07-30,erc1155,3,16,2026
2025-07-30,erc1155,4,109,6328
2025-07-30,erc1155,5,48,48
2025-07-30,erc1155,6,245,245
2025-07-30,erc1155,7,12,12
2025-07-30,erc1155,8,5,5
2025-07-30,erc1155,9,114,115
2025-07-30,erc1155,10,13,39
2025-07-30,erc1155,11,15,15
2025-07-30,erc1155,12,300,1814
2025-07-30,erc1155,13,659,533
2025-07-30,erc1155,14,18,18
2025-07-30,erc1155,16,2,2
2025-07-30,erc1155,17,138,1667
2025-07-30,erc1155,18,341,1652
2025-07-30,erc1155,19,28,1505
2025-07-30,erc1155,20,699,2749
2025-07-30,erc1155,22,230,683
2025-07-30,erc1155,23,292,310
2025-07-30,erc1155,24,26,26
2025-07-30,erc1155,25,393,392
2025-07-30,erc1155,27,1652,1652
2025-07-30,erc1155,28,13,13
2025-07-30,erc1155,29,2736,25802
2025-07-29,erc1155,3,1656,2342
2025-07-29,erc1155,4,1022,791
2025-07-29,erc1155,5,15,15
2025-07-29,erc1155,6,670,670
2025-07-29,erc1155,7,22,22
2025-07-29,erc1155,8,12,12
2025-07-29,erc1155,9,396,396
2025-07-29,erc1155,10,49,23
2025-07-29,erc1155,11,18,18
2025-07-29,erc1155,12,1896,1401
2025-07-29,erc1155,13,1635,2825
2025-07-29,erc1155,14,11,11
2025-07-29,erc1155,16,1414,1414
2025-07-29,erc1155,17,3442,462
2025-07-29,erc1155,18,3085,727
2025-07-29,erc1155,19,1344,7465
2025-07-29,erc1155,20,758,1313
2025-07-29,erc1155,22,2252,8538
2025-07-29,erc1155,23,1364,1345
2025-07-29,erc1155,24,140,140
2025-07-29,erc1155,25,3952,3951
2025-07-29,erc1155,27,2107,9439
2025-07-29,erc1155,28,1630,1630
2025-07-29,erc1155,29,10125,29529
2025-07-28,erc1155,3,3187,8276
2025-07-28,erc1155,4,2252,413
2025-07-28,erc1155,5,47,47
2025-07-28,erc1155,6,2280,2280
2025-07-28,erc1155,7,146,146
2025-07-28,erc1155,8,16,16
2025-07-28,erc1155,9,1026,1161
2025-07-28,erc1155,10,134,134
2025-07-28,erc1155,11,31,31
2025-07-28,erc1155,12,1149,1270
2025-07-28,erc1155,13,3043,2549
2025-07-28,erc1155,14,7,7
2025-07-28,erc1155,16,2105,2105
2025-07-28,erc1155,17,2432,428
2025-07-28,erc1155,18,3139,1291
2025-07-28,erc1155,19,13468,9077
2025-07-28,erc1155,20,2957,780
2025-07-28,erc1155,22,4219,5592
2025-07-28,erc1155,23,3475,3490
2025-07-28,erc1155,24,149,149
2025-07-28,erc1155,25,6609,7142
2025-07-28,erc1155,27,20600,14684
2025-07-28,erc1155,28,6,6
2025-07-28,erc1155,29,4092,39126
2025-07-27,erc1155,3,1098,1184
2025-07-27,erc1155,4,883,505
2025-07-27,erc1155,5,30,30
2025-07-27,erc1155,6,351,351
2025-07-27,erc1155,7,18,18
2025-07-27,erc1155,8,30,30
2025-07-27,erc1155,9,2528,8631
2025-07-27,erc1155,10,244,244
2025-07-27,erc1155,11,268,268
2025-07-27,erc1155,12,2377,3224
2025-07-27,erc1155,13,2811,2236
2025-07-27,erc1155,14,13,13
2025-07-27,erc1155,16,450,450
2025-07-27,erc1155,17,6834,224
2025-07-27,erc1155,18,10851,1222
2025-07-27,erc1155,19,11293,8186
2025-07-27,erc1155,20,6557,691
2025-07-27,erc1155,22,4455,1653
2025-07-27,erc1155,23,5821,5806
2025-07-27,erc1155,24,155,155
2025-07-27,erc1155,25,4787,8479
2025-07-27,erc1155,27,14018,20070
2025-07-27,erc1155,28,4,4
2025-07-27,erc1155,29,1922,46216
2025-07-26,erc1155,3,7776,613
2025-07-26,erc1155,4,3042,2231
2025-07-26,erc1155,5,94,94
2025-07-26,erc1155,6,8886,8886
2025-07-26,erc1155,7,402,402
2025-07-26,erc1155,8,74,75
2025-07-26,erc1155,9,3876,1591
2025-07-26,erc1155,10,251,251
2025-07-26,erc1155,11,1970,1970
2025-07-26,erc1155,12,8324,1934
2025-07-26,erc1155,13,7489,7368
2025-07-26,erc1155,14,4,4
2025-07-26,erc1155,16,1364,1364
2025-07-26,erc1155,17,6346,1327
2025-07-26,erc1155,18,12069,1279
2025-07-26,erc1155,19,8263,8163
2025-07-26,erc1155,20,14358,2601
2025-07-26,erc1155,22,10774,10402
2025-07-26,erc1155,23,1866,1866
2025-07-26,erc1155,24,80,80
2025-07-26,erc1155,25,14600,11882
2025-07-26,erc1155,27,21708,14240
2025-07-26,erc1155,28,1381,1381
2025-07-26,erc1155,29,4092,119373
2025-07-25,erc1155,3,16615,4901
2025-07-25,erc1155,4,9910,6892
2025-07-25,erc1155,5,54,54
2025-07-25,erc1155,6,5909,5909
2025-07-25,erc1155,7,148,148
2025-07-25,erc1155,8,89,88
2025-07-25,erc1155,9,8173,4219
2025-07-25,erc1155,10,142,142
2025-07-25,erc1155,11,1227,1227
2025-07-25,erc1155,12,19955,4143
2025-07-25,erc1155,13,9250,9250
2025-07-25,erc1155,14,81,81
2025-07-25,erc1155,16,3852,3852
2025-07-25,erc1155,17,12754,2197
2025-07-25,erc1155,18,26559,6962
2025-07-25,erc1155,19,7019,7019
2025-07-25,erc1155,20,13247,8889
2025-07-25,erc1155,22,12170,7232
2025-07-25,erc1155,23,8961,8961
2025-07-25,erc1155,24,600,600
2025-07-25,erc1155,25,15116,13609
2025-07-25,erc1155,27,30679,30679
2025-07-25,erc1155,28,214,214
2025-07-25,erc1155,29,11002,244989
2025-07-24,erc1155,3,1037,1037
2025-07-24,erc1155,4,684,684
2025-07-24,erc1155,5,21,21
2025-07-24,erc1155,6,1713,1713
2025-07-24,erc1155,7,26,26
2025-07-24,erc1155,8,63,63
2025-07-24,erc1155,9,829,829
2025-07-24,erc1155,10,83,83
2025-07-24,erc1155,11,2412,2412
2025-07-24,erc1155,12,1402,1402
2025-07-24,erc1155,13,528,528
2025-07-24,erc1155,16,98,98
2025-07-24,erc1155,17,2418,2418
2025-07-24,erc1155,18,1416,1416
2025-07-24,erc1155,19,4475,4475
2025-07-24,erc1155,20,2676,2676
2025-07-24,erc1155,22,734,734
2025-07-24,erc1155,23,256,256
2025-07-24,erc1155,24,21,21
2025-07-24,erc1155,25,3127,3127
2025-07-24,erc1155,27,4841,4841
2025-07-24,erc1155,28,10,10
2025-07-23,erc1155,3,524,524
2025-07-23,erc1155,4,1664,1664
2025-07-23,erc1155,5,18,18
2025-07-23,erc1155,6,1350,1350
2025-07-23,erc1155,7,17,17
2025-07-23,erc1155,8,13,13
2025-07-23,erc1155,9,480,480
2025-07-23,erc1155,10,42,42
2025-07-23,erc1155,11,1293,1293
2025-07-23,erc1155,12,1916,1916
2025-07-23,erc1155,13,1205,1205
2025-07-23,erc1155,14,15,15
2025-07-23,erc1155,16,177,177
2025-07-23,erc1155,17,4527,4527
2025-07-23,erc1155,18,1596,1596
2025-07-23,erc1155,19,1641,1641
2025-07-23,erc1155,20,1279,1279
2025-07-23,erc1155,22,797,797
2025-07-23,erc1155,23,309,309
2025-07-23,erc1155,24,74,74
2025-07-23,erc1155,25,5093,5093
2025-07-23,erc1155,27,6754,6754
2025-07-23,erc1155,28,34,34
2025-07-22,erc1155,3,850,850
2025-07-22,erc1155,4,896,899
2025-07-22,erc1155,5,46,46
2025-07-22,erc1155,6,30,30
2025-07-22,erc1155,7,70,70
2025-07-22,erc1155,8,29,29
2025-07-22,erc1155,9,368,368
2025-07-22,erc1155,10,130,130
2025-07-22,erc1155,11,2277,2277
2025-07-22,erc1155,12,5375,5787
2025-07-22,erc1155,13,1165,1165
2025-07-22,erc1155,14,134,134
2025-07-22,erc1155,16,924,924
2025-07-22,erc1155,17,763,763
2025-07-22,erc1155,18,4003,4003
2025-07-22,erc1155,19,1137,1137
2025-07-22,erc1155,20,1181,1181
2025-07-22,erc1155,22,822,822
2025-07-22,erc1155,23,1444,1444
2025-07-22,erc1155,24,229,229
2025-07-22,erc1155,25,1744,1744
2025-07-22,erc1155,27,5197,5197
2025-07-22,erc1155,28,28,28
2025-07-21,erc1155,3,2582,2582
2025-07-21,erc1155,4,1136,1133
2025-07-21,erc1155,5,330,330
2025-07-21,erc1155,6,1219,1219
2025-07-21,erc1155,7,189,189
2025-07-21,erc1155,8,57,57
2025-07-21,erc1155,9,2108,2108
2025-07-21,erc1155,10,25,25
2025-07-21,erc1155,11,417,417
2025-07-21,erc1155,12,11737,11325
2025-07-21,erc1155,13,4130,4130
2025-07-21,erc1155,14,1,1
2025-07-21,erc1155,16,1505,1505
2025-07-21,erc1155,17,2981,2981
2025-07-21,erc1155,18,4047,4047
2025-07-21,erc1155,19,4037,4037
2025-07-21,erc1155,20,8387,8387
2025-07-21,erc1155,22,14623,14623
2025-07-21,erc1155,23,12956,12956
2025-07-21,erc1155,24,67,67
2025-07-21,erc1155,25,6740,6740
2025-07-21,erc1155,27,9267,9271
2025-07-21,erc1155,28,1624,1624
2025-07-20,erc1155,3,1427,1427
2025-07-20,erc1155,4,234,234
2025-07-20,erc1155,5,40,40
2025-07-20,erc1155,6,517,517
2025-07-20,erc1155,7,53,53
2025-07-20,erc1155,8,444,444
2025-07-20,erc1155,9,466,466
2025-07-20,erc1155,10,143,143
2025-07-20,erc1155,11,1580,1580
2025-07-20,erc1155,12,1655,1655
2025-07-20,erc1155,13,2680,2680
2025-07-20,erc1155,14,100,100
2025-07-20,erc1155,16,1069,1069
2025-07-20,erc1155,17,1186,1186
2025-07-20,erc1155,18,683,683
2025-07-20,erc1155,19,561,561
2025-07-20,erc1155,20,598,598
2025-07-20,erc1155,22,846,846
2025-07-20,erc1155,23,2402,2402
2025-07-20,erc1155,24,171,171
2025-07-20,erc1155,25,4107,4107
2025-07-20,erc1155,27,3579,3575
2025-07-20,erc1155,28,125,125
2025-07-19,erc1155,3,1334,1334
2025-07-19,erc1155,4,907,907
2025-07-19,erc1155,5,21,21
2025-07-19,erc1155,6,6516,6516
2025-07-19,erc1155,7,37,37
2025-07-19,erc1155,8,14,14
2025-07-19,erc1155,9,1432,1432
2025-07-19,erc1155,10,25,25
2025-07-19,erc1155,11,224,224
2025-07-19,erc1155,12,1166,1166
2025-07-19,erc1155,13,3027,3027
2025-07-19,erc1155,14,9,9
2025-07-19,erc1155,16,296,296
2025-07-19,erc1155,17,1733,1733
2025-07-19,erc1155,18,1026,1026
2025-07-19,erc1155,19,660,660
2025-07-19,erc1155,20,809,809
2025-07-19,erc1155,22,1591,1591
2025-07-19,erc1155,23,2648,2648
2025-07-19,erc1155,24,112,112
2025-07-19,erc1155,25,2895,2895
2025-07-19,erc1155,27,6216,6216
2025-07-19,erc1155,28,1503,1503
2025-07-18,erc1155,3,401,401
2025-07-18,erc1155,4,776,776
2025-07-18,erc1155,5,64,64
2025-07-18,erc1155,6,4399,4399
2025-07-18,erc1155,7,32,32
2025-07-18,erc1155,8,62,62
2025-07-18,erc1155,9,609,609
2025-07-18,erc1155,10,55,55
2025-07-18,erc1155,11,665,665
2025-07-18,erc1155,12,339,339
2025-07-18,erc1155,13,2386,2386
2025-07-18,erc1155,14,18,18
2025-07-18,erc1155,16,204,204
2025-07-18,erc1155,17,787,787
2025-07-18,erc1155,18,1225,1225
2025-07-18,erc1155,19,1038,1038
2025-07-18,erc1155,20,695,695
2025-07-18,erc1155,22,559,559
2025-07-18,erc1155,23,541,541
2025-07-18,erc1155,24,18,18
2025-07-18,erc1155,25,2873,2873
2025-07-18,erc1155,27,4660,4660
2025-07-17,erc1155,3,2085,2085
2025-07-17,erc1155,4,1125,1125
2025-07-17,erc1155,5,96,96
2025-07-17,erc1155,6,244,244
2025-07-17,erc1155,7,218,218
2025-07-17,erc1155,9,1344,1344
2025-07-17,erc1155,10,53,53
2025-07-17,erc1155,11,704,704
2025-07-17,erc1155,12,2656,2656
2025-07-17,erc1155,13,3095,3095
2025-07-17,erc1155,14,2,2
2025-07-17,erc1155,16,822,822
2025-07-17,erc1155,17,1541,1546
2025-07-17,erc1155,18,2015,2016
2025-07-17,erc1155,19,894,894
2025-07-17,erc1155,20,1878,1878
2025-07-17,erc1155,22,1155,1155
2025-07-17,erc1155,23,752,752
2025-07-17,erc1155,24,29,29
2025-07-17,erc1155,25,5674,5674
2025-07-17,erc1155,27,3813,3813
2025-07-17,erc1155,28,110,110
2025-07-16,erc1155,3,3284,3284
2025-07-16,erc1155,4,1253,1253
2025-07-16,erc1155,5,29,29
2025-07-16,erc1155,6,617,617
2025-07-16,erc1155,7,332,332
2025-07-16,erc1155,8,22,22
2025-07-16,erc1155,9,1128,1128
2025-07-16,erc1155,10,104,104
2025-07-16,erc1155,11,790,790
2025-07-16,erc1155,12,2189,2189
2025-07-16,erc1155,13,738,738
2025-07-16,erc1155,14,24,24
2025-07-16,erc1155,16,276,276
2025-07-16,erc1155,17,2569,2564
2025-07-16,erc1155,18,2057,2056
2025-07-16,erc1155,19,486,486
2025-07-16,erc1155,20,1830,1830
2025-07-16,erc1155,22,1199,1199
2025-07-16,erc1155,23,235,236
2025-07-16,erc1155,24,66,66
2025-07-16,erc1155,25,1103,1103
2025-07-16,erc1155,27,9323,9323
2025-07-16,erc1155,28,221,221
2025-07-15,erc1155,3,920,920
2025-07-15,erc1155,4,182,182
2025-07-15,erc1155,5,40,40
2025-07-15,erc1155,6,98,98
2025-07-15,erc1155,7,27,27
2025-07-15,erc1155,8,10,10
2025-07-15,erc1155,9,74,74
2025-07-15,erc1155,10,28,28
2025-07-15,erc1155,11,518,518
2025-07-15,erc1155,12,1079,1079
2025-07-15,erc1155,13,177,177
2025-07-15,erc1155,14,27,27
2025-07-15,erc1155,16,2188,2188
2025-07-15,erc1155,17,776,776
2025-07-15,erc1155,18,495,495
2025-07-15,erc1155,19,648,648
2025-07-15,erc1155,20,360,360
2025-07-15,erc1155,22,660,660
2025-07-15,erc1155,23,535,534
2025-07-15,erc1155,24,12,12
2025-07-15,erc1155,25,614,614
2025-07-15,erc1155,27,1836,1857
2025-07-15,erc1155,28,121,121
2025-07-14,erc1155,3,80,80
2025-07-14,erc1155,4,513,513
2025-07-14,erc1155,5,16,16
2025-07-14,erc1155,6,85,85
2025-07-14,erc1155,7,11,11
2025-07-14,erc1155,9,272,272
2025-07-14,erc1155,10,22,22
2025-07-14,erc1155,11,178,178
2025-07-14,erc1155,12,1231,1231
2025-07-14,erc1155,13,406,406
2025-07-14,erc1155,14,57,57
2025-07-14,erc1155,16,1001,1001
2025-07-14,erc1155,17,391,391
2025-07-14,erc1155,18,377,377
2025-07-14,erc1155,19,55,55
2025-07-14,erc1155,20,1038,1038
2025-07-14,erc1155,22,725,725
2025-07-14,erc1155,23,539,539
2025-07-14,erc1155,24,29,29
2025-07-14,erc1155,25,1096,1096
2025-07-14,erc1155,27,1490,1469
2025-07-14,erc1155,28,5,5
2025-07-13,erc1155,3,1037,1037
2025-07-13,erc1155,4,1225,1225
2025-07-13,erc1155,5,65,65
2025-07-13,erc1155,6,493,493
2025-07-13,erc1155,7,5,5
2025-07-13,erc1155,8,8,8
2025-07-13,erc1155,9,287,287
2025-07-13,erc1155,10,3,3
2025-07-13,erc1155,11,374,374
2025-07-13,erc1155,12,426,426
2025-07-13,erc1155,13,665,665
2025-07-13,erc1155,14,59,59
2025-07-13,erc1155,16,1310,1310
2025-07-13,erc1155,17,677,677
2025-07-13,erc1155,18,1450,1450
2025-07-13,erc1155,19,1072,1072
2025-07-13,erc1155,20,491,491
2025-07-13,erc1155,22,326,326
2025-07-13,erc1155,23,299,299
2025-07-13,erc1155,24,17,17
2025-07-13,erc1155,25,1925,1925
2025-07-13,erc1155,27,3117,3117
2025-07-13,erc1155,28,19,19
2025-07-12,erc1155,3,408,408
2025-07-12,erc1155,4,681,681
2025-07-12,erc1155,5,10,10
2025-07-12,erc1155,6,10,10
2025-07-12,erc1155,7,65,65
2025-07-12,erc1155,9,1140,1140
2025-07-12,erc1155,10,7,7
2025-07-12,erc1155,11,524,524
2025-07-12,erc1155,12,1449,1449
2025-07-12,erc1155,13,118,118
2025-07-12,erc1155,14,6,6
2025-07-12,erc1155,16,28,28
2025-07-12,erc1155,17,3380,3380
2025-07-12,erc1155,18,2526,2526
2025-07-12,erc1155,19,198,198
2025-07-12,erc1155,20,1544,1544
2025-07-12,erc1155,22,357,357
2025-07-12,erc1155,23,180,180
2025-07-12,erc1155,24,1,1
2025-07-12,erc1155,25,262,262
2025-07-12,erc1155,27,2702,2702
2025-07-12,erc1155,28,10,10
2025-07-11,erc1155,3,314,314
2025-07-11,erc1155,4,209,209
2025-07-11,erc1155,5,25,25
2025-07-11,erc1155,6,102,102
2025-07-11,erc1155,7,33,33
2025-07-11,erc1155,8,1,1
2025-07-11,erc1155,9,70,70
2025-07-11,erc1155,10,115,115
2025-07-11,erc1155,11,363,363
2025-07-11,erc1155,12,332,332
2025-07-11,erc1155,13,682,682
2025-07-11,erc1155,14,15,15
2025-07-11,erc1155,16,1351,1351
2025-07-11,erc1155,17,955,955
2025-07-11,erc1155,18,606,606
2025-07-11,erc1155,19,650,650
2025-07-11,erc1155,20,1985,1985
2025-07-11,erc1155,22,930,930
2025-07-11,erc1155,23,1319,1319
2025-07-11,erc1155,24,10,10
2025-07-11,erc1155,25,11168,11178
2025-07-11,erc1155,27,4297,4297
2025-07-10,erc1155,3,327,327
2025-07-10,erc1155,4,270,270
2025-07-10,erc1155,5,7,7
2025-07-10,erc1155,6,423,423
2025-07-10,erc1155,7,13,13
2025-07-10,erc1155,9,150,150
2025-07-10,erc1155,10,261,261
2025-07-10,erc1155,11,636,636
2025-07-10,erc1155,12,2023,2023
2025-07-10,erc1155,13,700,700
2025-07-10,erc1155,14,25,25
2025-07-10,erc1155,16,96,96
2025-07-10,erc1155,17,446,446
2025-07-10,erc1155,18,2115,2115
2025-07-10,erc1155,19,359,359
2025-07-10,erc1155,20,472,472
2025-07-10,erc1155,22,521,521
2025-07-10,erc1155,23,197,197
2025-07-10,erc1155,24,9,9
2025-07-10,erc1155,25,846,836
2025-07-10,erc1155,27,4521,4521
2025-07-09,erc1155,3,2841,2841
2025-07-09,erc1155,4,32,32
2025-07-09,erc1155,5,4,4
2025-07-09,erc1155,6,625,625
2025-07-09,erc1155,7,65,65
2025-07-09,erc1155,8,2,2
2025-07-09,erc1155,9,47,47
2025-07-09,erc1155,10,27,27
2025-07-09,erc1155,11,965,965
2025-07-09,erc1155,12,476,476
2025-07-09,erc1155,13,535,535
2025-07-09,erc1155,14,2,2
2025-07-09,erc1155,16,1269,1269
2025-07-09,erc1155,17,348,348
2025-07-09,erc1155,18,480,480
2025-07-09,erc1155,19,27,27
2025-07-09,erc1155,20,313,313
2025-07-09,erc1155,22,2217,2217
2025-07-09,erc1155,23,153,153
2025-07-09,erc1155,24,1,1
2025-07-09,erc1155,25,500,500
2025-07-09,erc1155,27,7138,7138
2025-07-08,erc1155,3,1006,1006
2025-07-08,erc1155,4,224,224
2025-07-08,erc1155,5,13,13
2025-07-08,erc1155,6,42,42
2025-07-08,erc1155,7,38,38
2025-07-08,erc1155,8,60,60
2025-07-08,erc1155,9,92,92
2025-07-08,erc1155,10,80,80
2025-07-08,erc1155,11,250,250
2025-07-08,erc1155,12,1327,1327
2025-07-08,erc1155,13,198,198
2025-07-08,erc1155,16,2,2
2025-07-08,erc1155,17,310,310
2025-07-08,erc1155,18,766,766
2025-07-08,erc1155,19,113,113
2025-07-08,erc1155,20,97,97
2025-07-08,erc1155,22,643,643
2025-07-08,erc1155,23,230,230
2025-07-08,erc1155,24,150,150
2025-07-08,erc1155,25,292,292
2025-07-08,erc1155,27,1644,1644
2025-07-08,erc1155,28,72,72
2025-07-07,erc1155,3,2521,2521
2025-07-07,erc1155,4,326,326
2025-07-07,erc1155,5,71,71
2025-07-07,erc1155,6,410,410
2025-07-07,erc1155,7,26,26
2025-07-07,erc1155,8,22,22
2025-07-07,erc1155,9,174,174
2025-07-07,erc1155,10,71,71
2025-07-07,erc1155,11,66,66
2025-07-07,erc1155,12,741,741
2025-07-07,erc1155,13,1713,1713
2025-07-07,erc1155,14,61,61
2025-07-07,erc1155,16,157,157
2025-07-07,erc1155,17,1220,1220
2025-07-07,erc1155,18,571,571
2025-07-07,erc1155,19,450,450
2025-07-07,erc1155,20,1639,1639
2025-07-07,erc1155,22,703,703
2025-07-07,erc1155,23,1112,1112
2025-07-07,erc1155,24,87,87
2025-07-07,erc1155,25,4587,4587
2025-07-07,erc1155,27,5963,5963
2025-07-07,erc1155,28,3,3
2025-07-06,erc1155,3,778,778
2025-07-06,erc1155,4,584,584
2025-07-06,erc1155,5,14,14
2025-07-06,erc1155,6,358,358
2025-07-06,erc1155,7,22,22
2025-07-06,erc1155,8,2,2
2025-07-06,erc1155,9,743,743
2025-07-06,erc1155,10,29,29
2025-07-06,erc1155,11,84,84
2025-07-06,erc1155,12,1165,1165
2025-07-06,erc1155,13,638,638
2025-07-06,erc1155,14,1,1
2025-07-06,erc1155,16,549,549
2025-07-06,erc1155,17,1406,1406
2025-07-06,erc1155,18,3357,3357
2025-07-06,erc1155,19,1197,1197
2025-07-06,erc1155,20,380,380
2025-07-06,erc1155,22,1242,1242
2025-07-06,erc1155,23,837,837
2025-07-06,erc1155,24,31,31
2025-07-06,erc1155,25,2653,2653
2025-07-06,erc1155,27,4983,4983
2025-07-06,erc1155,28,23,23
2025-07-05,erc1155,3,15,15
2025-07-05,erc1155,4,75,75
2025-07-05,erc1155,5,8,8
2025-07-05,erc1155,6,132,132
2025-07-05,erc1155,7,20,20
2025-07-05,erc1155,8,6,6
2025-07-05,erc1155,9,229,229
2025-07-05,erc1155,11,305,305
2025-07-05,erc1155,12,63,63
2025-07-05,erc1155,13,293,293
2025-07-05,erc1155,14,1,1
2025-07-05,erc1155,16,64,64
2025-07-05,erc1155,17,96,96
2025-07-05,erc1155,18,1094,1094
2025-07-05,erc1155,19,356,356
2025-07-05,erc1155,20,33,33
2025-07-05,erc1155,22,429,429
2025-07-05,erc1155,23,141,141
2025-07-05,erc1155,24,11,11
2025-07-05,erc1155,25,839,839
2025-07-05,erc1155,27,2114,2114
2025-07-05,erc1155,28,11,11
2025-07-04,erc1155,3,477,2497
2025-07-04,erc1155,4,242,902
2025-07-04,erc1155,5,18,18
2025-07-04,erc1155,6,664,664
2025-07-04,erc1155,7,44,44
2025-07-04,erc1155,8,12,12
2025-07-04,erc1155,9,58,58
2025-07-04,erc1155,10,13,13
2025-07-04,erc1155,11,634,634
2025-07-04,erc1155,12,1431,1853
2025-07-04,erc1155,13,869,1052
2025-07-04,erc1155,14,3,3
2025-07-04,erc1155,16,586,586
2025-07-04,erc1155,17,3082,3730
2025-07-04,erc1155,18,850,1153
2025-07-04,erc1155,19,547,743
2025-07-04,erc1155,20,450,642
2025-07-04,erc1155,22,476,1291
2025-07-04,erc1155,23,459,459
2025-07-04,erc1155,24,21,21
2025-07-04,erc1155,25,502,502
2025-07-04,erc1155,27,3691,4165
2025-07-03,erc1155,3,3243,1223
2025-07-03,erc1155,4,1034,374
2025-07-03,erc1155,5,51,51
2025-07-03,erc1155,6,1126,1126
2025-07-03,erc1155,7,47,47
2025-07-03,erc1155,8,2,2
2025-07-03,erc1155,9,660,660
2025-07-03,erc1155,10,25,25
2025-07-03,erc1155,11,409,409
2025-07-03,erc1155,12,1896,1474
2025-07-03,erc1155,13,3352,3169
2025-07-03,erc1155,14,36,36
2025-07-03,erc1155,16,3101,3101
2025-07-03,erc1155,17,3927,3279
2025-07-03,erc1155,18,1612,1309
2025-07-03,erc1155,19,1219,1023
2025-07-03,erc1155,20,2010,1818
2025-07-03,erc1155,22,3031,2216
2025-07-03,erc1155,23,1573,1573
2025-07-03,erc1155,24,33,33
2025-07-03,erc1155,25,2577,2577
2025-07-03,erc1155,27,8867,8393
2025-07-03,erc1155,28,19,19
2025-07-02,erc1155,3,1734,1740
2025-07-02,erc1155,4,2350,2587
2025-07-02,erc1155,5,8,8
2025-07-02,erc1155,6,524,524
2025-07-02,erc1155,7,22,22
2025-07-02,erc1155,8,21,21
2025-07-02,erc1155,9,858,858
2025-07-02,erc1155,10,47,47
2025-07-02,erc1155,11,214,214
2025-07-02,erc1155,12,3647,3647
2025-07-02,erc1155,13,424,424
2025-07-02,erc1155,14,175,175
2025-07-02,erc1155,16,1345,1345
2025-07-02,erc1155,17,9546,9546
2025-07-02,erc1155,18,6613,6613
2025-07-02,erc1155,19,407,407
2025-07-02,erc1155,20,3626,3626
2025-07-02,erc1155,22,3809,3809
2025-07-02,erc1155,23,3568,3568
2025-07-02,erc1155,24,46,46
2025-07-02,erc1155,25,3038,3038
2025-07-02,erc1155,27,25772,25772
2025-07-02,erc1155,28,28,28
2025-07-01,erc1155,3,3009,3003
2025-07-01,erc1155,4,1205,968
2025-07-01,erc1155,5,26,26
2025-07-01,erc1155,6,5536,5536
2025-07-01,erc1155,7,14,14
2025-07-01,erc1155,8,43,43
2025-07-01,erc1155,9,455,455
2025-07-01,erc1155,10,55,55
2025-07-01,erc1155,11,2805,2805
2025-07-01,erc1155,12,4974,4974
2025-07-01,erc1155,13,897,897
2025-07-01,erc1155,14,10,10
2025-07-01,erc1155,16,2040,2040
2025-07-01,erc1155,17,1838,1838
2025-07-01,erc1155,18,4071,4071
2025-07-01,erc1155,19,668,668
2025-07-01,erc1155,20,2411,2411
2025-07-01,erc1155,22,1825,1825
2025-07-01,erc1155,23,1991,1991
2025-07-01,erc1155,24,34,34
2025-07-01,erc1155,25,1615,1615
2025-07-01,erc1155,27,15893,15893
2025-07-01,erc1155,28,67,67
2025-06-30,erc1155,3,707,707
2025-06-30,erc1155,4,1980,1980
2025-06-30,erc1155,5,17,17
2025-06-30,erc1155,6,382,382
2025-06-30,erc1155,7,7,7
2025-06-30,erc1155,8,26,26
2025-06-30,erc1155,9,1882,1882
2025-06-30,erc1155,10,12,12
2025-06-30,erc1155,11,265,265
2025-06-30,erc1155,12,2043,2043
2025-06-30,erc1155,13,1944,1944
2025-06-30,erc1155,14,11,11
2025-06-30,erc1155,16,2202,2202
2025-06-30,erc1155,17,2254,2254
2025-06-30,erc1155,18,1984,1984
2025-06-30,erc1155,19,1046,1046
2025-06-30,erc1155,20,1480,1480
2025-06-30,erc1155,22,2978,2978
2025-06-30,erc1155,23,373,373
2025-06-30,erc1155,24,44,44
2025-06-30,erc1155,25,625,625
2025-06-30,erc1155,27,4187,4187
2025-06-30,erc1155,28,18,18
2025-06-29,erc1155,3,66,66
2025-06-29,erc1155,4,670,670
2025-06-29,erc1155,5,8,8
2025-06-29,erc1155,6,881,881
2025-06-29,erc1155,7,29,29
2025-06-29,erc1155,8,15,15
2025-06-29,erc1155,9,310,310
2025-06-29,erc1155,11,480,480
2025-06-29,erc1155,12,381,381
2025-06-29,erc1155,13,197,197
2025-06-29,erc1155,14,20,20
2025-06-29,erc1155,16,355,355
2025-06-29,erc1155,17,719,719
2025-06-29,erc1155,18,1363,1363
2025-06-29,erc1155,19,187,187
2025-06-29,erc1155,20,115,115
2025-06-29,erc1155,22,262,262
2025-06-29,erc1155,23,226,226
2025-06-29,erc1155,24,14,14
2025-06-29,erc1155,25,583,583
2025-06-29,erc1155,27,1626,1636
2025-06-29,erc1155,28,142,142
2025-06-28,erc1155,3,4097,4097
2025-06-28,erc1155,4,2390,2390
2025-06-28,erc1155,5,5,5
2025-06-28,erc1155,6,752,752
2025-06-28,erc1155,7,37,37
2025-06-28,erc1155,9,3301,3301
2025-06-28,erc1155,10,5,5
2025-06-28,erc1155,11,221,221
2025-06-28,erc1155,12,860,860
2025-06-28,erc1155,13,1688,1688
2025-06-28,erc1155,14,52,52
2025-06-28,erc1155,16,393,393
2025-06-28,erc1155,17,1361,1361
2025-06-28,erc1155,18,1308,1308
2025-06-28,erc1155,19,375,375
2025-06-28,erc1155,20,2426,2426
2025-06-28,erc1155,22,1214,1214
2025-06-28,erc1155,23,593,593
2025-06-28,erc1155,24,38,38
2025-06-28,erc1155,25,3010,3010
2025-06-28,erc1155,27,14085,14075
2025-06-28,erc1155,28,5043,5043
2025-06-27,erc1155,3,561,561
2025-06-27,erc1155,4,844,844
2025-06-27,erc1155,5,3,3
2025-06-27,erc1155,6,265,265
2025-06-27,erc1155,7,9,9
2025-06-27,erc1155,9,298,298
2025-06-27,erc1155,11,473,473
2025-06-27,erc1155,12,2141,2141
2025-06-27,erc1155,13,1774,1774
2025-06-27,erc1155,14,1,1
2025-06-27,erc1155,16,4221,4221
2025-06-27,erc1155,17,5420,5420
2025-06-27,erc1155,18,602,602
2025-06-27,erc1155,19,722,722
2025-06-27,erc1155,20,425,425
2025-06-27,erc1155,22,1297,1297
2025-06-27,erc1155,23,1575,1575
2025-06-27,erc1155,24,116,116
2025-06-27,erc1155,25,5462,5462
2025-06-27,erc1155,27,1754,1754
2025-06-27,erc1155,28,5,5
2025-06-26,erc1155,3,246,246
2025-06-26,erc1155,4,790,790
2025-06-26,erc1155,5,10,10
2025-06-26,erc1155,6,1637,1637
2025-06-26,erc1155,7,31,31
2025-06-26,erc1155,9,739,740
2025-06-26,erc1155,10,13,13
2025-06-26,erc1155,11,1192,1192
2025-06-26,erc1155,12,5876,5876
2025-06-26,erc1155,13,1669,1669
2025-06-26,erc1155,14,236,236
2025-06-26,erc1155,16,2138,2138
2025-06-26,erc1155,17,1126,1126
2025-06-26,erc1155,18,2704,2704
2025-06-26,erc1155,19,1359,1359
2025-06-26,erc1155,20,1782,1782
2025-06-26,erc1155,22,2375,2375
2025-06-26,erc1155,23,2208,2208
2025-06-26,erc1155,24,8,8
2025-06-26,erc1155,25,8763,8763
2025-06-26,erc1155,27,3992,3992
2025-06-25,erc1155,3,176,176
2025-06-25,erc1155,4,525,525
2025-06-25,erc1155,5,9,9
2025-06-25,erc1155,6,104,104
2025-06-25,erc1155,7,11,11
2025-06-25,erc1155,8,1,1
2025-06-25,erc1155,9,140,139
2025-06-25,erc1155,10,33,33
2025-06-25,erc1155,11,419,419
2025-06-25,erc1155,12,577,1061
2025-06-25,erc1155,13,364,364
2025-06-25,erc1155,14,354,354
2025-06-25,erc1155,16,6438,6438
2025-06-25,erc1155,17,1863,2516
2025-06-25,erc1155,18,1100,1100
2025-06-25,erc1155,19,183,183
2025-06-25,erc1155,20,2214,2214
2025-06-25,erc1155,22,791,1307
2025-06-25,erc1155,23,914,914
2025-06-25,erc1155,24,18,18
2025-06-25,erc1155,25,562,562
2025-06-25,erc1155,27,4246,4246
2025-06-25,erc1155,28,23,23
2025-06-24,erc1155,3,161,1884
2025-06-24,erc1155,4,912,916
2025-06-24,erc1155,5,77,77
2025-06-24,erc1155,6,640,640
2025-06-24,erc1155,7,70,70
2025-06-24,erc1155,8,7,7
2025-06-24,erc1155,9,113,124
2025-06-24,erc1155,10,92,92
2025-06-24,erc1155,11,112,112
2025-06-24,erc1155,12,833,833
2025-06-24,erc1155,13,1075,1075
2025-06-24,erc1155,14,56,56
2025-06-24,erc1155,16,3660,3660
2025-06-24,erc1155,17,2394,2617
2025-06-24,erc1155,18,1321,2810
2025-06-24,erc1155,19,75,75
2025-06-24,erc1155,20,1213,1378
2025-06-24,erc1155,22,1236,1236
2025-06-24,erc1155,23,2003,2003
2025-06-24,erc1155,24,11,11
2025-06-24,erc1155,25,1315,1315
2025-06-24,erc1155,27,19219,34058
2025-06-24,erc1155,28,186,186
2025-06-23,erc1155,3,1887,1062
2025-06-23,erc1155,4,701,697
2025-06-23,erc1155,5,33,33
2025-06-23,erc1155,6,4122,4122
2025-06-23,erc1155,7,166,166
2025-06-23,erc1155,8,11,11
2025-06-23,erc1155,9,301,428
2025-06-23,erc1155,10,86,86
2025-06-23,erc1155,11,349,349
2025-06-23,erc1155,12,947,4458
2025-06-23,erc1155,13,813,813
2025-06-23,erc1155,14,11,11
2025-06-23,erc1155,16,10121,10121
2025-06-23,erc1155,17,1076,914
2025-06-23,erc1155,18,2343,5007
2025-06-23,erc1155,19,503,503
2025-06-23,erc1155,20,874,1373
2025-06-23,erc1155,22,1482,1482
2025-06-23,erc1155,23,765,765
2025-06-23,erc1155,24,222,222
2025-06-23,erc1155,25,2055,2055
2025-06-23,erc1155,27,20557,9420
2025-06-23,erc1155,28,78,78
2025-06-22,erc1155,3,1600,704
2025-06-22,erc1155,4,1112,1420
2025-06-22,erc1155,5,42,42
2025-06-22,erc1155,6,186,186
2025-06-22,erc1155,7,6,6
2025-06-22,erc1155,8,6,6
2025-06-22,erc1155,9,332,889
2025-06-22,erc1155,10,27,27
2025-06-22,erc1155,11,70,70
2025-06-22,erc1155,12,3814,303
2025-06-22,erc1155,13,240,240
2025-06-22,erc1155,14,13,13
2025-06-22,erc1155,16,6904,6904
2025-06-22,erc1155,17,1380,2676
2025-06-22,erc1155,18,4546,393
2025-06-22,erc1155,19,122,122
2025-06-22,erc1155,20,1354,690
2025-06-22,erc1155,22,291,568
2025-06-22,erc1155,23,4912,4912
2025-06-22,erc1155,24,7,7
2025-06-22,erc1155,25,9606,9606
2025-06-22,erc1155,27,25177,21991
2025-06-22,erc1155,28,17,17
2025-06-21,erc1155,3,2969,4718
2025-06-21,erc1155,4,1691,1383
2025-06-21,erc1155,5,21,21
2025-06-21,erc1155,6,244,244
2025-06-21,erc1155,7,25,25
2025-06-21,erc1155,9,355,703
2025-06-21,erc1155,10,3,3
2025-06-21,erc1155,11,145,145
2025-06-21,erc1155,12,472,1426
2025-06-21,erc1155,13,1269,1269
2025-06-21,erc1155,14,122,122
2025-06-21,erc1155,16,828,828
2025-06-21,erc1155,17,9423,9890
2025-06-21,erc1155,18,4034,5954
2025-06-21,erc1155,19,161,161
2025-06-21,erc1155,20,354,1413
2025-06-21,erc1155,22,4509,5733
2025-06-21,erc1155,23,4142,4142
2025-06-21,erc1155,24,39,39
2025-06-21,erc1155,25,1295,1295
2025-06-21,erc1155,27,22781,30047
2025-06-21,erc1155,28,31,31
2025-06-20,erc1155,3,3073,1322
2025-06-20,erc1155,4,559,559
2025-06-20,erc1155,5,29,29
2025-06-20,erc1155,6,30,30
2025-06-20,erc1155,7,32,32
2025-06-20,erc1155,9,884,455
2025-06-20,erc1155,10,31,31
2025-06-20,erc1155,11,754,754
2025-06-20,erc1155,12,3162,2841
2025-06-20,erc1155,13,1332,3332
2025-06-20,erc1155,14,40,40
2025-06-20,erc1155,16,1623,1623
2025-06-20,erc1155,17,5392,7511
2025-06-20,erc1155,18,6701,7036
2025-06-20,erc1155,19,562,562
2025-06-20,erc1155,20,5076,4500
2025-06-20,erc1155,22,4187,2686
2025-06-20,erc1155,23,2134,2135
2025-06-20,erc1155,24,17,17
2025-06-20,erc1155,25,12506,12506
2025-06-20,erc1155,27,19085,11819
2025-06-20,erc1155,28,29,29
2025-06-19,erc1155,3,3004,3004
2025-06-19,erc1155,4,2591,4536
2025-06-19,erc1155,5,44,44
2025-06-19,erc1155,6,71,71
2025-06-19,erc1155,7,28,28
2025-06-19,erc1155,8,47,47
2025-06-19,erc1155,9,395,1303
2025-06-19,erc1155,10,38,38
2025-06-19,erc1155,11,472,472
2025-06-19,erc1155,12,2742,3625
2025-06-19,erc1155,13,3752,3994
2025-06-19,erc1155,14,90,90
2025-06-19,erc1155,16,903,903
2025-06-19,erc1155,17,5010,2503
2025-06-19,erc1155,18,6609,12525
2025-06-19,erc1155,19,2179,2179
2025-06-19,erc1155,20,2400,1917
2025-06-19,erc1155,22,3212,3696
2025-06-19,erc1155,23,1353,1366
2025-06-19,erc1155,24,30,30
2025-06-19,erc1155,25,1381,1381
2025-06-19,erc1155,27,27451,28523
2025-06-19,erc1155,28,12,12
2025-06-18,erc1155,3,3800,3802
2025-06-18,erc1155,4,1330,5418
2025-06-18,erc1155,5,145,145
2025-06-18,erc1155,6,433,433
2025-06-18,erc1155,7,207,207
2025-06-18,erc1155,8,12,12
2025-06-18,erc1155,9,2763,4212
2025-06-18,erc1155,10,339,339
2025-06-18,erc1155,11,897,897
2025-06-18,erc1155,12,1161,2905
2025-06-18,erc1155,13,1680,1680
2025-06-18,erc1155,14,283,283
2025-06-18,erc1155,16,1535,1535
2025-06-18,erc1155,17,1976,3356
2025-06-18,erc1155,18,6037,4002
2025-06-18,erc1155,19,389,389
2025-06-18,erc1155,20,943,957
2025-06-18,erc1155,22,3869,7192
2025-06-18,erc1155,23,1269,1330
2025-06-18,erc1155,24,210,210
2025-06-18,erc1155,25,2450,2450
2025-06-18,erc1155,27,10490,20177
2025-06-18,erc1155,28,9,9
2025-06-17,erc1155,3,2679,2677
2025-06-17,erc1155,4,10502,10301
2025-06-17,erc1155,5,87,87
2025-06-17,erc1155,6,7311,7311
2025-06-17,erc1155,7,110,110
2025-06-17,erc1155,8,65,65
2025-06-17,erc1155,9,3499,3943
2025-06-17,erc1155,10,67,67
2025-06-17,erc1155,11,871,871
2025-06-17,erc1155,12,5438,4668
2025-06-17,erc1155,13,3604,3604
2025-06-17,erc1155,14,176,176
2025-06-17,erc1155,16,2125,2125
2025-06-17,erc1155,17,6515,10838
2025-06-17,erc1155,18,7455,5548
2025-06-17,erc1155,19,4788,4788
2025-06-17,erc1155,20,3093,3079
2025-06-17,erc1155,22,7114,9791
2025-06-17,erc1155,23,4200,4125
2025-06-17,erc1155,24,173,173
2025-06-17,erc1155,25,4616,4616
2025-06-17,erc1155,27,37990,32089
2025-06-17,erc1155,28,23,23
2025-06-16,erc1155,3,3721,3721
2025-06-16,erc1155,4,1047,1047
2025-06-16,erc1155,5,18,18
2025-06-16,erc1155,6,4020,4020
2025-06-16,erc1155,7,69,69
2025-06-16,erc1155,8,13,13
2025-06-16,erc1155,9,6056,6053
2025-06-16,erc1155,10,12,12
2025-06-16,erc1155,11,698,698
2025-06-16,erc1155,12,9671,9673
2025-06-16,erc1155,13,1680,1680
2025-06-16,erc1155,14,150,150
2025-06-16,erc1155,16,1282,1282
2025-06-16,erc1155,17,23340,21393
2025-06-16,erc1155,18,21628,20713
2025-06-16,erc1155,19,2353,2353
2025-06-16,erc1155,20,5925,5925
2025-06-16,erc1155,22,4099,4099
2025-06-16,erc1155,23,4574,4574
2025-06-16,erc1155,24,212,212
2025-06-16,erc1155,25,8521,8521
2025-06-16,erc1155,27,23708,22834
2025-06-16,erc1155,28,4607,34007
2025-06-15,erc1155,3,1924,1924
2025-06-15,erc1155,4,329,1497
2025-06-15,erc1155,5,30,30
2025-06-15,erc1155,6,6070,6070
2025-06-15,erc1155,7,45,45
2025-06-15,erc1155,8,6,6
2025-06-15,erc1155,9,678,678
2025-06-15,erc1155,10,26,26
2025-06-15,erc1155,11,575,575
2025-06-15,erc1155,12,3864,10936
2025-06-15,erc1155,13,1498,1500
2025-06-15,erc1155,14,74,74
2025-06-15,erc1155,16,795,795
2025-06-15,erc1155,17,1409,4799
2025-06-15,erc1155,18,6204,11890
2025-06-15,erc1155,19,74,74
2025-06-15,erc1155,20,632,632
2025-06-15,erc1155,22,1254,3736
2025-06-15,erc1155,23,325,325
2025-06-15,erc1155,24,123,123
2025-06-15,erc1155,25,759,759
2025-06-15,erc1155,27,8032,16793
2025-06-14,erc1155,3,4143,4143
2025-06-14,erc1155,4,214,214
2025-06-14,erc1155,5,13,13
2025-06-14,erc1155,6,1640,1640
2025-06-14,erc1155,7,11,11
2025-06-14,erc1155,8,8,8
2025-06-14,erc1155,9,272,2018
2025-06-14,erc1155,10,19,19
2025-06-14,erc1155,11,400,400
2025-06-14,erc1155,12,2265,6580
2025-06-14,erc1155,13,1148,1146
2025-06-14,erc1155,14,17,17
2025-06-14,erc1155,16,309,309
2025-06-14,erc1155,17,1497,5085
2025-06-14,erc1155,18,394,2518
2025-06-14,erc1155,19,407,407
2025-06-14,erc1155,20,700,700
2025-06-14,erc1155,22,1266,3207
2025-06-14,erc1155,23,731,1461
2025-06-14,erc1155,24,71,71
2025-06-14,erc1155,25,1254,1254
2025-06-14,erc1155,27,1939,3678
2025-06-13,erc1155,3,9910,9910
2025-06-13,erc1155,4,4024,6010
2025-06-13,erc1155,5,17,17
2025-06-13,erc1155,6,12172,12172
2025-06-13,erc1155,7,27,27
2025-06-13,erc1155,8,6,6
2025-06-13,erc1155,9,4522,2778
2025-06-13,erc1155,10,12,12
2025-06-13,erc1155,11,732,732
2025-06-13,erc1155,12,16207,16207
2025-06-13,erc1155,13,873,873
2025-06-13,erc1155,14,76,76
2025-06-13,erc1155,16,4001,4001
2025-06-13,erc1155,17,6710,8338
2025-06-13,erc1155,18,6157,4826
2025-06-13,erc1155,19,741,741
2025-06-13,erc1155,20,58,58
2025-06-13,erc1155,22,11278,11487
2025-06-13,erc1155,23,853,863
2025-06-13,erc1155,24,17,17
2025-06-13,erc1155,25,16508,16508
2025-06-13,erc1155,27,22050,24483
2025-06-12,erc1155,3,11130,11130
2025-06-12,erc1155,4,4510,4513
2025-06-12,erc1155,5,11,11
2025-06-12,erc1155,6,2882,2882
2025-06-12,erc1155,7,21,21
2025-06-12,erc1155,8,79,79
2025-06-12,erc1155,9,385,435
2025-06-12,erc1155,10,95,95
2025-06-12,erc1155,11,3221,3221
2025-06-12,erc1155,12,8104,13230
2025-06-12,erc1155,13,3494,3514
2025-06-12,erc1155,14,159,159
2025-06-12,erc1155,16,3334,3334
2025-06-12,erc1155,17,17305,20544
2025-06-12,erc1155,18,1454,1478
2025-06-12,erc1155,19,1165,1165
2025-06-12,erc1155,20,163,163
2025-06-12,erc1155,22,3008,3008
2025-06-12,erc1155,23,1115,1165
2025-06-12,erc1155,24,194,194
2025-06-12,erc1155,25,453,453
2025-06-12,erc1155,27,9870,16741
2025-06-11,erc1155,3,59,59
2025-06-11,erc1155,4,1330,1342
2025-06-11,erc1155,5,14,14
2025-06-11,erc1155,6,5009,5009
2025-06-11,erc1155,7,24,24
2025-06-11,erc1155,8,19,19
2025-06-11,erc1155,9,2000,2000
2025-06-11,erc1155,10,13,13
2025-06-11,erc1155,11,413,413
2025-06-11,erc1155,12,1394,13905
2025-06-11,erc1155,13,603,612
2025-06-11,erc1155,14,12,12
2025-06-11,erc1155,16,440,440
2025-06-11,erc1155,17,13421,25730
2025-06-11,erc1155,18,622,624
2025-06-11,erc1155,19,2582,2582
2025-06-11,erc1155,20,492,492
2025-06-11,erc1155,22,977,985
2025-06-11,erc1155,23,1907,2082
2025-06-11,erc1155,24,3,3
2025-06-11,erc1155,25,369,369
2025-06-11,erc1155,27,1582,1608
2025-06-10,erc1155,3,2765,2765
2025-06-10,erc1155,4,10915,9149
2025-06-10,erc1155,5,46,46
2025-06-10,erc1155,6,1006,1006
2025-06-10,erc1155,7,24,24
2025-06-10,erc1155,8,11,11
2025-06-10,erc1155,9,607,617
2025-06-10,erc1155,10,66,70
2025-06-10,erc1155,11,713,713
2025-06-10,erc1155,12,8157,25040
2025-06-10,erc1155,13,2056,2078
2025-06-10,erc1155,14,31,31
2025-06-10,erc1155,16,1926,1926
2025-06-10,erc1155,17,5045,45025
2025-06-10,erc1155,18,3428,3444
2025-06-10,erc1155,19,4528,4528
2025-06-10,erc1155,20,3535,3535
2025-06-10,erc1155,22,2543,2564
2025-06-10,erc1155,23,778,820
2025-06-10,erc1155,24,7,7
2025-06-10,erc1155,25,10448,10448
2025-06-10,erc1155,27,17135,18545
2025-06-09,erc1155,3,134,134
2025-06-09,erc1155,4,1639,1639
2025-06-09,erc1155,5,102,102
2025-06-09,erc1155,6,247,248
2025-06-09,erc1155,7,154,156
2025-06-09,erc1155,8,84,84
2025-06-09,erc1155,9,3942,3974
2025-06-09,erc1155,10,177,173
2025-06-09,erc1155,11,32,32
2025-06-09,erc1155,12,8051,6963
2025-06-09,erc1155,13,4034,3199
2025-06-09,erc1155,14,645,645
2025-06-09,erc1155,16,1110,1110
2025-06-09,erc1155,17,4098,5897
2025-06-09,erc1155,18,3683,3666
2025-06-09,erc1155,19,1151,1151
2025-06-09,erc1155,20,1818,1818
2025-06-09,erc1155,22,4017,4091
2025-06-09,erc1155,23,4582,3575
2025-06-09,erc1155,24,204,204
2025-06-09,erc1155,25,3194,3194
2025-06-09,erc1155,27,4239,4783
2025-06-08,erc1155,3,233,233
2025-06-08,erc1155,4,1236,1286
2025-06-08,erc1155,5,38,38
2025-06-08,erc1155,6,42,41
2025-06-08,erc1155,7,89,87
2025-06-08,erc1155,8,60,60
2025-06-08,erc1155,9,3271,2764
2025-06-08,erc1155,10,59,59
2025-06-08,erc1155,11,1332,1332
2025-06-08,erc1155,12,7965,13794
2025-06-08,erc1155,13,2001,2011
2025-06-08,erc1155,14,98,98
2025-06-08,erc1155,16,1248,1248
2025-06-08,erc1155,17,3251,7509
2025-06-08,erc1155,18,2213,2224
2025-06-08,erc1155,19,1359,1359
2025-06-08,erc1155,20,1361,1361
2025-06-08,erc1155,22,2957,2868
2025-06-08,erc1155,23,1611,1666
2025-06-08,erc1155,24,105,105
2025-06-08,erc1155,25,13692,13692
2025-06-08,erc1155,27,11350,17883
2025-06-07,erc1155,3,54,54
2025-06-07,erc1155,4,443,393
2025-06-07,erc1155,5,16,16
2025-06-07,erc1155,6,51,51
2025-06-07,erc1155,7,34,34
2025-06-07,erc1155,8,15,15
2025-06-07,erc1155,9,536,536
2025-06-07,erc1155,10,25,25
2025-06-07,erc1155,11,270,270
2025-06-07,erc1155,12,702,1649
2025-06-07,erc1155,13,433,443
2025-06-07,erc1155,14,35,35
2025-06-07,erc1155,16,278,278
2025-06-07,erc1155,17,943,2188
2025-06-07,erc1155,18,1271,1376
2025-06-07,erc1155,19,130,130
2025-06-07,erc1155,20,384,384
2025-06-07,erc1155,22,347,427
2025-06-07,erc1155,23,561,816
2025-06-07,erc1155,24,17,17
2025-06-07,erc1155,25,1364,1364
2025-06-07,erc1155,27,5083,20723
2025-06-06,erc1155,3,9,9
2025-06-06,erc1155,4,866,2404
2025-06-06,erc1155,5,2,2
2025-06-06,erc1155,6,2,2
2025-06-06,erc1155,7,13,13
2025-06-06,erc1155,8,4,4
2025-06-06,erc1155,9,463,10252
2025-06-06,erc1155,10,35,35
2025-06-06,erc1155,11,387,387
2025-06-06,erc1155,12,514,2051
2025-06-06,erc1155,13,465,474
2025-06-06,erc1155,14,6,6
2025-06-06,erc1155,16,535,535
2025-06-06,erc1155,17,374,2723
2025-06-06,erc1155,18,1284,7145
2025-06-06,erc1155,19,139,139
2025-06-06,erc1155,20,720,720
2025-06-06,erc1155,22,1492,1412
2025-06-06,erc1155,23,436,167
2025-06-06,erc1155,24,5,5
2025-06-06,erc1155,25,715,715
2025-06-06,erc1155,27,11069,16493
2025-06-05,erc1155,3,313,313
2025-06-05,erc1155,4,1724,15320
2025-06-05,erc1155,5,61,61
2025-06-05,erc1155,7,14,14
2025-06-05,erc1155,8,58,58
2025-06-05,erc1155,9,1035,5142
2025-06-05,erc1155,10,16,16
2025-06-05,erc1155,11,2715,2715
2025-06-05,erc1155,12,2340,4234
2025-06-05,erc1155,13,1631,1631
2025-06-05,erc1155,14,47,47
2025-06-05,erc1155,16,359,359
2025-06-05,erc1155,17,8559,4241
2025-06-05,erc1155,18,11936,3465
2025-06-05,erc1155,19,2637,2637
2025-06-05,erc1155,20,258,258
2025-06-05,erc1155,22,950,963
2025-06-05,erc1155,23,688,701
2025-06-05,erc1155,24,12,12
2025-06-05,erc1155,25,711,711
2025-06-05,erc1155,27,6879,31252
2025-06-04,erc1155,3,30,30
2025-06-04,erc1155,4,772,4019
2025-06-04,erc1155,5,49,49
2025-06-04,erc1155,6,708,708
2025-06-04,erc1155,7,64,64
2025-06-04,erc1155,8,3,3
2025-06-04,erc1155,9,903,3796
2025-06-04,erc1155,10,26,26
2025-06-04,erc1155,11,1354,1354
2025-06-04,erc1155,12,607,1439
2025-06-04,erc1155,13,1707,1707
2025-06-04,erc1155,14,50,50
2025-06-04,erc1155,16,113,113
2025-06-04,erc1155,17,829,1405
2025-06-04,erc1155,18,1169,17291
2025-06-04,erc1155,19,670,670
2025-06-04,erc1155,20,997,1002
2025-06-04,erc1155,22,608,608
2025-06-04,erc1155,23,250,250
2025-06-04,erc1155,24,35,35
2025-06-04,erc1155,25,1147,1147
2025-06-04,erc1155,27,5190,32868
2025-06-03,erc1155,3,229,229
2025-06-03,erc1155,4,972,1874
2025-06-03,erc1155,5,59,59
2025-06-03,erc1155,6,411,411
2025-06-03,erc1155,7,112,112
2025-06-03,erc1155,8,2,2
2025-06-03,erc1155,9,294,2481
2025-06-03,erc1155,10,79,79
2025-06-03,erc1155,11,169,169
2025-06-03,erc1155,12,471,1601
2025-06-03,erc1155,13,1657,12063
2025-06-03,erc1155,14,59,59
2025-06-03,erc1155,16,1472,8958
2025-06-03,erc1155,17,490,1490
2025-06-03,erc1155,18,867,7066
2025-06-03,erc1155,19,392,392
2025-06-03,erc1155,20,2102,2097
2025-06-03,erc1155,22,766,3682
2025-06-03,erc1155,23,1849,1850
2025-06-03,erc1155,24,61,61
2025-06-03,erc1155,25,1043,1043
2025-06-03,erc1155,27,4430,32018
2025-06-02,erc1155,3,158,158
2025-06-02,erc1155,4,513,989
2025-06-02,erc1155,5,67,67
2025-06-02,erc1155,6,5,5
2025-06-02,erc1155,7,13,13
2025-06-02,erc1155,8,1,1
2025-06-02,erc1155,9,192,572
2025-06-02,erc1155,11,1044,1044
2025-06-02,erc1155,12,3480,1120
2025-06-02,erc1155,13,6091,3203
2025-06-02,erc1155,14,97,97
2025-06-02,erc1155,16,12876,5490
2025-06-02,erc1155,17,3304,442
2025-06-02,erc1155,18,2598,14664
2025-06-02,erc1155,19,144,144
2025-06-02,erc1155,20,4602,4602
2025-06-02,erc1155,22,808,10655
2025-06-02,erc1155,23,1862,4317
2025-06-02,erc1155,24,13,13
2025-06-02,erc1155,25,3590,9222
2025-06-02,erc1155,27,14062,33004
2025-06-01,erc1155,3,70,70
2025-06-01,erc1155,4,853,736
2025-06-01,erc1155,5,22,22
2025-06-01,erc1155,6,23,23
2025-06-01,erc1155,7,36,36
2025-06-01,erc1155,8,40,40
2025-06-01,erc1155,9,838,602
2025-06-01,erc1155,10,28,28
2025-06-01,erc1155,11,4362,4362
2025-06-01,erc1155,12,1301,672
2025-06-01,erc1155,13,9584,579
2025-06-01,erc1155,14,25,25
2025-06-01,erc1155,16,541,10176
2025-06-01,erc1155,17,1112,359
2025-06-01,erc1155,18,1316,2984
2025-06-01,erc1155,19,1898,1898
2025-06-01,erc1155,20,382,382
2025-06-01,erc1155,22,2744,4273
2025-06-01,erc1155,23,3953,3182
2025-06-01,erc1155,24,98,98
2025-06-01,erc1155,25,14951,9319
2025-06-01,erc1155,27,6395,25801
2025-05-31,erc1155,3,547,547
2025-05-31,erc1155,4,184,810
2025-05-31,erc1155,5,50,50
2025-05-31,erc1155,6,8,8
2025-05-31,erc1155,7,14,14
2025-05-31,erc1155,8,5,5
2025-05-31,erc1155,9,754,1523
2025-05-31,erc1155,10,7,7
2025-05-31,erc1155,11,456,456
2025-05-31,erc1155,12,359,1487
2025-05-31,erc1155,13,862,862
2025-05-31,erc1155,14,62,62
2025-05-31,erc1155,16,10450,718
2025-05-31,erc1155,17,517,1068
2025-05-31,erc1155,18,1722,2560
2025-05-31,erc1155,19,643,643
2025-05-31,erc1155,20,127,127
2025-05-31,erc1155,22,439,18106
2025-05-31,erc1155,23,1286,2893
2025-05-31,erc1155,24,136,136
2025-05-31,erc1155,25,12961,12961
2025-05-31,erc1155,27,22109,22502
2025-05-30,erc1155,3,341,341
2025-05-30,erc1155,4,1260,2144
2025-05-30,erc1155,5,2,2
2025-05-30,erc1155,6,26,26
2025-05-30,erc1155,7,44,44
2025-05-30,erc1155,8,6,6
2025-05-30,erc1155,9,398,3638
2025-05-30,erc1155,10,37,37
2025-05-30,erc1155,11,68,68
2025-05-30,erc1155,12,624,318
2025-05-30,erc1155,13,5547,5547
2025-05-30,erc1155,14,6,6
2025-05-30,erc1155,16,468,4094
2025-05-30,erc1155,17,739,144
2025-05-30,erc1155,18,1474,3194
2025-05-30,erc1155,19,842,842
2025-05-30,erc1155,20,1762,1762
2025-05-30,erc1155,22,8901,1325
2025-05-30,erc1155,23,3889,3812
2025-05-30,erc1155,24,1,1
2025-05-30,erc1155,25,2001,6321
2025-05-30,erc1155,27,19776,14240
2025-05-29,erc1155,3,470,470
2025-05-29,erc1155,4,2328,1775
2025-05-29,erc1155,5,20,20
2025-05-29,erc1155,6,12,12
2025-05-29,erc1155,7,18,18
2025-05-29,erc1155,8,2,2
2025-05-29,erc1155,9,879,1408
2025-05-29,erc1155,10,38,38
2025-05-29,erc1155,11,5921,5921
2025-05-29,erc1155,12,753,1171
2025-05-29,erc1155,13,669,669
2025-05-29,erc1155,14,15,15
2025-05-29,erc1155,16,10684,7055
2025-05-29,erc1155,17,512,976
2025-05-29,erc1155,18,464,1907
2025-05-29,erc1155,19,1369,1369
2025-05-29,erc1155,20,1056,1056
2025-05-29,erc1155,22,6312,1331
2025-05-29,erc1155,23,4477,1208
2025-05-29,erc1155,24,132,132
2025-05-29,erc1155,25,14259,9939
2025-05-29,erc1155,27,10500,21192
2025-05-28,erc1155,3,1749,1749
2025-05-28,erc1155,4,1084,2554
2025-05-28,erc1155,5,54,54
2025-05-28,erc1155,6,1000,1000
2025-05-28,erc1155,7,34,34
2025-05-28,erc1155,8,13,13
2025-05-28,erc1155,9,226,593
2025-05-28,erc1155,10,25,25
2025-05-28,erc1155,11,1784,1784
2025-05-28,erc1155,12,713,639
2025-05-28,erc1155,13,3322,3322
2025-05-28,erc1155,14,10,10
2025-05-28,erc1155,16,1627,1627
2025-05-28,erc1155,17,40283,553
2025-05-28,erc1155,18,1861,4192
2025-05-28,erc1155,19,3113,3113
2025-05-28,erc1155,20,749,30979
2025-05-28,erc1155,22,2131,1620
2025-05-28,erc1155,23,1914,15301
2025-05-28,erc1155,24,65,65
2025-05-28,erc1155,25,8562,8562
2025-05-28,erc1155,27,7545,43500
2025-05-27,erc1155,3,133,133
2025-05-27,erc1155,4,9930,993
2025-05-27,erc1155,5,47,47
2025-05-27,erc1155,6,8,8
2025-05-27,erc1155,7,51,51
2025-05-27,erc1155,8,87,87
2025-05-27,erc1155,9,287,478
2025-05-27,erc1155,10,82,82
2025-05-27,erc1155,11,180,180
2025-05-27,erc1155,12,1609,732
2025-05-27,erc1155,13,707,707
2025-05-27,erc1155,14,69,69
2025-05-27,erc1155,16,5495,5495
2025-05-27,erc1155,17,1505,472
2025-05-27,erc1155,18,871,6726
2025-05-27,erc1155,19,144,144
2025-05-27,erc1155,20,2932,1378
2025-05-27,erc1155,22,1353,2083
2025-05-27,erc1155,23,1937,1921
2025-05-27,erc1155,24,132,132
2025-05-27,erc1155,25,818,818
2025-05-27,erc1155,27,8600,19470
2025-05-26,erc1155,3,296,296
2025-05-26,erc1155,4,11255,1570
2025-05-26,erc1155,5,47,47
2025-05-26,erc1155,6,7,7
2025-05-26,erc1155,7,114,114
2025-05-26,erc1155,8,15,15
2025-05-26,erc1155,9,476,582
2025-05-26,erc1155,10,72,72
2025-05-26,erc1155,11,1538,1538
2025-05-26,erc1155,12,1627,431
2025-05-26,erc1155,13,1638,1638
2025-05-26,erc1155,14,36,36
2025-05-26,erc1155,16,215,215
2025-05-26,erc1155,17,1585,481
2025-05-26,erc1155,18,1185,3707
2025-05-26,erc1155,19,796,796
2025-05-26,erc1155,20,3494,1738
2025-05-26,erc1155,22,1562,767
2025-05-26,erc1155,23,1349,2343
2025-05-26,erc1155,24,70,70
2025-05-26,erc1155,25,1534,1534
2025-05-26,erc1155,27,6422,7098
2025-05-25,erc1155,3,464,464
2025-05-25,erc1155,4,2324,491
2025-05-25,erc1155,5,14,14
2025-05-25,erc1155,6,1609,1609
2025-05-25,erc1155,7,69,69
2025-05-25,erc1155,8,28,28
2025-05-25,erc1155,9,9184,611
2025-05-25,erc1155,10,99,99
2025-05-25,erc1155,11,233,233
2025-05-25,erc1155,12,1517,2168
2025-05-25,erc1155,13,711,1032
2025-05-25,erc1155,14,44,44
2025-05-25,erc1155,16,427,432
2025-05-25,erc1155,17,889,1347
2025-05-25,erc1155,18,1068,4202
2025-05-25,erc1155,19,1826,1826
2025-05-25,erc1155,20,368,2585
2025-05-25,erc1155,22,2916,690
2025-05-25,erc1155,23,2976,3959
2025-05-25,erc1155,24,463,463
2025-05-25,erc1155,25,6035,7513
2025-05-25,erc1155,27,5060,22781
2025-05-24,erc1155,3,187,187
2025-05-24,erc1155,4,10229,5088
2025-05-24,erc1155,5,114,114
2025-05-24,erc1155,6,56,56
2025-05-24,erc1155,7,91,91
2025-05-24,erc1155,8,78,78
2025-05-24,erc1155,9,405,550
2025-05-24,erc1155,10,73,73
2025-05-24,erc1155,11,69,69
2025-05-24,erc1155,12,263,728
2025-05-24,erc1155,13,1284,963
2025-05-24,erc1155,14,3,3
2025-05-24,erc1155,16,2567,2562
2025-05-24,erc1155,17,1375,2174
2025-05-24,erc1155,18,3322,2871
2025-05-24,erc1155,19,1312,1312
2025-05-24,erc1155,20,841,1798
2025-05-24,erc1155,22,1270,908
2025-05-24,erc1155,23,7240,7726
2025-05-24,erc1155,24,11,11
2025-05-24,erc1155,25,7490,6012
2025-05-24,erc1155,27,36127,23715
2025-05-23,erc1155,3,28,28
2025-05-23,erc1155,4,7253,8253
2025-05-23,erc1155,5,22,22
2025-05-23,erc1155,6,6,6
2025-05-23,erc1155,7,13,13
2025-05-23,erc1155,8,15,15
2025-05-23,erc1155,9,4347,4419
2025-05-23,erc1155,10,15,15
2025-05-23,erc1155,11,5,5
2025-05-23,erc1155,12,1775,1353
2025-05-23,erc1155,13,205,215
2025-05-23,erc1155,14,4,4
2025-05-23,erc1155,16,5608,5608
2025-05-23,erc1155,17,749,224
2025-05-23,erc1155,18,1398,1030
2025-05-23,erc1155,19,584,584
2025-05-23,erc1155,20,3062,1497
2025-05-23,erc1155,22,8797,834
2025-05-23,erc1155,23,5011,9149
2025-05-23,erc1155,24,103,103
2025-05-23,erc1155,25,2041,2041
2025-05-23,erc1155,27,8303,38652
2025-05-22,erc1155,3,589,594
2025-05-22,erc1155,4,5648,7105
2025-05-22,erc1155,5,161,162
2025-05-22,erc1155,6,539,539
2025-05-22,erc1155,7,389,389
2025-05-22,erc1155,8,82,82
2025-05-22,erc1155,9,2418,4413
2025-05-22,erc1155,10,230,230
2025-05-22,erc1155,11,7393,7394
2025-05-22,erc1155,12,15461,1218
2025-05-22,erc1155,13,4386,4562
2025-05-22,erc1155,14,65,65
2025-05-22,erc1155,16,10331,10331
2025-05-22,erc1155,17,7151,551
2025-05-22,erc1155,18,26212,10616
2025-05-22,erc1155,19,3632,3632
2025-05-22,erc1155,20,13774,12827
2025-05-22,erc1155,22,15932,5793
2025-05-22,erc1155,23,28156,8184
2025-05-22,erc1155,24,375,375
2025-05-22,erc1155,25,23553,23553
2025-05-22,erc1155,27,39624,71270
2025-05-19,erc1155,3,1000,995
2025-05-19,erc1155,4,426,2334
2025-05-19,erc1155,5,20,19
2025-05-19,erc1155,6,102,102
2025-05-19,erc1155,7,25,25
2025-05-19,erc1155,8,13,13
2025-05-19,erc1155,9,216,208
2025-05-19,erc1155,10,119,119
2025-05-19,erc1155,11,250,249
2025-05-19,erc1155,12,5218,601
2025-05-19,erc1155,13,730,1703
2025-05-19,erc1155,14,19,19
2025-05-19,erc1155,16,419,419
2025-05-19,erc1155,17,459,457
2025-05-19,erc1155,18,1237,6136
2025-05-19,erc1155,19,234,234
2025-05-19,erc1155,20,876,1061
2025-05-19,erc1155,22,1571,4750
2025-05-19,erc1155,23,231,625
2025-05-19,erc1155,24,6,6
2025-05-19,erc1155,25,1177,1177
2025-05-19,erc1155,27,13693,15803
2025-05-18,erc1155,3,1199,1199
2025-05-18,erc1155,4,619,997
2025-05-18,erc1155,5,38,46
2025-05-18,erc1155,6,447,447
2025-05-18,erc1155,7,16,16
2025-05-18,erc1155,8,27,27
2025-05-18,erc1155,9,935,88
2025-05-18,erc1155,10,9,9
2025-05-18,erc1155,11,2136,2136
2025-05-18,erc1155,12,1324,172
2025-05-18,erc1155,13,3484,2325
2025-05-18,erc1155,14,55,55
2025-05-18,erc1155,16,368,418
2025-05-18,erc1155,17,1549,203
2025-05-18,erc1155,18,1186,4928
2025-05-18,erc1155,19,1105,1118
2025-05-18,erc1155,20,3128,1866
2025-05-18,erc1155,22,1456,1043
2025-05-18,erc1155,23,2445,2376
2025-05-18,erc1155,24,51,51
2025-05-18,erc1155,25,7163,12304
2025-05-18,erc1155,27,21292,11537
2025-05-17,erc1155,3,1124,1124
2025-05-17,erc1155,4,6900,4704
2025-05-17,erc1155,5,49,41
2025-05-17,erc1155,6,115,115
2025-05-17,erc1155,7,144,144
2025-05-17,erc1155,8,81,81
2025-05-17,erc1155,9,1798,205
2025-05-17,erc1155,10,103,103
2025-05-17,erc1155,11,306,306
2025-05-17,erc1155,12,1788,502
2025-05-17,erc1155,13,3192,4041
2025-05-17,erc1155,14,44,44
2025-05-17,erc1155,16,808,758
2025-05-17,erc1155,17,1979,679
2025-05-17,erc1155,18,1852,4775
2025-05-17,erc1155,19,828,815
2025-05-17,erc1155,20,1324,9349
2025-05-17,erc1155,22,3417,705
2025-05-17,erc1155,23,2301,7544
2025-05-17,erc1155,24,354,354
2025-05-17,erc1155,25,8590,22944
2025-05-17,erc1155,27,8750,14862
2025-05-16,erc1155,3,2194,3453
2025-05-16,erc1155,4,2370,4524
2025-05-16,erc1155,5,53,53
2025-05-16,erc1155,6,43,43
2025-05-16,erc1155,7,165,165
2025-05-16,erc1155,8,105,105
2025-05-16,erc1155,9,1093,1656
2025-05-16,erc1155,10,177,177
2025-05-16,erc1155,11,1989,1989
2025-05-16,erc1155,12,8761,1824
2025-05-16,erc1155,13,5547,5177
2025-05-16,erc1155,14,131,131
2025-05-16,erc1155,16,1603,1607
2025-05-16,erc1155,17,7523,726
2025-05-16,erc1155,18,2220,3440
2025-05-16,erc1155,19,1876,1876
2025-05-16,erc1155,20,5855,3493
2025-05-16,erc1155,22,2559,4040
2025-05-16,erc1155,23,7553,1985
2025-05-16,erc1155,24,487,487
2025-05-16,erc1155,25,35278,15783
2025-05-16,erc1155,27,13163,37250
2025-05-15,erc1155,3,7747,6488
2025-05-15,erc1155,4,3224,2975
2025-05-15,erc1155,5,108,134
2025-05-15,erc1155,6,240,240
2025-05-15,erc1155,7,75,75
2025-05-15,erc1155,8,23,23
2025-05-15,erc1155,9,7140,2776
2025-05-15,erc1155,10,287,287
2025-05-15,erc1155,11,779,779
2025-05-15,erc1155,12,23088,1777
2025-05-15,erc1155,13,7138,6659
2025-05-15,erc1155,14,186,186
2025-05-15,erc1155,16,1074,1081
2025-05-15,erc1155,17,14051,3304
2025-05-15,erc1155,18,2645,13881
2025-05-15,erc1155,19,1914,1914
2025-05-15,erc1155,20,19002,6783
2025-05-15,erc1155,22,25060,13846
2025-05-15,erc1155,23,7162,7162
2025-05-15,erc1155,24,222,222
2025-05-15,erc1155,25,7973,36112
2025-05-15,erc1155,27,31562,116834
2025-05-14,erc1155,3,12,12
2025-05-14,erc1155,4,878,1446
2025-05-14,erc1155,5,103,77
2025-05-14,erc1155,6,7,7
2025-05-14,erc1155,7,8,8
2025-05-14,erc1155,8,11,11
2025-05-14,erc1155,9,121,142
2025-05-14,erc1155,10,12,12
2025-05-14,erc1155,11,140,140
2025-05-14,erc1155,12,454,537
2025-05-14,erc1155,13,75,75
2025-05-14,erc1155,14,5,5
2025-05-14,erc1155,16,139,128
2025-05-14,erc1155,17,5998,456
2025-05-14,erc1155,18,1988,197
2025-05-14,erc1155,19,18,18
2025-05-14,erc1155,20,1442,417
2025-05-14,erc1155,22,659,543
2025-05-14,erc1155,23,31,519
2025-05-14,erc1155,24,26,26
2025-05-14,erc1155,25,9946,15655
2025-05-14,erc1155,27,52678,17206
2025-05-13,erc1155,3,57,57
2025-05-13,erc1155,4,373,1961
2025-05-13,erc1155,5,116,116
2025-05-13,erc1155,6,16,16
2025-05-13,erc1155,7,17,17
2025-05-13,erc1155,8,11,11
2025-05-13,erc1155,9,121,835
2025-05-13,erc1155,10,35,35
2025-05-13,erc1155,11,77,77
2025-05-13,erc1155,12,298,1571
2025-05-13,erc1155,13,739,1601
2025-05-13,erc1155,14,89,89
2025-05-13,erc1155,16,198,198
2025-05-13,erc1155,17,569,954
2025-05-13,erc1155,18,486,727
2025-05-13,erc1155,19,354,354
2025-05-13,erc1155,20,474,7617
2025-05-13,erc1155,22,491,491
2025-05-13,erc1155,23,1249,1428
2025-05-13,erc1155,24,73,73
2025-05-13,erc1155,25,12363,1804
2025-05-13,erc1155,27,2224,8957
2025-05-12,erc1155,3,21,21
2025-05-12,erc1155,4,7654,1076
2025-05-12,erc1155,5,27,27
2025-05-12,erc1155,6,19,19
2025-05-12,erc1155,7,106,106
2025-05-12,erc1155,8,22,22
2025-05-12,erc1155,9,613,1484
2025-05-12,erc1155,10,62,62
2025-05-12,erc1155,11,994,994
2025-05-12,erc1155,12,179,695
2025-05-12,erc1155,13,1669,807
2025-05-12,erc1155,14,112,112
2025-05-12,erc1155,16,1331,1331
2025-05-12,erc1155,17,1029,498
2025-05-12,erc1155,18,808,129
2025-05-12,erc1155,19,189,214
2025-05-12,erc1155,20,1488,290
2025-05-12,erc1155,22,987,987
2025-05-12,erc1155,23,690,1294
2025-05-12,erc1155,24,121,121
2025-05-12,erc1155,25,2192,1200
2025-05-12,erc1155,27,12688,4885
2025-05-11,erc1155,3,63,63
2025-05-11,erc1155,4,121,510
2025-05-11,erc1155,5,88,88
2025-05-11,erc1155,6,23,23
2025-05-11,erc1155,7,6,6
2025-05-11,erc1155,8,4,4
2025-05-11,erc1155,9,167,2069
2025-05-11,erc1155,10,21,21
2025-05-11,erc1155,11,72,72
2025-05-11,erc1155,12,190,260
2025-05-11,erc1155,13,149,1558
2025-05-11,erc1155,14,10,10
2025-05-11,erc1155,16,108,108
2025-05-11,erc1155,17,425,553
2025-05-11,erc1155,18,921,778
2025-05-11,erc1155,19,528,503
2025-05-11,erc1155,20,360,6405
2025-05-11,erc1155,22,990,990
2025-05-11,erc1155,23,791,1638
2025-05-11,erc1155,24,47,171
2025-05-11,erc1155,25,3617,4119
2025-05-11,erc1155,27,17641,9433
2025-05-10,erc1155,3,187,187
2025-05-10,erc1155,4,674,1111
2025-05-10,erc1155,5,56,56
2025-05-10,erc1155,6,69,69
2025-05-10,erc1155,7,163,213
2025-05-10,erc1155,8,21,21
2025-05-10,erc1155,9,707,372
2025-05-10,erc1155,10,56,56
2025-05-10,erc1155,11,74,74
2025-05-10,erc1155,12,1216,7484
2025-05-10,erc1155,13,1990,581
2025-05-10,erc1155,14,25,25
2025-05-10,erc1155,16,445,445
2025-05-10,erc1155,17,981,7987
2025-05-10,erc1155,18,1272,756
2025-05-10,erc1155,19,309,309
2025-05-10,erc1155,20,1472,5630
2025-05-10,erc1155,22,387,387
2025-05-10,erc1155,23,2412,294
2025-05-10,erc1155,24,243,119
2025-05-10,erc1155,25,12721,2979
2025-05-10,erc1155,27,15846,7315
2025-05-09,erc1155,3,1235,1235
2025-05-09,erc1155,4,464,1353
2025-05-09,erc1155,5,25,25
2025-05-09,erc1155,6,167,167
2025-05-09,erc1155,7,95,45
2025-05-09,erc1155,8,85,85
2025-05-09,erc1155,9,634,203
2025-05-09,erc1155,10,5,5
2025-05-09,erc1155,11,2349,2349
2025-05-09,erc1155,12,2420,1056
2025-05-09,erc1155,13,1790,1790
2025-05-09,erc1155,14,345,345
2025-05-09,erc1155,16,477,477
2025-05-09,erc1155,17,1130,1740
2025-05-09,erc1155,18,3292,895
2025-05-09,erc1155,19,525,525
2025-05-09,erc1155,20,1409,1111
2025-05-09,erc1155,22,856,1744
2025-05-09,erc1155,23,1931,1931
2025-05-09,erc1155,24,255,255
2025-05-09,erc1155,25,14693,1638
2025-05-09,erc1155,27,27458,20504
2025-05-08,erc1155,3,207,3316
2025-05-08,erc1155,4,457,687
2025-05-08,erc1155,5,44,44
2025-05-08,erc1155,6,75,75
2025-05-08,erc1155,7,79,79
2025-05-08,erc1155,8,35,35
2025-05-08,erc1155,9,165,321
2025-05-08,erc1155,10,117,117
2025-05-08,erc1155,11,652,652
2025-05-08,erc1155,12,638,1709
2025-05-08,erc1155,13,497,497
2025-05-08,erc1155,14,47,47
2025-05-08,erc1155,16,165,165
2025-05-08,erc1155,17,169,467
2025-05-08,erc1155,18,687,841
2025-05-08,erc1155,19,1695,1695
2025-05-08,erc1155,20,3600,1251
2025-05-08,erc1155,22,4417,3529
2025-05-08,erc1155,23,262,262
2025-05-08,erc1155,24,38,38
2025-05-08,erc1155,25,781,779
2025-05-08,erc1155,27,18518,10034
2025-05-07,erc1155,3,154,3376
2025-05-07,erc1155,4,173,311
2025-05-07,erc1155,5,17,17
2025-05-07,erc1155,6,14,14
2025-05-07,erc1155,7,133,133
2025-05-07,erc1155,8,76,76
2025-05-07,erc1155,9,187,1701
2025-05-07,erc1155,10,63,63
2025-05-07,erc1155,11,1454,1454
2025-05-07,erc1155,12,597,2281
2025-05-07,erc1155,13,555,749
2025-05-07,erc1155,14,39,39
2025-05-07,erc1155,16,492,759
2025-05-07,erc1155,17,1059,418
2025-05-07,erc1155,18,1895,1810
2025-05-07,erc1155,19,2315,2315
2025-05-07,erc1155,20,627,1099
2025-05-07,erc1155,22,2337,2337
2025-05-07,erc1155,23,352,587
2025-05-07,erc1155,24,173,173
2025-05-07,erc1155,25,3366,3872
2025-05-07,erc1155,27,20322,3897
2025-05-06,erc1155,3,11226,4947
2025-05-06,erc1155,4,6686,3276
2025-05-06,erc1155,5,24,24
2025-05-06,erc1155,6,55,55
2025-05-06,erc1155,7,27,27
2025-05-06,erc1155,8,43,43
2025-05-06,erc1155,9,52,1515
2025-05-06,erc1155,10,66,66
2025-05-06,erc1155,11,5443,5443
2025-05-06,erc1155,12,257,1247
2025-05-06,erc1155,13,1713,1593
2025-05-06,erc1155,14,1,1
2025-05-06,erc1155,16,3221,2954
2025-05-06,erc1155,17,1576,7170
2025-05-06,erc1155,18,2867,661
2025-05-06,erc1155,19,3695,3695
2025-05-06,erc1155,20,1529,843
2025-05-06,erc1155,22,2851,2851
2025-05-06,erc1155,23,2306,2076
2025-05-06,erc1155,24,42,49
2025-05-06,erc1155,25,4286,15531
2025-05-06,erc1155,27,17160,24165
2025-05-05,erc1155,3,35185,35133
2025-05-05,erc1155,4,7123,5137
2025-05-05,erc1155,5,95,95
2025-05-05,erc1155,6,4121,4121
2025-05-05,erc1155,7,136,136
2025-05-05,erc1155,8,10,10
2025-05-05,erc1155,9,1832,669
2025-05-05,erc1155,10,30,30
2025-05-05,erc1155,11,6326,6326
2025-05-05,erc1155,12,20269,2462
2025-05-05,erc1155,13,5447,8099
2025-05-05,erc1155,14,69,69
2025-05-05,erc1155,16,31453,33940
2025-05-05,erc1155,17,9056,1044
2025-05-05,erc1155,18,21689,1803
2025-05-05,erc1155,19,5895,5895
2025-05-05,erc1155,20,19232,3192
2025-05-05,erc1155,22,4514,4873
2025-05-05,erc1155,23,8811,9311
2025-05-05,erc1155,24,255,258
2025-05-05,erc1155,25,14974,11754
2025-05-05,erc1155,27,54505,62308
2025-05-04,erc1155,3,733,743
2025-05-04,erc1155,4,8781,8472
2025-05-04,erc1155,5,494,494
2025-05-04,erc1155,6,1946,1946
2025-05-04,erc1155,7,237,247
2025-05-04,erc1155,8,164,164
2025-05-04,erc1155,9,22339,3156
2025-05-04,erc1155,10,305,758
2025-05-04,erc1155,11,21212,21215
2025-05-04,erc1155,12,7284,7443
2025-05-04,erc1155,13,34241,31521
2025-05-04,erc1155,14,609,609
2025-05-04,erc1155,16,15631,14439
2025-05-04,erc1155,17,8434,3453
2025-05-04,erc1155,18,7537,9150
2025-05-04,erc1155,19,8488,8488
2025-05-04,erc1155,20,21234,14791
2025-05-04,erc1155,22,8509,8150
2025-05-04,erc1155,23,9212,8916
2025-05-04,erc1155,24,857,1499
2025-05-04,erc1155,25,36206,37375
2025-05-04,erc1155,27,57793,108052
2025-05-03,erc1155,3,1077,1067
2025-05-03,erc1155,4,2307,2191
2025-05-03,erc1155,5,245,248
2025-05-03,erc1155,6,1059,1059
2025-05-03,erc1155,7,565,555
2025-05-03,erc1155,8,320,320
2025-05-03,erc1155,9,1982,2561
2025-05-03,erc1155,10,909,456
2025-05-03,erc1155,11,1596,1593
2025-05-03,erc1155,12,1691,1532
2025-05-03,erc1155,13,2611,2605
2025-05-03,erc1155,14,503,503
2025-05-03,erc1155,16,4237,2942
2025-05-03,erc1155,17,2410,9360
2025-05-03,erc1155,18,5328,2469
2025-05-03,erc1155,19,1694,1694
2025-05-03,erc1155,20,5995,6057
2025-05-03,erc1155,22,3190,3190
2025-05-03,erc1155,23,4123,3914
2025-05-03,erc1155,24,1489,847
2025-05-03,erc1155,25,13670,14304
2025-05-03,erc1155,27,13654,33967
2025-05-02,erc1155,3,165,165
2025-05-02,erc1155,4,171,171
2025-05-02,erc1155,5,13,10
2025-05-02,erc1155,6,21,21
2025-05-02,erc1155,7,50,50
2025-05-02,erc1155,8,16,16
2025-05-02,erc1155,9,1085,273
2025-05-02,erc1155,10,7,7
2025-05-02,erc1155,11,333,333
2025-05-02,erc1155,12,383,383
2025-05-02,erc1155,13,670,670
2025-05-02,erc1155,14,33,33
2025-05-02,erc1155,16,329,329
2025-05-02,erc1155,17,255,3681
2025-05-02,erc1155,18,2842,4356
2025-05-02,erc1155,19,944,944
2025-05-02,erc1155,20,741,2826
2025-05-02,erc1155,22,271,271
2025-05-02,erc1155,23,668,3027
2025-05-02,erc1155,24,113,103
2025-05-02,erc1155,25,4079,5991
2025-05-02,erc1155,27,3484,25323
2025-04-24,erc1155,3,57,57
2025-04-24,erc1155,4,876,876
2025-04-24,erc1155,5,27,27
2025-04-24,erc1155,6,41,41
2025-04-24,erc1155,7,40,40
2025-04-24,erc1155,8,12,12
2025-04-24,erc1155,9,457,450
2025-04-24,erc1155,10,13,13
2025-04-24,erc1155,11,243,243
2025-04-24,erc1155,12,607,2378
2025-04-24,erc1155,13,1342,1342
2025-04-24,erc1155,14,134,134
2025-04-24,erc1155,16,547,547
2025-04-24,erc1155,17,756,1531
2025-04-24,erc1155,18,2553,444
2025-04-24,erc1155,19,492,492
2025-04-24,erc1155,20,3901,991
2025-04-24,erc1155,22,2668,2668
2025-04-24,erc1155,23,3786,1427
2025-04-24,erc1155,24,292,292
2025-04-24,erc1155,25,13093,4489
2025-04-24,erc1155,27,10395,6073
2025-04-23,erc1155,3,207,207
2025-04-23,erc1155,4,1002,1002
2025-04-23,erc1155,5,148,148
2025-04-23,erc1155,6,1631,1631
2025-04-23,erc1155,7,138,138
2025-04-23,erc1155,8,99,99
2025-04-23,erc1155,9,860,2026
2025-04-23,erc1155,10,93,93
2025-04-23,erc1155,11,592,592
2025-04-23,erc1155,12,2003,4331
2025-04-23,erc1155,13,1077,1166
2025-04-23,erc1155,14,140,140
2025-04-23,erc1155,16,2406,2406
2025-04-23,erc1155,17,535,1746
2025-04-23,erc1155,18,2937,2784
2025-04-23,erc1155,19,1017,1017
2025-04-23,erc1155,20,1206,2615
2025-04-23,erc1155,22,2599,2599
2025-04-23,erc1155,23,225,225
2025-04-23,erc1155,24,169,169
2025-04-23,erc1155,25,7896,4254
2025-04-23,erc1155,27,7296,12209
2025-04-22,erc1155,3,68,68
2025-04-22,erc1155,4,165,165
2025-04-22,erc1155,5,13,13
2025-04-22,erc1155,6,52,52
2025-04-22,erc1155,7,84,84
2025-04-22,erc1155,8,9,9
2025-04-22,erc1155,9,821,3199
2025-04-22,erc1155,10,31,31
2025-04-22,erc1155,11,194,194
2025-04-22,erc1155,12,4703,984
2025-04-22,erc1155,13,1208,1119
2025-04-22,erc1155,14,62,62
2025-04-22,erc1155,16,1542,1798
2025-04-22,erc1155,17,459,780
2025-04-22,erc1155,18,1221,799
2025-04-22,erc1155,19,357,357
2025-04-22,erc1155,20,6450,2072
2025-04-22,erc1155,22,6126,6126
2025-04-22,erc1155,23,748,1320
2025-04-22,erc1155,24,155,155
2025-04-22,erc1155,25,1265,7635
2025-04-22,erc1155,27,3986,23996
2025-04-21,erc1155,3,415,415
2025-04-21,erc1155,4,615,615
2025-04-21,erc1155,5,40,40
2025-04-21,erc1155,6,10,10
2025-04-21,erc1155,7,145,145
2025-04-21,erc1155,8,9,9
2025-04-21,erc1155,9,4783,1239
2025-04-21,erc1155,10,60,60
2025-04-21,erc1155,11,291,291
2025-04-21,erc1155,12,3065,2700
2025-04-21,erc1155,13,1172,1172
2025-04-21,erc1155,14,32,32
2025-04-21,erc1155,16,1123,877
2025-04-21,erc1155,17,2403,2019
2025-04-21,erc1155,18,10440,2567
2025-04-21,erc1155,19,131,131
2025-04-21,erc1155,20,2372,6567
2025-04-21,erc1155,22,3022,3022
2025-04-21,erc1155,23,2232,1839
2025-04-21,erc1155,24,204,204
2025-04-21,erc1155,25,9072,2739
2025-04-21,erc1155,27,7568,31034
2025-04-20,erc1155,3,142,142
2025-04-20,erc1155,4,363,363
2025-04-20,erc1155,5,57,57
2025-04-20,erc1155,6,45,45
2025-04-20,erc1155,7,79,79
2025-04-20,erc1155,8,37,37
2025-04-20,erc1155,9,387,565
2025-04-20,erc1155,10,164,164
2025-04-20,erc1155,11,71,71
2025-04-20,erc1155,12,1813,1798
2025-04-20,erc1155,13,341,371
2025-04-20,erc1155,14,46,46
2025-04-20,erc1155,16,395,507
2025-04-20,erc1155,17,2357,1810
2025-04-20,erc1155,18,3570,1942
2025-04-20,erc1155,19,740,740
2025-04-20,erc1155,20,1099,13733
2025-04-20,erc1155,22,1311,1311
2025-04-20,erc1155,23,1162,983
2025-04-20,erc1155,24,278,278
2025-04-20,erc1155,25,991,954
2025-04-20,erc1155,27,1738,8837
2025-04-19,erc1155,3,156,156
2025-04-19,erc1155,4,1282,7506
2025-04-19,erc1155,5,106,106
2025-04-19,erc1155,6,162,162
2025-04-19,erc1155,7,49,49
2025-04-19,erc1155,8,39,39
2025-04-19,erc1155,9,640,462
2025-04-19,erc1155,10,64,64
2025-04-19,erc1155,11,609,609
2025-04-19,erc1155,12,644,804
2025-04-19,erc1155,13,1866,1836
2025-04-19,erc1155,14,191,191
2025-04-19,erc1155,16,1789,1667
2025-04-19,erc1155,17,1500,995
2025-04-19,erc1155,18,1965,674
2025-04-19,erc1155,19,1258,1258
2025-04-19,erc1155,20,3975,6448
2025-04-19,erc1155,22,1014,1014
2025-04-19,erc1155,23,788,5465
2025-04-19,erc1155,24,314,314
2025-04-19,erc1155,25,4000,7744
2025-04-19,erc1155,27,8694,18381
2025-04-18,erc1155,3,291,291
2025-04-18,erc1155,4,528,4454
2025-04-18,erc1155,5,71,72
2025-04-18,erc1155,6,92,92
2025-04-18,erc1155,7,61,61
2025-04-18,erc1155,8,33,33
2025-04-18,erc1155,9,307,307
2025-04-18,erc1155,10,32,32
2025-04-18,erc1155,11,1923,1923
2025-04-18,erc1155,12,3027,2870
2025-04-18,erc1155,13,2487,2681
2025-04-18,erc1155,14,54,54
2025-04-18,erc1155,16,3686,4970
2025-04-18,erc1155,17,2991,2953
2025-04-18,erc1155,18,6364,2482
2025-04-18,erc1155,19,1533,1543
2025-04-18,erc1155,20,5823,2111
2025-04-18,erc1155,22,1975,1975
2025-04-18,erc1155,23,5213,23437
2025-04-18,erc1155,24,1313,1323
2025-04-18,erc1155,25,12062,10829
2025-04-18,erc1155,27,18909,28591
2025-04-17,erc1155,3,2447,4573
2025-04-17,erc1155,4,2429,6834
2025-04-17,erc1155,5,138,137
2025-04-17,erc1155,6,527,527
2025-04-17,erc1155,7,83,83
2025-04-17,erc1155,8,64,64
2025-04-17,erc1155,9,2116,2842
2025-04-17,erc1155,10,87,87
2025-04-17,erc1155,11,656,656
2025-04-17,erc1155,12,5709,5706
2025-04-17,erc1155,13,5337,5143
2025-04-17,erc1155,14,460,460
2025-04-17,erc1155,16,12545,11261
2025-04-17,erc1155,17,6997,4236
2025-04-17,erc1155,18,19658,3238
2025-04-17,erc1155,19,8439,8429
2025-04-17,erc1155,20,11894,5768
2025-04-17,erc1155,22,7632,20982
2025-04-17,erc1155,23,28458,5557
2025-04-17,erc1155,24,1234,1224
2025-04-17,erc1155,25,22782,20271
2025-04-17,erc1155,27,24144,73768
2025-04-16,erc1155,3,342,1153
2025-04-16,erc1155,4,1413,1551
2025-04-16,erc1155,5,85,85
2025-04-16,erc1155,6,504,504
2025-04-16,erc1155,7,35,35
2025-04-16,erc1155,8,20,20
2025-04-16,erc1155,9,1767,1041
2025-04-16,erc1155,10,39,39
2025-04-16,erc1155,11,811,811
2025-04-16,erc1155,12,667,668
2025-04-16,erc1155,13,1675,1675
2025-04-16,erc1155,14,47,47
2025-04-16,erc1155,16,2366,2366
2025-04-16,erc1155,17,1215,601
2025-04-16,erc1155,18,1364,1118
2025-04-16,erc1155,19,167,167
2025-04-16,erc1155,20,4709,10783
2025-04-16,erc1155,22,5359,4236
2025-04-16,erc1155,23,1940,1940
2025-04-16,erc1155,24,131,131
2025-04-16,erc1155,25,9651,9721
2025-04-16,erc1155,27,13976,14926
2025-04-15,erc1155,3,61,3599
2025-04-15,erc1155,4,153,2249
2025-04-15,erc1155,5,1,1
2025-04-15,erc1155,6,3,3
2025-04-15,erc1155,7,3,3
2025-04-15,erc1155,8,4,4
2025-04-15,erc1155,9,1074,1074
2025-04-15,erc1155,10,18,18
2025-04-15,erc1155,11,422,422
2025-04-15,erc1155,12,1116,1115
2025-04-15,erc1155,13,213,213
2025-04-15,erc1155,14,5,5
2025-04-15,erc1155,16,140,140
2025-04-15,erc1155,17,836,1066
2025-04-15,erc1155,18,420,4544
2025-04-15,erc1155,19,4321,4321
2025-04-15,erc1155,20,591,1450
2025-04-15,erc1155,22,904,2296
2025-04-15,erc1155,23,889,889
2025-04-15,erc1155,24,24,24
2025-04-15,erc1155,25,2134,2064
2025-04-15,erc1155,27,5870,29304
2025-04-14,erc1155,3,189,824
2025-04-14,erc1155,4,1101,5342
2025-04-14,erc1155,5,30,30
2025-04-14,erc1155,6,15,15
2025-04-14,erc1155,7,33,33
2025-04-14,erc1155,8,13,14
2025-04-14,erc1155,9,727,727
2025-04-14,erc1155,10,31,31
2025-04-14,erc1155,11,757,757
2025-04-14,erc1155,12,821,821
2025-04-14,erc1155,13,1211,1211
2025-04-14,erc1155,14,16,16
2025-04-14,erc1155,16,1187,1187
2025-04-14,erc1155,17,1888,1027
2025-04-14,erc1155,18,2251,5207
2025-04-14,erc1155,19,542,542
2025-04-14,erc1155,20,1229,3058
2025-04-14,erc1155,22,4835,2511
2025-04-14,erc1155,23,1860,2646
2025-04-14,erc1155,24,46,46
2025-04-14,erc1155,25,2894,2894
2025-04-14,erc1155,27,35200,12301
2025-04-13,erc1155,3,1020,3408
2025-04-13,erc1155,4,5942,1314
2025-04-13,erc1155,5,10,10
2025-04-13,erc1155,6,2,2
2025-04-13,erc1155,7,8,8
2025-04-13,erc1155,8,11,10
2025-04-13,erc1155,9,142,142
2025-04-13,erc1155,10,50,50
2025-04-13,erc1155,11,78,78
2025-04-13,erc1155,12,2888,3180
2025-04-13,erc1155,13,517,517
2025-04-13,erc1155,14,6,6
2025-04-13,erc1155,16,44,44
2025-04-13,erc1155,17,1970,6372
2025-04-13,erc1155,18,1960,359
2025-04-13,erc1155,19,131,131
2025-04-13,erc1155,20,6799,1562
2025-04-13,erc1155,22,2927,1410
2025-04-13,erc1155,23,4223,5272
2025-04-13,erc1155,24,1069,1069
2025-04-13,erc1155,25,1040,16301
2025-04-13,erc1155,27,14427,11355
2025-04-12,erc1155,3,935,1055
2025-04-12,erc1155,4,618,1814
2025-04-12,erc1155,5,40,41
2025-04-12,erc1155,6,560,560
2025-04-12,erc1155,7,12,12
2025-04-12,erc1155,8,11,11
2025-04-12,erc1155,9,310,366
2025-04-12,erc1155,10,10,10
2025-04-12,erc1155,11,1835,1835
2025-04-12,erc1155,12,2066,1783
2025-04-12,erc1155,13,470,470
2025-04-12,erc1155,14,588,588
2025-04-12,erc1155,16,1225,1225
2025-04-12,erc1155,17,3142,709
2025-04-12,erc1155,18,6527,760
2025-04-12,erc1155,19,1262,1262
2025-04-12,erc1155,20,3013,590
2025-04-12,erc1155,22,2822,21043
2025-04-12,erc1155,23,3702,2713
2025-04-12,erc1155,24,258,258
2025-04-12,erc1155,25,18856,5090
2025-04-12,erc1155,27,7144,20121
2025-04-11,erc1155,3,194,2390
2025-04-11,erc1155,4,1477,981
2025-04-11,erc1155,5,85,84
2025-04-11,erc1155,6,268,268
2025-04-11,erc1155,7,21,21
2025-04-11,erc1155,8,15,15
2025-04-11,erc1155,9,1326,1270
2025-04-11,erc1155,10,146,146
2025-04-11,erc1155,11,1678,1678
2025-04-11,erc1155,12,1791,2297
2025-04-11,erc1155,13,2790,2790
2025-04-11,erc1155,14,207,207
2025-04-11,erc1155,16,870,870
2025-04-11,erc1155,17,1221,264
2025-04-11,erc1155,18,2287,906
2025-04-11,erc1155,19,627,627
2025-04-11,erc1155,20,1199,570
2025-04-11,erc1155,22,2401,564
2025-04-11,erc1155,23,2007,1168
2025-04-11,erc1155,24,294,294
2025-04-11,erc1155,25,3077,9201
2025-04-11,erc1155,27,24101,10524
2025-04-10,erc1155,3,1055,2716
2025-04-10,erc1155,4,282,1543
2025-04-10,erc1155,5,23,23
2025-04-10,erc1155,6,2,2
2025-04-10,erc1155,7,10,10
2025-04-10,erc1155,8,59,59
2025-04-10,erc1155,9,404,559
2025-04-10,erc1155,10,30,30
2025-04-10,erc1155,11,532,532
2025-04-10,erc1155,12,7045,6530
2025-04-10,erc1155,13,1536,1536
2025-04-10,erc1155,14,69,69
2025-04-10,erc1155,16,2079,2079
2025-04-10,erc1155,17,8966,991
2025-04-10,erc1155,18,1413,942
2025-04-10,erc1155,19,291,291
2025-04-10,erc1155,20,10765,1216
2025-04-10,erc1155,22,2602,1767
2025-04-10,erc1155,23,1856,1856
2025-04-10,erc1155,24,332,332
2025-04-10,erc1155,25,11353,18491
2025-04-10,erc1155,27,18173,7785
2025-04-09,erc1155,3,4047,5495
2025-04-09,erc1155,4,19332,969
2025-04-09,erc1155,5,19,19
2025-04-09,erc1155,6,512,512
2025-04-09,erc1155,7,81,81
2025-04-09,erc1155,8,11,11
2025-04-09,erc1155,9,641,486
2025-04-09,erc1155,10,272,272
2025-04-09,erc1155,11,1347,1347
2025-04-09,erc1155,12,1299,1301
2025-04-09,erc1155,13,1647,1647
2025-04-09,erc1155,14,15,15
2025-04-09,erc1155,16,1288,1288
2025-04-09,erc1155,17,1711,3038
2025-04-09,erc1155,18,911,1792
2025-04-09,erc1155,19,1936,1936
2025-04-09,erc1155,20,2287,3206
2025-04-09,erc1155,22,3711,5262
2025-04-09,erc1155,23,2630,2623
2025-04-09,erc1155,24,192,192
2025-04-09,erc1155,25,20050,8424
2025-04-09,erc1155,27,10202,39289
2025-04-08,erc1155,3,16915,1992
2025-04-08,erc1155,4,736,2254
2025-04-08,erc1155,5,30,30
2025-04-08,erc1155,6,1022,1022
2025-04-08,erc1155,7,19,19
2025-04-08,erc1155,8,28,28
2025-04-08,erc1155,9,2790,2790
2025-04-08,erc1155,10,27,27
2025-04-08,erc1155,11,2255,2255
2025-04-08,erc1155,12,13572,15138
2025-04-08,erc1155,13,3216,3216
2025-04-08,erc1155,14,1244,1244
2025-04-08,erc1155,16,1977,1977
2025-04-08,erc1155,17,4062,2415
2025-04-08,erc1155,18,5093,1690
2025-04-08,erc1155,19,2987,2987
2025-04-08,erc1155,20,6797,1316
2025-04-08,erc1155,22,20770,1563
2025-04-08,erc1155,23,2820,6854
2025-04-08,erc1155,24,404,404
2025-04-08,erc1155,25,10874,18026
2025-04-08,erc1155,27,19472,75904
2025-04-07,erc1155,3,78,78
2025-04-07,erc1155,4,2246,728
2025-04-07,erc1155,5,30,30
2025-04-07,erc1155,6,104,104
2025-04-07,erc1155,7,19,19
2025-04-07,erc1155,8,5,5
2025-04-07,erc1155,9,231,231
2025-04-07,erc1155,10,23,23
2025-04-07,erc1155,11,1233,1233
2025-04-07,erc1155,12,2311,743
2025-04-07,erc1155,13,1100,1100
2025-04-07,erc1155,14,116,116
2025-04-07,erc1155,16,571,571
2025-04-07,erc1155,17,262,272
2025-04-07,erc1155,18,1242,901
2025-04-07,erc1155,19,380,380
2025-04-07,erc1155,20,2588,1172
2025-04-07,erc1155,22,1080,998
2025-04-07,erc1155,23,2802,7056
2025-04-07,erc1155,24,239,239
2025-04-07,erc1155,25,4997,9947
2025-04-07,erc1155,27,5242,14374
2025-04-06,erc1155,3,17,17
2025-04-06,erc1155,4,147,497
2025-04-06,erc1155,5,497,498
2025-04-06,erc1155,6,1007,1007
2025-04-06,erc1155,7,449,449
2025-04-06,erc1155,8,459,459
2025-04-06,erc1155,9,1991,1991
2025-04-06,erc1155,10,447,447
2025-04-06,erc1155,11,3550,3550
2025-04-06,erc1155,12,2379,2379
2025-04-06,erc1155,13,11368,11368
2025-04-06,erc1155,14,409,409
2025-04-06,erc1155,16,8234,8234
2025-04-06,erc1155,17,469,459
2025-04-06,erc1155,18,4188,1524
2025-04-06,erc1155,19,2366,2366
2025-04-06,erc1155,20,2348,1942
2025-04-06,erc1155,22,8356,868
2025-04-06,erc1155,23,14229,5941
2025-04-06,erc1155,24,645,645
2025-04-06,erc1155,25,32809,17576
2025-04-06,erc1155,27,28024,23070
2025-04-05,erc1155,3,14,14
2025-04-05,erc1155,4,729,556
2025-04-05,erc1155,5,77,76
2025-04-05,erc1155,6,182,182
2025-04-05,erc1155,7,47,47
2025-04-05,erc1155,8,21,21
2025-04-05,erc1155,9,200,200
2025-04-05,erc1155,10,31,31
2025-04-05,erc1155,11,413,413
2025-04-05,erc1155,12,367,367
2025-04-05,erc1155,13,305,305
2025-04-05,erc1155,14,20,20
2025-04-05,erc1155,16,800,800
2025-04-05,erc1155,17,289,536
2025-04-05,erc1155,18,1441,1419
2025-04-05,erc1155,19,144,144
2025-04-05,erc1155,20,717,726
2025-04-05,erc1155,22,2056,2083
2025-04-05,erc1155,23,376,376
2025-04-05,erc1155,24,65,65
2025-04-05,erc1155,25,1277,1277
2025-04-05,erc1155,27,3558,52083
2025-04-04,erc1155,3,109,109
2025-04-04,erc1155,4,582,405
2025-04-04,erc1155,5,19,19
2025-04-04,erc1155,6,38,38
2025-04-04,erc1155,7,169,169
2025-04-04,erc1155,8,36,36
2025-04-04,erc1155,9,239,239
2025-04-04,erc1155,10,3,3
2025-04-04,erc1155,11,1057,1057
2025-04-04,erc1155,12,551,561
2025-04-04,erc1155,13,353,353
2025-04-04,erc1155,14,52,52
2025-04-04,erc1155,16,845,845
2025-04-04,erc1155,17,596,349
2025-04-04,erc1155,18,3081,3007
2025-04-04,erc1155,19,405,405
2025-04-04,erc1155,20,1204,1195
2025-04-04,erc1155,22,2510,2382
2025-04-04,erc1155,23,1025,1025
2025-04-04,erc1155,24,128,128
2025-04-04,erc1155,25,2664,2664
2025-04-04,erc1155,27,5970,15554
2025-04-03,erc1155,3,191,191
2025-04-03,erc1155,4,509,509
2025-04-03,erc1155,5,15,15
2025-04-03,erc1155,6,1162,1162
2025-04-03,erc1155,7,49,49
2025-04-03,erc1155,8,13,13
2025-04-03,erc1155,9,509,509
2025-04-03,erc1155,10,3,3
2025-04-03,erc1155,11,1110,1110
2025-04-03,erc1155,12,2075,2065
2025-04-03,erc1155,13,606,606
2025-04-03,erc1155,14,114,114
2025-04-03,erc1155,16,398,398
2025-04-03,erc1155,17,1486,3046
2025-04-03,erc1155,18,1741,4004
2025-04-03,erc1155,19,1170,1170
2025-04-03,erc1155,20,2565,6093
2025-04-03,erc1155,22,3058,5180
2025-04-03,erc1155,23,1144,1154
2025-04-03,erc1155,24,147,147
2025-04-03,erc1155,25,3297,3309
2025-04-03,erc1155,27,12448,91344
2025-04-02,erc1155,3,34,34
2025-04-02,erc1155,4,196,196
2025-04-02,erc1155,5,11,11
2025-04-02,erc1155,6,522,522
2025-04-02,erc1155,7,19,19
2025-04-02,erc1155,8,22,22
2025-04-02,erc1155,9,43,43
2025-04-02,erc1155,10,29,49
2025-04-02,erc1155,11,155,155
2025-04-02,erc1155,12,1007,1007
2025-04-02,erc1155,13,3120,3120
2025-04-02,erc1155,14,13,13
2025-04-02,erc1155,16,2081,2081
2025-04-02,erc1155,17,2109,549
2025-04-02,erc1155,18,3392,2884
2025-04-02,erc1155,19,360,360
2025-04-02,erc1155,20,4421,1476
2025-04-02,erc1155,22,3137,1616
2025-04-02,erc1155,23,890,880
2025-04-02,erc1155,24,437,437
2025-04-02,erc1155,25,1589,1577
2025-04-02,erc1155,27,4446,35880
2025-04-01,erc1155,3,2064,2069
2025-04-01,erc1155,4,4993,4993
2025-04-01,erc1155,5,389,389
2025-04-01,erc1155,6,225,225
2025-04-01,erc1155,7,198,198
2025-04-01,erc1155,8,78,78
2025-04-01,erc1155,9,5077,5077
2025-04-01,erc1155,10,211,191
2025-04-01,erc1155,11,1746,1746
2025-04-01,erc1155,12,11070,11070
2025-04-01,erc1155,13,1898,1898
2025-04-01,erc1155,14,323,323
2025-04-01,erc1155,16,5245,5245
2025-04-01,erc1155,17,10559,10559
2025-04-01,erc1155,18,10407,16224
2025-04-01,erc1155,19,2606,2606
2025-04-01,erc1155,20,6224,5641
2025-04-01,erc1155,22,17878,25629
2025-04-01,erc1155,23,16513,16513
2025-04-01,erc1155,24,3119,3119
2025-04-01,erc1155,25,11883,11883
2025-04-01,erc1155,27,14408,125877
2025-03-28,erc1155,3,86,81
2025-03-28,erc1155,4,306,306
2025-03-28,erc1155,5,16,16
2025-03-28,erc1155,6,1,1
2025-03-28,erc1155,7,21,21
2025-03-28,erc1155,8,20,20
2025-03-28,erc1155,9,245,245
2025-03-28,erc1155,10,16,16
2025-03-28,erc1155,11,45,45
2025-03-28,erc1155,12,161,161
2025-03-28,erc1155,13,2397,2397
2025-03-28,erc1155,14,28,28
2025-03-28,erc1155,16,726,726
2025-03-28,erc1155,17,363,2790
2025-03-28,erc1155,18,1949,5656
2025-03-28,erc1155,19,236,236
2025-03-28,erc1155,20,1803,2765
2025-03-28,erc1155,22,7547,8430
2025-03-28,erc1155,23,759,759
2025-03-28,erc1155,24,88,129
2025-03-28,erc1155,25,5031,5031
2025-03-28,erc1155,27,7495,188743
2025-03-27,erc1155,3,408,408
2025-03-27,erc1155,4,9769,9914
2025-03-27,erc1155,5,69,69
2025-03-27,erc1155,6,986,986
2025-03-27,erc1155,7,192,192
2025-03-27,erc1155,8,113,113
2025-03-27,erc1155,9,466,466
2025-03-27,erc1155,10,48,48
2025-03-27,erc1155,11,8859,8880
2025-03-27,erc1155,12,7763,7863
2025-03-27,erc1155,13,2407,2407
2025-03-27,erc1155,14,276,276
2025-03-27,erc1155,16,6853,7055
2025-03-27,erc1155,17,16082,13655
2025-03-27,erc1155,18,24954,13675
2025-03-27,erc1155,19,6027,6027
2025-03-27,erc1155,20,13502,12540
2025-03-27,erc1155,22,26654,17419
2025-03-27,erc1155,23,5553,5673
2025-03-27,erc1155,24,2897,2856
2025-03-27,erc1155,25,20306,20306
2025-03-27,erc1155,27,7744,362245
2025-03-26,erc1155,3,24,24
2025-03-26,erc1155,4,315,170
2025-03-26,erc1155,5,21,21
2025-03-26,erc1155,6,1546,1546
2025-03-26,erc1155,7,6,6
2025-03-26,erc1155,8,7,7
2025-03-26,erc1155,9,162,162
2025-03-26,erc1155,10,36,36
2025-03-26,erc1155,11,2708,2687
2025-03-26,erc1155,12,768,668
2025-03-26,erc1155,13,1428,1428
2025-03-26,erc1155,14,21,21
2025-03-26,erc1155,16,575,373
2025-03-26,erc1155,17,1469,1469
2025-03-26,erc1155,18,1502,1502
2025-03-26,erc1155,19,1116,1116
2025-03-26,erc1155,20,1161,1161
2025-03-26,erc1155,22,3240,3240
2025-03-26,erc1155,23,2193,2073
2025-03-26,erc1155,24,50,50
2025-03-26,erc1155,25,2357,2357
2025-03-25,erc1155,3,139,139
2025-03-25,erc1155,4,74,74
2025-03-25,erc1155,5,21,21
2025-03-25,erc1155,6,104,104
2025-03-25,erc1155,7,14,14
2025-03-25,erc1155,8,23,23
2025-03-25,erc1155,9,299,309
2025-03-25,erc1155,10,19,19
2025-03-25,erc1155,11,437,437
2025-03-25,erc1155,12,339,339
2025-03-25,erc1155,13,678,678
2025-03-25,erc1155,14,45,45
2025-03-25,erc1155,16,2532,2532
2025-03-25,erc1155,17,690,690
2025-03-25,erc1155,18,1656,1656
2025-03-25,erc1155,19,192,192
2025-03-25,erc1155,20,1909,1909
2025-03-25,erc1155,22,2625,2635
2025-03-25,erc1155,23,1564,1564
2025-03-25,erc1155,24,77,77
2025-03-25,erc1155,25,646,646
2025-03-24,erc1155,3,3,3
2025-03-24,erc1155,4,105,105
2025-03-24,erc1155,5,40,40
2025-03-24,erc1155,6,234,234
2025-03-24,erc1155,7,68,68
2025-03-24,erc1155,8,52,52
2025-03-24,erc1155,9,952,952
2025-03-24,erc1155,10,83,83
2025-03-24,erc1155,11,1530,1625
2025-03-24,erc1155,12,1641,1641
2025-03-24,erc1155,13,1113,1113
2025-03-24,erc1155,14,135,135
2025-03-24,erc1155,16,2199,2199
2025-03-24,erc1155,17,2693,2693
2025-03-24,erc1155,18,1745,1954
2025-03-24,erc1155,19,726,726
2025-03-24,erc1155,20,2752,2933
2025-03-24,erc1155,22,13042,13032
2025-03-24,erc1155,23,1347,1347
2025-03-24,erc1155,24,2639,2639
2025-03-24,erc1155,25,3754,3764
2025-03-23,erc1155,3,50,50
2025-03-23,erc1155,4,1071,1071
2025-03-23,erc1155,5,33,33
2025-03-23,erc1155,6,1095,1095
2025-03-23,erc1155,7,41,41
2025-03-23,erc1155,8,17,17
2025-03-23,erc1155,9,291,281
2025-03-23,erc1155,10,64,64
2025-03-23,erc1155,11,2321,2226
2025-03-23,erc1155,12,3647,3647
2025-03-23,erc1155,13,4976,4976
2025-03-23,erc1155,14,85,85
2025-03-23,erc1155,16,1238,1238
2025-03-23,erc1155,17,601,601
2025-03-23,erc1155,18,3529,3323
2025-03-23,erc1155,19,3857,3857
2025-03-23,erc1155,20,2858,2677
2025-03-23,erc1155,22,18320,18355
2025-03-23,erc1155,23,936,936
2025-03-23,erc1155,24,660,660
2025-03-23,erc1155,25,2751,2741
2025-03-22,erc1155,3,1178,1178
2025-03-22,erc1155,4,239,239
2025-03-22,erc1155,5,53,53
2025-03-22,erc1155,6,78,78
2025-03-22,erc1155,7,123,123
2025-03-22,erc1155,8,80,80
2025-03-22,erc1155,9,325,325
2025-03-22,erc1155,10,28,28
2025-03-22,erc1155,11,1661,1664
2025-03-22,erc1155,12,3139,3139
2025-03-22,erc1155,13,2974,3011
2025-03-22,erc1155,14,124,124
2025-03-22,erc1155,16,903,903
2025-03-22,erc1155,17,1658,1658
2025-03-22,erc1155,18,2583,2582
2025-03-22,erc1155,19,499,499
2025-03-22,erc1155,20,6266,6266
2025-03-22,erc1155,22,1924,1891
2025-03-22,erc1155,23,1841,1841
2025-03-22,erc1155,24,1739,1739
2025-03-22,erc1155,25,6861,6861
2025-03-21,erc1155,3,97,97
2025-03-21,erc1155,4,23,23
2025-03-21,erc1155,5,34,34
2025-03-21,erc1155,6,323,323
2025-03-21,erc1155,7,10,10
2025-03-21,erc1155,8,9,9
2025-03-21,erc1155,9,323,323
2025-03-21,erc1155,10,21,21
2025-03-21,erc1155,11,166,163
2025-03-21,erc1155,12,1414,1420
2025-03-21,erc1155,13,1462,1425
2025-03-21,erc1155,14,66,66
2025-03-21,erc1155,16,945,945
2025-03-21,erc1155,17,456,456
2025-03-21,erc1155,18,2131,2189
2025-03-21,erc1155,19,339,339
2025-03-21,erc1155,20,9340,9340
2025-03-21,erc1155,22,2852,2850
2025-03-21,erc1155,23,3581,3581
2025-03-21,erc1155,24,781,781
2025-03-21,erc1155,25,7765,7765
2025-03-20,erc1155,3,11,11
2025-03-20,erc1155,4,29,29
2025-03-20,erc1155,5,118,118
2025-03-20,erc1155,6,3,3
2025-03-20,erc1155,7,17,17
2025-03-20,erc1155,8,27,27
2025-03-20,erc1155,9,104,104
2025-03-20,erc1155,10,17,17
2025-03-20,erc1155,11,536,536
2025-03-20,erc1155,12,154,148
2025-03-20,erc1155,13,239,239
2025-03-20,erc1155,14,40,40
2025-03-20,erc1155,16,920,920
2025-03-20,erc1155,17,240,240
2025-03-20,erc1155,18,572,512
2025-03-20,erc1155,19,49,49
2025-03-20,erc1155,20,906,906
2025-03-20,erc1155,22,3107,3157
2025-03-20,erc1155,23,943,943
2025-03-20,erc1155,24,68,68
2025-03-20,erc1155,25,805,805
2025-03-19,erc1155,3,425,425
2025-03-19,erc1155,4,306,306
2025-03-19,erc1155,5,138,138
2025-03-19,erc1155,6,460,460
2025-03-19,erc1155,7,154,154
2025-03-19,erc1155,8,129,129
2025-03-19,erc1155,9,461,461
2025-03-19,erc1155,10,24,24
2025-03-19,erc1155,11,4712,4712
2025-03-19,erc1155,12,1128,1128
2025-03-19,erc1155,13,757,757
2025-03-19,erc1155,14,216,216
2025-03-19,erc1155,16,1833,1833
2025-03-19,erc1155,17,1585,1585
2025-03-19,erc1155,18,2386,2386
2025-03-19,erc1155,19,4462,4462
2025-03-19,erc1155,20,7628,7628
2025-03-19,erc1155,22,6810,6760
2025-03-19,erc1155,23,1249,1254
2025-03-19,erc1155,24,7297,7298
2025-03-19,erc1155,25,10648,10699
2025-03-18,erc1155,3,35,35
2025-03-18,erc1155,4,211,211
2025-03-18,erc1155,5,164,164
2025-03-18,erc1155,6,794,794
2025-03-18,erc1155,7,137,137
2025-03-18,erc1155,8,174,174
2025-03-18,erc1155,9,497,497
2025-03-18,erc1155,10,123,123
2025-03-18,erc1155,11,4904,4904
2025-03-18,erc1155,12,986,986
2025-03-18,erc1155,13,1738,1738
2025-03-18,erc1155,14,816,816
2025-03-18,erc1155,16,1194,1194
2025-03-18,erc1155,17,427,427
2025-03-18,erc1155,18,3495,3495
2025-03-18,erc1155,19,4499,4499
2025-03-18,erc1155,20,1843,1851
2025-03-18,erc1155,22,2501,2501
2025-03-18,erc1155,23,2114,2109
2025-03-18,erc1155,24,7006,7005
2025-03-18,erc1155,25,5019,4968
2025-03-17,erc1155,3,663,663
2025-03-17,erc1155,4,2338,2338
2025-03-17,erc1155,5,138,138
2025-03-17,erc1155,6,80,80
2025-03-17,erc1155,7,11,11
2025-03-17,erc1155,8,9,9
2025-03-17,erc1155,9,6111,6111
2025-03-17,erc1155,10,26,26
2025-03-17,erc1155,11,321,321
2025-03-17,erc1155,12,2477,2477
2025-03-17,erc1155,13,1557,1557
2025-03-17,erc1155,14,46,46
2025-03-17,erc1155,16,6721,6721
2025-03-17,erc1155,17,1265,1265
2025-03-17,erc1155,18,3918,3918
2025-03-17,erc1155,19,1959,1959
2025-03-17,erc1155,20,4471,4463
2025-03-17,erc1155,22,1325,1325
2025-03-17,erc1155,23,477,477
2025-03-17,erc1155,24,599,599
2025-03-17,erc1155,25,4315,4315
2025-03-16,erc1155,3,5,5
2025-03-16,erc1155,4,80,80
2025-03-16,erc1155,5,5,5
2025-03-16,erc1155,6,16,16
2025-03-16,erc1155,7,1,1
2025-03-16,erc1155,8,4,4
2025-03-16,erc1155,9,114,114
2025-03-16,erc1155,10,16,16
2025-03-16,erc1155,11,51,51
2025-03-16,erc1155,12,425,425
2025-03-16,erc1155,13,175,175
2025-03-16,erc1155,14,45,45
2025-03-16,erc1155,16,179,179
2025-03-16,erc1155,17,1220,1220
2025-03-16,erc1155,18,818,830
2025-03-16,erc1155,19,45,45
2025-03-16,erc1155,20,1404,1414
2025-03-16,erc1155,22,553,553
2025-03-16,erc1155,23,159,159
2025-03-16,erc1155,24,109,109
2025-03-16,erc1155,25,1472,1472
2025-03-15,erc1155,3,26,26
2025-03-15,erc1155,4,26,26
2025-03-15,erc1155,5,4,4
2025-03-15,erc1155,6,10,10
2025-03-15,erc1155,7,19,19
2025-03-15,erc1155,8,2,2
2025-03-15,erc1155,9,66,66
2025-03-15,erc1155,10,36,36
2025-03-15,erc1155,11,102,102
2025-03-15,erc1155,12,2053,2053
2025-03-15,erc1155,13,90,90
2025-03-15,erc1155,16,20,20
2025-03-15,erc1155,17,358,358
2025-03-15,erc1155,18,10847,10835
2025-03-15,erc1155,19,111,111
2025-03-15,erc1155,20,903,893
2025-03-15,erc1155,22,669,669
2025-03-15,erc1155,23,87,87
2025-03-15,erc1155,24,190,190
2025-03-15,erc1155,25,1035,1035
2025-03-14,erc1155,3,48,48
2025-03-14,erc1155,4,72,72
2025-03-14,erc1155,5,21,21
2025-03-14,erc1155,6,117,117
2025-03-14,erc1155,7,27,27
2025-03-14,erc1155,8,23,23
2025-03-14,erc1155,9,162,162
2025-03-14,erc1155,10,42,42
2025-03-14,erc1155,11,104,104
2025-03-14,erc1155,12,6769,6769
2025-03-14,erc1155,13,621,621
2025-03-14,erc1155,14,292,292
2025-03-14,erc1155,16,192,192
2025-03-14,erc1155,17,6377,6377
2025-03-14,erc1155,18,657,657
2025-03-14,erc1155,19,80,80
2025-03-14,erc1155,20,876,876
2025-03-14,erc1155,22,1081,1081
2025-03-14,erc1155,23,463,463
2025-03-14,erc1155,24,35,35
2025-03-14,erc1155,25,1390,1390
2025-03-13,erc1155,3,9,9
2025-03-13,erc1155,4,13,13
2025-03-13,erc1155,5,15,15
2025-03-13,erc1155,6,70,70
2025-03-13,erc1155,7,23,23
2025-03-13,erc1155,9,266,266
2025-03-13,erc1155,10,6,6
2025-03-13,erc1155,11,53,53
2025-03-13,erc1155,12,402,402
2025-03-13,erc1155,13,343,343
2025-03-13,erc1155,14,5,5
2025-03-13,erc1155,16,210,210
2025-03-13,erc1155,17,786,786
2025-03-13,erc1155,18,1096,1096
2025-03-13,erc1155,20,2243,2243
2025-03-13,erc1155,22,712,712
2025-03-13,erc1155,23,532,532
2025-03-13,erc1155,24,1284,2999
2025-03-13,erc1155,25,1861,1861
2025-03-12,erc1155,3,42,42
2025-03-12,erc1155,4,62,62
2025-03-12,erc1155,5,9,9
2025-03-12,erc1155,6,381,760
2025-03-12,erc1155,7,12,12
2025-03-12,erc1155,8,1,1
2025-03-12,erc1155,9,248,258
2025-03-12,erc1155,10,20,20
2025-03-12,erc1155,11,137,137
2025-03-12,erc1155,12,750,1113
2025-03-12,erc1155,13,2380,2380
2025-03-12,erc1155,14,67,69
2025-03-12,erc1155,16,203,203
2025-03-12,erc1155,17,759,759
2025-03-12,erc1155,18,920,1316
2025-03-12,erc1155,19,284,284
2025-03-12,erc1155,20,446,758
2025-03-12,erc1155,22,3792,4160
2025-03-12,erc1155,23,773,773
2025-03-12,erc1155,24,14136,12421
2025-03-12,erc1155,25,3220,3255
2025-03-11,erc1155,3,186,186
2025-03-11,erc1155,4,326,326
2025-03-11,erc1155,5,21,21
2025-03-11,erc1155,6,1670,1291
2025-03-11,erc1155,7,49,49
2025-03-11,erc1155,8,1,1
2025-03-11,erc1155,9,590,580
2025-03-11,erc1155,10,97,97
2025-03-11,erc1155,11,1745,1745
2025-03-11,erc1155,12,2627,2264
2025-03-11,erc1155,13,3845,3845
2025-03-11,erc1155,14,143,141
2025-03-11,erc1155,16,323,323
2025-03-11,erc1155,17,1032,1048
2025-03-11,erc1155,18,5775,5379
2025-03-11,erc1155,19,919,919
2025-03-11,erc1155,20,2764,2452
2025-03-11,erc1155,22,3395,3032
2025-03-11,erc1155,23,2564,2564
2025-03-11,erc1155,24,563,563
2025-03-11,erc1155,25,6078,6098
2025-03-10,erc1155,3,40,40
2025-03-10,erc1155,4,187,187
2025-03-10,erc1155,5,17,17
2025-03-10,erc1155,6,638,638
2025-03-10,erc1155,7,16,16
2025-03-10,erc1155,8,3,3
2025-03-10,erc1155,9,323,338
2025-03-10,erc1155,10,19,19
2025-03-10,erc1155,11,264,264
2025-03-10,erc1155,12,2092,2254
2025-03-10,erc1155,13,583,584
2025-03-10,erc1155,14,107,107
2025-03-10,erc1155,16,470,470
2025-03-10,erc1155,17,2404,2388
2025-03-10,erc1155,18,5148,5148
2025-03-10,erc1155,19,386,386
2025-03-10,erc1155,20,2792,2793
2025-03-10,erc1155,22,1157,1152
2025-03-10,erc1155,23,585,585
2025-03-10,erc1155,24,172,172
2025-03-10,erc1155,25,5972,5917
2025-03-09,erc1155,3,8,8
2025-03-09,erc1155,4,40,40
2025-03-09,erc1155,5,1,1
2025-03-09,erc1155,6,1210,1210
2025-03-09,erc1155,7,9,9
2025-03-09,erc1155,9,1230,1215
2025-03-09,erc1155,10,23,23
2025-03-09,erc1155,11,4127,4127
2025-03-09,erc1155,12,1938,1776
2025-03-09,erc1155,13,337,336
2025-03-09,erc1155,14,13,13
2025-03-09,erc1155,16,185,185
2025-03-09,erc1155,17,75,75
2025-03-09,erc1155,18,198,198
2025-03-09,erc1155,19,51,51
2025-03-09,erc1155,20,147,146
2025-03-09,erc1155,22,1260,1260
2025-03-09,erc1155,23,96,96
2025-03-09,erc1155,24,1141,1141
2025-03-09,erc1155,25,4363,4363
2025-03-08,erc1155,3,80,80
2025-03-08,erc1155,4,82,82
2025-03-08,erc1155,5,75,75
2025-03-08,erc1155,6,94,94
2025-03-08,erc1155,7,28,28
2025-03-08,erc1155,8,7,7
2025-03-08,erc1155,9,428,428
2025-03-08,erc1155,10,29,29
2025-03-08,erc1155,11,909,909
2025-03-08,erc1155,12,565,565
2025-03-08,erc1155,13,1284,1284
2025-03-08,erc1155,14,158,158
2025-03-08,erc1155,16,163,163
2025-03-08,erc1155,17,909,909
2025-03-08,erc1155,18,1078,1078
2025-03-08,erc1155,19,171,171
2025-03-08,erc1155,20,740,740
2025-03-08,erc1155,22,872,872
2025-03-08,erc1155,23,155,155
2025-03-08,erc1155,24,12,12
2025-03-08,erc1155,25,549,549
2025-03-07,erc1155,3,1577,1577
2025-03-07,erc1155,4,540,540
2025-03-07,erc1155,5,30,30
2025-03-07,erc1155,6,811,811
2025-03-07,erc1155,7,188,188
2025-03-07,erc1155,8,11,11
2025-03-07,erc1155,9,314,314
2025-03-07,erc1155,10,23,23
2025-03-07,erc1155,11,452,452
2025-03-07,erc1155,12,1217,1217
2025-03-07,erc1155,13,1249,1249
2025-03-07,erc1155,14,11,11
2025-03-07,erc1155,16,131,131
2025-03-07,erc1155,17,448,448
2025-03-07,erc1155,18,3575,3575
2025-03-07,erc1155,19,3229,3229
2025-03-07,erc1155,20,813,813
2025-03-07,erc1155,22,1796,1796
2025-03-07,erc1155,23,1106,1106
2025-03-07,erc1155,24,50,50
2025-03-07,erc1155,25,7245,7245
2025-03-06,erc1155,3,137,137
2025-03-06,erc1155,4,174,174
2025-03-06,erc1155,5,45,45
2025-03-06,erc1155,6,905,905
2025-03-06,erc1155,7,76,76
2025-03-06,erc1155,8,30,30
2025-03-06,erc1155,9,400,400
2025-03-06,erc1155,10,4,4
2025-03-06,erc1155,11,2152,2152
2025-03-06,erc1155,12,350,350
2025-03-06,erc1155,13,218,218
2025-03-06,erc1155,14,13,13
2025-03-06,erc1155,16,5,5
2025-03-06,erc1155,17,891,891
2025-03-06,erc1155,18,618,618
2025-03-06,erc1155,19,80,80
2025-03-06,erc1155,20,1305,1305
2025-03-06,erc1155,22,3109,3109
2025-03-06,erc1155,23,324,324
2025-03-06,erc1155,24,1,1
2025-03-06,erc1155,25,3368,3368
2025-03-05,erc1155,3,153,153
2025-03-05,erc1155,4,88,88
2025-03-05,erc1155,5,24,24
2025-03-05,erc1155,6,4626,4626
2025-03-05,erc1155,7,17,17
2025-03-05,erc1155,8,8,8
2025-03-05,erc1155,9,814,814
2025-03-05,erc1155,10,63,63
2025-03-05,erc1155,11,874,874
2025-03-05,erc1155,12,963,982
2025-03-05,erc1155,13,1041,1041
2025-03-05,erc1155,14,19,19
2025-03-05,erc1155,16,924,924
2025-03-05,erc1155,17,1213,1213
2025-03-05,erc1155,18,6869,6869
2025-03-05,erc1155,19,173,173
2025-03-05,erc1155,20,2215,2215
2025-03-05,erc1155,22,2829,2829
2025-03-05,erc1155,23,537,537
2025-03-05,erc1155,24,138,32688
2025-03-05,erc1155,25,14828,14828
2025-03-04,erc1155,3,124,124
2025-03-04,erc1155,4,1065,1065
2025-03-04,erc1155,5,251,251
2025-03-04,erc1155,6,18263,18263
2025-03-04,erc1155,7,43,43
2025-03-04,erc1155,8,2,2
2025-03-04,erc1155,9,288,288
2025-03-04,erc1155,10,32,32
2025-03-04,erc1155,11,1191,1191
2025-03-04,erc1155,12,1783,1783
2025-03-04,erc1155,13,948,949
2025-03-04,erc1155,14,8,8
2025-03-04,erc1155,16,621,671
2025-03-04,erc1155,17,2478,2488
2025-03-04,erc1155,18,3125,3125
2025-03-04,erc1155,19,433,433
2025-03-04,erc1155,20,4623,4678
2025-03-04,erc1155,22,3671,3671
2025-03-04,erc1155,23,1356,1356
2025-03-04,erc1155,25,6984,6985
2025-03-03,erc1155,3,373,373
2025-03-03,erc1155,4,252,252
2025-03-03,erc1155,5,17,17
2025-03-03,erc1155,6,20510,20510
2025-03-03,erc1155,7,86,86
2025-03-03,erc1155,8,52,52
2025-03-03,erc1155,9,518,518
2025-03-03,erc1155,10,49,49
2025-03-03,erc1155,11,2908,2908
2025-03-03,erc1155,12,2017,2017
2025-03-03,erc1155,13,694,693
2025-03-03,erc1155,14,24,24
2025-03-03,erc1155,16,1748,1698
2025-03-03,erc1155,17,2598,2588
2025-03-03,erc1155,18,4749,4750
2025-03-03,erc1155,19,2325,2325
2025-03-03,erc1155,20,5126,5071
2025-03-03,erc1155,22,7217,7217
2025-03-03,erc1155,23,1898,1898
2025-03-03,erc1155,25,5899,5898
2025-03-02,erc1155,3,485,485
2025-03-02,erc1155,4,962,962
2025-03-02,erc1155,5,72,72
2025-03-02,erc1155,6,507,507
2025-03-02,erc1155,7,110,110
2025-03-02,erc1155,8,54,54
2025-03-02,erc1155,9,633,633
2025-03-02,erc1155,10,156,156
2025-03-02,erc1155,11,849,849
2025-03-02,erc1155,12,1435,1435
2025-03-02,erc1155,13,1042,1042
2025-03-02,erc1155,14,101,101
2025-03-02,erc1155,16,1120,1120
2025-03-02,erc1155,17,1176,1177
2025-03-02,erc1155,18,3381,3509
2025-03-02,erc1155,19,481,481
2025-03-02,erc1155,20,2160,2160
2025-03-02,erc1155,22,1262,1262
2025-03-02,erc1155,23,750,750
2025-03-02,erc1155,25,7236,7236
2025-02-28,erc1155,3,128,128
2025-02-28,erc1155,4,205,205
2025-02-28,erc1155,5,12,12
2025-02-28,erc1155,6,21693,21693
2025-02-28,erc1155,7,9,9
2025-02-28,erc1155,8,52,52
2025-02-28,erc1155,9,637,637
2025-02-28,erc1155,10,48,48
2025-02-28,erc1155,11,2905,2905
2025-02-28,erc1155,12,4507,4507
2025-02-28,erc1155,13,1132,1132
2025-02-28,erc1155,14,4,4
2025-02-28,erc1155,16,1220,1220
2025-02-28,erc1155,17,936,935
2025-02-28,erc1155,18,2773,2644
2025-02-28,erc1155,19,492,492
2025-02-28,erc1155,20,1461,1461
2025-02-28,erc1155,22,3541,3541
2025-02-28,erc1155,23,300,300
2025-02-28,erc1155,25,3391,3391
2025-02-27,erc1155,3,3101,3101
2025-02-27,erc1155,4,231,231
2025-02-27,erc1155,5,25,25
2025-02-27,erc1155,6,15106,15106
2025-02-27,erc1155,7,152,164
2025-02-27,erc1155,8,22,22
2025-02-27,erc1155,9,1283,1283
2025-02-27,erc1155,10,31,37
2025-02-27,erc1155,11,9018,9018
2025-02-27,erc1155,12,4597,4638
2025-02-27,erc1155,13,1530,1530
2025-02-27,erc1155,14,52,52
2025-02-27,erc1155,16,2247,2247
2025-02-27,erc1155,17,2132,2132
2025-02-27,erc1155,18,2875,2875
2025-02-27,erc1155,19,1197,1197
2025-02-27,erc1155,20,3892,3893
2025-02-27,erc1155,22,2290,2290
2025-02-27,erc1155,23,2539,2539
2025-02-27,erc1155,25,15509,15509
2025-02-26,erc1155,3,792,792
2025-02-26,erc1155,4,29781,29782
2025-02-26,erc1155,5,249,249
2025-02-26,erc1155,6,30714,30714
2025-02-26,erc1155,7,306,294
2025-02-26,erc1155,8,44,44
2025-02-26,erc1155,9,1699,1699
2025-02-26,erc1155,10,428,422
2025-02-26,erc1155,11,4016,4016
2025-02-26,erc1155,12,7936,7876
2025-02-26,erc1155,13,2043,2043
2025-02-26,erc1155,14,146,146
2025-02-26,erc1155,16,1573,1573
2025-02-26,erc1155,17,4508,4512
2025-02-26,erc1155,18,8336,8677
2025-02-26,erc1155,19,1596,1596
2025-02-26,erc1155,20,6464,6463
2025-02-26,erc1155,22,8561,8561
2025-02-26,erc1155,23,6541,6541
2025-02-26,erc1155,25,32704,39437
2025-02-24,erc1155,3,105,187
2025-02-24,erc1155,4,279,278
2025-02-24,erc1155,5,11,11
2025-02-24,erc1155,7,5,5
2025-02-24,erc1155,9,35,47
2025-02-24,erc1155,10,4,4
2025-02-24,erc1155,11,3,4
2025-02-24,erc1155,12,137,174
2025-02-24,erc1155,13,73,75
2025-02-24,erc1155,14,1,1
2025-02-24,erc1155,16,12,17
2025-02-24,erc1155,17,155,350
2025-02-24,erc1155,18,144,561
2025-02-24,erc1155,20,84,2516
2025-02-24,erc1155,22,650,982
2025-02-24,erc1155,23,146,150
2025-02-24,erc1155,25,872,5865
2025-02-23,erc1155,3,206,124
2025-02-23,erc1155,4,10161,10163
2025-02-23,erc1155,5,37,37
2025-02-23,erc1155,6,13,13
2025-02-23,erc1155,7,95,95
2025-02-23,erc1155,8,73,73
2025-02-23,erc1155,9,109,97
2025-02-23,erc1155,10,107,107
2025-02-23,erc1155,11,129,128
2025-02-23,erc1155,12,1403,1366
2025-02-23,erc1155,13,798,796
2025-02-23,erc1155,14,24,24
2025-02-23,erc1155,16,309,304
2025-02-23,erc1155,17,624,1138
2025-02-23,erc1155,18,3985,3227
2025-02-23,erc1155,19,93,93
2025-02-23,erc1155,20,12690,16520
2025-02-23,erc1155,22,4287,3960
2025-02-23,erc1155,23,484,480
2025-02-23,erc1155,25,26127,14401
2025-02-22,erc1155,3,1221,1221
2025-02-22,erc1155,4,2023,9651
2025-02-22,erc1155,5,104,104
2025-02-22,erc1155,6,11,11
2025-02-22,erc1155,7,158,158
2025-02-22,erc1155,8,73,73
2025-02-22,erc1155,9,578,683
2025-02-22,erc1155,10,90,90
2025-02-22,erc1155,11,175,175
2025-02-22,erc1155,12,1182,1381
2025-02-22,erc1155,13,1903,1903
2025-02-22,erc1155,14,39,39
2025-02-22,erc1155,16,229,229
2025-02-22,erc1155,17,2412,6153
2025-02-22,erc1155,18,2202,2203
2025-02-22,erc1155,19,181,186
2025-02-22,erc1155,20,12452,6379
2025-02-22,erc1155,22,6807,6804
2025-02-22,erc1155,23,423,423
2025-02-22,erc1155,25,9662,9667
2025-02-21,erc1155,3,23,23
2025-02-21,erc1155,4,10534,2904
2025-02-21,erc1155,5,29,29
2025-02-21,erc1155,6,5004,5004
2025-02-21,erc1155,7,4,4
2025-02-21,erc1155,8,60,60
2025-02-21,erc1155,9,659,734
2025-02-21,erc1155,10,19,19
2025-02-21,erc1155,11,1407,1407
2025-02-21,erc1155,12,1771,2664
2025-02-21,erc1155,13,313,313
2025-02-21,erc1155,14,26,26
2025-02-21,erc1155,16,197,197
2025-02-21,erc1155,17,2136,4219
2025-02-21,erc1155,18,2523,7711
2025-02-21,erc1155,19,4059,4054
2025-02-21,erc1155,20,908,719
2025-02-21,erc1155,22,1146,1144
2025-02-21,erc1155,23,261,261
2025-02-21,erc1155,25,5702,5697
2025-02-20,erc1155,3,155,155
2025-02-20,erc1155,4,356,356
2025-02-20,erc1155,5,73,73
2025-02-20,erc1155,6,14,14
2025-02-20,erc1155,7,51,51
2025-02-20,erc1155,8,27,27
2025-02-20,erc1155,9,497,424
2025-02-20,erc1155,10,34,34
2025-02-20,erc1155,11,1539,1539
2025-02-20,erc1155,12,1793,701
2025-02-20,erc1155,13,472,472
2025-02-20,erc1155,14,22,22
2025-02-20,erc1155,16,302,302
2025-02-20,erc1155,17,1124,3476
2025-02-20,erc1155,18,3096,11065
2025-02-20,erc1155,19,36,36
2025-02-20,erc1155,20,394,647
2025-02-20,erc1155,22,886,886
2025-02-20,erc1155,23,615,615
2025-02-20,erc1155,25,3320,3320
2025-02-19,erc1155,3,493,493
2025-02-19,erc1155,4,13965,13965
2025-02-19,erc1155,5,26,26
2025-02-19,erc1155,6,2,2
2025-02-19,erc1155,7,81,81
2025-02-19,erc1155,8,9,9
2025-02-19,erc1155,9,1252,1145
2025-02-19,erc1155,10,10,10
2025-02-19,erc1155,11,65,65
2025-02-19,erc1155,12,2894,2904
2025-02-19,erc1155,13,3303,3303
2025-02-19,erc1155,14,174,174
2025-02-19,erc1155,16,361,361
2025-02-19,erc1155,17,1639,3236
2025-02-19,erc1155,18,3674,17111
2025-02-19,erc1155,19,515,515
2025-02-19,erc1155,20,3393,6062
2025-02-19,erc1155,22,1418,1538
2025-02-19,erc1155,23,508,513
2025-02-19,erc1155,25,4422,4422
2025-02-18,erc1155,3,61,61
2025-02-18,erc1155,4,21,21
2025-02-18,erc1155,5,102,102
2025-02-18,erc1155,6,5007,5007
2025-02-18,erc1155,7,144,144
2025-02-18,erc1155,8,13,13
2025-02-18,erc1155,9,379,379
2025-02-18,erc1155,10,118,118
2025-02-18,erc1155,11,800,800
2025-02-18,erc1155,12,3123,3113
2025-02-18,erc1155,13,330,330
2025-02-18,erc1155,14,57,57
2025-02-18,erc1155,16,602,602
2025-02-18,erc1155,17,1773,8588
2025-02-18,erc1155,18,915,23491
2025-02-18,erc1155,19,383,383
2025-02-18,erc1155,20,4116,5108
2025-02-18,erc1155,22,12670,12550
2025-02-18,erc1155,23,737,732
2025-02-18,erc1155,25,13776,14271
2025-02-17,erc1155,3,229,229
2025-02-17,erc1155,4,104,104
2025-02-17,erc1155,5,57,57
2025-02-17,erc1155,6,36,36
2025-02-17,erc1155,7,99,99
2025-02-17,erc1155,8,43,43
2025-02-17,erc1155,9,454,454
2025-02-17,erc1155,10,43,43
2025-02-17,erc1155,11,1488,1488
2025-02-17,erc1155,12,2449,2449
2025-02-17,erc1155,13,762,762
2025-02-17,erc1155,14,192,192
2025-02-17,erc1155,16,1024,1024
2025-02-17,erc1155,17,1342,8580
2025-02-17,erc1155,18,4256,10115
2025-02-17,erc1155,19,5322,5322
2025-02-17,erc1155,20,5783,4041
2025-02-17,erc1155,22,3162,3162
2025-02-17,erc1155,23,364,364
2025-02-17,erc1155,25,8625,126327
2025-02-16,erc1155,3,252,252
2025-02-16,erc1155,4,52,52
2025-02-16,erc1155,5,13,13
2025-02-16,erc1155,6,90,90
2025-02-16,erc1155,7,8,8
2025-02-16,erc1155,8,5,5
2025-02-16,erc1155,9,199,609
2025-02-16,erc1155,10,15,15
2025-02-16,erc1155,11,734,734
2025-02-16,erc1155,12,728,1201
2025-02-16,erc1155,13,656,656
2025-02-16,erc1155,14,174,174
2025-02-16,erc1155,16,525,525
2025-02-16,erc1155,17,2961,783
2025-02-16,erc1155,18,1845,1833
2025-02-16,erc1155,19,342,342
2025-02-16,erc1155,20,3175,2734
2025-02-16,erc1155,22,1295,1826
2025-02-16,erc1155,23,436,436
2025-02-16,erc1155,25,9792,11956
2025-02-15,erc1155,3,837,837
2025-02-15,erc1155,4,647,698
2025-02-15,erc1155,5,32,32
2025-02-15,erc1155,6,123,123
2025-02-15,erc1155,7,142,142
2025-02-15,erc1155,8,34,34
2025-02-15,erc1155,9,1372,1588
2025-02-15,erc1155,10,72,116
2025-02-15,erc1155,11,1007,1007
2025-02-15,erc1155,12,11369,10896
2025-02-15,erc1155,13,8041,8041
2025-02-15,erc1155,14,101,101
2025-02-15,erc1155,16,3460,3618
2025-02-15,erc1155,17,5620,3381
2025-02-15,erc1155,18,2363,5581
2025-02-15,erc1155,19,658,658
2025-02-15,erc1155,20,6668,4987
2025-02-15,erc1155,22,4316,5862
2025-02-15,erc1155,23,728,728
2025-02-15,erc1155,25,25783,67281
2025-02-14,erc1155,3,596,596
2025-02-14,erc1155,4,308,257
2025-02-14,erc1155,5,82,82
2025-02-14,erc1155,6,29862,29862
2025-02-14,erc1155,7,82,82
2025-02-14,erc1155,8,44,44
2025-02-14,erc1155,9,2972,2356
2025-02-14,erc1155,10,199,155
2025-02-14,erc1155,11,2152,2152
2025-02-14,erc1155,12,8955,8955
2025-02-14,erc1155,13,1605,1605
2025-02-14,erc1155,14,235,235
2025-02-14,erc1155,16,2144,1986
2025-02-14,erc1155,17,23604,3588
2025-02-14,erc1155,18,10434,4096
2025-02-14,erc1155,19,6145,6145
2025-02-14,erc1155,20,4393,4343
2025-02-14,erc1155,22,8713,14150
2025-02-14,erc1155,23,5283,5283
2025-02-14,erc1155,25,38661,60845
2025-02-13,erc1155,3,6,6
2025-02-13,erc1155,4,22,22
2025-02-13,erc1155,5,31,31
2025-02-13,erc1155,6,369,369
2025-02-13,erc1155,7,21,21
2025-02-13,erc1155,8,16,16
2025-02-13,erc1155,9,74,64
2025-02-13,erc1155,10,19,19
2025-02-13,erc1155,11,130,130
2025-02-13,erc1155,12,232,232
2025-02-13,erc1155,13,62,62
2025-02-13,erc1155,14,28,28
2025-02-13,erc1155,16,1128,1128
2025-02-13,erc1155,17,2064,1958
2025-02-13,erc1155,18,27104,1430
2025-02-13,erc1155,19,121,121
2025-02-13,erc1155,20,242,447
2025-02-13,erc1155,22,7986,1272
2025-02-13,erc1155,23,229,229
2025-02-13,erc1155,25,2647,65422
2025-02-12,erc1155,3,120,120
2025-02-12,erc1155,4,23,23
2025-02-12,erc1155,5,61,61
2025-02-12,erc1155,6,67,67
2025-02-12,erc1155,7,19,19
2025-02-12,erc1155,8,5,5
2025-02-12,erc1155,9,173,173
2025-02-12,erc1155,10,56,56
2025-02-12,erc1155,11,225,225
2025-02-12,erc1155,12,2812,2812
2025-02-12,erc1155,13,1508,1508
2025-02-12,erc1155,14,194,194
2025-02-12,erc1155,16,1187,1187
2025-02-12,erc1155,17,409,409
2025-02-12,erc1155,18,7581,12400
2025-02-12,erc1155,19,690,690
2025-02-12,erc1155,20,4551,4346
2025-02-12,erc1155,22,5460,4660
2025-02-12,erc1155,23,583,583
2025-02-12,erc1155,25,9385,40182
2025-02-11,erc1155,3,44,44
2025-02-11,erc1155,4,182,182
2025-02-11,erc1155,5,95,95
2025-02-11,erc1155,6,244,244
2025-02-11,erc1155,7,9,9
2025-02-11,erc1155,8,11,11
2025-02-11,erc1155,9,378,378
2025-02-11,erc1155,10,151,151
2025-02-11,erc1155,11,167,167
2025-02-11,erc1155,12,1790,1790
2025-02-11,erc1155,13,1426,1426
2025-02-11,erc1155,14,72,72
2025-02-11,erc1155,16,4149,4156
2025-02-11,erc1155,17,392,392
2025-02-11,erc1155,18,1121,6366
2025-02-11,erc1155,19,1253,1253
2025-02-11,erc1155,20,2048,2098
2025-02-11,erc1155,22,1034,1048
2025-02-11,erc1155,23,1108,1112
2025-02-11,erc1155,25,6125,37486
2025-02-10,erc1155,3,1860,1860
2025-02-10,erc1155,4,57,57
2025-02-10,erc1155,5,81,81
2025-02-10,erc1155,6,402,402
2025-02-10,erc1155,7,86,86
2025-02-10,erc1155,8,27,27
2025-02-10,erc1155,9,395,395
2025-02-10,erc1155,10,106,106
2025-02-10,erc1155,11,3476,3476
2025-02-10,erc1155,12,1965,1965
2025-02-10,erc1155,13,5229,5589
2025-02-10,erc1155,14,57,57
2025-02-10,erc1155,16,5833,5826
2025-02-10,erc1155,17,4602,4602
2025-02-10,erc1155,18,3657,22327
2025-02-10,erc1155,19,1182,1182
2025-02-10,erc1155,20,827,777
2025-02-10,erc1155,22,3769,3755
2025-02-10,erc1155,23,2452,2448
2025-02-10,erc1155,25,36210,16856
2025-02-09,erc1155,3,550,550
2025-02-09,erc1155,4,403,403
2025-02-09,erc1155,5,19,19
2025-02-09,erc1155,6,30,30
2025-02-09,erc1155,7,4,4
2025-02-09,erc1155,8,7,7
2025-02-09,erc1155,9,520,520
2025-02-09,erc1155,10,21,21
2025-02-09,erc1155,11,693,693
2025-02-09,erc1155,12,734,734
2025-02-09,erc1155,13,1543,1183
2025-02-09,erc1155,14,16,16
2025-02-09,erc1155,16,40,40
2025-02-09,erc1155,17,74,74
2025-02-09,erc1155,18,2432,1268
2025-02-09,erc1155,19,362,362
2025-02-09,erc1155,20,311,343
2025-02-09,erc1155,22,962,962
2025-02-09,erc1155,23,851,851
2025-02-09,erc1155,25,9316,12409
2025-02-08,erc1155,3,3,3
2025-02-08,erc1155,4,37,37
2025-02-08,erc1155,5,13,13
2025-02-08,erc1155,7,25,35
2025-02-08,erc1155,9,1307,1307
2025-02-08,erc1155,10,33,33
2025-02-08,erc1155,11,2072,2072
2025-02-08,erc1155,12,1290,1290
2025-02-08,erc1155,13,1929,2782
2025-02-08,erc1155,14,14,14
2025-02-08,erc1155,16,696,696
2025-02-08,erc1155,17,1266,1266
2025-02-08,erc1155,18,458,7137
2025-02-08,erc1155,19,177,177
2025-02-08,erc1155,20,1587,5604
2025-02-08,erc1155,22,2359,2359
2025-02-08,erc1155,23,1175,1175
2025-02-08,erc1155,25,15011,17645
2025-02-07,erc1155,3,76,80
2025-02-07,erc1155,4,7,7
2025-02-07,erc1155,5,14,14
2025-02-07,erc1155,6,269,269
2025-02-07,erc1155,7,35,25
2025-02-07,erc1155,8,18,18
2025-02-07,erc1155,9,1006,1006
2025-02-07,erc1155,10,78,78
2025-02-07,erc1155,11,1026,1026
2025-02-07,erc1155,12,792,855
2025-02-07,erc1155,13,1987,1134
2025-02-07,erc1155,14,17,17
2025-02-07,erc1155,16,1606,1606
2025-02-07,erc1155,17,1502,1562
2025-02-07,erc1155,18,4061,8038
2025-02-07,erc1155,19,608,608
2025-02-07,erc1155,20,2720,6023
2025-02-07,erc1155,22,2134,2134
2025-02-07,erc1155,23,892,892
2025-02-07,erc1155,25,7318,49307
2025-02-06,erc1155,3,259,255
2025-02-06,erc1155,4,153,153
2025-02-06,erc1155,5,31,31
2025-02-06,erc1155,6,15,15
2025-02-06,erc1155,7,145,145
2025-02-06,erc1155,8,10,10
2025-02-06,erc1155,9,286,286
2025-02-06,erc1155,10,3,3
2025-02-06,erc1155,11,31,31
2025-02-06,erc1155,12,837,774
2025-02-06,erc1155,13,2718,2718
2025-02-06,erc1155,14,40,40
2025-02-06,erc1155,16,615,615
2025-02-06,erc1155,17,758,1158
2025-02-06,erc1155,18,950,1608
2025-02-06,erc1155,19,43,43
2025-02-06,erc1155,20,4791,2780
2025-02-06,erc1155,22,816,816
2025-02-06,erc1155,23,383,383
2025-02-06,erc1155,25,10762,24496
2025-02-05,erc1155,3,348,348
2025-02-05,erc1155,4,222,222
2025-02-05,erc1155,5,61,61
2025-02-05,erc1155,6,556,556
2025-02-05,erc1155,7,50,50
2025-02-05,erc1155,8,52,52
2025-02-05,erc1155,9,967,967
2025-02-05,erc1155,10,180,180
2025-02-05,erc1155,11,3246,3246
2025-02-05,erc1155,12,924,928
2025-02-05,erc1155,13,3386,3386
2025-02-05,erc1155,14,100,100
2025-02-05,erc1155,16,1797,1797
2025-02-05,erc1155,17,1763,4532
2025-02-05,erc1155,18,21999,16097
2025-02-05,erc1155,19,14695,14695
2025-02-05,erc1155,20,7392,2392
2025-02-05,erc1155,22,1651,1651
2025-02-05,erc1155,23,14943,14943
2025-02-05,erc1155,25,25304,27369
2025-02-04,erc1155,3,218,218
2025-02-04,erc1155,4,415,415
2025-02-04,erc1155,5,44,44
2025-02-04,erc1155,6,41,41
2025-02-04,erc1155,7,65,65
2025-02-04,erc1155,8,27,27
2025-02-04,erc1155,9,402,402
2025-02-04,erc1155,10,71,71
2025-02-04,erc1155,11,4146,4147
2025-02-04,erc1155,12,3607,3714
2025-02-04,erc1155,13,2161,2457
2025-02-04,erc1155,14,91,91
2025-02-04,erc1155,16,1526,1526
2025-02-04,erc1155,17,5170,1941
2025-02-04,erc1155,18,3121,2826
2025-02-04,erc1155,19,1018,1023
2025-02-04,erc1155,20,4572,13535
2025-02-04,erc1155,22,4439,4439
2025-02-04,erc1155,23,2646,2647
2025-02-04,erc1155,25,17329,42658
2025-02-03,erc1155,3,129,129
2025-02-03,erc1155,4,70,70
2025-02-03,erc1155,5,22,22
2025-02-03,erc1155,6,32,32
2025-02-03,erc1155,7,17,17
2025-02-03,erc1155,8,11,11
2025-02-03,erc1155,9,682,682
2025-02-03,erc1155,10,28,28
2025-02-03,erc1155,11,5165,5164
2025-02-03,erc1155,12,3024,2913
2025-02-03,erc1155,13,3564,3496
2025-02-03,erc1155,14,37,37
2025-02-03,erc1155,16,1235,1235
2025-02-03,erc1155,17,429,905
2025-02-03,erc1155,18,1297,920
2025-02-03,erc1155,19,29,24
2025-02-03,erc1155,20,1218,7253
2025-02-03,erc1155,22,1942,1942
2025-02-03,erc1155,23,1467,1466
2025-02-03,erc1155,25,5620,28047
2025-02-02,erc1155,3,106,106
2025-02-02,erc1155,4,10,10
2025-02-02,erc1155,5,8,10
2025-02-02,erc1155,6,13,13
2025-02-02,erc1155,7,34,36
2025-02-02,erc1155,8,4,4
2025-02-02,erc1155,9,91,140
2025-02-02,erc1155,10,19,20
2025-02-02,erc1155,11,102,102
2025-02-02,erc1155,12,251,251
2025-02-02,erc1155,13,2264,2110
2025-02-02,erc1155,14,15,18
2025-02-02,erc1155,16,46,46
2025-02-02,erc1155,17,991,857
2025-02-02,erc1155,18,6113,2262
2025-02-02,erc1155,19,135,135
2025-02-02,erc1155,20,2663,3461
2025-02-02,erc1155,22,2075,2075
2025-02-02,erc1155,23,2789,2830
2025-02-02,erc1155,25,6662,9565
2025-02-01,erc1155,3,97,97
2025-02-01,erc1155,4,217,217
2025-02-01,erc1155,5,54,52
2025-02-01,erc1155,6,301,301
2025-02-01,erc1155,7,53,51
2025-02-01,erc1155,8,46,46
2025-02-01,erc1155,9,3500,13364
2025-02-01,erc1155,10,40,39
2025-02-01,erc1155,11,3399,3399
2025-02-01,erc1155,12,1613,1752
2025-02-01,erc1155,13,6014,12896
2025-02-01,erc1155,14,116,113
2025-02-01,erc1155,16,5111,5111
2025-02-01,erc1155,17,5773,6628
2025-02-01,erc1155,18,28935,2049
2025-02-01,erc1155,19,3629,3629
2025-02-01,erc1155,20,6238,1286
2025-02-01,erc1155,22,13086,21506
2025-02-01,erc1155,23,2454,2413
2025-02-01,erc1155,25,19061,11950
2025-01-31,erc1155,3,634,634
2025-01-31,erc1155,4,327,327
2025-01-31,erc1155,5,42,49
2025-01-31,erc1155,6,266,266
2025-01-31,erc1155,7,61,71
2025-01-31,erc1155,8,62,62
2025-01-31,erc1155,9,11429,1554
2025-01-31,erc1155,10,61,77
2025-01-31,erc1155,11,741,741
2025-01-31,erc1155,12,4103,4414
2025-01-31,erc1155,13,9284,7139
2025-01-31,erc1155,14,61,61
2025-01-31,erc1155,16,15666,15666
2025-01-31,erc1155,17,3313,2192
2025-01-31,erc1155,18,3505,2010
2025-01-31,erc1155,19,232,232
2025-01-31,erc1155,20,16210,5219
2025-01-31,erc1155,22,26482,18062
2025-01-31,erc1155,23,20712,20712
2025-01-31,erc1155,25,30473,18154
2025-01-30,erc1155,3,265,265
2025-01-30,erc1155,4,56,56
2025-01-30,erc1155,5,130,123
2025-01-30,erc1155,6,84,84
2025-01-30,erc1155,7,155,145
2025-01-30,erc1155,8,102,102
2025-01-30,erc1155,9,335,297
2025-01-30,erc1155,10,128,112
2025-01-30,erc1155,11,928,928
2025-01-30,erc1155,12,4502,4052
2025-01-30,erc1155,13,7305,2494
2025-01-30,erc1155,14,138,138
2025-01-30,erc1155,16,1908,1908
2025-01-30,erc1155,17,394,318
2025-01-30,erc1155,18,5490,7161
2025-01-30,erc1155,19,613,613
2025-01-30,erc1155,20,4738,4547
2025-01-30,erc1155,22,1935,1935
2025-01-30,erc1155,23,2911,2911
2025-01-30,erc1155,25,6713,22821
2025-01-29,erc1155,5,9,9
2025-01-29,erc1155,6,6,6
2025-01-29,erc1155,7,19,19
2025-01-29,erc1155,8,2,2
2025-01-29,erc1155,9,129,540
2025-01-29,erc1155,11,130,130
2025-01-29,erc1155,12,159,426
2025-01-29,erc1155,13,217,217
2025-01-29,erc1155,14,2,2
2025-01-29,erc1155,16,199,199
2025-01-29,erc1155,17,426,749
2025-01-29,erc1155,18,826,16874
2025-01-29,erc1155,19,130,130
2025-01-29,erc1155,20,333,457
2025-01-29,erc1155,22,1199,1199
2025-01-29,erc1155,23,120,120
2025-01-29,erc1155,25,478,19506
2025-01-28,erc1155,3,1076,1076
2025-01-28,erc1155,4,366,366
2025-01-28,erc1155,5,84,84
2025-01-28,erc1155,6,48,48
2025-01-28,erc1155,7,41,41
2025-01-28,erc1155,8,203,203
2025-01-28,erc1155,9,706,295
2025-01-28,erc1155,10,54,54
2025-01-28,erc1155,11,26,26
2025-01-28,erc1155,12,706,600
2025-01-28,erc1155,13,1559,1568
2025-01-28,erc1155,14,46,46
2025-01-28,erc1155,16,366,366
2025-01-28,erc1155,17,970,820
2025-01-28,erc1155,18,4568,2100
2025-01-28,erc1155,19,65,65
2025-01-28,erc1155,20,1773,2526
2025-01-28,erc1155,22,612,667
2025-01-28,erc1155,23,1412,1412
2025-01-28,erc1155,25,2109,9294
2025-01-27,erc1155,3,34,34
2025-01-27,erc1155,4,51,51
2025-01-27,erc1155,5,31,31
2025-01-27,erc1155,6,40,40
2025-01-27,erc1155,7,20,20
2025-01-27,erc1155,8,19,19
2025-01-27,erc1155,9,142,142
2025-01-27,erc1155,10,12,12
2025-01-27,erc1155,11,464,464
2025-01-27,erc1155,12,1079,918
2025-01-27,erc1155,13,1343,2371
2025-01-27,erc1155,14,23,23
2025-01-27,erc1155,16,590,590
2025-01-27,erc1155,17,815,642
2025-01-27,erc1155,18,2424,8031
2025-01-27,erc1155,20,1624,744
2025-01-27,erc1155,22,991,936
2025-01-27,erc1155,23,606,606
2025-01-27,erc1155,25,4720,9583
2025-01-26,erc1155,3,43,43
2025-01-26,erc1155,4,94,94
2025-01-26,erc1155,5,20,20
2025-01-26,erc1155,6,74,74
2025-01-26,erc1155,7,31,31
2025-01-26,erc1155,8,16,16
2025-01-26,erc1155,9,201,201
2025-01-26,erc1155,10,32,32
2025-01-26,erc1155,11,192,192
2025-01-26,erc1155,12,1514,1514
2025-01-26,erc1155,13,10612,9575
2025-01-26,erc1155,14,356,356
2025-01-26,erc1155,16,1704,1704
2025-01-26,erc1155,17,748,748
2025-01-26,erc1155,18,17135,3035
2025-01-26,erc1155,19,21,21
2025-01-26,erc1155,20,565,1427
2025-01-26,erc1155,22,1150,1150
2025-01-26,erc1155,23,10629,10629
2025-01-26,erc1155,25,9621,21253
2025-01-25,erc1155,3,54,54
2025-01-25,erc1155,4,272,272
2025-01-25,erc1155,5,32,32
2025-01-25,erc1155,6,11,11
2025-01-25,erc1155,7,65,65
2025-01-25,erc1155,8,20,20
2025-01-25,erc1155,9,333,333
2025-01-25,erc1155,10,26,26
2025-01-25,erc1155,11,360,360
2025-01-25,erc1155,12,166,627
2025-01-25,erc1155,13,1681,1681
2025-01-25,erc1155,14,33,33
2025-01-25,erc1155,16,932,932
2025-01-25,erc1155,17,752,1400
2025-01-25,erc1155,18,2313,3217
2025-01-25,erc1155,19,46,46
2025-01-25,erc1155,20,2020,1592
2025-01-25,erc1155,22,615,615
2025-01-25,erc1155,23,505,517
2025-01-25,erc1155,25,13675,18821
2025-01-24,erc1155,3,112,272
2025-01-24,erc1155,4,323,323
2025-01-24,erc1155,5,35,35
2025-01-24,erc1155,6,710,710
2025-01-24,erc1155,7,27,27
2025-01-24,erc1155,8,32,32
2025-01-24,erc1155,9,588,588
2025-01-24,erc1155,10,80,80
2025-01-24,erc1155,11,230,230
2025-01-24,erc1155,12,2978,3460
2025-01-24,erc1155,13,1038,1038
2025-01-24,erc1155,14,270,270
2025-01-24,erc1155,16,1278,1278
2025-01-24,erc1155,17,2101,2391
2025-01-24,erc1155,18,1951,8261
2025-01-24,erc1155,19,158,158
2025-01-24,erc1155,20,2605,2171
2025-01-24,erc1155,22,1571,1571
2025-01-24,erc1155,23,7765,7753
2025-01-24,erc1155,25,6966,21641
2025-01-23,erc1155,3,404,244
2025-01-23,erc1155,4,155,155
2025-01-23,erc1155,5,26,26
2025-01-23,erc1155,6,137,137
2025-01-23,erc1155,7,31,31
2025-01-23,erc1155,8,14,14
2025-01-23,erc1155,9,274,274
2025-01-23,erc1155,10,86,86
2025-01-23,erc1155,11,560,560
2025-01-23,erc1155,12,2037,17265
2025-01-23,erc1155,13,1739,1862
2025-01-23,erc1155,14,63,63
2025-01-23,erc1155,16,540,541
2025-01-23,erc1155,17,1356,6841
2025-01-23,erc1155,18,1711,6639
2025-01-23,erc1155,19,75,75
2025-01-23,erc1155,20,1461,35917
2025-01-23,erc1155,22,971,971
2025-01-23,erc1155,23,389,389
2025-01-23,erc1155,25,55687,10990
2025-01-22,erc1155,3,999,1049
2025-01-22,erc1155,4,1186,1446
2025-01-22,erc1155,5,112,112
2025-01-22,erc1155,6,572,572
2025-01-22,erc1155,7,139,139
2025-01-22,erc1155,8,55,55
2025-01-22,erc1155,9,1686,2322
2025-01-22,erc1155,10,226,226
2025-01-22,erc1155,11,2847,3519
2025-01-22,erc1155,12,12884,7888
2025-01-22,erc1155,13,8367,8265
2025-01-22,erc1155,14,202,202
2025-01-22,erc1155,16,6010,6023
2025-01-22,erc1155,17,3303,3321
2025-01-22,erc1155,18,4832,8737
2025-01-22,erc1155,19,460,3917
2025-01-22,erc1155,20,5428,4099
2025-01-22,erc1155,22,12429,12529
2025-01-22,erc1155,23,5777,5777
2025-01-22,erc1155,25,13251,37262
2025-01-21,erc1155,3,780,730
2025-01-21,erc1155,4,1121,861
2025-01-21,erc1155,5,15,15
2025-01-21,erc1155,6,7291,7291
2025-01-21,erc1155,7,60,60
2025-01-21,erc1155,8,95,95
2025-01-21,erc1155,9,3643,3007
2025-01-21,erc1155,10,128,128
2025-01-21,erc1155,11,6367,5695
2025-01-21,erc1155,12,16814,5639
2025-01-21,erc1155,13,5754,5733
2025-01-21,erc1155,14,64,64
2025-01-21,erc1155,16,6366,6352
2025-01-21,erc1155,17,9306,2865
2025-01-21,erc1155,18,9242,745
2025-01-21,erc1155,19,4555,1098
2025-01-21,erc1155,20,3409,1537
2025-01-21,erc1155,22,3446,3356
2025-01-21,erc1155,23,6526,6526
2025-01-21,erc1155,25,28419,19479
2025-01-20,erc1155,3,143,143
2025-01-20,erc1155,4,186,186
2025-01-20,erc1155,5,57,57
2025-01-20,erc1155,6,9,9
2025-01-20,erc1155,7,31,31
2025-01-20,erc1155,8,19,19
2025-01-20,erc1155,9,178,178
2025-01-20,erc1155,10,7,7
2025-01-20,erc1155,11,628,628
2025-01-20,erc1155,12,1394,1394
2025-01-20,erc1155,13,779,779
2025-01-20,erc1155,14,115,116
2025-01-20,erc1155,16,387,387
2025-01-20,erc1155,17,441,441
2025-01-20,erc1155,18,1442,1388
2025-01-20,erc1155,19,92,92
2025-01-20,erc1155,20,2226,1244
2025-01-20,erc1155,22,3642,3632
2025-01-20,erc1155,23,723,723
2025-01-20,erc1155,25,2003,11820
2025-01-19,erc1155,3,83,83
2025-01-19,erc1155,4,77,91
2025-01-19,erc1155,5,45,45
2025-01-19,erc1155,6,13,13
2025-01-19,erc1155,7,109,109
2025-01-19,erc1155,8,19,19
2025-01-19,erc1155,9,369,370
2025-01-19,erc1155,10,50,50
2025-01-19,erc1155,11,168,168
2025-01-19,erc1155,12,1821,2651
2025-01-19,erc1155,13,515,531
2025-01-19,erc1155,14,66,65
2025-01-19,erc1155,16,926,926
2025-01-19,erc1155,17,803,1176
2025-01-19,erc1155,18,1342,1287
2025-01-19,erc1155,19,66,66
2025-01-19,erc1155,20,22445,4144
2025-01-19,erc1155,22,977,977
2025-01-19,erc1155,23,426,426
2025-01-19,erc1155,25,2409,29893
2025-01-18,erc1155,3,171,171
2025-01-18,erc1155,4,681,667
2025-01-18,erc1155,5,74,74
2025-01-18,erc1155,6,335,335
2025-01-18,erc1155,7,89,89
2025-01-18,erc1155,8,14,14
2025-01-18,erc1155,9,2103,2107
2025-01-18,erc1155,10,31,31
2025-01-18,erc1155,11,2227,2227
2025-01-18,erc1155,12,5225,4867
2025-01-18,erc1155,13,3771,5273
2025-01-18,erc1155,14,1077,1077
2025-01-18,erc1155,16,1265,1265
2025-01-18,erc1155,17,3156,2791
2025-01-18,erc1155,18,23440,3032
2025-01-18,erc1155,19,552,552
2025-01-18,erc1155,20,14622,2650
2025-01-18,erc1155,22,5123,5123
2025-01-18,erc1155,23,5107,5107
2025-01-18,erc1155,25,9358,55507
2025-01-17,erc1155,3,132,132
2025-01-17,erc1155,4,185,185
2025-01-17,erc1155,5,95,95
2025-01-17,erc1155,6,117,163
2025-01-17,erc1155,7,142,154
2025-01-17,erc1155,8,59,60
2025-01-17,erc1155,9,655,653
2025-01-17,erc1155,10,158,158
2025-01-17,erc1155,11,369,369
2025-01-17,erc1155,12,3079,2621
2025-01-17,erc1155,13,4813,6098
2025-01-17,erc1155,14,123,123
2025-01-17,erc1155,16,724,724
2025-01-17,erc1155,17,628,620
2025-01-17,erc1155,18,2396,1500
2025-01-17,erc1155,19,405,406
2025-01-17,erc1155,20,2733,7513
2025-01-17,erc1155,22,1709,1709
2025-01-17,erc1155,23,689,839
2025-01-17,erc1155,25,4055,16828
2025-01-16,erc1155,3,1206,1465
2025-01-16,erc1155,4,7110,7118
2025-01-16,erc1155,5,55,55
2025-01-16,erc1155,6,978,932
2025-01-16,erc1155,7,240,228
2025-01-16,erc1155,8,19,18
2025-01-16,erc1155,9,862,1208
2025-01-16,erc1155,10,188,188
2025-01-16,erc1155,11,3443,3443
2025-01-16,erc1155,12,10393,11875
2025-01-16,erc1155,13,12066,15522
2025-01-16,erc1155,14,137,137
2025-01-16,erc1155,16,1636,1889
2025-01-16,erc1155,17,3598,3648
2025-01-16,erc1155,18,18071,2976
2025-01-16,erc1155,19,923,922
2025-01-16,erc1155,20,7306,4471
2025-01-16,erc1155,22,1553,29512
2025-01-16,erc1155,23,9314,9164
2025-01-16,erc1155,25,13341,52562
2025-01-15,erc1155,3,482,223
2025-01-15,erc1155,4,638,630
2025-01-15,erc1155,5,92,92
2025-01-15,erc1155,6,489,489
2025-01-15,erc1155,7,76,76
2025-01-15,erc1155,8,10,10
2025-01-15,erc1155,9,669,320
2025-01-15,erc1155,10,112,112
2025-01-15,erc1155,11,76,76
2025-01-15,erc1155,12,9001,7505
2025-01-15,erc1155,13,11070,4811
2025-01-15,erc1155,14,351,351
2025-01-15,erc1155,16,1989,1736
2025-01-15,erc1155,17,3218,3168
2025-01-15,erc1155,18,15278,12535
2025-01-15,erc1155,19,176,176
2025-01-15,erc1155,20,5486,3541
2025-01-15,erc1155,22,39076,11117
2025-01-15,erc1155,23,2147,2147
2025-01-15,erc1155,25,13303,116490
2025-01-14,erc1155,3,103,153
2025-01-14,erc1155,4,23,23
2025-01-14,erc1155,5,51,51
2025-01-14,erc1155,6,66,66
2025-01-14,erc1155,7,14,14
2025-01-14,erc1155,8,11,11
2025-01-14,erc1155,9,1421,1421
2025-01-14,erc1155,10,15,15
2025-01-14,erc1155,11,389,389
2025-01-14,erc1155,12,1103,1103
2025-01-14,erc1155,13,735,735
2025-01-14,erc1155,14,25,25
2025-01-14,erc1155,16,1609,1609
2025-01-14,erc1155,17,962,1173
2025-01-14,erc1155,18,4441,3544
2025-01-14,erc1155,19,6,6
2025-01-14,erc1155,20,1469,1526
2025-01-14,erc1155,22,3489,3501
2025-01-14,erc1155,23,1449,1449
2025-01-14,erc1155,25,2496,5456
2025-01-13,erc1155,3,69,19
2025-01-13,erc1155,4,47,47
2025-01-13,erc1155,5,19,19
2025-01-13,erc1155,6,120,120
2025-01-13,erc1155,7,11,11
2025-01-13,erc1155,8,54,54
2025-01-13,erc1155,9,316,316
2025-01-13,erc1155,10,67,67
2025-01-13,erc1155,11,817,817
2025-01-13,erc1155,12,1055,1055
2025-01-13,erc1155,13,3433,3433
2025-01-13,erc1155,14,48,48
2025-01-13,erc1155,16,779,779
2025-01-13,erc1155,17,619,408
2025-01-13,erc1155,18,1935,1473
2025-01-13,erc1155,19,3372,3372
2025-01-13,erc1155,20,1772,1715
2025-01-13,erc1155,22,1278,1266
2025-01-13,erc1155,23,1066,1066
2025-01-13,erc1155,25,5675,7497
2025-01-12,erc1155,3,6,6
2025-01-12,erc1155,5,43,43
2025-01-12,erc1155,6,52,52
2025-01-12,erc1155,7,54,54
2025-01-12,erc1155,8,3,3
2025-01-12,erc1155,9,74,74
2025-01-12,erc1155,10,8,8
2025-01-12,erc1155,11,411,411
2025-01-12,erc1155,12,103,103
2025-01-12,erc1155,13,671,671
2025-01-12,erc1155,14,12,12
2025-01-12,erc1155,16,563,563
2025-01-12,erc1155,17,357,357
2025-01-12,erc1155,18,1820,1820
2025-01-12,erc1155,19,89,89
2025-01-12,erc1155,20,1875,1885
2025-01-12,erc1155,22,654,654
2025-01-12,erc1155,23,10509,10517
2025-01-12,erc1155,25,862,36140
2025-01-11,erc1155,3,125,125
2025-01-11,erc1155,4,2,2
2025-01-11,erc1155,5,48,180
2025-01-11,erc1155,6,71,71
2025-01-11,erc1155,7,50,50
2025-01-11,erc1155,8,38,38
2025-01-11,erc1155,9,345,364
2025-01-11,erc1155,10,51,51
2025-01-11,erc1155,11,39,39
2025-01-11,erc1155,12,726,744
2025-01-11,erc1155,13,90,90
2025-01-11,erc1155,14,129,330
2025-01-11,erc1155,16,94,94
2025-01-11,erc1155,17,208,2272
2025-01-11,erc1155,18,1834,2122
2025-01-11,erc1155,19,2,2
2025-01-11,erc1155,20,795,1325
2025-01-11,erc1155,22,1199,1279
2025-01-11,erc1155,23,684,676
2025-01-11,erc1155,25,1396,13489
2025-01-10,erc1155,3,16,16
2025-01-10,erc1155,4,12,12
2025-01-10,erc1155,5,145,15
2025-01-10,erc1155,6,89,89
2025-01-10,erc1155,7,45,45
2025-01-10,erc1155,8,56,56
2025-01-10,erc1155,9,370,351
2025-01-10,erc1155,10,28,28
2025-01-10,erc1155,11,2134,2134
2025-01-10,erc1155,12,2482,5331
2025-01-10,erc1155,13,713,713
2025-01-10,erc1155,14,205,4
2025-01-10,erc1155,16,233,3118
2025-01-10,erc1155,17,772,2593
2025-01-10,erc1155,18,841,621
2025-01-10,erc1155,19,657,657
2025-01-10,erc1155,20,1210,2653
2025-01-10,erc1155,22,787,707
2025-01-10,erc1155,23,11263,11263
2025-01-10,erc1155,25,12115,16173
2025-01-09,erc1155,3,237,237
2025-01-09,erc1155,4,4,4
2025-01-09,erc1155,5,168,166
2025-01-09,erc1155,6,179,179
2025-01-09,erc1155,7,67,67
2025-01-09,erc1155,8,328,957
2025-01-09,erc1155,9,1224,1224
2025-01-09,erc1155,10,10,10
2025-01-09,erc1155,11,1595,1595
2025-01-09,erc1155,12,4208,5170
2025-01-09,erc1155,13,395,395
2025-01-09,erc1155,14,55,147
2025-01-09,erc1155,16,3369,776
2025-01-09,erc1155,17,685,845
2025-01-09,erc1155,18,1922,4578
2025-01-09,erc1155,19,13,13
2025-01-09,erc1155,20,1159,2663
2025-01-09,erc1155,22,2614,4691
2025-01-09,erc1155,23,1684,1684
2025-01-09,erc1155,25,3042,4208
2025-01-08,erc1155,3,98,98
2025-01-08,erc1155,4,162,162
2025-01-08,erc1155,5,628,628
2025-01-08,erc1155,6,331,331
2025-01-08,erc1155,7,88,258
2025-01-08,erc1155,8,1013,384
2025-01-08,erc1155,9,487,487
2025-01-08,erc1155,10,169,496
2025-01-08,erc1155,11,7640,7640
2025-01-08,erc1155,12,11154,7325
2025-01-08,erc1155,13,7453,7453
2025-01-08,erc1155,14,193,101
2025-01-08,erc1155,16,3166,2874
2025-01-08,erc1155,17,3761,3135
2025-01-08,erc1155,18,5821,3097
2025-01-08,erc1155,19,7103,7103
2025-01-08,erc1155,20,6255,2768
2025-01-08,erc1155,22,4773,2746
2025-01-08,erc1155,23,15338,15338
2025-01-08,erc1155,25,10730,20741
2025-01-07,erc1155,3,78,78
2025-01-07,erc1155,4,10,62
2025-01-07,erc1155,5,1,5
2025-01-07,erc1155,6,50,50
2025-01-07,erc1155,7,246,81
2025-01-07,erc1155,8,163,163
2025-01-07,erc1155,9,17,17
2025-01-07,erc1155,10,384,116
2025-01-07,erc1155,11,82,82
2025-01-07,erc1155,12,100,100
2025-01-07,erc1155,13,303,308
2025-01-07,erc1155,14,14,48
2025-01-07,erc1155,16,316,316
2025-01-07,erc1155,17,409,1067
2025-01-07,erc1155,18,511,2922
2025-01-07,erc1155,19,359,359
2025-01-07,erc1155,20,329,338
2025-01-07,erc1155,22,887,5313
2025-01-07,erc1155,23,475,480
2025-01-07,erc1155,25,4012,6976
2025-01-06,erc1155,3,449,449
2025-01-06,erc1155,4,173,121
2025-01-06,erc1155,5,21,17
2025-01-06,erc1155,6,2,2
2025-01-06,erc1155,7,8,3
2025-01-06,erc1155,8,10,10
2025-01-06,erc1155,9,700,700
2025-01-06,erc1155,10,220,161
2025-01-06,erc1155,11,7388,7388
2025-01-06,erc1155,12,679,679
2025-01-06,erc1155,13,2583,2578
2025-01-06,erc1155,14,295,261
2025-01-06,erc1155,16,4623,4688
2025-01-06,erc1155,17,5383,1306
2025-01-06,erc1155,18,4137,1726
2025-01-06,erc1155,19,1820,1820
2025-01-06,erc1155,20,2321,2364
2025-01-06,erc1155,22,15265,10789
2025-01-06,erc1155,23,5048,5043
2025-01-06,erc1155,25,8449,10433
2025-01-05,erc1155,3,1843,1844
2025-01-05,erc1155,4,125,125
2025-01-05,erc1155,5,38,38
2025-01-05,erc1155,6,238,238
2025-01-05,erc1155,7,28,28
2025-01-05,erc1155,8,14,14
2025-01-05,erc1155,9,622,622
2025-01-05,erc1155,10,17,17
2025-01-05,erc1155,11,1565,1565
2025-01-05,erc1155,12,1360,1360
2025-01-05,erc1155,13,1596,1596
2025-01-05,erc1155,14,42,42
2025-01-05,erc1155,16,2567,2502
2025-01-05,erc1155,17,2330,2330
2025-01-05,erc1155,18,2333,2333
2025-01-05,erc1155,19,2820,2820
2025-01-05,erc1155,20,2600,2548
2025-01-05,erc1155,22,1958,1958
2025-01-05,erc1155,23,1761,1761
2025-01-05,erc1155,25,8729,17631
2025-01-04,erc1155,3,1386,1385
2025-01-04,erc1155,4,16,16
2025-01-04,erc1155,5,11,11
2025-01-04,erc1155,6,3,3
2025-01-04,erc1155,7,25,25
2025-01-04,erc1155,8,8,8
2025-01-04,erc1155,9,341,341
2025-01-04,erc1155,10,44,44
2025-01-04,erc1155,11,1536,1536
2025-01-04,erc1155,12,884,884
2025-01-04,erc1155,13,1833,1833
2025-01-04,erc1155,14,155,155
2025-01-04,erc1155,16,549,549
2025-01-04,erc1155,17,495,495
2025-01-04,erc1155,18,382,382
2025-01-04,erc1155,19,1781,1781
2025-01-04,erc1155,20,815,815
2025-01-04,erc1155,22,1071,1076
2025-01-04,erc1155,23,1063,1063
2025-01-04,erc1155,25,4543,29065
2025-01-03,erc1155,3,104,104
2025-01-03,erc1155,4,120,120
2025-01-03,erc1155,5,28,28
2025-01-03,erc1155,6,141,141
2025-01-03,erc1155,7,17,17
2025-01-03,erc1155,8,3,3
2025-01-03,erc1155,9,1823,1832
2025-01-03,erc1155,10,260,260
2025-01-03,erc1155,11,2197,2197
2025-01-03,erc1155,12,476,476
2025-01-03,erc1155,13,1422,1422
2025-01-03,erc1155,14,73,73
2025-01-03,erc1155,16,1477,1502
2025-01-03,erc1155,17,899,1533
2025-01-03,erc1155,18,1866,2462
2025-01-03,erc1155,19,26,26
2025-01-03,erc1155,20,1954,2535
2025-01-03,erc1155,22,1472,1493
2025-01-03,erc1155,23,1123,1123
2025-01-03,erc1155,25,3454,29703
2025-01-02,erc1155,3,78,78
2025-01-02,erc1155,4,49,210
2025-01-02,erc1155,5,32,32
2025-01-02,erc1155,6,62,62
2025-01-02,erc1155,7,64,64
2025-01-02,erc1155,8,5,5
2025-01-02,erc1155,9,330,371
2025-01-02,erc1155,10,206,207
2025-01-02,erc1155,11,74,74
2025-01-02,erc1155,12,1888,1984
2025-01-02,erc1155,13,548,603
2025-01-02,erc1155,14,374,374
2025-01-02,erc1155,16,468,453
2025-01-02,erc1155,17,2284,1650
2025-01-02,erc1155,18,2387,4683
2025-01-02,erc1155,19,109,109
2025-01-02,erc1155,20,1350,772
2025-01-02,erc1155,22,1630,1648
2025-01-02,erc1155,23,3054,3545
2025-01-02,erc1155,25,3140,24774
2025-01-01,erc1155,3,530,530
2025-01-01,erc1155,4,1842,1681
2025-01-01,erc1155,5,50,50
2025-01-01,erc1155,6,1060,1060
2025-01-01,erc1155,7,45,45
2025-01-01,erc1155,8,8,8
2025-01-01,erc1155,9,1088,1597
2025-01-01,erc1155,10,31,30
2025-01-01,erc1155,11,2614,2614
2025-01-01,erc1155,12,2412,5446
2025-01-01,erc1155,13,2829,2774
2025-01-01,erc1155,14,226,226
2025-01-01,erc1155,16,4410,4400
2025-01-01,erc1155,17,634,765
2025-01-01,erc1155,18,3973,1502
2025-01-01,erc1155,19,1366,1366
2025-01-01,erc1155,20,1563,2220
2025-01-01,erc1155,22,6196,7117
2025-01-01,erc1155,23,4386,4251
2025-01-01,erc1155,25,9153,25790
2024-12-31,erc1155,3,65,65
2024-12-31,erc1155,4,106,106
2024-12-31,erc1155,5,53,53
2024-12-31,erc1155,6,1,1
2024-12-31,erc1155,7,59,93
2024-12-31,erc1155,8,36,41
2024-12-31,erc1155,9,1570,1011
2024-12-31,erc1155,10,100,128
2024-12-31,erc1155,11,399,399
2024-12-31,erc1155,12,11724,8594
2024-12-31,erc1155,13,2307,2317
2024-12-31,erc1155,14,111,114
2024-12-31,erc1155,16,1481,1481
2024-12-31,erc1155,17,836,705
2024-12-31,erc1155,18,1239,818
2024-12-31,erc1155,19,1756,1756
2024-12-31,erc1155,20,5190,4530
2024-12-31,erc1155,22,2814,1849
2024-12-31,erc1155,23,3100,2744
2024-12-31,erc1155,25,4917,31655
2024-12-30,erc1155,3,122,122
2024-12-30,erc1155,4,111,111
2024-12-30,erc1155,5,58,58
2024-12-30,erc1155,6,21,21
2024-12-30,erc1155,7,54,20
2024-12-30,erc1155,8,70,65
2024-12-30,erc1155,9,599,599
2024-12-30,erc1155,10,49,21
2024-12-30,erc1155,11,3871,3871
2024-12-30,erc1155,12,544,544
2024-12-30,erc1155,13,2848,2838
2024-12-30,erc1155,14,40,37
2024-12-30,erc1155,16,129,129
2024-12-30,erc1155,17,217,315
2024-12-30,erc1155,18,1013,9336
2024-12-30,erc1155,19,41,41
2024-12-30,erc1155,20,1818,1989
2024-12-30,erc1155,22,550,839
2024-12-30,erc1155,23,1355,1355
2024-12-30,erc1155,25,4479,18420
2024-12-29,erc1155,3,37,37
2024-12-29,erc1155,4,395,395
2024-12-29,erc1155,5,119,121
2024-12-29,erc1155,6,301,301
2024-12-29,erc1155,7,55,55
2024-12-29,erc1155,8,51,51
2024-12-29,erc1155,9,341,341
2024-12-29,erc1155,10,89,89
2024-12-29,erc1155,11,752,752
2024-12-29,erc1155,12,2241,2241
2024-12-29,erc1155,13,3010,3010
2024-12-29,erc1155,14,592,592
2024-12-29,erc1155,16,3227,3227
2024-12-29,erc1155,17,1280,7600
2024-12-29,erc1155,18,1880,7072
2024-12-29,erc1155,19,1141,1141
2024-12-29,erc1155,20,3127,12528
2024-12-29,erc1155,22,10768,10479
2024-12-29,erc1155,23,3758,3758
2024-12-29,erc1155,25,5637,27437
2024-12-28,erc1155,3,125,125
2024-12-28,erc1155,4,86,86
2024-12-28,erc1155,5,148,146
2024-12-28,erc1155,6,415,415
2024-12-28,erc1155,7,122,124
2024-12-28,erc1155,8,36,36
2024-12-28,erc1155,9,437,620
2024-12-28,erc1155,10,42,42
2024-12-28,erc1155,11,1471,1471
2024-12-28,erc1155,12,2303,2303
2024-12-28,erc1155,13,552,552
2024-12-28,erc1155,14,87,87
2024-12-28,erc1155,16,12499,12499
2024-12-28,erc1155,17,7747,1329
2024-12-28,erc1155,18,13940,7299
2024-12-28,erc1155,19,219,219
2024-12-28,erc1155,20,3301,12852
2024-12-28,erc1155,22,3337,10996
2024-12-28,erc1155,23,4786,4786
2024-12-28,erc1155,25,11501,31620
2024-12-27,erc1155,3,170,170
2024-12-27,erc1155,4,2088,2088
2024-12-27,erc1155,5,37,37
2024-12-27,erc1155,6,1341,1341
2024-12-27,erc1155,7,82,81
2024-12-27,erc1155,8,38,38
2024-12-27,erc1155,9,1558,1385
2024-12-27,erc1155,10,198,225
2024-12-27,erc1155,11,1058,1058
2024-12-27,erc1155,12,2172,2172
2024-12-27,erc1155,13,1996,1996
2024-12-27,erc1155,14,575,637
2024-12-27,erc1155,16,2481,2481
2024-12-27,erc1155,17,1727,2554
2024-12-27,erc1155,18,11145,5233
2024-12-27,erc1155,19,1446,1446
2024-12-27,erc1155,20,21814,2691
2024-12-27,erc1155,22,13274,5785
2024-12-27,erc1155,23,3108,4446
2024-12-27,erc1155,25,4761,92414
2024-12-26,erc1155,3,2012,2012
2024-12-26,erc1155,4,3558,3558
2024-12-26,erc1155,5,281,281
2024-12-26,erc1155,6,554,554
2024-12-26,erc1155,7,161,160
2024-12-26,erc1155,8,50,50
2024-12-26,erc1155,9,6919,6909
2024-12-26,erc1155,10,266,239
2024-12-26,erc1155,11,4625,4626
2024-12-26,erc1155,12,9243,9243
2024-12-26,erc1155,13,5059,5060
2024-12-26,erc1155,14,1033,971
2024-12-26,erc1155,16,4778,4794
2024-12-26,erc1155,17,9741,8949
2024-12-26,erc1155,18,16814,15891
2024-12-26,erc1155,19,1174,1174
2024-12-26,erc1155,20,12331,12331
2024-12-26,erc1155,22,6516,6382
2024-12-26,erc1155,23,36654,35316
2024-12-26,erc1155,25,17377,218113
2024-12-25,erc1155,3,1202,1721
2024-12-25,erc1155,4,21195,21244
2024-12-25,erc1155,5,118,294
2024-12-25,erc1155,6,20069,20082
2024-12-25,erc1155,7,68,305
2024-12-25,erc1155,8,53,165
2024-12-25,erc1155,9,1138,1659
2024-12-25,erc1155,10,141,380
2024-12-25,erc1155,11,6694,6746
2024-12-25,erc1155,12,5534,6049
2024-12-25,erc1155,13,12257,13193
2024-12-25,erc1155,14,553,894
2024-12-25,erc1155,16,2424,3648
2024-12-25,erc1155,17,5243,11850
2024-12-25,erc1155,18,13939,19757
2024-12-25,erc1155,19,3101,3253
2024-12-25,erc1155,20,8303,10361
2024-12-25,erc1155,22,7054,13229
2024-12-25,erc1155,23,7750,18141
2024-12-24,erc1155,3,0,2198
2024-12-24,erc1155,4,0,1354
2024-12-24,erc1155,5,0,2058
2024-12-24,erc1155,6,0,7770
2024-12-24,erc1155,7,0,3278
2024-12-24,erc1155,8,0,1147
2024-12-24,erc1155,9,0,11219
2024-12-24,erc1155,10,0,3365
2024-12-24,erc1155,11,0,10299
2024-12-24,erc1155,12,0,25406
2024-12-24,erc1155,13,0,12679
2024-12-24,erc1155,14,0,6629
2024-12-24,erc1155,16,0,18569
2024-12-24,erc1155,17,0,38295
2024-12-24,erc1155,18,0,72817
2024-12-24,erc1155,19,0,7026
2024-12-24,erc1155,20,0,57650
2024-12-24,erc1155,22,0,104494
2024-12-24,erc1155,23,0,153206
2024-12-23,erc1155,3,0,12712
2024-12-23,erc1155,4,0,3465
2024-12-23,erc1155,5,0,4147
2024-12-23,erc1155,6,0,7463
2024-12-23,erc1155,7,1,5237
2024-12-23,erc1155,8,0,3028
2024-12-23,erc1155,9,0,16997
2024-12-23,erc1155,10,0,9898
2024-12-23,erc1155,11,0,61928
2024-12-23,erc1155,12,0,54908
2024-12-23,erc1155,13,0,117395
2024-12-23,erc1155,14,0,11581
2024-12-23,erc1155,16,0,228374
2024-12-23,erc1155,17,1,227155
2024-12-23,erc1155,18,0,189785
2024-12-23,erc1155,19,0,188581
2024-12-23,erc1155,20,0,195918
2024-12-23,erc1155,22,0,114788
2024-12-23,erc1155,23,0,118585
2024-12-23,erc1155,25,1,1
2024-12-22,erc1155,3,0,20975
2024-12-22,erc1155,4,0,8559
2024-12-22,erc1155,5,0,4583
2024-12-22,erc1155,6,0,18597
2024-12-22,erc1155,7,0,17778
2024-12-22,erc1155,8,0,3016
2024-12-22,erc1155,9,0,105946
2024-12-22,erc1155,10,0,15321
2024-12-22,erc1155,11,1,294919
2024-12-22,erc1155,12,0,201750
2024-12-22,erc1155,13,1,296471
2024-12-22,erc1155,14,0,9098
2024-12-22,erc1155,16,0,225777
2024-12-22,erc1155,17,0,164210
2024-12-22,erc1155,18,0,221344
2024-12-22,erc1155,19,0,172419
2024-12-22,erc1155,20,0,249169
2024-12-22,erc1155,22,0,280494
2024-12-22,erc1155,23,0,214533
2024-12-21,erc1155,3,0,21846
2024-12-21,erc1155,4,0,2440
2024-12-21,erc1155,5,0,20224
2024-12-21,erc1155,6,0,104295
2024-12-21,erc1155,7,0,6620
2024-12-21,erc1155,8,0,18538
2024-12-21,erc1155,9,0,116578
2024-12-21,erc1155,10,0,3927
2024-12-21,erc1155,11,0,189509
2024-12-21,erc1155,12,0,92655
2024-12-21,erc1155,13,0,99058
2024-12-21,erc1155,14,0,2047
2024-12-21,erc1155,16,0,56876
2024-12-21,erc1155,17,0,70144
2024-12-21,erc1155,18,0,193387
2024-12-21,erc1155,19,0,62300
2024-12-21,erc1155,20,0,83428
2024-12-21,erc1155,22,0,99661
2024-12-21,erc1155,23,0,72573
2024-12-20,erc1155,3,0,107106
2024-12-20,erc1155,4,0,222542
2024-12-20,erc1155,5,0,6822
2024-12-20,erc1155,6,0,307062
2024-12-20,erc1155,7,0,514
2024-12-20,erc1155,8,0,934
2024-12-20,erc1155,9,0,57292
2024-12-20,erc1155,10,0,325
2024-12-20,erc1155,11,0,135744
2024-12-20,erc1155,12,0,68906
2024-12-20,erc1155,13,0,122404
2024-12-20,erc1155,14,0,1804
2024-12-20,erc1155,16,0,95424
2024-12-20,erc1155,17,0,16139
2024-12-20,erc1155,18,0,23722
2024-12-20,erc1155,19,0,14722
2024-12-20,erc1155,20,0,30857
2024-12-20,erc1155,22,0,35891
2024-12-20,erc1155,23,0,171998
